precision,accuracy,recall,duration
0.9612576524828056,0.9611273080660836,0.9611043111655106,118.4993634223938
