precision,accuracy,recall,duration
0.6734141899524144,0.7586206896551724,0.6363316843767362,571.9114277362823
