precision,accuracy,recall,duration
0.8389634149799897,0.8424479166666666,0.8049648145064744,324.4346914291382
