precision,accuracy,recall,duration
0.9152086418109715,0.9133663366336634,0.912639857599535,2013.3463258743286
