precision,accuracy,recall,duration
0.7734173957797221,0.772,0.772,744.1330785751343
