precision,accuracy,recall,duration
0.6620474531998949,0.9306666666666666,0.5929035572718927,1531.8401503562927
