precision,accuracy,recall,duration
0.8843313978872381,0.8789855072463768,0.8787294433955342,83.22403860092163
