precision,accuracy,recall,duration
0.80270637631954,0.7921052631578948,0.7481861983477567,326.043133020401
