precision,accuracy,recall,duration
0.8148872180451128,0.821,0.8399998268068376,683.5883593559265
