precision,accuracy,recall,duration
0.8339027127814779,0.8256410256410256,0.8337392678599684,443.45042610168457
