precision,accuracy,recall,duration
0.45781723919110134,0.735,0.4777565730801969,153.40514206886292
