precision,accuracy,recall,duration
0.98,0.9738562091503268,0.9443101225016118,204.06468677520752
