precision,accuracy,recall,duration
0.7657142857142858,0.78,0.777062777062777,198.48780822753906
