precision,accuracy,recall,duration
0.8904872284337788,0.85,0.7975978108384281,803.6707363128662
