precision,accuracy,recall,duration
0.9472610096670248,0.9462809917355371,0.9352939331200201,264.6190323829651
