precision,accuracy,recall,duration
0.9642136061813869,0.962046908315565,0.962179928589268,244.3652412891388
