precision,accuracy,recall,duration
0.8333333333333333,0.7666666666666667,0.7666666666666667,67.65025448799133
