precision,accuracy,recall,duration
0.8379346174768375,0.8307692307692308,0.8336230645733034,384.370646238327
