precision,accuracy,recall,duration
0.9259016001910676,0.9209621993127147,0.8896110989731265,1289.322454214096
