precision,accuracy,recall,duration
0.892488944077729,0.8853333333333333,0.8853333333333334,1049.4014015197754
