precision,accuracy,recall,duration
0.904090354090354,0.9090909090909091,0.8766327875023529,365.9083535671234
