precision,accuracy,recall,duration
0.8117624492624491,0.8209718670076727,0.8236405486405486,170.0771026611328
