precision,accuracy,recall,duration
0.8394072144072144,0.8286445012787724,0.8315799815799816,890.0885229110718
