precision,accuracy,recall,duration
0.8578800104174144,0.8622395833333333,0.8252363011454257,998.5098514556885
