precision,accuracy,recall,duration
0.9254695522342581,0.915,0.9150000000000001,1645.8109924793243
