precision,accuracy,recall,duration
0.866089466089466,0.8493150684931506,0.8514798902016948,138.70772337913513
