precision,accuracy,recall,duration
0.9378888353026285,0.9375173562899195,0.9372035632599013,819.3985385894775
