precision,accuracy,recall,duration
0.9621123619371283,0.9477124183006536,0.9279497098646035,384.08259773254395
