precision,accuracy,recall,duration
0.8312250040499799,0.8256410256410256,0.8269001869552727,203.26623916625977
