precision,accuracy,recall,duration
0.9568863617836473,0.9462809917355371,0.9241765480895916,132.7751317024231
