precision,accuracy,recall,duration
0.8333333333333333,0.7333333333333333,0.7333333333333334,164.22156429290771
