precision,accuracy,recall,duration
0.7982951701217955,0.7442455242966752,0.7526173526173526,205.57930612564087
