precision,accuracy,recall,duration
0.7991218373571314,0.7979539641943734,0.8095266220266221,331.1724433898926
