precision,accuracy,recall,duration
0.7396284829721362,0.7388888888888889,0.7388888888888889,204.1523859500885
