precision,accuracy,recall,duration
0.7862554112554113,0.76,0.7796007656549083,79.10969758033752
