precision,accuracy,recall,duration
0.8559543047510131,0.8625,0.8307774857359016,390.8473336696625
