precision,accuracy,recall,duration
0.9706735865724382,0.9770519669742593,0.9617420337122429,1407.8599376678467
