precision,accuracy,recall,duration
0.7994656133828997,0.8088578088578089,0.7952265335104678,835.1788213253021
