precision,accuracy,recall,duration
0.6028538812785388,0.7950310559006211,0.5588427377220481,325.8411588668823
