precision,accuracy,recall,duration
0.8082436162870946,0.7942857142857143,0.8056694922978762,101.04688739776611
