precision,accuracy,recall,duration
0.7687586186812193,0.7647058823529411,0.766116766116766,204.01766109466553
