precision,accuracy,recall,duration
0.9677169481929605,0.9668341708542714,0.9668711963734645,203.59291625022888
