precision,accuracy,recall,duration
0.621368804250673,0.735,0.6144873488755346,359.98964285850525
