precision,accuracy,recall,duration
0.880553683737646,0.8668885191347754,0.8829016656496486,417.25750517845154
