precision,accuracy,recall,duration
0.7969311761684643,0.796,0.796,624.3062298297882
