precision,accuracy,recall,duration
0.8890977443609023,0.8833333333333333,0.8849768652400232,217.8790214061737
