precision,accuracy,recall,duration
0.7917092264284903,0.805,0.6804464186647996,82.85252618789673
