precision,accuracy,recall,duration
0.7697262479871175,0.768,0.768,2065.6722478866577
