precision,accuracy,recall,duration
0.8333899482974436,0.8307692307692308,0.8312326790993856,656.3297064304352
