precision,accuracy,recall,duration
0.6289264705882353,0.6298342541436464,0.6296967192649556,76.73317503929138
