precision,accuracy,recall,duration
0.9123654813095806,0.9132231404958677,0.8803532216575696,255.57052540779114
