precision,accuracy,recall,duration
0.9123980368619676,0.9132231404958677,0.8842242298764037,664.2299799919128
