precision,accuracy,recall,duration
0.8908730697011346,0.8218934911242604,0.9115016196855245,396.058798789978
