precision,accuracy,recall,duration
0.7749999999999999,0.79,0.7831402831402832,144.1261157989502
