precision,accuracy,recall,duration
0.8846153846153846,0.85,0.85,445.65115904808044
