precision,accuracy,recall,duration
0.5356027204502813,0.5324675324675324,0.5327342484683537,1109.9218111038208
