precision,accuracy,recall,duration
0.8134084314729476,0.8057142857142857,0.8197064989517818,379.37575030326843
