precision,accuracy,recall,duration
0.3941182218425808,0.6015037593984962,0.39016189941909046,174.61685514450073
