precision,accuracy,recall,duration
0.9279900654900657,0.92,0.92,1168.2274777889252
