precision,accuracy,recall,duration
0.887801404345522,0.8853333333333333,0.8853333333333334,324.21053409576416
