precision,accuracy,recall,duration
0.8526901669758812,0.8356164383561644,0.8433166248955722,126.3850839138031
