precision,accuracy,recall,duration
0.7503052503052503,0.7277777777777777,0.7277777777777777,568.0931639671326
