precision,accuracy,recall,duration
0.8592143596965197,0.8571428571428571,0.8631847598213472,446.9866712093353
