precision,accuracy,recall,duration
0.8518524476019316,0.8564102564102564,0.8502458201561437,474.8386723995209
