precision,accuracy,recall,duration
0.9152540141186556,0.9116666666666666,0.9085620564374008,134.2099997997284
