precision,accuracy,recall,duration
0.8876204972095383,0.87,0.8315972222222222,203.2011218070984
