precision,accuracy,recall,duration
0.8962725243918184,0.894,0.8721141689326106,1881.6269826889038
