precision,accuracy,recall,duration
0.9444444444444445,0.9333333333333333,0.9333333333333332,745.7704169750214
