precision,accuracy,recall,duration
0.9706875226678818,0.9727177334732424,0.9716568819308545,142.74119591712952
