precision,accuracy,recall,duration
0.8505494947527149,0.8538461538461538,0.8465659864286693,170.49175453186035
