precision,accuracy,recall,duration
0.45227497199615535,0.74,0.4670870267330807,473.96429800987244
