precision,accuracy,recall,duration
0.6464527260179433,0.6408839779005525,0.626651478078498,166.60973143577576
