precision,accuracy,recall,duration
0.5933333333333333,0.609375,0.5921052631578947,62.48550820350647
