precision,accuracy,recall,duration
0.8040194572452637,0.804,0.804,545.1794965267181
