precision,accuracy,recall,duration
0.5773809523809524,0.7888198757763976,0.5416013584117032,323.5444366931915
