precision,accuracy,recall,duration
0.6611429548411942,0.9384444444444444,0.5796404990726691,838.665534734726
