precision,accuracy,recall,duration
0.9389778794813118,0.9333333333333333,0.9333333333333332,118.97042775154114
