precision,accuracy,recall,duration
0.9119807425689779,0.9016666666666666,0.9016666666666667,925.530508518219
