precision,accuracy,recall,duration
0.8708017334777898,0.8762886597938144,0.8364922438278348,390.36213874816895
