precision,accuracy,recall,duration
0.781088618054121,0.7966666666666666,0.7646858587823381,159.16185522079468
