precision,accuracy,recall,duration
0.8382913462299872,0.8461538461538461,0.8393899571597875,875.2854487895966
