precision,accuracy,recall,duration
0.5848274097156363,0.7275,0.5760090355027064,102.95848822593689
