precision,accuracy,recall,duration
0.7777777777777779,0.6666666666666666,0.6666666666666667,132.19475054740906
