precision,accuracy,recall,duration
0.8189120828826711,0.7723785166240409,0.7796126171126172,191.87403678894043
