precision,accuracy,recall,duration
0.7058118096112413,0.9377777777777778,0.5543238044865766,244.33898282051086
