precision,accuracy,recall,duration
0.89738619019466,0.8833333333333333,0.8840590792272014,145.40327405929565
