precision,accuracy,recall,duration
0.46199887069452283,0.7325,0.4773846094979371,319.5715367794037
