precision,accuracy,recall,duration
0.6600325958624333,0.9362222222222222,0.5852639647131423,833.0118565559387
