precision,accuracy,recall,duration
0.6286769705075085,0.6267676767676768,0.6267676767676768,390.0366053581238
