precision,accuracy,recall,duration
0.7877838459327393,0.805,0.8042939116903327,445.5651111602783
