precision,accuracy,recall,duration
0.9077556951209504,0.895,0.865727671071546,805.5701158046722
