precision,accuracy,recall,duration
0.8202527577527575,0.8081841432225064,0.810168285168285,326.8968698978424
