precision,accuracy,recall,duration
0.9545122148101828,0.9539363484087102,0.9540919217897199,1786.022652387619
