precision,accuracy,recall,duration
0.8307903783585097,0.8256410256410256,0.8268296772171584,214.52571749687195
