precision,accuracy,recall,duration
0.8420256991685563,0.8342857142857143,0.8511530398322851,401.14353227615356
