precision,accuracy,recall,duration
0.5959244953645889,0.677115987460815,0.5195236816698597,195.5922122001648
