precision,accuracy,recall,duration
0.9295086505190311,0.9349422875131165,0.9337713167458764,120.66116857528687
