precision,accuracy,recall,duration
0.9553571428571428,0.934640522875817,0.8976466795615732,386.20786142349243
