precision,accuracy,recall,duration
0.6074927504476068,0.7325,0.591875861285144,112.44833707809448
