precision,accuracy,recall,duration
0.7876719292736236,0.7921052631578948,0.74499017066132,206.62091159820557
