precision,accuracy,recall,duration
0.6183359940445358,0.6186868686868687,0.6186868686868686,195.2649474143982
