precision,accuracy,recall,duration
0.6183088235294117,0.782608695652174,0.6050809822361547,445.86445236206055
