precision,accuracy,recall,duration
0.8233618233618234,0.8057142857142857,0.822623279555191,147.79235434532166
