precision,accuracy,recall,duration
0.953781512605042,0.9517543859649122,0.9541666666666666,84.16214561462402
