precision,accuracy,recall,duration
0.8448773448773448,0.8356164383561644,0.847702589807853,207.97070956230164
