precision,accuracy,recall,duration
0.8870305188665593,0.8717391304347826,0.8725048312885141,123.67055654525757
