precision,accuracy,recall,duration
0.9689136298725339,0.9689018464528668,0.9688959154993426,63.924930572509766
