precision,accuracy,recall,duration
0.8431624735972562,0.8285714285714286,0.8463221219578889,568.3098413944244
