precision,accuracy,recall,duration
0.968359218911503,0.9678048780487805,0.9524661168400107,640.8827250003815
