precision,accuracy,recall,duration
0.9480482997019359,0.9464847848898216,0.9384493523436772,153.8706455230713
