precision,accuracy,recall,duration
0.7161194767015331,0.9446666666666667,0.5712396014794769,187.86771726608276
