precision,accuracy,recall,duration
0.9930675909878683,0.9929762949956101,0.9929824561403509,202.84175181388855
