precision,accuracy,recall,duration
0.9430405495922692,0.9430713690641489,0.9430279683800811,865.2925806045532
