precision,accuracy,recall,duration
0.6195294971478871,0.6818181818181818,0.5437205479537603,224.3663170337677
