precision,accuracy,recall,duration
0.9599826210239876,0.965742251223491,0.9662517673782537,354.4362015724182
