precision,accuracy,recall,duration
0.6730769230769231,0.6666666666666666,0.6633986928104576,204.27698373794556
