precision,accuracy,recall,duration
0.972341148115688,0.9718592964824121,0.9721416544572201,204.09325098991394
