precision,accuracy,recall,duration
0.5568627450980392,0.5625,0.5587044534412955,444.9692943096161
