precision,accuracy,recall,duration
0.8993207941483803,0.8933333333333333,0.8933333333333332,1057.2306592464447
