precision,accuracy,recall,duration
0.613793671720501,0.735,0.5992307036610834,66.95652556419373
