precision,accuracy,recall,duration
0.9112526957531519,0.9097444089456869,0.90736375890622,328.15193700790405
