precision,accuracy,recall,duration
0.8484409251829352,0.8461538461538461,0.8383086680175196,379.2535812854767
