precision,accuracy,recall,duration
0.8216921968560664,0.8383333333333334,0.8311369383388445,685.6774575710297
