precision,accuracy,recall,duration
0.8304873259925442,0.8358974358974359,0.829567127440813,672.697500705719
