precision,accuracy,recall,duration
0.5108910874536344,0.44727272727272727,0.4480122580777894,262.93232917785645
