precision,accuracy,recall,duration
0.912375895709229,0.9008264462809917,0.876499466716858,225.70718479156494
