precision,accuracy,recall,duration
0.9123971729811147,0.907,0.8852898387571659,1090.5406069755554
