precision,accuracy,recall,duration
0.9152805971081478,0.9093333333333333,0.9093333333333332,645.4945912361145
