precision,accuracy,recall,duration
0.48161628448950716,0.7375,0.5035135116840658,327.32155179977417
