precision,accuracy,recall,duration
0.7599221460607599,0.8439024390243902,0.8186898395721925,383.25671100616455
