precision,accuracy,recall,duration
0.7450525738618469,0.9411111111111111,0.5646121254332912,110.93842267990112
