precision,accuracy,recall,duration
0.9728531622447174,0.9776590577950461,0.9612402576884272,1707.1482830047607
