precision,accuracy,recall,duration
0.8210491157559416,0.8179487179487179,0.8241958628587835,512.6822543144226
