precision,accuracy,recall,duration
0.9327733633138638,0.9256198347107438,0.9059633603111864,631.4791119098663
