precision,accuracy,recall,duration
0.7556812533550709,0.848780487804878,0.8048395721925133,367.5333251953125
