precision,accuracy,recall,duration
0.775,0.5666666666666667,0.475,144.40216994285583
