precision,accuracy,recall,duration
0.703827371612465,0.942,0.5751468289602015,181.74512338638306
