precision,accuracy,recall,duration
0.94697688466659,0.944,0.9463370468960531,625.7710568904877
