precision,accuracy,recall,duration
0.9244101355107048,0.9132231404958677,0.8807814166509819,193.49761176109314
