precision,accuracy,recall,duration
0.3972249573861461,0.6090225563909775,0.39746348672067766,96.67388081550598
