precision,accuracy,recall,duration
0.9775081746804138,0.9768844221105528,0.9766500881522063,494.9841284751892
