precision,accuracy,recall,duration
0.9549515445184736,0.9601259181532005,0.9619723231758457,79.74407744407654
