precision,accuracy,recall,duration
0.945263642335685,0.9447375728964177,0.9443722162032021,443.81539034843445
