precision,accuracy,recall,duration
0.9221181133681134,0.915,0.9150000000000001,863.2312257289886
