precision,accuracy,recall,duration
0.9564537853030373,0.9526652452025587,0.9528777477300481,685.4521498680115
