precision,accuracy,recall,duration
0.8472233299280715,0.8205128205128205,0.8343101056461761,680.8929319381714
