precision,accuracy,recall,duration
0.9710627595147457,0.9698492462311558,0.9698584630566108,58.85078835487366
