precision,accuracy,recall,duration
0.8425396825396826,0.8,0.8,71.65869951248169
