precision,accuracy,recall,duration
0.9744149840059825,0.9777804759592035,0.9600318370968214,865.372798204422
