precision,accuracy,recall,duration
0.6895903357061567,0.9371111111111111,0.5980980595848495,1113.8347733020782
