precision,accuracy,recall,duration
0.963570231222082,0.9616,0.962080185775838,267.86194896698
