precision,accuracy,recall,duration
0.9310009757684177,0.9256198347107438,0.8912227868749608,145.73933577537537
