precision,accuracy,recall,duration
0.9296272404932215,0.9293179317931793,0.9290449723917467,503.5717375278473
