precision,accuracy,recall,duration
0.7209714900277513,0.7675,0.6398130612276131,330.63934302330017
