precision,accuracy,recall,duration
0.8919925931904061,0.8906666666666667,0.8883867287365801,218.12905859947205
