precision,accuracy,recall,duration
0.8590261939318543,0.87,0.8598780720137169,2245.436975479126
