precision,accuracy,recall,duration
0.49428471266484203,0.7825,0.4999408987117642,169.3441002368927
