precision,accuracy,recall,duration
0.8624894370051277,0.8564102564102564,0.858203908508986,384.4791157245636
