precision,accuracy,recall,duration
0.545855534060129,0.5292207792207793,0.5229066095588684,171.80978226661682
