precision,accuracy,recall,duration
0.6228070175438596,0.640625,0.6062753036437247,144.16900610923767
