precision,accuracy,recall,duration
0.9689015821206763,0.9689018464528668,0.9689015821206763,84.47812056541443
