precision,accuracy,recall,duration
0.9682148609785711,0.9768091306459447,0.9639457853979851,3642.8935899734497
