precision,accuracy,recall,duration
0.7662076881827666,0.7623188405797101,0.7617725065399377,397.67467498779297
