precision,accuracy,recall,duration
0.8141011964541377,0.8056265984654731,0.8049954174954175,324.2893261909485
