precision,accuracy,recall,duration
0.42580740836553094,0.6140350877192983,0.40911462279730343,165.65413737297058
