precision,accuracy,recall,duration
0.9871575342465753,0.9868305531167691,0.986842105263158,386.007244348526
