precision,accuracy,recall,duration
0.8021706163947568,0.8070910106085986,0.8053072814851532,325.44090151786804
