precision,accuracy,recall,duration
0.7627384960718295,0.79,0.682581331374417,198.2809443473816
