precision,accuracy,recall,duration
0.9667806267806267,0.9657142857142857,0.9661623269997655,90.33120536804199
