precision,accuracy,recall,duration
0.5989430166645356,0.72,0.5989430166645356,110.70636010169983
