precision,accuracy,recall,duration
0.8624659317414474,0.8571428571428571,0.8704767113298697,309.17159390449524
