precision,accuracy,recall,duration
0.6717397308577681,0.9337777777777778,0.5766944741719444,356.4955744743347
