precision,accuracy,recall,duration
0.4502160537874823,0.38727272727272727,0.4039449597288233,264.03949999809265
