precision,accuracy,recall,duration
0.8945423824274852,0.8933333333333333,0.8911626315415642,487.66169452667236
