precision,accuracy,recall,duration
0.8842228242151355,0.7988165680473372,0.9032728314250915,590.3967278003693
