precision,accuracy,recall,duration
0.8889809892455937,0.886,0.8827880177847187,230.75532341003418
