precision,accuracy,recall,duration
0.958880646760802,0.9585365853658536,0.9387990801928152,83.72809147834778
