precision,accuracy,recall,duration
0.7854166666666667,0.8033333333333333,0.7997957595798483,170.36714673042297
