precision,accuracy,recall,duration
0.8317872297850051,0.8256410256410256,0.8254532186736269,526.1363928318024
