precision,accuracy,recall,duration
0.9654219767890209,0.9637526652452025,0.9639337179798884,226.88274955749512
