precision,accuracy,recall,duration
0.7407218843358315,0.7125,0.6639635917036834,86.51980638504028
