precision,accuracy,recall,duration
0.9777803532520514,0.9800629590766002,0.9802068772714565,52.20365238189697
