precision,accuracy,recall,duration
0.8651515151515152,0.8666666666666667,0.8643724696356275,324.0945553779602
