precision,accuracy,recall,duration
0.9112263033175355,0.9106529209621993,0.8791511907362901,961.9568517208099
