precision,accuracy,recall,duration
0.9828571428571429,0.9828571428571429,0.9831691297208539,154.02725100517273
