precision,accuracy,recall,duration
0.6513780548634537,0.713166144200627,0.5586030507871544,450.98020339012146
