precision,accuracy,recall,duration
0.4829115293099719,0.7219512195121951,0.5156060606060606,276.19218611717224
