precision,accuracy,recall,duration
0.675586818441029,0.7115987460815048,0.5963720845184494,140.7782428264618
