precision,accuracy,recall,duration
0.899008657605247,0.903,0.8893252394395469,934.6575648784637
