precision,accuracy,recall,duration
0.8333333333333333,0.75,0.75,263.9456763267517
