precision,accuracy,recall,duration
0.4969712743396954,0.4902597402597403,0.48708158687858194,1153.3072605133057
