precision,accuracy,recall,duration
0.9635762064022934,0.954248366013072,0.9136041263700838,211.3906271457672
