precision,accuracy,recall,duration
0.4708992156516497,0.43636363636363634,0.45442333849099564,744.5396208763123
