precision,accuracy,recall,duration
0.8981142857142856,0.893,0.8890351392485586,270.47494101524353
