precision,accuracy,recall,duration
0.7017163848605024,0.7868131868131868,0.6546778486563316,792.0341446399689
