precision,accuracy,recall,duration
0.6224955194433132,0.6242424242424243,0.6242424242424243,284.54518127441406
