precision,accuracy,recall,duration
0.9163419511792842,0.9161341853035144,0.9147994094614544,196.59220218658447
