precision,accuracy,recall,duration
0.4448979591836735,0.48148148148148145,0.48148148148148145,152.52264213562012
