precision,accuracy,recall,duration
0.7489895272191923,0.755,0.6627702596711927,262.2042610645294
