precision,accuracy,recall,duration
0.9148148148148149,0.9,0.9,320.3748552799225
