precision,accuracy,recall,duration
0.5041666666666667,0.6,0.5625,109.41361880302429
