precision,accuracy,recall,duration
0.6338200649848663,0.6348484848484849,0.6348484848484849,312.0692825317383
