precision,accuracy,recall,duration
0.9663199719527872,0.967373572593801,0.9624504554620681,146.43865704536438
