precision,accuracy,recall,duration
0.9669312169312169,0.9657142857142857,0.9661623269997655,148.2862012386322
