precision,accuracy,recall,duration
0.7922077922077921,0.7777777777777778,0.7777777777777777,101.9323399066925
