precision,accuracy,recall,duration
0.7632630813953488,0.7766666666666666,0.7762762762762763,144.12416005134583
