precision,accuracy,recall,duration
0.8751384143460071,0.878125,0.8439214165234604,755.8719692230225
