precision,accuracy,recall,duration
0.8691919191919192,0.8685714285714285,0.8757633761735484,163.93592023849487
