precision,accuracy,recall,duration
0.6588235294117647,0.6481481481481481,0.6481481481481481,340.6187229156494
