precision,accuracy,recall,duration
0.7030104770013572,0.9417777777777778,0.5717545228924942,113.16505765914917
