precision,accuracy,recall,duration
0.7809954751131222,0.7933333333333333,0.7960102960102959,335.1551375389099
