precision,accuracy,recall,duration
0.9299149940028228,0.9173553719008265,0.8932492628144802,261.8184676170349
