precision,accuracy,recall,duration
0.9591475176411172,0.9568,0.9574777350553748,327.79187989234924
