precision,accuracy,recall,duration
0.7526737967914439,0.5666666666666667,0.4527777777777777,144.17395973205566
