precision,accuracy,recall,duration
0.8585124651934998,0.8641025641025641,0.8567504312032975,1231.463279724121
