precision,accuracy,recall,duration
0.9818043059125964,0.9853181076672104,0.9865505412233735,1110.6475102901459
