precision,accuracy,recall,duration
0.9398109717306848,0.9397389613996112,0.9395951205810361,3085.2211077213287
