precision,accuracy,recall,duration
0.8108615186523367,0.7975,0.6487659209776216,84.7759017944336
