precision,accuracy,recall,duration
0.6774070483179925,0.9366666666666666,0.564892464600194,328.46150970458984
