precision,accuracy,recall,duration
0.893461764307331,0.8916666666666667,0.8891289499323447,193.0634617805481
