precision,accuracy,recall,duration
0.9396735302308056,0.9380165289256198,0.9208011794968316,436.32284569740295
