precision,accuracy,recall,duration
0.9457072953736655,0.9484193011647255,0.9528894614324135,80.10069537162781
