precision,accuracy,recall,duration
0.8444444444444444,0.8,0.8,445.2938210964203
