precision,accuracy,recall,duration
0.936555570309388,0.9135399673735726,0.8810235727696265,186.16444158554077
