precision,accuracy,recall,duration
0.8069366329208849,0.805,0.7281728131492259,139.8692650794983
