precision,accuracy,recall,duration
0.8585739742301015,0.8352745424292846,0.8547246140981309,264.59141778945923
