precision,accuracy,recall,duration
0.8414446564056082,0.8450520833333334,0.8020048047291221,191.75360798835754
