precision,accuracy,recall,duration
0.38893608103728505,0.5864661654135338,0.3867368032484311,206.31469774246216
