precision,accuracy,recall,duration
0.8735547742736702,0.882,0.8698799771385026,1764.013927936554
