precision,accuracy,recall,duration
0.818426724137931,0.819672131147541,0.8198051948051948,628.0088124275208
