precision,accuracy,recall,duration
0.9253623188405798,0.9166666666666666,0.9166666666666666,563.25434923172
