precision,accuracy,recall,duration
0.9036304014814914,0.8650887573964497,0.9338190081061589,217.45288395881653
