precision,accuracy,recall,duration
0.8706896551724138,0.8502495840266223,0.8688046647230321,445.6381642818451
