precision,accuracy,recall,duration
0.962101933749478,0.9617532104969291,0.9618378118771156,2606.347455739975
