precision,accuracy,recall,duration
0.963509881522909,0.9673170731707317,0.9456697269993265,253.97604870796204
