precision,accuracy,recall,duration
0.5849335348174357,0.71,0.5810346787140036,144.59260439872742
