precision,accuracy,recall,duration
0.5752995125621304,0.700626959247649,0.549124500038827,548.1788589954376
