precision,accuracy,recall,duration
0.9245617879053462,0.922992299229923,0.9223408892763731,1752.4449291229248
