precision,accuracy,recall,duration
0.8466703278189079,0.8512820512820513,0.8455127568245763,901.7777810096741
