precision,accuracy,recall,duration
0.8291666666666667,0.7,0.5861111111111111,97.91188907623291
