precision,accuracy,recall,duration
0.9405711007956413,0.9405720633157456,0.9404919545764616,2787.342873096466
