precision,accuracy,recall,duration
0.8468634678213948,0.8384615384615385,0.8400470772351496,443.24904441833496
