precision,accuracy,recall,duration
0.861996017143076,0.8414322250639387,0.8533738783738783,454.3220772743225
