precision,accuracy,recall,duration
0.7190238957464963,0.8219780219780219,0.7035031126080662,1485.0588970184326
