precision,accuracy,recall,duration
0.7538452533641831,0.7697368421052632,0.7390435917003547,354.1119713783264
