precision,accuracy,recall,duration
0.8669765843035755,0.8630434782608696,0.8630466731750999,167.30827593803406
