precision,accuracy,recall,duration
0.7043552549451024,0.7648351648351648,0.6320570634731625,448.90343713760376
