precision,accuracy,recall,duration
0.6408215870462456,0.6398989898989899,0.63989898989899,447.9240937232971
