precision,accuracy,recall,duration
0.8397076910335105,0.8358974358974359,0.8360863414100671,216.03694009780884
