precision,accuracy,recall,duration
0.8221043977622925,0.7953964194373402,0.8049926799926799,466.9653596878052
