precision,accuracy,recall,duration
0.6915768474756261,0.9373333333333334,0.591624460052891,576.7695376873016
