precision,accuracy,recall,duration
0.8994681714947139,0.8993610223642172,0.897859939662366,97.82708191871643
