precision,accuracy,recall,duration
0.8077523933577792,0.7974358974358975,0.7987131849308163,203.41610622406006
