precision,accuracy,recall,duration
0.7941503737124578,0.7962032384142937,0.7943352930858457,374.3186480998993
