precision,accuracy,recall,duration
0.34822584501084997,0.5764411027568922,0.3534003249402577,140.64295148849487
