precision,accuracy,recall,duration
0.8652986633249791,0.8514285714285714,0.8598122322486556,215.86892318725586
