precision,accuracy,recall,duration
0.9656400320765682,0.9658536585365853,0.9471260433756551,624.2249994277954
