precision,accuracy,recall,duration
0.7806731280415491,0.7675,0.6021066002471601,198.81279516220093
