precision,accuracy,recall,duration
0.7670995670995671,0.7,0.7,203.67847728729248
