precision,accuracy,recall,duration
0.7221635711958293,0.8195121951219512,0.7839304812834226,235.20817685127258
