precision,accuracy,recall,duration
0.8528153247530937,0.8461538461538461,0.8488071048877992,679.8369317054749
