precision,accuracy,recall,duration
0.6146013126658288,0.6187845303867403,0.5891015429941076,206.53756308555603
