precision,accuracy,recall,duration
0.971810688390261,0.976930548810102,0.9601802908367416,1407.3472640514374
