precision,accuracy,recall,duration
0.5372313545680698,0.5064935064935064,0.5042332282189287,203.21467399597168
