precision,accuracy,recall,duration
0.9,0.9538461538461539,0.9716981132075472,599.1540670394897
