precision,accuracy,recall,duration
0.7520444759961683,0.7526315789473684,0.7102934349714215,104.19281530380249
