precision,accuracy,recall,duration
0.8330931041562555,0.8256410256410256,0.8279663035322918,334.2383599281311
