precision,accuracy,recall,duration
0.8323553299271036,0.8304347826086956,0.8303350434649179,753.1750249862671
