precision,accuracy,recall,duration
0.8131873303314263,0.7913043478260869,0.7918836576801365,685.5104672908783
