precision,accuracy,recall,duration
0.8196259928700983,0.7825,0.6329254808336108,84.48399877548218
