precision,accuracy,recall,duration
0.7569423252975283,0.7716666666666666,0.7763810542695974,68.43922638893127
