precision,accuracy,recall,duration
0.9590909090909091,0.9411764705882353,0.9177143778207608,200.59676599502563
