precision,accuracy,recall,duration
0.6294926944196283,0.6292929292929293,0.6292929292929293,84.0671215057373
