precision,accuracy,recall,duration
0.5059455156659894,0.7525,0.5049856751949883,191.87134647369385
