precision,accuracy,recall,duration
0.8382809647099984,0.8282051282051283,0.8338575068499657,292.95802450180054
