precision,accuracy,recall,duration
0.7566957278665377,0.7573333333333333,0.7573333333333334,1570.6670067310333
