precision,accuracy,recall,duration
0.8202635905760904,0.8205128205128205,0.8222306885758514,1359.9900743961334
