precision,accuracy,recall,duration
0.7111172371689614,0.8175824175824176,0.6890001910885811,1465.9410154819489
