precision,accuracy,recall,duration
0.9674854703578527,0.9586776859504132,0.9491938013677145,323.2377738952637
