precision,accuracy,recall,duration
0.9229598366363654,0.925498426023085,0.9188449352343677,262.41595005989075
