precision,accuracy,recall,duration
0.8969906754648168,0.9013641133263379,0.8935723604510297,445.51571249961853
