precision,accuracy,recall,duration
0.7560163850486431,0.756,0.756,282.4459140300751
