precision,accuracy,recall,duration
0.4807069161750908,0.7575,0.48527923032547404,640.1491942405701
