precision,accuracy,recall,duration
0.9137931034482758,0.9615384615384616,0.9764150943396226,177.76733994483948
