precision,accuracy,recall,duration
0.5930696696971081,0.6243093922651933,0.5975953260761011,257.8416781425476
