precision,accuracy,recall,duration
0.9297619047619047,0.9338842975206612,0.923141351402221,659.3146548271179
