precision,accuracy,recall,duration
0.6035897435897436,0.578125,0.6022267206477733,121.4777946472168
