precision,accuracy,recall,duration
0.9613650848541061,0.9629268292682926,0.946565404181726,223.37169742584229
