precision,accuracy,recall,duration
0.7876344086021505,0.7868852459016393,0.7895021645021645,690.7620446681976
