precision,accuracy,recall,duration
0.9238645122478522,0.9265477439664218,0.9202147982480664,445.58603405952454
