precision,accuracy,recall,duration
0.9009656905079688,0.9006666666666666,0.8992504526365492,295.1619653701782
