precision,accuracy,recall,duration
0.812283285783426,0.7974358974358975,0.8002415513041085,156.1856722831726
