precision,accuracy,recall,duration
0.8452380952380952,0.84,0.8020833333333333,109.12275314331055
