precision,accuracy,recall,duration
0.8776493039552697,0.7982248520710059,0.9016709596641378,339.13855814933777
