precision,accuracy,recall,duration
0.5278696183044009,0.5162337662337663,0.5118085892861817,1885.3897159099579
