precision,accuracy,recall,duration
0.9591709946892861,0.9552238805970149,0.9553961452368583,265.9273283481598
