precision,accuracy,recall,duration
0.7641857037582904,0.7619047619047619,0.7603485838779956,226.98743677139282
