precision,accuracy,recall,duration
0.885365670397652,0.8852596314907872,0.8855969256270234,1229.5902035236359
