precision,accuracy,recall,duration
0.7082812194389055,0.9404444444444444,0.5696514283857138,356.6556746959686
