precision,accuracy,recall,duration
0.9784420976325024,0.9771428571428571,0.979093361482524,266.9312798976898
