precision,accuracy,recall,duration
0.7992176668647256,0.7825,0.6848899448672183,174.41735124588013
