precision,accuracy,recall,duration
0.7777777777777778,0.7777777777777778,0.7777777777777778,207.9605667591095
