precision,accuracy,recall,duration
0.35150192740280345,0.27636363636363637,0.3382683908551263,210.78901886940002
