precision,accuracy,recall,duration
0.6710242533302555,0.7670329670329671,0.6248259863459553,445.33870577812195
