precision,accuracy,recall,duration
0.7517479524303461,0.77,0.6753050285228929,196.79415822029114
