precision,accuracy,recall,duration
0.6960893822873205,0.729477369990922,0.6315330150128026,25742.244913101196
