precision,accuracy,recall,duration
0.9048079417737838,0.9045226130653267,0.9048434221686759,1293.9752686023712
