precision,accuracy,recall,duration
0.947141107300343,0.9391395592864638,0.9252236511042773,385.6814315319061
