precision,accuracy,recall,duration
0.96727593658492,0.9654584221748401,0.9656388519507624,76.18364262580872
