precision,accuracy,recall,duration
0.4848716601571535,0.7425,0.485649422811673,137.1197474002838
