precision,accuracy,recall,duration
0.983098357403913,0.9829145728643216,0.9831126105733956,204.99343276023865
