precision,accuracy,recall,duration
0.7164545025931165,0.8341463414634146,0.7003743315508021,280.76893043518066
