precision,accuracy,recall,duration
0.6412435461830589,0.64576802507837,0.4985290354551324,139.12561130523682
