precision,accuracy,recall,duration
0.8315864389233955,0.828,0.8280000000000001,163.2358739376068
