precision,accuracy,recall,duration
0.7266666666666668,0.6666666666666666,0.6666666666666666,374.59410309791565
