precision,accuracy,recall,duration
0.9707743017575786,0.9624390243902439,0.9421240557692296,203.94305658340454
