precision,accuracy,recall,duration
0.9542561820437145,0.9536571747627024,0.953727842622931,3447.192248106003
