precision,accuracy,recall,duration
0.8424509208662214,0.84,0.8530671771032723,203.87550950050354
