precision,accuracy,recall,duration
0.7594095719095719,0.7413333333333333,0.7413333333333334,443.3533217906952
