precision,accuracy,recall,duration
0.9585667600373483,0.9462809917355371,0.9283900730911601,204.03223252296448
