precision,accuracy,recall,duration
0.7392182696530522,0.8292682926829268,0.7752317290552585,412.1756024360657
