precision,accuracy,recall,duration
0.818537656037656,0.8107416879795396,0.8148157023157022,892.5551557540894
