precision,accuracy,recall,duration
0.831256918650428,0.8358974358974359,0.8297258505869854,747.9012296199799
