precision,accuracy,recall,duration
0.7077922077922078,0.6666666666666666,0.5583333333333333,484.3887560367584
