precision,accuracy,recall,duration
0.9649419122368688,0.9697560975609756,0.9544836634427581,262.2232711315155
