precision,accuracy,recall,duration
0.9609474432881635,0.9622245540398741,0.9589972975491566,136.79148316383362
