precision,accuracy,recall,duration
0.5084299369083307,0.4837662337662338,0.4756873471624926,563.2162084579468
