precision,accuracy,recall,duration
0.8665589440014728,0.8692307692307693,0.8629720774425923,533.2604429721832
