precision,accuracy,recall,duration
0.97228642355761,0.9669421487603306,0.9667168580212059,297.89691615104675
