precision,accuracy,recall,duration
0.9493579866461223,0.9517313746065058,0.9484158046780355,264.1800706386566
