precision,accuracy,recall,duration
0.8451127819548871,0.8148148148148148,0.8148148148148148,351.8974726200104
