precision,accuracy,recall,duration
0.7932604189104908,0.7921052631578948,0.7776142404367076,310.5325813293457
