precision,accuracy,recall,duration
0.9477271681619508,0.9527806925498427,0.9534223278352436,293.3353409767151
