precision,accuracy,recall,duration
0.9801636719444938,0.98,0.9799075391180654,565.3206470012665
