precision,accuracy,recall,duration
0.8019084262505315,0.7647058823529411,0.7753829503829504,285.1864016056061
