precision,accuracy,recall,duration
0.8392857142857143,0.821917808219178,0.8465329991645781,107.73787569999695
