precision,accuracy,recall,duration
0.8547487393496783,0.84,0.8530671771032723,96.71184277534485
