precision,accuracy,recall,duration
0.6525632327372637,0.7163009404388715,0.5727972671256006,202.27089142799377
