precision,accuracy,recall,duration
0.7985058505850585,0.7975,0.6894692943692634,149.31321787834167
