precision,accuracy,recall,duration
0.8353174603174603,0.8356164383561644,0.8455483947965152,274.4580419063568
