precision,accuracy,recall,duration
0.901910036032843,0.9090909090909091,0.8929041972520234,565.756509065628
