precision,accuracy,recall,duration
0.7797045753214865,0.7723684210526316,0.7270004351861872,115.70928978919983
