precision,accuracy,recall,duration
0.9410414007864705,0.9411274645931685,0.9411881545684362,1764.6558072566986
