precision,accuracy,recall,duration
0.4567024309206608,0.38,0.3830824163122398,188.68430376052856
