precision,accuracy,recall,duration
0.8833806642795407,0.8833333333333333,0.8833333333333333,264.2969877719879
