precision,accuracy,recall,duration
0.9189830089079511,0.9185918591859186,0.9182686718977042,2427.0516209602356
