precision,accuracy,recall,duration
0.9636931037333141,0.9582089552238806,0.9583792564426026,109.81587409973145
