precision,accuracy,recall,duration
0.8437950937950939,0.821917808219178,0.8381787802840436,123.67482447624207
