precision,accuracy,recall,duration
0.920258614809922,0.91996699669967,0.9196890438825923,280.96757102012634
