precision,accuracy,recall,duration
0.834978354978355,0.8228571428571428,0.8371160331783795,108.92062211036682
