precision,accuracy,recall,duration
0.8935799908974872,0.8933333333333333,0.8933333333333334,384.44184947013855
