precision,accuracy,recall,duration
0.9140329536152485,0.911,0.8920097334557231,1166.7360212802887
