precision,accuracy,recall,duration
0.9121742117638151,0.9049586776859504,0.8762877219398958,207.6520266532898
