precision,accuracy,recall,duration
0.7884849055542749,0.7828947368421053,0.7655405368105846,331.01796531677246
