precision,accuracy,recall,duration
0.9691036291755173,0.9689018464528668,0.9688732490140078,160.57139706611633
