precision,accuracy,recall,duration
0.9166666666666667,0.9,0.9,534.9522378444672
