precision,accuracy,recall,duration
0.9221602434077079,0.9278350515463918,0.9092473235743938,1000.045783996582
