precision,accuracy,recall,duration
0.9904582153717101,0.990342405618964,0.9903493355532944,222.3010058403015
