precision,accuracy,recall,duration
0.5381264635253132,0.5324675324675324,0.53168488904106,504.5848913192749
