precision,accuracy,recall,duration
0.7918593246462099,0.81,0.8038805679828827,237.70867729187012
