precision,accuracy,recall,duration
0.3955945659468704,0.5989974937343359,0.39042061306366693,129.68833804130554
