precision,accuracy,recall,duration
0.6484818480172112,0.65,0.65,524.4049932956696
