precision,accuracy,recall,duration
0.8066167840375588,0.7828571428571428,0.8062163886610154,604.7590923309326
