precision,accuracy,recall,duration
0.6661164764413228,0.6519337016574586,0.639527239588535,165.7454686164856
