precision,accuracy,recall,duration
0.9158803726724627,0.9158415841584159,0.9157076431269979,1356.5487909317017
