precision,accuracy,recall,duration
0.866701607267645,0.8571428571428571,0.8690183210281651,259.02891969680786
