precision,accuracy,recall,duration
0.5927377254646803,0.58,0.5963338639043984,426.0293605327606
