precision,accuracy,recall,duration
0.9590747330960854,0.961730449251248,0.9664723032069971,69.15447425842285
