precision,accuracy,recall,duration
0.7468904473781882,0.7657894736842106,0.7523763319875956,203.34115076065063
