precision,accuracy,recall,duration
0.9632395280064173,0.9648780487804878,0.9441813482435416,375.07713890075684
