precision,accuracy,recall,duration
0.9300990560429149,0.9282523729759911,0.9284805441624402,940.896005153656
