precision,accuracy,recall,duration
0.9236116862203818,0.9296956977964324,0.9290000931879601,97.78418159484863
