precision,accuracy,recall,duration
0.9724111866969009,0.9714285714285714,0.9721147079521464,145.878586769104
