precision,accuracy,recall,duration
0.7321564781519015,0.7775,0.64820388033776,313.8820290565491
