precision,accuracy,recall,duration
0.7983167626024769,0.7945205479452054,0.8200083542188805,85.50435376167297
