precision,accuracy,recall,duration
0.8923535973229224,0.8835274542429284,0.8974789251248672,385.5837743282318
