precision,accuracy,recall,duration
0.9288148993368345,0.9284928492849285,0.9282130921243825,209.3925302028656
