precision,accuracy,recall,duration
0.6921650195174902,0.9402222222222222,0.5857589343570717,235.39929389953613
