precision,accuracy,recall,duration
0.6690097231592916,0.9373333333333334,0.5905904081525463,1553.5974686145782
