precision,accuracy,recall,duration
0.8998770334045737,0.896,0.896,1264.1190931797028
