precision,accuracy,recall,duration
0.7784722222222222,0.7933333333333333,0.7867152867152867,339.3044250011444
