precision,accuracy,recall,duration
0.8103526907874734,0.815,0.7200352757978185,87.0672538280487
