precision,accuracy,recall,duration
0.9618289215704989,0.9634146341463414,0.953578769456391,465.6519470214844
