precision,accuracy,recall,duration
0.623605937559426,0.7425,0.6194781855119408,159.64809203147888
