precision,accuracy,recall,duration
0.9831107323920437,0.9829145728643216,0.9833363874560659,145.52494168281555
