precision,accuracy,recall,duration
0.6942028985507247,0.7016574585635359,0.6847117794486215,207.17848372459412
