precision,accuracy,recall,duration
0.7851938895417157,0.8,0.7892177892177892,121.87150764465332
