precision,accuracy,recall,duration
0.5018672508721547,0.4127272727272727,0.4289780000673287,400.6598093509674
