precision,accuracy,recall,duration
0.9615588336158238,0.9611948632049134,0.9612270755469072,1945.676509141922
