precision,accuracy,recall,duration
0.793673436267218,0.7884057971014493,0.7876629610109273,745.5738804340363
