precision,accuracy,recall,duration
0.7186974181352401,0.9422222222222222,0.5821768050128895,635.7382986545563
