precision,accuracy,recall,duration
0.6815714368678405,0.7802197802197802,0.6285744504549459,234.04519772529602
