precision,accuracy,recall,duration
0.6,0.59375,0.6032388663967612,445.15207505226135
