precision,accuracy,recall,duration
0.792924126172208,0.8083333333333333,0.8132902159113014,144.88349390029907
