precision,accuracy,recall,duration
0.9175562497170537,0.925498426023085,0.9297549156648961,384.73025608062744
