precision,accuracy,recall,duration
0.8310379155541695,0.8435897435897436,0.8336881274329563,320.91215467453003
