precision,accuracy,recall,duration
0.6800416147400937,0.6035805626598465,0.6050724050724051,175.8055772781372
