precision,accuracy,recall,duration
0.7755808293235464,0.7731884057971015,0.7721912033855712,745.6537275314331
