precision,accuracy,recall,duration
0.7523697969905401,0.7519181585677749,0.7569938694938696,122.77672839164734
