precision,accuracy,recall,duration
0.8686868686868686,0.85,0.85,143.29248571395874
