precision,accuracy,recall,duration
0.8333333333333333,0.75,0.75,403.09959840774536
