precision,accuracy,recall,duration
0.7277721646880525,0.7348066298342542,0.7260025062656641,144.62447023391724
