precision,accuracy,recall,duration
0.9221014492753623,0.9243986254295533,0.9008903211710728,1873.050001859665
