precision,accuracy,recall,duration
0.7943776207038655,0.7992741485203797,0.7973472923218599,930.0137178897858
