precision,accuracy,recall,duration
0.8593881922784395,0.8457142857142858,0.8651900464861909,83.76767182350159
