precision,accuracy,recall,duration
0.8262213976499692,0.821917808219178,0.83859649122807,417.5754494667053
