precision,accuracy,recall,duration
0.48362043257099874,0.7425,0.49751446410136985,323.2087457180023
