precision,accuracy,recall,duration
0.6891713075113236,0.9371111111111111,0.5902660072169308,270.26536107063293
