precision,accuracy,recall,duration
0.9886483400135515,0.9970798182998053,0.9963804765596479,1231.9042973518372
