precision,accuracy,recall,duration
0.9035617581535949,0.9036666666666666,0.9026720856482608,230.51041269302368
