precision,accuracy,recall,duration
0.4912862583011985,0.735,0.49470247958799113,87.53652548789978
