precision,accuracy,recall,duration
0.8361187916026624,0.8285714285714286,0.8434053413544801,566.8578689098358
