precision,accuracy,recall,duration
0.8447461187275008,0.8484375,0.8100197698245654,618.5694768428802
