precision,accuracy,recall,duration
0.7816686251468861,0.7966666666666666,0.7856427856427857,124.85762453079224
