precision,accuracy,recall,duration
0.9562698275006788,0.9526829268292683,0.932362710099662,165.58290648460388
