precision,accuracy,recall,duration
0.8248323967268067,0.7945205479452054,0.7975116362334408,264.17907667160034
