precision,accuracy,recall,duration
0.8825153108461531,0.8794871794871795,0.879850080762655,253.17320680618286
