precision,accuracy,recall,duration
0.9455329470838161,0.9452929741738406,0.9450543718149352,3325.6829800605774
