precision,accuracy,recall,duration
0.8328054077000946,0.8,0.6927279057577601,183.60770082473755
