precision,accuracy,recall,duration
0.9043145035792094,0.8986666666666666,0.8986666666666666,666.3424572944641
