precision,accuracy,recall,duration
0.7909257076478928,0.7542857142857143,0.7776866283839213,77.40666580200195
