precision,accuracy,recall,duration
0.6083333333333334,0.625,0.6052631578947368,144.06381177902222
