precision,accuracy,recall,duration
0.6082482104979765,0.677115987460815,0.548315510669893,164.7023811340332
