precision,accuracy,recall,duration
0.9609294272069706,0.9632738719832109,0.9614062063181437,137.925621509552
