precision,accuracy,recall,duration
0.9219610521969693,0.92,0.92,245.87824845314026
