precision,accuracy,recall,duration
0.8872472034483208,0.8849840255591054,0.8817587778419668,84.3678560256958
