precision,accuracy,recall,duration
0.48673650764877086,0.795,0.4938767102327592,627.0913681983948
