precision,accuracy,recall,duration
0.9678708264915161,0.9586776859504132,0.9455706129619174,113.9894425868988
