precision,accuracy,recall,duration
0.8941274078349325,0.896,0.8784616983321498,987.1216251850128
