precision,accuracy,recall,duration
0.7879480055291449,0.7830820770519263,0.7817721449025105,258.01477789878845
