precision,accuracy,recall,duration
0.971024335957318,0.9628099173553719,0.9495388669301713,200.28487467765808
