precision,accuracy,recall,duration
0.7053348880935656,0.9388888888888889,0.5703346097328879,625.6340756416321
