precision,accuracy,recall,duration
0.9512863127398011,0.9504,0.9521510729895823,193.70284748077393
