precision,accuracy,recall,duration
0.9329934040479226,0.9326182618261826,0.9323216361522813,1009.4832963943481
