precision,accuracy,recall,duration
0.7421022921690523,0.7605263157894737,0.7348709675782421,383.5702438354492
