precision,accuracy,recall,duration
0.9650144173509685,0.9545454545454546,0.9315876152832675,225.54563212394714
