precision,accuracy,recall,duration
0.8257629070436953,0.8333333333333334,0.8207430482385817,2911.3771760463715
