precision,accuracy,recall,duration
0.8219089288608005,0.8375,0.773029318702677,70.95134496688843
