precision,accuracy,recall,duration
0.9658175503824602,0.9639024390243902,0.94461230900227,284.54147124290466
