precision,accuracy,recall,duration
0.7583333333333333,0.7,0.7,172.82396864891052
