precision,accuracy,recall,duration
0.6023063787710653,0.735,0.5856540084388185,98.77358150482178
