precision,accuracy,recall,duration
0.7527233115468409,0.7540983606557377,0.751082251082251,385.4429507255554
