precision,accuracy,recall,duration
0.4462666690242654,0.4109090909090909,0.4271246666498302,264.25017642974854
