precision,accuracy,recall,duration
0.8988820633271601,0.897,0.894489560434406,168.56824731826782
