precision,accuracy,recall,duration
0.9413971642345949,0.9408151870463428,0.9409434353067274,1660.8946113586426
