precision,accuracy,recall,duration
0.8605379417175043,0.8487179487179487,0.856351764851814,1202.7859292030334
