precision,accuracy,recall,duration
0.8139316239316239,0.8057142857142857,0.8197064989517818,385.5875973701477
