precision,accuracy,recall,duration
0.8801932367149758,0.8493150684931506,0.8571846282372597,88.35900092124939
