precision,accuracy,recall,duration
0.9597667489959877,0.96,0.9415049569914382,205.60969519615173
