precision,accuracy,recall,duration
0.9680828018940358,0.9747450218552696,0.9576396587740937,1437.785987854004
