precision,accuracy,recall,duration
0.5647828587863101,0.6875,0.5638594098509709,106.12734651565552
