precision,accuracy,recall,duration
0.8847052186475173,0.8793929712460063,0.8746864368701457,441.4522032737732
