precision,accuracy,recall,duration
0.5531132779583483,0.5487012987012987,0.5471775128594316,865.3597867488861
