precision,accuracy,recall,duration
0.9630889597437138,0.9630709426627794,0.9630819620109705,264.0445432662964
