precision,accuracy,recall,duration
0.7957990844588783,0.795,0.6702998442814566,197.0539312362671
