precision,accuracy,recall,duration
0.976164024740737,0.976,0.9763844678751511,315.09688234329224
