precision,accuracy,recall,duration
0.44330377911685664,0.6265664160401002,0.42243281410891576,92.33750128746033
