precision,accuracy,recall,duration
0.8276612276612275,0.821917808219178,0.8445697577276524,127.46787118911743
