precision,accuracy,recall,duration
0.9278160060433803,0.9256198347107438,0.9065562456866805,140.47874784469604
