precision,accuracy,recall,duration
0.9655738476409518,0.9682926829268292,0.9523408700231462,262.0051853656769
