precision,accuracy,recall,duration
0.8430763373121886,0.8405797101449275,0.8409156505579239,158.03299617767334
