precision,accuracy,recall,duration
0.7947161036108779,0.792,0.792,2245.7872376441956
