precision,accuracy,recall,duration
0.969047619047619,0.9575163398692811,0.9408446163765313,386.4502363204956
