precision,accuracy,recall,duration
0.8562244437244437,0.8337595907928389,0.8410025785025784,463.79174542427063
