precision,accuracy,recall,duration
0.47103977091462285,0.735,0.4734180336669113,193.20096230506897
