precision,accuracy,recall,duration
0.6953701635077404,0.7714285714285715,0.6431004591040194,263.2545166015625
