precision,accuracy,recall,duration
0.4788228020003618,0.7425,0.4973201605671784,318.9738390445709
