precision,accuracy,recall,duration
0.8965616485817045,0.894751535455053,0.8952269109287838,983.7464489936829
