precision,accuracy,recall,duration
0.9687278929584623,0.9673170731707317,0.9508519843008096,284.9447338581085
