precision,accuracy,recall,duration
0.5112005061279632,0.48545454545454547,0.5020740224719346,205.80887818336487
