precision,accuracy,recall,duration
0.9651500128391507,0.9629268292682926,0.9377819275258835,105.75383639335632
