precision,accuracy,recall,duration
0.4576475685171338,0.4309090909090909,0.4452183080210132,377.2520520687103
