precision,accuracy,recall,duration
0.7360718404861463,0.8197802197802198,0.7108686295300847,1179.9691643714905
