precision,accuracy,recall,duration
0.48431848781524345,0.4967532467532468,0.4916817359723883,1825.6414215564728
