precision,accuracy,recall,duration
0.9673180751173709,0.967373572593801,0.9614363859722319,318.0502247810364
