precision,accuracy,recall,duration
0.8775832862789384,0.842,0.7895356691317826,863.6151843070984
