precision,accuracy,recall,duration
0.9107858345358345,0.8983333333333333,0.8983333333333333,503.2393252849579
