precision,accuracy,recall,duration
0.8174348536247723,0.8153846153846154,0.8185588421169826,565.8762784004211
