precision,accuracy,recall,duration
0.6913482866357308,0.8195121951219512,0.6731907308377897,474.9873559474945
