precision,accuracy,recall,duration
0.9733009708737864,0.9640522875816994,0.9609123146357189,568.0315034389496
