precision,accuracy,recall,duration
0.8313947330288448,0.8256410256410256,0.8292694212063364,292.0396406650543
