precision,accuracy,recall,duration
0.755,0.7540983606557377,0.7483766233766234,386.25065302848816
