precision,accuracy,recall,duration
0.5201344532476609,0.4890909090909091,0.5019493233989964,270.9333064556122
