precision,accuracy,recall,duration
0.4894484679075874,0.7475,0.5013633478283023,126.55740642547607
