precision,accuracy,recall,duration
0.8279471279471279,0.8132992327365729,0.8176272301272302,327.35585474967957
