precision,accuracy,recall,duration
0.5653204565408253,0.7298136645962733,0.572884012539185,325.62626028060913
