precision,accuracy,recall,duration
0.8700396825396826,0.86,0.8237847222222222,55.6513397693634
