precision,accuracy,recall,duration
0.9509083272078127,0.934640522875817,0.8976466795615732,327.7226519584656
