precision,accuracy,recall,duration
0.546407943210555,0.5292207792207793,0.5290691596081544,1071.6031856536865
