precision,accuracy,recall,duration
0.6261780484268523,0.7375,0.6142138686442484,65.43730282783508
