precision,accuracy,recall,duration
0.909585572375998,0.9073482428115016,0.9045124847551191,333.473726272583
