precision,accuracy,recall,duration
0.7290909090909091,0.6944444444444444,0.6944444444444444,264.16282081604004
