precision,accuracy,recall,duration
0.8412235284560744,0.8384615384615385,0.8412820077810386,373.0059850215912
