precision,accuracy,recall,duration
0.6037496130591581,0.5811688311688312,0.5822023085187737,379.1507930755615
