precision,accuracy,recall,duration
0.8168117744610282,0.8057142857142857,0.8211648892534864,155.83989143371582
