precision,accuracy,recall,duration
0.5331238264069464,0.5097402597402597,0.5079951299173333,203.37545323371887
