precision,accuracy,recall,duration
0.9285538884659774,0.9282178217821783,0.9279315605928509,1640.815948009491
