precision,accuracy,recall,duration
0.6761133603238867,0.6875,0.6761133603238867,144.18597292900085
