precision,accuracy,recall,duration
0.7755102040816326,0.5925925925925926,0.5925925925925926,220.8374538421631
