precision,accuracy,recall,duration
0.8815279095502455,0.8739130434782608,0.87450701213252,289.71898436546326
