precision,accuracy,recall,duration
0.6373275274658602,0.6408839779005525,0.6321387196644362,168.6751160621643
