precision,accuracy,recall,duration
0.9221309125656951,0.9216171617161716,0.9212510897994769,615.7181949615479
