precision,accuracy,recall,duration
0.6688744588744587,0.6464088397790055,0.6366940477379407,246.6502947807312
