precision,accuracy,recall,duration
0.9763000599327897,0.9758793969849247,0.9760122143465305,203.87773656845093
