precision,accuracy,recall,duration
0.6227272727272728,0.6464088397790055,0.6443341156496555,330.9622051715851
