precision,accuracy,recall,duration
0.9707551314412743,0.9698492462311558,0.969642787594938,365.29602575302124
