precision,accuracy,recall,duration
0.8058319513543394,0.8075,0.701577463279884,137.27391719818115
