precision,accuracy,recall,duration
0.8667282999486389,0.8571428571428571,0.8719351016315743,385.29166531562805
