precision,accuracy,recall,duration
0.9449082504552458,0.9475341028331584,0.9439753983785295,502.6041691303253
