precision,accuracy,recall,duration
0.9706665260940852,0.9774162214667315,0.9628047408817603,1358.1916105747223
