precision,accuracy,recall,duration
0.9833682060068867,0.9828571428571429,0.9831691297208539,145.87565779685974
