precision,accuracy,recall,duration
0.6988793140598415,0.7934065934065934,0.66312831532073,430.5418932437897
