precision,accuracy,recall,duration
0.9724111866969009,0.9714285714285714,0.9731409805301431,265.79911613464355
