precision,accuracy,recall,duration
0.9813874788494078,0.9806848112379281,0.9807017543859649,555.5278515815735
