precision,accuracy,recall,duration
0.8645833333333334,0.85,0.8539618276460381,68.66350102424622
