precision,accuracy,recall,duration
0.3797645507991468,0.581453634085213,0.3812279608905986,62.427358865737915
