precision,accuracy,recall,duration
0.9711514572384138,0.9714285714285714,0.9731409805301431,578.6765673160553
