precision,accuracy,recall,duration
0.9663736263736263,0.9657142857142857,0.9678407224958949,242.82951498031616
