precision,accuracy,recall,duration
0.8194681861348527,0.8316666666666667,0.8067253452635674,120.5118236541748
