precision,accuracy,recall,duration
0.9193476253418732,0.9184812953657174,0.9187165853008152,1030.2220618724823
