precision,accuracy,recall,duration
0.9630727966453856,0.9630709426627794,0.9630762953896369,190.1074526309967
