precision,accuracy,recall,duration
0.9683265994784376,0.9646055437100213,0.9646444866244716,83.65946578979492
