precision,accuracy,recall,duration
0.6118869920440477,0.5966850828729282,0.5956409917107759,127.25007891654968
