precision,accuracy,recall,duration
0.6845790514081804,0.938,0.5786041436534795,444.32833456993103
