precision,accuracy,recall,duration
0.95,0.9431818181818182,0.9484265734265734,330.10630536079407
