precision,accuracy,recall,duration
0.8240582516898307,0.8082191780821918,0.8306599832915623,145.96444869041443
