precision,accuracy,recall,duration
0.9248535640263134,0.9328436516264428,0.9393439567607865,339.5428960323334
