precision,accuracy,recall,duration
0.9260076715223775,0.9166666666666666,0.9166666666666667,2544.5122168064117
