precision,accuracy,recall,duration
0.6683593265616523,0.9382222222222222,0.592094354481119,326.12411665916443
