precision,accuracy,recall,duration
0.70729700412459,0.9375555555555556,0.5877878629937414,663.4705626964569
