precision,accuracy,recall,duration
0.714033851216543,0.9391111111111111,0.5722128850017905,254.271470785141
