precision,accuracy,recall,duration
0.9597364637391794,0.9568,0.9573541021056549,453.37646412849426
