precision,accuracy,recall,duration
0.5588140229510408,0.4967532467532468,0.49881663606281856,245.2991816997528
