precision,accuracy,recall,duration
0.8215308947605897,0.8166666666666667,0.8161103142357521,675.2551801204681
