precision,accuracy,recall,duration
0.8881526860541459,0.8853333333333333,0.8853333333333334,583.5889563560486
