precision,accuracy,recall,duration
0.8342857142857143,0.7666666666666667,0.7666666666666666,466.9929904937744
