precision,accuracy,recall,duration
0.9591642028135982,0.9546341463414634,0.9356622055671105,157.529878616333
