precision,accuracy,recall,duration
0.638525400066075,0.7375,0.6307647501740329,76.06202054023743
