precision,accuracy,recall,duration
0.9243587187666136,0.9251247920133111,0.9329615567157095,105.53916788101196
