precision,accuracy,recall,duration
0.69920058902729,0.9391111111111111,0.5770662407381997,341.91872453689575
