precision,accuracy,recall,duration
0.8969801947023361,0.7887573964497041,0.9004862839463749,449.59376096725464
