precision,accuracy,recall,duration
0.9554178406974139,0.9547974413646055,0.9548470135727665,619.2034299373627
