precision,accuracy,recall,duration
0.8583019612431376,0.8439897698209718,0.8527699777699776,505.75130224227905
