precision,accuracy,recall,duration
0.9497774673309679,0.9494584837545126,0.9491874322860239,959.2301316261292
