precision,accuracy,recall,duration
0.8198979591836736,0.7945205479452054,0.8058658551139753,207.7107036113739
