precision,accuracy,recall,duration
0.6280043463743094,0.7692307692307693,0.6312390947202092,586.4731779098511
