precision,accuracy,recall,duration
0.8841206603203751,0.8793333333333333,0.8752746754485379,409.5766007900238
