precision,accuracy,recall,duration
0.9463540948919138,0.946126076089975,0.9458950282893945,1645.288247346878
