precision,accuracy,recall,duration
0.7969311761684643,0.796,0.796,1134.548915863037
