precision,accuracy,recall,duration
0.6502675585284281,0.6408839779005525,0.6485086887046839,261.15999937057495
