precision,accuracy,recall,duration
0.5037089091884084,0.48363636363636364,0.4892762144703683,327.67099237442017
