precision,accuracy,recall,duration
0.945600199576882,0.9421487603305785,0.9236511073467595,423.69821214675903
