precision,accuracy,recall,duration
0.6665674603174604,0.6574585635359116,0.6731491560970738,381.23247480392456
