precision,accuracy,recall,duration
0.4806145947128453,0.75,0.5000052898237576,79.07035517692566
