precision,accuracy,recall,duration
0.8146082802855248,0.8282051282051283,0.8174472202651248,202.89764761924744
