precision,accuracy,recall,duration
0.8473684210526317,0.8333333333333334,0.834731058415269,627.0426323413849
