precision,accuracy,recall,duration
0.6758342950194014,0.778021978021978,0.6579580467004615,246.24179649353027
