precision,accuracy,recall,duration
0.6412454092454092,0.7604395604395604,0.6027698337094621,324.41232681274414
