precision,accuracy,recall,duration
0.6854395604395604,0.6851851851851852,0.6851851851851851,89.78802442550659
