precision,accuracy,recall,duration
0.9388514086701154,0.9389058594834768,0.9391196179928574,293.6834900379181
