precision,accuracy,recall,duration
0.4641714976729185,0.7525,0.46778209831521295,187.26237988471985
