precision,accuracy,recall,duration
0.9852824492922808,0.9849246231155779,0.9847667445416732,373.8383204936981
