precision,accuracy,recall,duration
0.8553719008264462,0.8252911813643927,0.846938775510204,139.3812117576599
