precision,accuracy,recall,duration
0.9605133676830717,0.9597989949748744,0.9599179583792051,1307.598464012146
