precision,accuracy,recall,duration
0.972606031988183,0.9710743801652892,0.9710976221845787,204.3466317653656
