precision,accuracy,recall,duration
0.6412464763918252,0.6187845303867403,0.6206135274143614,126.58460736274719
