precision,accuracy,recall,duration
0.9296723646723647,0.92,0.92,1466.0333461761475
