precision,accuracy,recall,duration
0.9553600297008777,0.9552,0.9564726083670184,185.0923502445221
