precision,accuracy,recall,duration
0.8473932110500573,0.8384615384615385,0.8439477984116363,532.2294664382935
