precision,accuracy,recall,duration
0.7699747599544807,0.8585365853658536,0.7979590017825311,110.84663081169128
