precision,accuracy,recall,duration
0.8794116985882565,0.8652246256239601,0.8814439397021268,135.79534101486206
