precision,accuracy,recall,duration
0.4681208627698567,0.7375,0.49343573981659006,197.62658500671387
