precision,accuracy,recall,duration
0.9041622684963055,0.9045120671563484,0.8924867207156835,507.6778075695038
