precision,accuracy,recall,duration
0.7860434190065216,0.8013157894736842,0.7753470461625935,636.326327085495
