precision,accuracy,recall,duration
0.7694025742706175,0.78,0.6200586144493035,281.32356452941895
