precision,accuracy,recall,duration
0.6613754809616429,0.9371111111111111,0.5748174981741965,573.0092918872833
