precision,accuracy,recall,duration
0.896105204469175,0.8933333333333333,0.8933333333333334,152.96464133262634
