precision,accuracy,recall,duration
0.8897224861805066,0.8905750798722045,0.8917247576866294,62.62830972671509
