precision,accuracy,recall,duration
0.7019395230431699,0.9373333333333334,0.5812450366019821,268.78054451942444
