precision,accuracy,recall,duration
0.9268843176977818,0.9256198347107438,0.898124098124098,327.4563088417053
