precision,accuracy,recall,duration
0.9661824513881468,0.9751092763477416,0.9613235358775487,2545.72216129303
