precision,accuracy,recall,duration
0.9559848010403409,0.9604878048780487,0.9481420028629737,204.44079041481018
