precision,accuracy,recall,duration
0.8052020514592505,0.8043478260869565,0.8038143458320455,385.7214024066925
