precision,accuracy,recall,duration
0.9670411006617904,0.9586776859504132,0.9459156785243742,303.69243335723877
