precision,accuracy,recall,duration
0.9536839817315482,0.9575609756097561,0.9353583305666865,143.7070426940918
