precision,accuracy,recall,duration
0.9394971749316914,0.9391835601221883,0.9388989205890614,1181.1934208869934
