precision,accuracy,recall,duration
0.8068560217941023,0.7851662404092071,0.7885118260118259,475.71956038475037
