precision,accuracy,recall,duration
0.6797558214074853,0.9373333333333334,0.5874069263295574,385.4133005142212
