precision,accuracy,recall,duration
0.9386944640911259,0.9380727575673424,0.9376610087877693,7345.956829786301
