precision,accuracy,recall,duration
0.5753968253968255,0.7775,0.4996257880458943,164.91508841514587
