precision,accuracy,recall,duration
0.847870847135553,0.8414322250639387,0.8456117081117082,477.00720596313477
