precision,accuracy,recall,duration
0.9463154811170732,0.9496327387198321,0.947234647283571,243.87642812728882
