precision,accuracy,recall,duration
0.9426280875519687,0.9380165289256198,0.9169301712779974,712.3852651119232
