precision,accuracy,recall,duration
0.9201785714285714,0.9256198347107438,0.8977790325616413,228.4057378768921
