precision,accuracy,recall,duration
0.8926866502846165,0.8159763313609467,0.9147237860429972,936.3748555183411
