precision,accuracy,recall,duration
0.8553204289426293,0.8583333333333333,0.8188257406139133,325.4559645652771
