precision,accuracy,recall,duration
0.7895007720020586,0.788,0.788,1464.277531862259
