precision,accuracy,recall,duration
0.7942366272204983,0.7802631578947369,0.7243307072159477,190.49647784233093
