precision,accuracy,recall,duration
0.9714274335096658,0.9766877124817873,0.9596138790553765,863.795902967453
