precision,accuracy,recall,duration
0.8419805378678912,0.8398550724637681,0.839472071927823,220.64128041267395
