precision,accuracy,recall,duration
0.8921742489829736,0.8982161594963274,0.8925799086757991,445.4905331134796
