precision,accuracy,recall,duration
0.7367997123336929,0.8292682926829268,0.7910516934046345,368.21475052833557
