precision,accuracy,recall,duration
0.9043956043956044,0.91,0.8993055555555556,189.72211837768555
