precision,accuracy,recall,duration
0.902570122624569,0.9013333333333333,0.9013333333333334,1028.5926444530487
