precision,accuracy,recall,duration
0.9382635441531865,0.9383504582060539,0.9384093736206413,614.5156240463257
