precision,accuracy,recall,duration
0.7659531592852984,0.7766666666666666,0.7888056798288271,158.51555919647217
