precision,accuracy,recall,duration
0.681159420289855,0.6875,0.6518218623481782,387.36065578460693
