precision,accuracy,recall,duration
0.8940119401372605,0.8171597633136095,0.9139377851086815,752.4268054962158
