precision,accuracy,recall,duration
0.6546286917272769,0.6765659447542471,0.5895554153361494,1396.087208032608
