precision,accuracy,recall,duration
0.49407216849958996,0.4690909090909091,0.49012633171964815,365.6560871601105
