precision,accuracy,recall,duration
0.9074095679863482,0.9132231404958677,0.8901875901875903,925.5296862125397
