precision,accuracy,recall,duration
0.8367551135137804,0.8282051282051283,0.835574202170393,879.8657128810883
