precision,accuracy,recall,duration
0.8984287317620651,0.8944444444444445,0.8944444444444444,203.99690461158752
