precision,accuracy,recall,duration
0.8208421971308569,0.824009324009324,0.8031403179256952,2930.143562555313
