precision,accuracy,recall,duration
0.9246083781793892,0.9238173817381738,0.9233634844521941,1673.365822315216
