precision,accuracy,recall,duration
0.9811658563068688,0.9809045226130654,0.9812265983014504,56.978554248809814
