precision,accuracy,recall,duration
0.3864066704544515,0.6240601503759399,0.40035717928542286,91.66408920288086
