precision,accuracy,recall,duration
0.7248919480227891,0.8146341463414634,0.763868092691622,166.15683817863464
