precision,accuracy,recall,duration
0.9051975230907913,0.905,0.8873075390983565,1253.8491599559784
