precision,accuracy,recall,duration
0.5918343350799943,0.7875,0.5233283855388969,470.1805145740509
