precision,accuracy,recall,duration
0.7792615868028279,0.7619047619047619,0.7581699346405228,143.21878480911255
