precision,accuracy,recall,duration
0.7511072189560347,0.7583333333333333,0.7682325182325183,88.43450951576233
