precision,accuracy,recall,duration
0.950213313842399,0.9497560975609756,0.9333099201623298,231.19608616828918
