precision,accuracy,recall,duration
0.8057889557889559,0.7851662404092071,0.7926794676794676,479.99461340904236
