precision,accuracy,recall,duration
0.6215647775374836,0.6176767676767677,0.6176767676767677,319.93375539779663
