precision,accuracy,recall,duration
0.9617406726765412,0.9663414634146341,0.9501522498845494,460.0847580432892
