precision,accuracy,recall,duration
0.4939347740257387,0.7375,0.4948720184546835,203.8412971496582
