precision,accuracy,recall,duration
0.8513370865587614,0.84,0.8559839577066812,437.9395170211792
