precision,accuracy,recall,duration
0.74749899959984,0.75,0.7653367653367653,208.01620626449585
