precision,accuracy,recall,duration
0.9681802871458043,0.9710743801652892,0.9741279252148818,111.95942783355713
