precision,accuracy,recall,duration
0.7872862349313148,0.7790055248618785,0.7568295739348372,202.81985139846802
