precision,accuracy,recall,duration
0.7805555555555556,0.7,0.7,203.65709853172302
