precision,accuracy,recall,duration
0.7920747711414122,0.792,0.792,375.1684744358063
