precision,accuracy,recall,duration
0.944789291831333,0.9347547974413646,0.9353488465943417,565.6764917373657
