precision,accuracy,recall,duration
0.9504910425210447,0.9281045751633987,0.8972437137330754,205.95541048049927
