precision,accuracy,recall,duration
0.8594800340221346,0.8512820512820513,0.8479350739888064,263.73576283454895
