precision,accuracy,recall,duration
0.9018208565869096,0.9013333333333333,0.9013333333333334,505.7970588207245
