precision,accuracy,recall,duration
0.9030303412671516,0.9016666666666666,0.8995146860625467,224.6598105430603
