precision,accuracy,recall,duration
0.9753672277089999,0.9748743718592965,0.974950643221265,203.81936645507812
