precision,accuracy,recall,duration
0.8410261294155982,0.8461538461538461,0.8398337392529102,688.1712851524353
