precision,accuracy,recall,duration
0.6464465211431155,0.7382445141065831,0.5951296145167716,163.76086044311523
