precision,accuracy,recall,duration
0.9125746569814367,0.9049586776859504,0.8664533534098751,384.6213119029999
