precision,accuracy,recall,duration
0.9905172413793104,0.990342405618964,0.9903508771929825,385.56455516815186
