precision,accuracy,recall,duration
0.6490339003297819,0.9362222222222222,0.563159822973282,244.86543250083923
