precision,accuracy,recall,duration
0.9431132533666511,0.9373134328358209,0.9377660343945927,265.8156852722168
