precision,accuracy,recall,duration
0.7800179211469533,0.78,0.78,383.2338981628418
