precision,accuracy,recall,duration
0.8336544871084346,0.8256410256410256,0.832342069672764,1396.7241773605347
