precision,accuracy,recall,duration
0.8526491526491528,0.8414322250639387,0.8412040287040287,283.0568585395813
