precision,accuracy,recall,duration
0.5163563654242723,0.48363636363636364,0.5058730532386038,326.4200105667114
