precision,accuracy,recall,duration
0.7520634920634921,0.7,0.7,92.74771690368652
