precision,accuracy,recall,duration
0.6606652289638826,0.6353591160220995,0.6354525367022871,192.9433455467224
