precision,accuracy,recall,duration
0.5433653164161639,0.43454545454545457,0.4498006338141313,227.28758001327515
