precision,accuracy,recall,duration
0.8109090909090909,0.8095238095238095,0.8104575163398693,315.9620170593262
