precision,accuracy,recall,duration
0.7815904139433552,0.780952380952381,0.7815904139433552,573.4366707801819
