precision,accuracy,recall,duration
0.5149511791898804,0.4253246753246753,0.42722412193852477,503.1050786972046
