precision,accuracy,recall,duration
0.8389696158765649,0.8384615384615385,0.8322982398563562,517.097279548645
