precision,accuracy,recall,duration
0.5168067226890757,0.77,0.5052619660293377,637.9345304965973
