precision,accuracy,recall,duration
0.6340935804433258,0.6022099447513812,0.597667731948467,412.2921304702759
