precision,accuracy,recall,duration
0.8669365721997302,0.8666666666666667,0.865746096009254,267.750284910202
