precision,accuracy,recall,duration
0.7875,0.7902097902097902,0.8027910119565715,244.06059551239014
