precision,accuracy,recall,duration
0.8245459148527098,0.8307692307692308,0.8233589329561225,1210.2178478240967
