precision,accuracy,recall,duration
0.9019225422389114,0.898,0.8945625987524966,417.1352233886719
