precision,accuracy,recall,duration
0.8892764727627113,0.8893333333333333,0.8880981492045523,283.5623617172241
