precision,accuracy,recall,duration
0.6921083649718355,0.75,0.612552751091369,449.61587929725647
