precision,accuracy,recall,duration
0.9937888198757764,0.9942857142857143,0.9940476190476192,226.5609700679779
