precision,accuracy,recall,duration
0.9593888189450465,0.9570731707317073,0.9386686628681875,107.53892588615417
