precision,accuracy,recall,duration
0.5836158192090395,0.7919254658385093,0.5434952978056427,251.84416270256042
