precision,accuracy,recall,duration
0.7155696462439883,0.9413333333333334,0.5701545730398018,116.78743767738342
