precision,accuracy,recall,duration
0.886904761904762,0.8833333333333333,0.8896761133603239,112.16874551773071
