precision,accuracy,recall,duration
0.8419897463600079,0.8358974358974359,0.8410580002103263,587.3097348213196
