precision,accuracy,recall,duration
0.8135345701009679,0.8,0.8163339713790903,596.5973637104034
