precision,accuracy,recall,duration
0.9648515269016836,0.9669421487603306,0.9635061798105276,357.8395130634308
