precision,accuracy,recall,duration
0.9894179894179894,0.9885714285714285,0.9899718508092893,238.7304344177246
