precision,accuracy,recall,duration
0.9210715569938871,0.9615384615384616,0.9602987421383649,567.2547135353088
