precision,accuracy,recall,duration
0.5102670512369294,0.4709090909090909,0.5019409462752716,687.8879790306091
