precision,accuracy,recall,duration
0.9390448343079923,0.9338842975206612,0.910096304661522,649.3351602554321
