precision,accuracy,recall,duration
0.9002092610918687,0.9001597444089456,0.8987264907888824,64.41440033912659
