precision,accuracy,recall,duration
0.9623655913978495,0.9650582362728786,0.9693877551020409,72.94359183311462
