precision,accuracy,recall,duration
0.7952407772458463,0.8083333333333333,0.8186393697724178,294.04015278816223
