precision,accuracy,recall,duration
0.5786629114205052,0.5746753246753247,0.5723951127617319,580.2000801563263
