precision,accuracy,recall,duration
0.9313923305121716,0.9312431243124313,0.9310538360941587,1105.2552695274353
