precision,accuracy,recall,duration
0.8413619593847508,0.85234375,0.8226956904362508,537.999071598053
