precision,accuracy,recall,duration
0.6420637240572932,0.8167701863354038,0.5317398119122257,147.1522879600525
