precision,accuracy,recall,duration
0.7450457339931025,0.736,0.7360000000000001,780.3678295612335
