precision,accuracy,recall,duration
0.8044444444444444,0.7666666666666667,0.7666666666666667,189.9872853755951
