precision,accuracy,recall,duration
0.8819968478903897,0.885,0.8662559102166647,3471.638518810272
