precision,accuracy,recall,duration
0.8256440951153398,0.8128205128205128,0.816649650426423,123.92911577224731
