precision,accuracy,recall,duration
0.7744209408783205,0.7883333333333333,0.7864650364650365,460.0311768054962
