precision,accuracy,recall,duration
0.7947662852074617,0.7774936061381074,0.7853802353802355,120.36410593986511
