precision,accuracy,recall,duration
0.9437316840880312,0.943606923506421,0.943753281114749,2980.1248967647552
