precision,accuracy,recall,duration
0.6792228571517095,0.7078199974063026,0.6244423910525416,9606.730896234512
