precision,accuracy,recall,duration
0.7779444861215303,0.7714285714285715,0.7690631808278867,83.33241319656372
