precision,accuracy,recall,duration
0.930869362119362,0.925,0.925,2544.500990629196
