precision,accuracy,recall,duration
0.8413684403187113,0.8435897435897436,0.8373834340400811,505.60348296165466
