precision,accuracy,recall,duration
0.7581061164333087,0.7523809523809524,0.7543572984749456,565.6910545825958
