precision,accuracy,recall,duration
0.7040518986375863,0.94,0.5925808213563529,433.9651851654053
