precision,accuracy,recall,duration
0.7041375643916479,0.8292682926829268,0.7124064171122995,175.90401816368103
