precision,accuracy,recall,duration
0.4984605194958081,0.4909090909090909,0.5153925019468134,325.97443199157715
