precision,accuracy,recall,duration
0.7897777777777777,0.8083333333333333,0.7972427543279518,93.72331070899963
