precision,accuracy,recall,duration
0.7936299163587786,0.777536231884058,0.7767927434676606,745.406126499176
