precision,accuracy,recall,duration
0.8669874060239717,0.8615384615384616,0.8627862888678623,381.7923195362091
