precision,accuracy,recall,duration
0.8873677328102691,0.8785942492012779,0.8726875922716477,493.4749836921692
