precision,accuracy,recall,duration
0.843158483568761,0.8333333333333334,0.841269490495346,1345.5958259105682
