precision,accuracy,recall,duration
0.9406545917904101,0.9405720633157456,0.9404217326752538,1396.436980009079
