precision,accuracy,recall,duration
0.7254078861134385,0.9371111111111111,0.5633153917762066,466.5072183609009
