precision,accuracy,recall,duration
0.9558347166072523,0.9619512195121951,0.9451289686724961,181.78679823875427
