precision,accuracy,recall,duration
0.4856547935495304,0.755,0.5043319663174198,119.64710354804993
