precision,accuracy,recall,duration
0.892692049577531,0.8236686390532545,0.9167360783797401,1246.0020062923431
