precision,accuracy,recall,duration
0.8925055312840441,0.892,0.8903004666858159,851.286477804184
