precision,accuracy,recall,duration
0.9095855288502347,0.8983333333333333,0.8983333333333333,304.41228103637695
