precision,accuracy,recall,duration
0.8245192307692308,0.7666666666666667,0.7666666666666666,512.0893204212189
