precision,accuracy,recall,duration
0.9337225518087188,0.9338842975206612,0.9129619173097434,194.13212823867798
