precision,accuracy,recall,duration
0.9484014792060754,0.9483476811996667,0.9482304080895629,2143.223682641983
