precision,accuracy,recall,duration
0.7203696535054093,0.9417777777777778,0.5750377349907659,238.3795211315155
