precision,accuracy,recall,duration
0.834344786550669,0.8363171355498721,0.8435276435276433,509.16617727279663
