precision,accuracy,recall,duration
0.8858611911301668,0.8836666666666667,0.8808012415173923,309.7931983470917
