precision,accuracy,recall,duration
0.8503459503459503,0.8457142857142858,0.8593564852793728,127.30380916595459
