precision,accuracy,recall,duration
0.8943212568254292,0.7715976331360946,0.8889681595895454,265.52468824386597
