precision,accuracy,recall,duration
0.9166666666666667,0.9,0.9,443.6749601364136
