precision,accuracy,recall,duration
0.4952961927679532,0.5032467532467533,0.5008004378312993,566.8806157112122
