precision,accuracy,recall,duration
0.4613430144288358,0.44363636363636366,0.45623808834620727,478.0593423843384
