precision,accuracy,recall,duration
0.6730628678511031,0.7604395604395604,0.6425404854519405,442.61738896369934
