precision,accuracy,recall,duration
0.9489180191427382,0.9313725490196079,0.8900709219858156,387.8795862197876
