precision,accuracy,recall,duration
0.7555147058823529,0.6666666666666666,0.5805555555555555,169.1407594680786
