precision,accuracy,recall,duration
0.6627450980392158,0.65625,0.6680161943319838,59.65314531326294
