precision,accuracy,recall,duration
0.7535755339629432,0.7466666666666667,0.7466666666666667,1744.858808517456
