precision,accuracy,recall,duration
0.7866416898133195,0.784,0.784,2245.4717864990234
