precision,accuracy,recall,duration
0.8424242424242425,0.7666666666666667,0.7666666666666667,67.91179609298706
