precision,accuracy,recall,duration
0.4776950266801167,0.74,0.5016152689742166,443.4137599468231
