precision,accuracy,recall,duration
0.9006102241933034,0.8986666666666666,0.8986666666666667,515.7820301055908
