precision,accuracy,recall,duration
0.8147306251245171,0.7975,0.6930837245426963,199.86165642738342
