precision,accuracy,recall,duration
0.5646011396011397,0.7515527950310559,0.5592345872518286,129.47522974014282
