precision,accuracy,recall,duration
0.7312752587403147,0.7978021978021979,0.6756268410468101,524.1403338909149
