precision,accuracy,recall,duration
0.7062121916474966,0.9406666666666667,0.5685448366037209,129.69029569625854
