precision,accuracy,recall,duration
0.9599867724867726,0.9444444444444444,0.9252901353965184,433.2424807548523
