precision,accuracy,recall,duration
0.9774158250545056,0.9771428571428571,0.9784811165845648,144.0507936477661
