precision,accuracy,recall,duration
0.737037037037037,0.848780487804878,0.7424688057040999,745.0931420326233
