precision,accuracy,recall,duration
0.8135811596945606,0.8193746510329425,0.8175071979489451,1227.2732274532318
