precision,accuracy,recall,duration
0.8958379867470777,0.8906666666666667,0.8906666666666667,746.0886108875275
