precision,accuracy,recall,duration
0.7802840998273427,0.8,0.7122531746305033,194.0999402999878
