precision,accuracy,recall,duration
0.8403085872029971,0.7945205479452054,0.7996658312447787,649.054037809372
