precision,accuracy,recall,duration
0.6249922660711043,0.7425,0.605515776612823,91.52348160743713
