{"dataset": "ElectricDevices", "depth": 3, "nb_filters": 64, "batch_size": 32, "kernel_size": 32, "use_residual": "False", "use_bottleneck": "True", "acc": 0.7056153546881079, "precision": 0.6748098070172913, "recall": 0.6189458572889025, "budget_ran": 1500, "duration": 4510.118451356888}
{"dataset": "ElectricDevices", "depth": 6, "nb_filters": 32, "batch_size": 64, "kernel_size": 32, "use_residual": "True", "use_bottleneck": "True", "acc": 0.7185838412657243, "precision": 0.6883370660955389, "recall": 0.6323700444759155, "budget_ran": 1500, "duration": 4224.551168203354}
{"dataset": "ElectricDevices", "depth": 9, "nb_filters": 32, "batch_size": 32, "kernel_size": 64, "use_residual": "False", "use_bottleneck": "True", "acc": 0.7187135261315004, "precision": 0.6948723355849361, "recall": 0.6338128971188796, "budget_ran": 1500, "duration": 9921.475418806076}
{"dataset": "ElectricDevices", "depth": 6, "nb_filters": 16, "batch_size": 64, "kernel_size": 41, "use_residual": "True", "use_bottleneck": "True", "acc": 0.6909609648554014, "precision": 0.6589680897962008, "recall": 0.6080018241204462, "budget_ran": 1500, "duration": 3804.574362516403}
{"dataset": "ElectricDevices", "depth": 9, "nb_filters": 32, "batch_size": 32, "kernel_size": 32, "use_residual": "False", "use_bottleneck": "False", "acc": 0.7296070548566982, "precision": 0.7012786957466565, "recall": 0.64426277229129, "budget_ran": 1500, "duration": 9705.278567552567}
{"dataset": "ElectricDevices", "depth": 9, "nb_filters": 32, "batch_size": 64, "kernel_size": 41, "use_residual": "True", "use_bottleneck": "False", "acc": 0.7191025807288289, "precision": 0.6985306704619759, "recall": 0.6343805008929234, "budget_ran": 1500, "duration": 6609.30274605751}
{"dataset": "ElectricDevices", "depth": 3, "nb_filters": 16, "batch_size": 64, "kernel_size": 32, "use_residual": "True", "use_bottleneck": "True", "acc": 0.6816236545195176, "precision": 0.6629962209045968, "recall": 0.5927812380948855, "budget_ran": 1500, "duration": 2135.418850183487}
{"dataset": "ElectricDevices", "depth": 3, "nb_filters": 64, "batch_size": 64, "kernel_size": 64, "use_residual": "True", "use_bottleneck": "False", "acc": 0.6821423939826222, "precision": 0.6483445286430619, "recall": 0.5921365604274701, "budget_ran": 1500, "duration": 3263.3420004844666}
{"dataset": "ElectricDevices", "depth": 6, "nb_filters": 64, "batch_size": 128, "kernel_size": 64, "use_residual": "False", "use_bottleneck": "True", "acc": 0.7021138633121514, "precision": 0.67906023526261, "recall": 0.614909689546377, "budget_ran": 1500, "duration": 6444.460360765457}
{"dataset": "ElectricDevices", "depth": 9, "nb_filters": 16, "batch_size": 64, "kernel_size": 64, "use_residual": "True", "use_bottleneck": "True", "acc": 0.700168590325509, "precision": 0.6769324947782752, "recall": 0.6133060081884097, "budget_ran": 1500, "duration": 5167.525888681412}
{"dataset": "ElectricDevices", "depth": 9, "nb_filters": 32, "batch_size": 16, "kernel_size": 32, "use_residual": "True", "use_bottleneck": "False", "acc": 0.729477369990922, "precision": 0.6960893822873205, "recall": 0.6315330150128026, "budget_ran": 1500, "duration": 25742.244913101196}
{"dataset": "ElectricDevices", "depth": 3, "nb_filters": 16, "batch_size": 32, "kernel_size": 41, "use_residual": "False", "use_bottleneck": "False", "acc": 0.6958889897548955, "precision": 0.671652395625111, "recall": 0.6128675279214933, "budget_ran": 1500, "duration": 5733.523250818253}
{"dataset": "ElectricDevices", "depth": 6, "nb_filters": 16, "batch_size": 16, "kernel_size": 64, "use_residual": "False", "use_bottleneck": "True", "acc": 0.700946699520166, "precision": 0.6808084553191772, "recall": 0.6123047741236629, "budget_ran": 1500, "duration": 19015.9978826046}
{"dataset": "ElectricDevices", "depth": 9, "nb_filters": 16, "batch_size": 128, "kernel_size": 41, "use_residual": "True", "use_bottleneck": "False", "acc": 0.7097652703929451, "precision": 0.6840022193806627, "recall": 0.6271334936927369, "budget_ran": 1500, "duration": 3475.932113647461}
{"dataset": "ElectricDevices", "depth": 6, "nb_filters": 64, "batch_size": 128, "kernel_size": 32, "use_residual": "True", "use_bottleneck": "False", "acc": 0.7045778757618986, "precision": 0.679980202330617, "recall": 0.6141604098035195, "budget_ran": 1500, "duration": 3142.1176710128784}
{"dataset": "ElectricDevices", "depth": 6, "nb_filters": 16, "batch_size": 32, "kernel_size": 32, "use_residual": "False", "use_bottleneck": "True", "acc": 0.7075606276747504, "precision": 0.6746320224041042, "recall": 0.6189113601918815, "budget_ran": 1500, "duration": 9325.768193006516}
{"dataset": "ElectricDevices", "depth": 6, "nb_filters": 32, "batch_size": 128, "kernel_size": 32, "use_residual": "False", "use_bottleneck": "False", "acc": 0.7105433795876022, "precision": 0.6831400223350714, "recall": 0.6182756903024706, "budget_ran": 1500, "duration": 2521.6424791812897}
{"dataset": "ElectricDevices", "depth": 6, "nb_filters": 64, "batch_size": 32, "kernel_size": 32, "use_residual": "True", "use_bottleneck": "False", "acc": 0.7133964466346777, "precision": 0.6889901733948449, "recall": 0.6268292814488072, "budget_ran": 1500, "duration": 9459.814418315887}
{"dataset": "ElectricDevices", "depth": 6, "nb_filters": 32, "batch_size": 32, "kernel_size": 41, "use_residual": "False", "use_bottleneck": "True", "acc": 0.7078199974063026, "precision": 0.6792228571517095, "recall": 0.6244423910525416, "budget_ran": 1500, "duration": 9606.730896234512}
{"dataset": "ElectricDevices", "depth": 6, "nb_filters": 16, "batch_size": 16, "kernel_size": 64, "use_residual": "True", "use_bottleneck": "True", "acc": 0.6962780443522241, "precision": 0.6783764436870154, "recall": 0.6111146607989504, "budget_ran": 1500, "duration": 18813.68312048912}
{"dataset": "ElectricDevices", "depth": 3, "nb_filters": 64, "batch_size": 128, "kernel_size": 64, "use_residual": "False", "use_bottleneck": "True", "acc": 0.6879782129425496, "precision": 0.6607098167397588, "recall": 0.6007895907145288, "budget_ran": 1500, "duration": 1703.8698301315308}
{"dataset": "ElectricDevices", "depth": 9, "nb_filters": 64, "batch_size": 16, "kernel_size": 64, "use_residual": "False", "use_bottleneck": "False", "acc": 0.7268836726753988, "precision": 0.7076854692504898, "recall": 0.6458738005205512, "budget_ran": 1500, "duration": 26964.764863967896}
