precision,accuracy,recall,duration
0.9784053795809083,0.9778894472361809,0.9778715204266449,263.9157736301422
