precision,accuracy,recall,duration
0.5816686289900576,0.6975,0.5804735114861698,266.02520632743835
