precision,accuracy,recall,duration
0.7526439482961222,0.7388888888888889,0.7388888888888889,293.47958064079285
