precision,accuracy,recall,duration
0.9718968600570476,0.9712,0.9714837819185645,385.31373405456543
