precision,accuracy,recall,duration
0.9752275580665412,0.9710743801652892,0.9742110546458372,143.8179395198822
