precision,accuracy,recall,duration
0.7674959803672675,0.8536585365853658,0.8258110516934046,688.2815709114075
