precision,accuracy,recall,duration
0.7078986587183309,0.7047619047619048,0.7026143790849673,81.69081544876099
