precision,accuracy,recall,duration
0.7626583656644494,0.848780487804878,0.7908377896613191,274.46184492111206
