precision,accuracy,recall,duration
0.794923313247765,0.7925,0.6788169216701293,70.15642094612122
