precision,accuracy,recall,duration
0.44811754826627487,0.4309090909090909,0.4454453933246561,447.8007752895355
