precision,accuracy,recall,duration
0.9674173174390239,0.9682926829268292,0.954461975121416,505.6563138961792
