precision,accuracy,recall,duration
0.6978687267647685,0.9395555555555556,0.5731998754548797,661.79132604599
