precision,accuracy,recall,duration
0.6558896516494697,0.765,0.5279065815401348,79.73520755767822
