precision,accuracy,recall,duration
0.6814387935186549,0.7413793103448276,0.6055384433899967,574.904045343399
