precision,accuracy,recall,duration
0.5595279866332497,0.4448051948051948,0.443735477710803,180.2941930294037
