precision,accuracy,recall,duration
0.597303539821195,0.700626959247649,0.5331654197907,197.71457314491272
