precision,accuracy,recall,duration
0.8631690744289852,0.8713541666666667,0.8424458243315321,1043.7831881046295
