precision,accuracy,recall,duration
0.919794541918961,0.9194169416941694,0.9191005521650683,534.4082312583923
