precision,accuracy,recall,duration
0.967118835790427,0.9658848614072495,0.9659659169049547,264.84736466407776
