precision,accuracy,recall,duration
0.8926242924039035,0.8118343195266272,0.9114677314752473,1312.6352043151855
