precision,accuracy,recall,duration
0.8559721305854089,0.7917159763313609,0.8987969508299025,1288.1050956249237
