precision,accuracy,recall,duration
0.9706361008588048,0.9628099173553719,0.9636865549909027,210.10595560073853
