precision,accuracy,recall,duration
0.8529411764705883,0.9230769230769231,0.9528301886792453,108.31058526039124
