precision,accuracy,recall,duration
0.9194751926556513,0.9090909090909091,0.8811939268461008,478.46809124946594
