precision,accuracy,recall,duration
0.8255299881870445,0.8051282051282052,0.8052720032718234,353.6252291202545
