precision,accuracy,recall,duration
0.9621417256115532,0.9664218258132214,0.9675938868698164,47.946534633636475
