precision,accuracy,recall,duration
0.9630396522923294,0.9623115577889447,0.9624364855538048,3387.2195084095
