precision,accuracy,recall,duration
0.9295760814287991,0.9287678767876788,0.9283166230746875,926.5749599933624
