{"dataset": "FaceAll", "depth": 6, "nb_filters": 32, "batch_size": 16, "kernel_size": 41, "use_residual": "True", "use_bottleneck": "True", "acc": 0.8171597633136095, "precision": 0.8940119401372605, "recall": 0.9139377851086815, "budget_ran": 1500, "duration": 752.4268054962158}
{"dataset": "FaceAll", "depth": 3, "nb_filters": 32, "batch_size": 32, "kernel_size": 64, "use_residual": "False", "use_bottleneck": "True", "acc": 0.7928994082840237, "precision": 0.8817217199398006, "recall": 0.8953614349451436, "budget_ran": 1500, "duration": 294.8261921405792}
{"dataset": "FaceAll", "depth": 3, "nb_filters": 32, "batch_size": 32, "kernel_size": 32, "use_residual": "True", "use_bottleneck": "False", "acc": 0.827810650887574, "precision": 0.8950408046605267, "recall": 0.9204094512457809, "budget_ran": 1500, "duration": 288.73404145240784}
{"dataset": "FaceAll", "depth": 6, "nb_filters": 64, "batch_size": 128, "kernel_size": 32, "use_residual": "False", "use_bottleneck": "False", "acc": 0.7994082840236686, "precision": 0.9025523234646246, "recall": 0.9028223261055998, "budget_ran": 1500, "duration": 564.5692579746246}
{"dataset": "FaceAll", "depth": 6, "nb_filters": 32, "batch_size": 16, "kernel_size": 32, "use_residual": "True", "use_bottleneck": "True", "acc": 0.8094674556213017, "precision": 0.900899508781806, "recall": 0.9087317052640426, "budget_ran": 1500, "duration": 758.9290537834167}
{"dataset": "FaceAll", "depth": 6, "nb_filters": 32, "batch_size": 16, "kernel_size": 64, "use_residual": "True", "use_bottleneck": "True", "acc": 0.8, "precision": 0.8968129444659644, "recall": 0.9030125248762798, "budget_ran": 1500, "duration": 734.8940253257751}
{"dataset": "FaceAll", "depth": 9, "nb_filters": 16, "batch_size": 16, "kernel_size": 64, "use_residual": "False", "use_bottleneck": "True", "acc": 0.8059171597633136, "precision": 0.8930743560602484, "recall": 0.9085416670940899, "budget_ran": 1500, "duration": 1030.5177881717682}
{"dataset": "FaceAll", "depth": 9, "nb_filters": 32, "batch_size": 32, "kernel_size": 32, "use_residual": "False", "use_bottleneck": "True", "acc": 0.7893491124260354, "precision": 0.8987543320967843, "recall": 0.9018356945338485, "budget_ran": 1500, "duration": 663.9206600189209}
