precision,accuracy,recall,duration
0.8947598208415516,0.895367412140575,0.8946594775017651,497.7404363155365
