precision,accuracy,recall,duration
0.8375593158471085,0.8275058275058275,0.7965493151312475,1659.4367682933807
