precision,accuracy,recall,duration
0.8197575089556352,0.8216783216783217,0.7990173622245637,250.94858145713806
