precision,accuracy,recall,duration
0.9413655449449532,0.9408497639544571,0.9404819228762891,1347.8555963039398
