precision,accuracy,recall,duration
0.479137123112178,0.7325,0.49292165320991765,180.21248722076416
