precision,accuracy,recall,duration
0.9411917202448228,0.9411274645931685,0.9409915332450545,4025.9951872825623
