precision,accuracy,recall,duration
0.9725214193264312,0.977294803302574,0.9604651367829646,1947.3632292747498
