precision,accuracy,recall,duration
0.7470193740685545,0.7428571428571429,0.7407407407407407,94.84941959381104
