precision,accuracy,recall,duration
0.9605676494902178,0.9653725078698846,0.9672630696114062,203.27608275413513
