precision,accuracy,recall,duration
0.7485422162841517,0.7616666666666667,0.7615830115830116,454.8987112045288
