precision,accuracy,recall,duration
0.4278163378589075,0.6190476190476191,0.40272220036525425,142.37127375602722
