precision,accuracy,recall,duration
0.6408320867531604,0.6368686868686869,0.6368686868686869,566.4309239387512
