precision,accuracy,recall,duration
0.8957055214723926,0.8868552412645591,0.9008746355685131,243.45064568519592
