precision,accuracy,recall,duration
0.9081406097178503,0.8526627218934911,0.9280940558776701,375.44280552864075
