precision,accuracy,recall,duration
0.8915444197896121,0.8921725239616614,0.8914448937672508,373.34350514411926
