precision,accuracy,recall,duration
0.9773463269221655,0.9761194029850746,0.9761097024760226,143.21197485923767
