precision,accuracy,recall,duration
0.6406253541894769,0.6408839779005525,0.6433972086287826,319.12670493125916
