precision,accuracy,recall,duration
0.7518382352941176,0.7633333333333333,0.7731472476171951,204.64868068695068
