precision,accuracy,recall,duration
0.8636363636363636,0.9307692307692308,0.9575471698113207,484.4813323020935
