precision,accuracy,recall,duration
0.9814103389429576,0.9743807673627974,0.9439301744872736,1407.1943378448486
