precision,accuracy,recall,duration
0.5745904097026759,0.4253246753246753,0.42904884366885626,203.47000408172607
