precision,accuracy,recall,duration
0.760266512909219,0.76,0.76,1433.1987698078156
