precision,accuracy,recall,duration
0.7920634920634921,0.7333333333333333,0.7333333333333334,118.84288477897644
