precision,accuracy,recall,duration
0.6663709695776971,0.7428571428571429,0.6058150859804111,448.74683237075806
