precision,accuracy,recall,duration
0.9575463154904463,0.9663414634146341,0.9500163295142929,364.93480825424194
