precision,accuracy,recall,duration
0.9627042230828556,0.9658536585365853,0.9449382048901149,273.206978559494
