precision,accuracy,recall,duration
0.5031597254599113,0.7925,0.5045995276032308,364.2143030166626
