precision,accuracy,recall,duration
0.9638853871455304,0.963428252372976,0.9635227510613549,2150.842399120331
