precision,accuracy,recall,duration
0.9199962678811731,0.9194169416941694,0.9190242662016855,525.0027356147766
