precision,accuracy,recall,duration
0.6311684149184149,0.6243093922651933,0.6213488215320083,122.43530511856079
