precision,accuracy,recall,duration
0.8244396204977407,0.8205128205128205,0.8291443277258126,309.3312394618988
