precision,accuracy,recall,duration
0.8196770662287904,0.81,0.6750850330375829,246.7199182510376
