precision,accuracy,recall,duration
0.9946808510638298,0.9934640522875817,0.9897646679561574,567.5075740814209
