precision,accuracy,recall,duration
0.8922732748236104,0.884,0.8553144321862173,2241.727194070816
