precision,accuracy,recall,duration
0.6742940085190063,0.700626959247649,0.5690307678069768,182.76280331611633
