precision,accuracy,recall,duration
0.772093298602889,0.8536585365853658,0.7941711229946523,420.99498462677
