precision,accuracy,recall,duration
0.82,0.7333333333333333,0.7333333333333334,67.72950339317322
