precision,accuracy,recall,duration
0.9503755953060967,0.9449893390191898,0.9454252895436139,431.09750843048096
