precision,accuracy,recall,duration
0.5199287125917561,0.81,0.5319584271544745,170.12809371948242
