precision,accuracy,recall,duration
0.7831649831649832,0.7933333333333333,0.8006578006578007,816.146901845932
