precision,accuracy,recall,duration
0.9931662870159453,0.9930313588850174,0.9929906542056075,337.6999936103821
