precision,accuracy,recall,duration
0.8405871822413175,0.8171428571428572,0.8293683347005741,203.72496104240417
