precision,accuracy,recall,duration
0.9365735929552044,0.9433368310598111,0.946288789488398,506.57124972343445
