precision,accuracy,recall,duration
0.9764609758612757,0.9752066115702479,0.9739632348328001,160.683837890625
