precision,accuracy,recall,duration
0.8480891108123679,0.848,0.848,204.08539843559265
