precision,accuracy,recall,duration
0.4961900025354475,0.7425,0.510513191286773,196.66226768493652
