precision,accuracy,recall,duration
0.9656138154327261,0.9619512195121951,0.9370824197393579,106.348637342453
