precision,accuracy,recall,duration
0.7035017757357163,0.9382222222222222,0.5703284013231174,507.6916456222534
