precision,accuracy,recall,duration
0.6843205159683057,0.9377777777777778,0.599177874702524,313.1532988548279
