precision,accuracy,recall,duration
0.8339093537622948,0.8158567774936062,0.8179821304821304,664.8305821418762
