precision,accuracy,recall,duration
0.48392818422787753,0.745,0.48629716341220863,143.92680287361145
