precision,accuracy,recall,duration
0.9634171463493205,0.9625907314349526,0.9627118133240196,2137.3273141384125
