precision,accuracy,recall,duration
0.9220509583009584,0.9133333333333333,0.9133333333333334,1175.1386399269104
