precision,accuracy,recall,duration
0.8702664796633941,0.87,0.84375,67.96517491340637
