precision,accuracy,recall,duration
0.9608184282277009,0.9624390243902439,0.9407108841484545,325.9199249744415
