precision,accuracy,recall,duration
0.9354166666666667,0.9318181818181818,0.9370629370629371,505.65200424194336
