precision,accuracy,recall,duration
0.962962962962963,0.9477124183006536,0.942698259187621,473.23185682296753
