precision,accuracy,recall,duration
0.9629410489316144,0.9594882729211087,0.9595896562012443,898.9139423370361
