precision,accuracy,recall,duration
0.6964497093230831,0.778021978021978,0.6411503112986086,401.5657958984375
