precision,accuracy,recall,duration
0.944568354120812,0.9297520661157025,0.903030303030303,287.6667311191559
