precision,accuracy,recall,duration
0.6666431653401129,0.9328888888888889,0.5876440709497461,1537.1476740837097
