precision,accuracy,recall,duration
0.8244824597376721,0.8354166666666667,0.7977957275344357,128.6261339187622
