precision,accuracy,recall,duration
0.9260533782930218,0.9251925192519251,0.9247202848009299,1104.0593650341034
