precision,accuracy,recall,duration
0.5732955422351531,0.6598746081504702,0.5159734553757453,128.75407361984253
