precision,accuracy,recall,duration
0.6735061328863885,0.9388888888888889,0.5644703534365296,436.691956281662
