precision,accuracy,recall,duration
0.47998249031891865,0.44363636363636366,0.4474496375315745,386.41068840026855
