precision,accuracy,recall,duration
0.4903944325779364,0.7325,0.5016004101737171,324.02599334716797
