precision,accuracy,recall,duration
0.936452872854353,0.9297520661157025,0.9060606060606061,155.26898097991943
