precision,accuracy,recall,duration
0.607658316253198,0.725,0.5941276335791104,364.44742035865784
