precision,accuracy,recall,duration
0.658974358974359,0.671875,0.6568825910931173,128.66543340682983
