precision,accuracy,recall,duration
0.9698819076114058,0.9698736637512148,0.9698819076114058,272.2620575428009
