precision,accuracy,recall,duration
0.8675448251174324,0.8644927536231884,0.8643796047349962,121.6651062965393
