precision,accuracy,recall,duration
0.8546561688622182,0.8538461538461538,0.8484407066805714,531.7568879127502
