precision,accuracy,recall,duration
0.8581090923981853,0.8636363636363636,0.8344547964113181,385.76032185554504
