precision,accuracy,recall,duration
0.9644645977035775,0.9648780487804878,0.951642817401351,162.08313822746277
