precision,accuracy,recall,duration
0.8482390724124134,0.841025641025641,0.8480798508517217,870.5210907459259
