precision,accuracy,recall,duration
0.6400601891485481,0.75,0.6198148858486411,83.1720564365387
