precision,accuracy,recall,duration
0.9433587330388048,0.9536585365853658,0.9373620248347613,207.09966468811035
