precision,accuracy,recall,duration
0.7899039348286121,0.8025641025641026,0.7924696741700584,507.3697364330292
