precision,accuracy,recall,duration
0.6709997484208082,0.7178683385579937,0.5817040359406912,209.63712525367737
