precision,accuracy,recall,duration
0.7,0.6333333333333333,0.6333333333333333,410.28698921203613
