precision,accuracy,recall,duration
0.8881982938071511,0.785207100591716,0.8951799732611734,327.4679560661316
