precision,accuracy,recall,duration
0.9016544117647058,0.9,0.8793402777777778,191.96668148040771
