precision,accuracy,recall,duration
0.6262187844254808,0.6297979797979798,0.6297979797979797,289.85724925994873
