precision,accuracy,recall,duration
0.9712082451032401,0.9770519669742593,0.9614544474481882,11125.737630844116
