precision,accuracy,recall,duration
0.8369801648416014,0.8515625,0.8225531878360172,181.85319685935974
