precision,accuracy,recall,duration
0.9111768473900826,0.8983333333333333,0.8983333333333334,2125.4361460208893
