precision,accuracy,recall,duration
0.8506276087496508,0.8435897435897436,0.8494198214081691,553.8629169464111
