precision,accuracy,recall,duration
0.8754802469622115,0.8794270833333333,0.8470951877907669,743.0821158885956
