precision,accuracy,recall,duration
0.9317894666843995,0.9334442595673876,0.9402501864533188,290.45477509498596
