precision,accuracy,recall,duration
0.9263736263736264,0.93,0.9210069444444444,252.94203114509583
