precision,accuracy,recall,duration
0.8275486080957206,0.8275,0.7233176084386441,122.24603199958801
