precision,accuracy,recall,duration
0.9516149476550397,0.9527806925498427,0.9482270990588015,264.820020198822
