precision,accuracy,recall,duration
0.4779817402653786,0.46,0.4798802469475706,386.2367808818817
