precision,accuracy,recall,duration
0.8681817687083258,0.8586956521739131,0.8589286844736805,114.79417181015015
