precision,accuracy,recall,duration
0.6302123102341992,0.6303030303030303,0.6303030303030303,399.6798493862152
