precision,accuracy,recall,duration
0.7418064024390244,0.7333333333333333,0.7303921568627452,196.74597024917603
