precision,accuracy,recall,duration
0.671211013167119,0.9351111111111111,0.5685507028397226,328.5504949092865
