precision,accuracy,recall,duration
0.8780771412365287,0.8900343642611683,0.864075813851868,228.49376392364502
