precision,accuracy,recall,duration
0.8459756594431517,0.8184143222506394,0.8234582234582234,242.85766530036926
