precision,accuracy,recall,duration
0.7101912115904783,0.9415555555555556,0.5667818401388722,320.0726602077484
