precision,accuracy,recall,duration
0.6801988433645033,0.9362222222222222,0.577365855185037,384.2372000217438
