precision,accuracy,recall,duration
0.9496316417664733,0.934640522875817,0.8878143133462282,183.1101520061493
