precision,accuracy,recall,duration
0.7737800961874888,0.781578947368421,0.7362327408884417,444.49537539482117
