precision,accuracy,recall,duration
0.4090909090909091,0.8105590062111802,0.4943181818181818,143.19927787780762
