precision,accuracy,recall,duration
0.4208930707005161,0.6165413533834586,0.4016926764585884,122.04833006858826
