precision,accuracy,recall,duration
0.8322469982847341,0.7975,0.6784140429813789,132.7173342704773
