precision,accuracy,recall,duration
0.8737250923986377,0.7857988165680473,0.8960656409615847,140.0196783542633
