precision,accuracy,recall,duration
0.7730775199580903,0.7706666666666667,0.7706666666666667,296.02413535118103
