precision,accuracy,recall,duration
0.8423928398286481,0.8333333333333334,0.8408152350916914,209.0226764678955
