precision,accuracy,recall,duration
0.8609343347038007,0.8641025641025641,0.8595042040492157,286.22058367729187
