precision,accuracy,recall,duration
0.8522700096603013,0.8487179487179487,0.8409795972826425,325.4561414718628
