precision,accuracy,recall,duration
0.8270194776773725,0.8132992327365729,0.8232209982209981,123.3076057434082
