precision,accuracy,recall,duration
0.7051681728674721,0.9388888888888889,0.5969708995483087,585.1732625961304
