precision,accuracy,recall,duration
0.9838801529467824,0.9793388429752066,0.9743083003952568,143.46216082572937
