precision,accuracy,recall,duration
0.9412992330903576,0.9215686274509803,0.8722598323662153,349.7081446647644
