precision,accuracy,recall,duration
0.628385309264723,0.7375,0.6235221412436602,265.1266942024231
