precision,accuracy,recall,duration
0.7712542087542088,0.768,0.7680000000000001,323.3484625816345
