precision,accuracy,recall,duration
0.9731208281903484,0.9768091306459447,0.9582668657328854,544.3562326431274
