precision,accuracy,recall,duration
0.8347756410256411,0.8171428571428572,0.8322851153039833,173.25323700904846
