precision,accuracy,recall,duration
0.8444444444444444,0.7666666666666667,0.7666666666666668,84.02701830863953
