precision,accuracy,recall,duration
0.8147419750360928,0.7979539641943734,0.8005362505362505,525.7294709682465
