precision,accuracy,recall,duration
0.9484545599889381,0.9472,0.9494607118209601,566.6346852779388
