precision,accuracy,recall,duration
0.9687584012635501,0.9776590577950461,0.9662799088611176,1368.970913887024
