precision,accuracy,recall,duration
0.6875,0.6875,0.645748987854251,63.76978015899658
