precision,accuracy,recall,duration
0.8885114179153307,0.8849840255591054,0.8811297259130881,590.364068031311
