precision,accuracy,recall,duration
0.8857142857142857,0.88,0.8515625,150.56102871894836
