precision,accuracy,recall,duration
0.9134545586527294,0.912,0.8945859817454407,1254.4580881595612
