precision,accuracy,recall,duration
0.8529945154133566,0.8589743589743589,0.8514280719964571,1221.2768414020538
