precision,accuracy,recall,duration
0.933963813963814,0.9233333333333333,0.9233333333333335,1683.14315867424
