precision,accuracy,recall,duration
0.8517403814325363,0.8457142857142858,0.8549813143742595,113.16874885559082
