precision,accuracy,recall,duration
0.3333681685001265,0.3381818181818182,0.38649094139500023,172.4230833053589
