precision,accuracy,recall,duration
0.781700994815749,0.7966666666666666,0.7875017875017876,383.9949300289154
