precision,accuracy,recall,duration
0.9636227570621696,0.9632,0.9638204664291621,646.1591701507568
