precision,accuracy,recall,duration
0.9528290328548886,0.9521951219512195,0.9344337053098828,114.57090926170349
