precision,accuracy,recall,duration
0.6514069264069263,0.6519337016574586,0.6379235244182562,199.46580982208252
