precision,accuracy,recall,duration
0.9329283555853605,0.9321608040201005,0.9324248024777446,1285.6614232063293
