precision,accuracy,recall,duration
0.9114239237463392,0.9132231404958677,0.8809461070330635,462.27512311935425
