precision,accuracy,recall,duration
0.8429356874140187,0.8358974358974359,0.8439339433732713,545.0358638763428
