precision,accuracy,recall,duration
0.9596064321542143,0.9504132231404959,0.9401144598155468,280.95804500579834
