precision,accuracy,recall,duration
0.8652490591120058,0.8564102564102564,0.8522812009939361,204.05156540870667
