precision,accuracy,recall,duration
0.5812325170543212,0.71,0.5637123698305132,368.5414447784424
