precision,accuracy,recall,duration
0.8340647428882724,0.8184143222506394,0.8220415470415471,672.962247133255
