precision,accuracy,recall,duration
0.8895046126123253,0.8817891373801917,0.8762796071634893,480.00667691230774
