precision,accuracy,recall,duration
0.8024242424242424,0.7333333333333333,0.7333333333333333,264.1622905731201
