precision,accuracy,recall,duration
0.5682843213124904,0.5616883116883117,0.5600716100967984,438.69466161727905
