precision,accuracy,recall,duration
0.7473139158576051,0.765,0.6760166660927655,205.10774850845337
