precision,accuracy,recall,duration
0.4405783331857148,0.4127272727272727,0.42225730131192163,506.1329905986786
