precision,accuracy,recall,duration
0.8911511822307141,0.8934707903780069,0.8578217172820626,671.3987028598785
