precision,accuracy,recall,duration
0.5521295403407264,0.5357142857142857,0.5336351501551274,1738.9086780548096
