precision,accuracy,recall,duration
0.7598821071400843,0.7608695652173914,0.7601223444591959,564.2349665164948
