precision,accuracy,recall,duration
0.9782091130298639,0.9793589120932491,0.9609433502085869,984.9560146331787
