precision,accuracy,recall,duration
0.8903344067537519,0.8818840579710145,0.8824000885087608,218.3152620792389
