precision,accuracy,recall,duration
0.6507481648785997,0.6464088397790055,0.6259572056326774,416.3597033023834
