precision,accuracy,recall,duration
0.9659903137088974,0.9659863945578231,0.965983272133823,116.50484919548035
