precision,accuracy,recall,duration
0.9956427015250545,0.9955555555555555,0.9955555555555556,328.29338574409485
