precision,accuracy,recall,duration
0.8788246764215725,0.8106508875739645,0.9071990404852285,138.86447286605835
