precision,accuracy,recall,duration
0.8437882397657624,0.841025641025641,0.8471547634821369,335.78525280952454
