precision,accuracy,recall,duration
0.6944828499359008,0.9393333333333334,0.5805745463860401,830.2411053180695
