precision,accuracy,recall,duration
0.43465869277242836,0.6215538847117794,0.4227852577179383,101.7102963924408
