precision,accuracy,recall,duration
0.8484125337206889,0.8519813519813519,0.8365076274680471,1040.7409572601318
