precision,accuracy,recall,duration
0.8290267705255618,0.7725,0.6674054688964643,67.77944016456604
