precision,accuracy,recall,duration
0.7301307433227194,0.7802197802197802,0.6655543734902869,405.04206824302673
