precision,accuracy,recall,duration
0.9261819990416633,0.9257425742574258,0.9254104911362976,866.7606706619263
