precision,accuracy,recall,duration
0.42147468282350525,0.38,0.3926218238828034,462.6885347366333
