precision,accuracy,recall,duration
0.8102852931887568,0.7942857142857143,0.8100446632029897,207.6501383781433
