precision,accuracy,recall,duration
0.7433764773797588,0.7725,0.6472626822614771,200.86308312416077
