precision,accuracy,recall,duration
0.789918154624037,0.7621483375959079,0.7652519777519777,513.8627755641937
