precision,accuracy,recall,duration
0.8865808987760208,0.8768718801996672,0.8911677627861776,264.89530181884766
