precision,accuracy,recall,duration
0.9933333333333333,0.9933333333333333,0.9933333333333333,145.6125626564026
