precision,accuracy,recall,duration
0.8852941176470588,0.89,0.8743570203848352,2000.3210275173187
