precision,accuracy,recall,duration
0.9728122432494248,0.9718592964824121,0.9721148764499586,495.1277859210968
