precision,accuracy,recall,duration
0.7547638217928072,0.7525,0.6302752047871018,455.2548551559448
