precision,accuracy,recall,duration
0.8822313192001577,0.8809904153354633,0.8783066949098145,251.608877658844
