precision,accuracy,recall,duration
0.9562923391641022,0.9624390243902439,0.9441814196005497,640.0277268886566
