precision,accuracy,recall,duration
0.9290069342910703,0.9284928492849285,0.9281368061609998,339.4388964176178
