precision,accuracy,recall,duration
0.7666666666666666,0.6666666666666666,0.6666666666666666,486.25732922554016
