precision,accuracy,recall,duration
0.7955670567056705,0.8634146341463415,0.7863814616755794,477.38446068763733
