precision,accuracy,recall,duration
0.8605181536216019,0.8571428571428571,0.8690183210281651,507.0382490158081
