precision,accuracy,recall,duration
0.8422654711206157,0.841025641025641,0.843036166123195,324.17854857444763
