precision,accuracy,recall,duration
0.9113254713009916,0.9132231404958677,0.8947487295313383,265.7801082134247
