precision,accuracy,recall,duration
0.8915954415954417,0.8905750798722045,0.8882020668849091,323.9336018562317
