precision,accuracy,recall,duration
0.9249997456247455,0.9133333333333333,0.9133333333333333,870.9437437057495
