precision,accuracy,recall,duration
0.7826246334310851,0.7966666666666666,0.794008294008294,361.9634757041931
