precision,accuracy,recall,duration
0.890871364640698,0.8906666666666667,0.8891993079451841,791.0369727611542
