precision,accuracy,recall,duration
0.7092607313195549,0.6952380952380952,0.6911764705882353,211.37391424179077
