precision,accuracy,recall,duration
0.7088165266106442,0.7951219512195122,0.7482620320855616,164.7364797592163
