precision,accuracy,recall,duration
0.7739105829088851,0.7933333333333333,0.7824353238669519,207.61727166175842
