precision,accuracy,recall,duration
0.7628163530175212,0.7,0.7,626.1842126846313
