precision,accuracy,recall,duration
0.8520844418385659,0.841025641025641,0.8487278512057292,1345.3798677921295
