precision,accuracy,recall,duration
0.8350992107869764,0.8286713286713286,0.8002771542443539,441.3305432796478
