precision,accuracy,recall,duration
0.8989928409444617,0.906610703043022,0.918085453359426,358.42498874664307
