precision,accuracy,recall,duration
0.8375,0.7592592592592593,0.7592592592592593,387.91725993156433
