precision,accuracy,recall,duration
0.838121790460173,0.8307692307692308,0.8311471084614652,1241.3913650512695
