precision,accuracy,recall,duration
0.5696067799333253,0.6304347826086957,0.6131792058516197,150.39592862129211
