precision,accuracy,recall,duration
0.7334183673469388,0.7333333333333333,0.7325708061002179,118.59130573272705
