precision,accuracy,recall,duration
0.7725250278086764,0.7722222222222223,0.7722222222222221,214.1484317779541
