precision,accuracy,recall,duration
0.9774986917844061,0.9771428571428571,0.9780670889045273,539.7790348529816
