precision,accuracy,recall,duration
0.8324184016482326,0.8285714285714286,0.8419469510527756,165.54259085655212
