precision,accuracy,recall,duration
0.7050438596491229,0.7047619047619048,0.7037037037037037,325.9817216396332
