precision,accuracy,recall,duration
0.9668387396947901,0.9717073170731707,0.9547390820555725,635.6265726089478
