precision,accuracy,recall,duration
0.7359307359307359,0.7377049180327869,0.7359307359307359,571.243100643158
