precision,accuracy,recall,duration
0.7700667531549885,0.7442455242966752,0.7568691443691443,121.65503025054932
