precision,accuracy,recall,duration
0.8397683238192301,0.8358974358974359,0.8298454905986666,380.52390933036804
