precision,accuracy,recall,duration
0.670753950563812,0.9364444444444444,0.561871019886359,440.43386340141296
