precision,accuracy,recall,duration
0.954003777148253,0.9538300104931794,0.9480383934395675,264.8565351963043
