precision,accuracy,recall,duration
0.8327053829069957,0.8333333333333334,0.8345012622514584,898.2275886535645
