precision,accuracy,recall,duration
0.9933333333333333,0.9933333333333333,0.9933333333333333,272.6230311393738
