precision,accuracy,recall,duration
0.7948868038042671,0.8012283640424344,0.7994159942448472,865.4059517383575
