precision,accuracy,recall,duration
0.4083779298735946,0.6190476190476191,0.3978369373045016,68.30369877815247
