precision,accuracy,recall,duration
0.9520763558288128,0.9471215351812367,0.9473532472858256,1045.9021952152252
