precision,accuracy,recall,duration
0.7702108189913068,0.79,0.6692557265781328,122.2926914691925
