precision,accuracy,recall,duration
0.7661084635380272,0.7775,0.6744434114221655,199.95458698272705
