precision,accuracy,recall,duration
0.612839896537571,0.6724137931034483,0.5333334203754562,179.7438485622406
