precision,accuracy,recall,duration
0.9012252854358117,0.8986666666666666,0.8986666666666667,626.0310170650482
