precision,accuracy,recall,duration
0.9764860545184902,0.976,0.9768069933287324,1064.0117030143738
