precision,accuracy,recall,duration
0.6499519338297065,0.7516483516483516,0.6036373255915052,353.59110951423645
