precision,accuracy,recall,duration
0.8969481599991795,0.8977635782747604,0.897510751652866,102.78486895561218
