precision,accuracy,recall,duration
0.8337805052090765,0.8082191780821918,0.7919918844730874,133.47338819503784
