precision,accuracy,recall,duration
0.7945238095238094,0.7666666666666667,0.7666666666666667,629.7888119220734
