precision,accuracy,recall,duration
0.6119962067330489,0.7919254658385093,0.5771290491118077,227.01583409309387
