precision,accuracy,recall,duration
0.7489035087719298,0.6333333333333333,0.5527777777777777,325.7617840766907
