precision,accuracy,recall,duration
0.9535398230088495,0.9313725490196079,0.904819471308833,203.64194440841675
