precision,accuracy,recall,duration
0.5614694692280899,0.7675,0.5097071065939117,478.8822350502014
