precision,accuracy,recall,duration
0.7668643439584877,0.6777777777777778,0.6777777777777778,383.3569939136505
