precision,accuracy,recall,duration
0.9226859601272258,0.9214876033057852,0.9038710082188343,685.2807528972626
