precision,accuracy,recall,duration
0.5824831309041836,0.7298136645962733,0.599791013584117,263.52012491226196
