precision,accuracy,recall,duration
0.901695887301645,0.9013333333333333,0.8998727301723302,411.5916316509247
