precision,accuracy,recall,duration
0.8573067323067324,0.8363171355498721,0.8465316215316215,282.6872179508209
