precision,accuracy,recall,duration
0.5265104898672938,0.4675324675324675,0.47075387782013367,563.5489661693573
