precision,accuracy,recall,duration
0.6100212523196442,0.6075757575757575,0.6075757575757575,258.0552189350128
