precision,accuracy,recall,duration
0.7702205882352942,0.78,0.7872872872872874,846.3198561668396
