precision,accuracy,recall,duration
0.7418343540390785,0.7348066298342542,0.7078320802005013,256.65418124198914
