precision,accuracy,recall,duration
0.47646911727931984,0.7375,0.47726769613726344,92.12488913536072
