precision,accuracy,recall,duration
0.8446242513580406,0.8461538461538461,0.8478083550743941,1456.613137960434
