precision,accuracy,recall,duration
0.7069157147267675,0.645,0.6996639496639496,86.46021294593811
