precision,accuracy,recall,duration
0.7886750993703594,0.8039473684210526,0.781451995499207,529.7655742168427
