precision,accuracy,recall,duration
0.9729847712439684,0.9775376396308888,0.9608825550311599,1821.271485567093
