precision,accuracy,recall,duration
0.8575547329006948,0.8435897435897436,0.8474636010444202,172.4654152393341
