precision,accuracy,recall,duration
0.9131944444444444,0.92,0.9131944444444444,238.7741358280182
