precision,accuracy,recall,duration
0.6857933678661654,0.7130073920373492,0.6283642642258556,12347.257138252258
