precision,accuracy,recall,duration
0.48805871974074744,0.4690909090909091,0.4982828919657422,327.5297522544861
