precision,accuracy,recall,duration
0.9871596109476731,0.9869346733668342,0.9870284814253697,91.77496814727783
