precision,accuracy,recall,duration
0.8485675266544942,0.8435897435897436,0.8493319787641912,1239.1810867786407
