precision,accuracy,recall,duration
0.8670973253312785,0.8692307692307693,0.8643448903237257,540.3855195045471
