precision,accuracy,recall,duration
0.8319313436960496,0.8184143222506394,0.8261887136887137,244.76191806793213
