precision,accuracy,recall,duration
0.7918181818181818,0.7904761904761904,0.7913943355119826,133.7154734134674
