precision,accuracy,recall,duration
0.9613574172021953,0.9509803921568627,0.9011121856866537,211.95537567138672
