precision,accuracy,recall,duration
0.7229897009308774,0.8146341463414634,0.7959625668449198,268.1936595439911
