precision,accuracy,recall,duration
0.5108484610518509,0.5097402597402597,0.506135480909305,652.8694522380829
