precision,accuracy,recall,duration
0.7131609268979644,0.7055555555555556,0.7055555555555556,264.3437931537628
