precision,accuracy,recall,duration
0.7881115837397483,0.7710526315789473,0.7307087509894519,105.14246439933777
