precision,accuracy,recall,duration
0.6296931444230677,0.7362637362637363,0.569136458038006,248.0865023136139
