precision,accuracy,recall,duration
0.7881659836065573,0.788,0.788,572.0459988117218
