{"dataset": "SmallKitchenAppliances", "depth": 3, "nb_filters": 32, "batch_size": 128, "kernel_size": 64, "use_residual": "False", "use_bottleneck": "True", "acc": 0.7653333333333333, "precision": 0.781948253656829, "recall": 0.7717920828574611, "budget_ran": 1500, "train_curve": [1.055306649208069, 0.8173851847648621, 0.7357969403266906, 0.6816320776939392, 0.6363299012184143, 0.6064434885978699, 0.576519775390625, 0.5420698165893555, 0.535997474193573, 0.5211837947368622, 0.5021256625652313, 0.4884194254875183, 0.48834081888198855, 0.47825929522514343, 0.4760893702507019, 0.4545628845691681, 0.44504478573799133, 0.4295058071613312, 0.4241322875022888, 0.40942758321762085, 0.41567100286483766, 0.4045157849788666, 0.3961788654327393, 0.3844718873500824, 0.3733807265758514, 0.372445672750473, 0.3674214005470276, 0.3569184482097626, 0.35516534447669984, 0.33451501131057737, 0.3416514277458191, 0.32574414610862734, 0.31610841751098634, 0.31166539192199705, 0.3079932630062103, 0.30220395922660825, 0.28797807097434996, 0.29099543690681456, 0.29396016895771027, 0.28624796867370605, 0.2762649476528168, 0.26485081017017365, 0.2737871199846268, 0.27329628467559813, 0.2600624799728394, 0.2675593763589859, 0.251885262131691, 0.2587090641260147, 0.24465101957321167, 0.24981314539909363, 0.24100718796253204, 0.23255923688411712, 0.23054115176200868, 0.23115956783294678, 0.23590880632400513, 0.25470786094665526, 0.24257498979568481, 0.23946252167224885, 0.21909827291965484, 0.22353157103061677, 0.21355264484882355, 0.20600569546222686, 0.21315933167934417, 0.2105008155107498, 0.2037210375070572, 0.2096485197544098, 0.20443991124629973, 0.19460350275039673, 0.19077199101448059, 0.1874261498451233, 0.19185726642608641, 0.1966254770755768, 0.19348491430282594, 0.1934569299221039, 0.1825088620185852, 0.19289492964744567, 0.1976761355996132, 0.18577579855918885, 0.17953526973724365, 0.17434413880109786, 0.16788584589958191, 0.16327812075614928, 0.15673741698265076, 0.15715399980545045, 0.15332913845777513, 0.15691737234592437, 0.15816785097122193, 0.1470224678516388, 0.15124133229255676, 0.14004491567611693, 0.14566079676151275, 0.15110245496034622, 0.1444406360387802, 0.14080328941345216, 0.14492830783128738, 0.14783694148063659, 0.1436765119433403, 0.14608227610588073, 0.1403960257768631, 0.13584218323230743, 0.13031025826931, 0.12705906331539155, 0.12437214106321334, 0.12602221220731735, 0.1255232200026512, 0.11851035356521607, 0.11561088263988495, 0.11483248770236969, 0.11278872638940811, 0.11719695627689361, 0.11272551268339157, 0.11383100748062133, 0.12058997601270675, 0.11955617368221283, 0.11137195974588394, 0.1120080053806305, 0.10851733386516571, 0.11017859727144241, 0.1114986464381218, 0.10919349044561386, 0.106072099506855, 0.10798529088497162, 0.11178151369094849, 0.10905772596597671, 0.10391422361135483, 0.10356120318174362, 0.10209566652774811, 0.10103706270456314, 0.10236858129501343, 0.10436710119247436, 0.10024234801530837, 0.10356408208608628, 0.10008410066366195, 0.10608085244894028, 0.10245161801576615, 0.10035503804683685, 0.09834066480398178, 0.1020953357219696, 0.1010489135980606, 0.10096990913152695, 0.0987963154911995, 0.09805634021759033, 0.09626181870698929, 0.09845798462629318, 0.09269320964813232, 0.09605826735496521, 0.09896592646837235, 0.09804165810346603, 0.09489711225032807, 0.0992259994149208, 0.09362529069185258, 0.09175173193216324, 0.0950162649154663, 0.09141032844781875, 0.09833016097545624, 0.09445061832666397, 0.09451038390398026, 0.10005085021257401, 0.09819727838039398, 0.09527710378170014, 0.09911054372787476, 0.0957072839140892, 0.09106166809797286, 0.09081679731607437, 0.09683476984500886, 0.09246407747268677, 0.08963475972414017, 0.09189302623271942, 0.09144113510847092, 0.09265542179346084, 0.09254390597343445, 0.09686961323022843, 0.09441744387149811, 0.09401343613862992, 0.09283974766731262, 0.09086103439331054, 0.09139016419649124, 0.09346080273389816, 0.09257208704948425, 0.09060323536396027, 0.08834402561187744, 0.09087439030408859, 0.08842787891626358, 0.0919545792043209, 0.08579586818814278, 0.08645038679242134, 0.0859802521765232, 0.08591084629297256, 0.08593550547957421, 0.08697753548622131, 0.08805125802755356, 0.0863218680024147, 0.08684988468885421, 0.08916114568710327, 0.09132523089647293, 0.08768109530210495, 0.08559359535574913, 0.08551232069730759, 0.08698771148920059, 0.08872826993465424, 0.08651261702179909, 0.08780265673995018, 0.0851242184638977, 0.08411681950092316, 0.0837506964802742, 0.08545059785246849, 0.08199073150753974, 0.08871407583355903, 0.08373253569006919, 0.08209193795919419, 0.08544091880321503, 0.08046557456254959, 0.08507373332977294, 0.08289931565523148],