{"dataset": "ToeSegmentation2", "depth": 3, "nb_filters": 32, "batch_size": 128, "kernel_size": 64, "use_residual": "False", "use_bottleneck": "True", "acc": 0.9213903743315507, "precision": 0.9077838827838829, "recall": 0.9247534872534873, "budget_ran": 1500, "train_curve": [0.9942474484443664, 0.5374901831150055, 0.3865467429161072, 0.31443584263324736, 0.2661486804485321, 0.2314144879579544, 0.20282690227031708, 0.17778933495283128, 0.15625674575567244, 0.13873060867190362, 0.12421469390392303, 0.11172040551900864, 0.10101763010025025, 0.09169835895299912, 0.08304127231240273, 0.07510502412915229, 0.06811952926218509, 0.061896414309740064, 0.056493110954761505, 0.05175325274467468, 0.047376866452395916, 0.04326876103878021, 0.03960763290524483, 0.03651510067284107, 0.033774074725806714, 0.03130875173956156, 0.029117678105831147, 0.027139119803905487, 0.025408128276467323, 0.02374082738533616, 0.02215564399957657, 0.02074106391519308, 0.019489465188235043, 0.01838049469515681, 0.01734512820839882, 0.01634353706613183, 0.015399314742535353, 0.014530620630830526, 0.013753320649266243, 0.013033034466207027, 0.012356271408498288, 0.011743038054555654, 0.011187824048101902, 0.010665369825437665, 0.01017538234591484, 0.009728316636756062, 0.00931816790252924, 0.008925566636025905, 0.008554009068757296, 0.008213175367563963, 0.007900860393419862, 0.0076013532467186454, 0.007312477403320372, 0.007049263757653535, 0.006804103776812553, 0.006573441810905934, 0.006356726493686437, 0.006155022839084268, 0.005960839823819697, 0.005771840969100594, 0.005596144078299403, 0.0054308119462803004, 0.0052724441979080435, 0.005120553751476109, 0.00498017156496644, 0.004846480558626354, 0.004717285581864417, 0.004595538880676031, 0.004481685883365572, 0.004371958551928401, 0.0042665834771469235, 0.004166656406596303, 0.004069967148825526, 0.003976753097958863, 0.003888589795678854, 0.003804510016925633, 0.0037231571739539506, 0.003645469155162573, 0.0035713447956368326, 0.0034998128423467277, 0.0034306920133531094, 0.0033643475035205483, 0.0033002337673678993, 0.0032378882286138834, 0.0031778107746504246, 0.0031197691801935433, 0.003063516563270241, 0.003008999803569168, 0.0029566193115897477, 0.0029057567124255003, 0.002856495708692819, 0.0028087408281862736, 0.002762604528106749, 0.002717692172154784, 0.002674147754441947, 0.002631916431710124, 0.002590813487768173, 0.00255077964393422, 0.0025119370315223933, 0.002474086172878742, 0.002437189419288188, 0.0024013740243390203, 0.0023664371925406157, 0.0023324043839238586, 0.0022993574617430567, 0.002267170255072415, 0.0022356495377607644, 0.0022049434250220657, 0.0021749567007645965, 0.002145690459292382, 0.0021171268192119895, 0.0020892697270028294, 0.0020620285300537943, 0.0020354353124275803, 0.002009426208678633, 0.001984020264353603, 0.0019591975957155227, 0.0019360474427230657, 0.0019134092726744711, 0.0018913021543994547, 0.0018696652026847006, 0.0018484701868146658, 0.0018277142196893692, 0.0018073691753670573, 0.0017874649609439075, 0.001767994835972786, 0.0017489117104560136, 0.0017302113468758763, 0.001711873384192586, 0.0016938793589361012, 0.001676242472603917, 0.0016589452279731631, 0.0016419647261500358, 0.0016252899658866227, 0.0016089252661913634, 0.001592964178416878, 0.0015772845130413772, 0.0015618883655406535, 0.0015467572840861977, 0.0015318807447329164, 0.001517259143292904, 0.001502881560008973, 0.001488735293969512, 0.0014748294604942202, 0.0014611476566642524, 0.001447681535501033, 0.0014344600844196976, 0.0014214532682672143, 0.0014086610754020512, 0.0013960587442852558, 0.0013836196274496614, 0.001371335587464273, 0.0013592225499451161, 0.0013486526207998396, 0.0013382911682128906, 0.0013281276915222406, 0.001318159291986376, 0.0013083646656014026, 0.0012986900634132325, 0.0012891498045064509, 0.0012811240274459123, 0.001273174479138106, 0.0012653190409764648, 0.00125755361514166, 0.00125004758592695, 0.0012426307424902917, 0.0012353142257779837, 0.0012281085830181838, 0.001220996235497296, 0.0012139831786043942], "val_curve": [0.6884374380111694, 0.6611821770668029, 0.6450969040393829, 0.6344226717948913, 0.6230078101158142, 0.604801619052887, 0.5838433921337127, 0.5678779900074005, 0.5591102778911591, 0.5530215978622437, 0.5440063118934632, 0.5286375343799591, 0.5050629794597625, 0.47518378496170044, 0.44211875200271605, 0.40853172540664673, 0.3758561074733734, 0.3471148520708084, 0.32524259984493253, 0.3120191901922226, 0.306589674949646, 0.3063859134912491, 0.30705625712871554, 0.30591013133525846, 0.30339270532131196, 0.301055309176445, 0.2990779414772987, 0.29692434817552565, 0.29420102685689925, 0.29172654151916505, 0.29266318678855896, 0.3000895544886589, 0.31352332383394244, 0.3273973375558853, 0.33494179844856264, 0.3359891787171364, 0.335653455555439, 0.3393291592597961, 0.3485130876302719, 0.36143648326396943, 0.37752173840999603, 0.3981679692864418, 0.4234534740447998, 0.44876292794942857, 0.4684189721941948, 0.480982331931591, 0.4909263774752617, 0.5032253265380859, 0.518925741314888, 0.5359508037567139, 0.5534484818577766, 0.5734146803617477, 0.5964612677693367, 0.6188582628965378, 0.6361502021551132, 0.6478876434266567, 0.6577430978417397, 0.6679387025535106, 0.6781134031713009, 0.6886700227856636, 0.7018834024667739, 0.719056649506092, 0.7369064800441265, 0.7501307487487793, 0.7570190079510212, 0.7602480091154575, 0.7627576172351838, 0.7655088700354099, 0.7699889048933983, 0.7790435731410981, 0.7939362317323685, 0.8117574110627175, 0.8287366114556789, 0.8441476419568061, 0.858584287762642, 0.8710173577070236, 0.8797030866146087, 0.8852534301578998, 0.8907639190554619, 0.8983358353376388, 0.9084622099995613, 0.9211214542388916, 0.9360060393810272, 0.9520283117890358, 0.966574914753437, 0.9787906900048255, 0.9903587475419044, 1.00237637758255, 1.0151443481445312, 1.0288831084966659, 1.0439094603061676, 1.0589967355132104, 1.073161393404007, 1.0867497831583024, 1.0997420117259025, 1.1119792863726616, 1.1237784713506698, 1.136159498989582, 1.1493343129754066, 1.1632090017199517, 1.1772338613867759, 1.19102351218462, 1.204052683711052, 1.2159466475248337, 1.2268968090415, 1.2378501042723655, 1.2490429684519768, 1.2605597615242004, 1.2727238968014718, 1.2852502524852754, 1.2980888903141021, 1.3112135514616967, 1.3245720639824867, 1.3378265246748924, 1.350766760110855, 1.3635915338993072, 1.3708341851830483, 1.3781272739171981, 1.3856612771749497, 1.3939759314060212, 1.4025050848722458, 1.4104624584317207, 1.4180148541927338, 1.425655734539032, 1.43368299305439, 1.4419021874666214, 1.450137335062027, 1.4578611999750137, 1.4649023354053496, 1.4715609192848205, 1.4782465308904649, 1.484862032532692, 1.4914670884609222, 1.4983123928308486, 1.5044156700372695, 1.5098842442035676, 1.5151158392429351, 1.520582029223442, 1.5258799523115159, 1.5310738116502762, 1.5361578434705734, 1.5411018788814546, 1.5460311681032182, 1.5511376082897186, 1.5561752438545227, 1.5603932321071625, 1.5635299861431122, 1.5661253333091736, 1.5686226963996888, 1.571427935361862, 1.5745371520519256, 1.5774995684623718, 1.578132450580597, 1.5787905126810073, 1.579396653175354, 1.5794434726238251, 1.5791032791137696, 1.5789109826087953, 1.5788164108991622, 1.5784025877714156, 1.5784917324781418, 1.5786209106445312, 1.5785057306289674, 1.577980351448059, 1.5769583493471147, 1.5754313707351684, 1.5737375259399413, 1.5716972440481185, 1.569877216219902, 1.5685749620199203]}
{"dataset": "ToeSegmentation2", "depth": 3, "nb_filters": 32, "batch_size": 128, "kernel_size": 64, "use_residual": "False", "use_bottleneck": "True", "acc": 0.9757575757575758, "precision": 0.9701932367149759, "recall": 0.9732727272727274, "budget_ran": 1500,