{"dataset": "ItalyPowerDemand", "depth": 3, "nb_filters": 32, "batch_size": 128, "kernel_size": 64, "use_residual": "False", "use_bottleneck": "True", "acc": 0.9689871315898712, "precision": 0.9707177495374129, "recall": 0.9677726984609574, "budget_ran": 1500, "train_curve": [0.3648232936859131, 0.12772434651851655, 0.10942835658788681, 0.09535627067089081, 0.08770988881587982, 0.08595788180828094, 0.08967819660902024, 0.0882689967751503, 0.08028794974088668, 0.08645729720592499, 0.08054270669817924, 0.07923918813467026, 0.07516269087791443, 0.07394057512283325, 0.06947943344712257, 0.07317111045122146, 0.06370956525206566, 0.06777280122041703, 0.057894046604633334, 0.06418403312563896, 0.06358919963240624, 0.06574259251356125, 0.06076217442750931, 0.05829399302601814, 0.065482347458601, 0.06648986935615539, 0.06738960593938828, 0.05822372883558273, 0.050616294145584106, 0.050330599397420885, 0.04743530154228211, 0.04507837519049644, 0.045010437816381456, 0.04831086695194244, 0.0475505642592907, 0.04553553909063339, 0.041694287210702896, 0.038157735019922256, 0.03866435848176479, 0.04185631796717644, 0.04201366901397705, 0.0480500441044569, 0.048133569210767745, 0.04482053071260452, 0.041654708608984944, 0.04233996085822582, 0.03636734560132027, 0.03914562575519085, 0.03711756095290184, 0.03145078904926777, 0.02988082729279995, 0.04109863862395287, 0.0367730662226677, 0.03205515630543232, 0.03452781997621059, 0.033114810660481456, 0.039325781539082526, 0.04328006953001022, 0.036676375195384026, 0.031941742077469824, 0.029325420409440993, 0.0291035033762455, 0.027315111830830574, 0.025883737206459045, 0.02481311410665512, 0.024754824489355086, 0.022031348943710328, 0.02090572565793991, 0.02042522542178631, 0.01945333257317543, 0.020182314328849316, 0.019175799936056136, 0.018757483549416067, 0.017993291839957237, 0.018733207136392593, 0.017253953963518143, 0.0160957183688879, 0.015807249769568443, 0.01716853491961956, 0.016533185541629792, 0.01699743904173374, 0.01676144953817129, 0.01753556076437235, 0.01422533169388771, 0.015555259399116039, 0.015828509442508222, 0.013936938717961311, 0.018116841837763787, 0.017031428404152393, 0.015563246048986911, 0.0146596509963274, 0.012899956479668618, 0.013203069195151329, 0.012901552766561509, 0.011826712824404239, 0.012206738535314798, 0.011700323410332203, 0.011329026706516743, 0.011943776533007622, 0.010737645719200373, 0.010922991577535868, 0.010469259973615409, 0.010892224684357642, 0.010817686840891839, 0.009047319740056991, 0.010139566846191883, 0.00879371613264084, 0.010571995098143817, 0.009305083006620408, 0.009276497177779675, 0.008866185136139394, 0.008580830041319132, 0.00811429340392351, 0.008001025393605232, 0.010737012699246406, 0.008439951390028, 0.008990630507469177, 0.010007472708821297, 0.007904622331261634, 0.008088380191475153, 0.007684243377298117, 0.007160444092005491, 0.006552421674132347, 0.006785414926707744, 0.00726406816393137, 0.0076664206571877, 0.006764289457350969, 0.00789080522954464, 0.007507669366896152, 0.007023681234568357, 0.00678012166172266, 0.006941756699234247, 0.009787438996136188, 0.01103576309978962, 0.007640188606455922, 0.007148837391287089, 0.0066146078985184435, 0.007835587579756975, 0.0055603706277906895, 0.0067870582453906534, 0.006643008347600699, 0.006313326396048069, 0.006022114958614111, 0.0058720030821859835, 0.00557428253814578, 0.006190484669059515, 0.005543760117143392, 0.005963236279785633, 0.006377993617206812, 0.006093973014503718, 0.0067432990297675134, 0.006033539585769176, 0.005452696047723293, 0.006291273608803749, 0.006357372924685478, 0.007010325137525797, 0.005810512369498611, 0.004642032459378243, 0.005167970852926374, 0.004480111273005604, 0.004551907675340772, 0.0045567451044917105, 0.003717785282060504, 0.004068940086290241, 0.004905810439959168, 0.004871963057667017, 0.006934217317029834, 0.004085504962131381, 0.0035779595375061033, 0.0037905162200331686, 0.004473984986543655, 0.004798695165663958, 0.003659073729068041, 0.004260565107688308, 0.0037354643456637858, 0.0038801648654043673, 0.0034664829261600973, 0.003933465573936701, 0.0035745789296925067, 0.0036873461212962866, 0.003452883893623948, 0.003303140727803111, 0.003587637236341834, 0.0031413909047842024, 0.003330983314663172, 0.0038649756461381912, 0.0036314237397164105, 0.003085411200299859, 0.0033716747071594, 0.0029875470325350763, 0.003261265764012933, 0.0035410264041274785],