{"dataset": "uWaveGestureLibrary_Y", "depth": 3, "nb_filters": 32, "batch_size": 128, "kernel_size": 64, "use_residual": "False", "use_bottleneck": "True", "acc": 0.8025960195530727, "precision": 0.8038196033989367, "recall": 0.8032819906653723, "budget_ran": 1500, "train_curve": [1.623498010635376, 1.22822163105011, 1.0654412746429442, 0.9611239910125733, 0.8830415487289429, 0.8314410805702209, 0.7916375279426575, 0.7617735862731934, 0.7242437958717346, 0.7067733407020569, 0.6909612059593201, 0.6591358184814453, 0.652093505859375, 0.6317917108535767, 0.6042250275611878, 0.5983368515968323, 0.5874666213989258, 0.5651943445205688, 0.5575372338294983, 0.552682638168335, 0.5440829277038575, 0.5358965635299683, 0.523407256603241, 0.5069138467311859, 0.49591071605682374, 0.48770118951797486, 0.47698695063591, 0.46857500076293945, 0.4602340221405029, 0.4588547766208649, 0.44883198738098146, 0.4416109323501587, 0.43356499671936033, 0.42277278900146487, 0.4271747052669525, 0.4084437429904938, 0.40639050006866456, 0.4094367265701294, 0.41054555773735046, 0.39816266894340513, 0.3846378028392792, 0.37039595246315005, 0.36602701544761657, 0.36375158429145815, 0.362675154209137, 0.3624931752681732, 0.35309397578239443, 0.35135790705680847, 0.34420318603515626, 0.3273149013519287, 0.32414438128471373, 0.32237927317619325, 0.32093570232391355, 0.32479171752929686, 0.32451631426811217, 0.32417248487472533, 0.31199814677238463, 0.3055838346481323, 0.3186526298522949, 0.298844450712204, 0.29550049901008607, 0.3002943992614746, 0.2849863350391388, 0.2791610091924667, 0.28902812004089357, 0.2865606606006622, 0.2851626217365265, 0.28307473063468935, 0.282920902967453, 0.26777338087558744, 0.2624125093221664, 0.2627129226922989, 0.2569648265838623, 0.2616900235414505, 0.24784906804561616, 0.24393857419490814, 0.24055776596069336, 0.23783640265464784, 0.24162047803401948, 0.2473250836133957, 0.23787774741649628, 0.22900682389736177, 0.2254600316286087, 0.2277028053998947, 0.23150236904621124, 0.22681371867656708, 0.21707994639873504, 0.2204289346933365, 0.21399169266223908, 0.2207643747329712, 0.21866051852703094, 0.20386259257793427, 0.20352958440780639, 0.20726572573184968, 0.2000597059726715, 0.20146537125110625, 0.1977706164121628, 0.21104830801486968, 0.20240364372730255, 0.20215587615966796, 0.20020513534545897, 0.19553374350070954, 0.18564066290855408, 0.18341931849718093, 0.18183086067438126, 0.17888316810131072, 0.1723494902253151, 0.15962257981300354, 0.15591624677181243, 0.15965104848146439, 0.15940640568733216, 0.1611601158976555, 0.16073464304208757, 0.14876683205366134, 0.14602318853139878, 0.13498589396476746, 0.13024742603302003, 0.131286358833313, 0.12446546852588654, 0.11985523253679276, 0.11650080531835556, 0.1135601595044136, 0.1129300832748413, 0.11551644653081894, 0.11380121558904648, 0.11335191875696182, 0.11243822276592255, 0.1117659255862236, 0.11448699980974197, 0.10971749126911164, 0.11354430615901948, 0.11487500667572022, 0.10661225169897079, 0.09909591376781464, 0.09900820255279541, 0.09650132209062576, 0.09660610109567642, 0.09318792670965195, 0.09090996533632278, 0.0945131465792656, 0.09199370592832565, 0.09200089275836945, 0.08908466696739196, 0.08898981213569641, 0.08854311853647232, 0.08614792227745056, 0.08858924359083176, 0.08793860375881195, 0.08845583647489548, 0.08759942203760147, 0.08664779812097549, 0.0856176882982254, 0.08457769751548767, 0.08473974317312241, 0.08541854023933411, 0.0823767513036728, 0.08431627452373505, 0.08280005753040313, 0.08180796205997468, 0.08045817166566849, 0.0814990371465683, 0.08117765635251999, 0.0804979920387268, 0.08051382899284362, 0.08209131956100464, 0.08232920169830323, 0.08153020143508911, 0.07610195130109787, 0.07698308527469636, 0.07595797181129456, 0.07586746513843537, 0.07664284408092499, 0.07716002464294433, 0.07680021375417709, 0.07487764060497284, 0.07307999283075332, 0.07499039769172669, 0.07535632252693177, 0.07472834587097169, 0.07231997549533845, 0.07331180274486541, 0.07085372358560563, 0.0689310148358345, 0.06729387566447258, 0.06662935391068459], "val_curve": [1.9185126543045044, 2.2394670248031616, 2.7270893096923827, 3.0388980388641356, 2.8540698051452638, 2.821470260620117, 2.566106104850769, 2.337652325630188, 2.3740903615951536, 2.2493839502334594, 2.374337887763977, 2.024838900566101, 2.0210352182388305, 1.6218640327453613, 1.6743865013122559, 1.4620822668075562, 1.5870823860168457, 1.3879219055175782, 1.4871224999427795, 1.0911683440208435, 1.1079061508178711, 1.0327184200286865, 0.9727749705314637, 0.9096042156219483, 0.8292836904525757, 0.9747326731681824, 0.9434061527252198, 0.9447315573692322, 0.9294797539710998, 1.0687239170074463, 0.8695289254188537, 1.0023440361022948, 0.9034646511077881, 0.9737659692764282, 0.8064984321594239, 0.8443023562431335, 0.9168537378311157, 0.89631267786026, 0.8174581170082093, 1.0321999549865724, 0.8831663846969604, 0.9887609362602234, 0.9320380449295044, 0.9671899437904358, 1.0986901998519898, 1.024536383152008, 0.8846780776977539, 1.1230522871017456, 0.8173838019371032, 0.8945717573165893, 0.8358634233474731, 1.0643549799919128, 0.880809235572815, 0.985470986366272, 1.0561196327209472, 1.2040567278862, 0.9308379530906677, 0.9335073232650757, 0.9263468980789185, 0.8135064005851745, 0.9264113545417786, 1.0002236247062684, 0.917193865776062, 0.9340113162994385, 1.0567265033721924, 1.1772355794906617, 1.0514896392822266, 0.8504531979560852, 0.8529282927513122, 0.8051616311073303, 1.0443378210067749, 0.9900104999542236, 0.9690703749656677, 0.9072463989257813, 0.8417595267295838, 0.8029744505882264, 1.0038098096847534, 0.9347255110740662, 0.8338370203971863, 0.9725902438163757, 1.0325153470039368, 0.8571882843971252, 0.8430791974067688, 0.947384524345398, 1.130962359905243, 0.9826844334602356, 0.8558314561843872, 1.0010521411895752, 0.9184660315513611, 1.2012305736541748, 0.8451520323753356, 0.9037633299827575, 0.8462753772735596, 0.746745502948761, 1.1041902661323548, 0.9672470927238465, 1.0199427247047423, 0.9215775609016419, 0.9811333656311035, 0.9706467270851136, 0.863771665096283, 1.0257976651191711, 0.8772513747215271, 0.7999414086341858, 0.8803015112876892, 0.9292353749275207, 0.9914212584495544, 0.7784036278724671, 0.7219918251037598, 0.8438367366790771, 0.7741639971733093, 0.7689001560211182, 0.9675256848335266, 0.8296619176864624, 0.8184482336044312, 0.8454641699790955, 0.6830894947052002, 0.7510042667388916, 0.7411972045898437, 0.7064875841140748, 0.7283956408500671, 0.6898193240165711, 0.7701070666313171, 0.6513044953346252, 0.7222587823867798, 0.6908248424530029, 0.6742620587348938, 0.6998611330986023, 0.7816885828971862, 0.6786242365837097, 0.8033594965934754, 0.8039691686630249, 0.6924968957901001, 0.6474056124687195, 0.654415488243103, 0.6544308185577392, 0.6585603713989258, 0.6698691844940186, 0.655243742465973, 0.6539388060569763, 0.6788695812225342, 0.6614494085311889, 0.6626213312149047, 0.6526873111724854, 0.6711783289909363, 0.6516480445861816, 0.6714483380317688, 0.6622178435325623, 0.6834545493125915, 0.6586722254753112, 0.6836923241615296, 0.6833944320678711, 0.6784467101097107, 0.6948034882545471, 0.6849207997322082, 0.7023959279060363, 0.6779101133346558, 0.6956074357032775, 0.6869054913520813, 0.7167894244194031, 0.68494793176651, 0.6827701926231384, 0.6961970567703247, 0.6787300109863281, 0.7355019688606262, 0.70573970079422, 0.7562785506248474, 0.705517303943634, 0.7180013060569763, 0.7068564772605896, 0.6911046028137207, 0.7212653279304504, 0.7070214033126831, 0.7515423178672791, 0.7047173619270325, 0.7298353791236878, 0.7387165307998658, 0.7177578568458557, 0.704818320274353, 0.7431518912315369, 0.712602436542511, 0.717712664604187, 0.7019884705543518, 0.7308148145675659, 0.7196344256401062]}
{"dataset": "uWaveGestureLibrary_Y", "depth": 3, "nb_filters": 32, "batch_size": 128, "kernel_size": 64, "use_residual": "False", "use_bottleneck": "True", "acc": 0.7949992517956903, "precision": 0.8004642248340265,