{"dataset": "MiddlePhalanxTW", "depth": 3, "nb_filters": 32, "batch_size": 128, "kernel_size": 64, "use_residual": "False", "use_bottleneck": "True", "acc": 0.47169533169533173, "precision": 0.24223821432267661, "recall": 0.29748102139406485, "budget_ran": 1500, "train_curve": [1.752609372138977, 1.2918472766876221, 1.124795627593994, 1.0485541582107545, 1.0077669620513916, 0.9809688806533814, 0.9649985074996948, 0.9528055787086487, 0.944075095653534, 0.9343291044235229, 0.9261913180351258, 0.9219763040542602, 0.9165424585342408, 0.9117763042449951, 0.9104947924613953, 0.9014585971832275, 0.8971547722816468, 0.8910089373588562, 0.8925414204597473, 0.8833733081817627, 0.8849341392517089, 0.8803986668586731, 0.8817257881164551, 0.8749037981033325, 0.8712740302085876, 0.8644709467887879, 0.8654837369918823, 0.8579919576644898, 0.8602752923965454, 0.8483039855957031, 0.8498906373977662, 0.8394951701164246, 0.8448386907577514, 0.8358319759368896, 0.8269533038139343, 0.8233447909355164, 0.81403568983078, 0.806459617614746, 0.8001685619354248, 0.8008019089698791, 0.7967246890068054, 0.7878611326217652, 0.7904760956764221, 0.7801158189773559, 0.7727221608161926, 0.7647311925888062, 0.7630078196525574, 0.759902548789978, 0.7477421641349793, 0.7527824759483337, 0.735086727142334, 0.7355444312095643, 0.7267969131469727, 0.7128527522087097, 0.71749906539917, 0.7136495113372803, 0.720700490474701, 0.7245793342590332, 0.6993993401527405, 0.7034356832504273, 0.6920397162437439, 0.686462152004242, 0.6758655190467835, 0.675557541847229, 0.6704192876815795, 0.6592974066734314, 0.65924551486969, 0.6692888379096985, 0.6528817057609558, 0.6567130327224732, 0.629525876045227, 0.6133442044258117, 0.6074543833732605, 0.5990013241767883, 0.5893666267395019, 0.5714177966117859, 0.5751675248146058, 0.5731927752494812, 0.5684948086738586, 0.5816236972808838, 0.5614776194095612, 0.5579697966575623, 0.5588630318641663, 0.5634535551071167, 0.5583160042762756, 0.5371114134788513, 0.5329800128936768, 0.511631453037262, 0.5063272476196289, 0.4981586456298828, 0.48214382529258726, 0.48434624671936033, 0.4685078263282776, 0.4681925058364868, 0.46723377108573916, 0.44719882011413575, 0.4311606287956238, 0.4301882326602936, 0.42996416687965394, 0.4443879067897797, 0.41531827449798586, 0.39794096946716306, 0.40405234694480896, 0.3988281011581421, 0.3934530973434448, 0.3871950089931488, 0.38902860283851626, 0.3909211754798889, 0.39898502826690674, 0.373956298828125, 0.3543722748756409, 0.34185791611671446, 0.3331416487693787, 0.32745935916900637, 0.31206543147563937, 0.30979876816272733, 0.2863945335149765, 0.278841969370842, 0.26378482580184937, 0.26385028660297394, 0.26648378372192383, 0.285866978764534, 0.27133596539497373, 0.2583538472652435, 0.25583655536174776, 0.24131770431995392, 0.20612950026988983, 0.214848193526268, 0.21481673419475555, 0.2099754571914673, 0.19147407114505768, 0.1786870539188385, 0.17095128893852235, 0.1631257176399231, 0.16216787248849868, 0.1517626777291298, 0.15186284929513932, 0.14659302830696105, 0.1592721924185753, 0.1447753593325615, 0.1469130039215088, 0.14149357974529267, 0.12902556955814362, 0.12535838410258293, 0.12598021626472472, 0.11639223396778106, 0.10565542206168174, 0.10966673493385315, 0.11221751123666764, 0.09656207486987115, 0.10079838782548904, 0.09506685584783554, 0.09077315255999566, 0.0771565780043602, 0.0720372550189495], "val_curve": [1.7209967136383058, 1.6840025663375855, 1.6789820671081543, 1.6664058685302734, 1.6425158977508545, 1.6201375246047973, 1.5680776357650756, 1.5145233631134034, 1.4836416006088258, 1.4291281938552856, 1.4037147998809814, 1.3896775245666504, 1.3962541341781616, 1.4191519498825074, 1.4432483673095704, 1.4766027688980103, 1.5288891315460205, 1.5920396089553832, 1.6409332752227783, 1.691603422164917, 1.766590142250061, 1.852746033668518, 1.885436749458313, 1.9591061353683472, 2.0179176807403563, 2.0466921806335447, 2.117192578315735, 2.222309708595276, 2.2220553874969484, 2.2837738513946535, 2.4379420042037965, 2.4862874031066893, 2.5345595598220827, 2.675599241256714, 2.7871124267578127, 2.8128846168518065, 2.909302806854248, 3.049848222732544, 3.1270604133605957, 3.2039159774780273, 3.309984064102173, 3.534087038040161, 3.6731205940246583, 3.8626386165618896, 4.205105829238891, 4.461387205123901, 4.48497748374939, 4.730194711685181, 4.814889907836914, 5.2282665252685545, 5.245153474807739, 5.61846923828125, 5.911652088165283, 5.9916847229003904, 6.336691093444824, 6.508120918273926, 7.363973808288574, 7.1310851097106935, 6.529596519470215, 6.5070267677307125, 7.042087078094482, 7.786161231994629, 7.762095546722412, 7.909926700592041, 8.086942672729492, 8.287891483306884, 8.4826096534729, 8.757563209533691, 8.879293441772461, 9.273737907409668, 9.738059043884277, 9.410721015930175, 9.392931175231933, 9.857272148132324, 9.898836612701416, 10.064082527160645, 10.319990921020509, 10.139454174041749, 10.528091144561767, 10.561059951782227, 10.898076629638672, 10.663065242767335, 10.953687953948975, 10.9940655708313, 11.174111270904541, 11.58646364212036, 11.787822341918945, 12.56348009109497, 13.085224723815918, 13.18928804397583, 13.265850734710693, 14.757834720611573, 14.857244110107422, 14.764146614074708, 15.007375240325928, 15.738425350189209, 14.474623680114746, 14.43807077407837, 14.5292462348938, 14.221290779113769, 14.388273811340332, 14.011659908294678, 14.902277851104737, 15.254688358306884, 14.683420848846435, 15.288132858276366, 15.775089931488036, 16.3312388420105, 16.184613513946534, 16.42130355834961, 17.14412851333618, 16.59203748703003, 17.389148426055907, 17.75197353363037, 16.73155450820923, 16.49871253967285, 17.99925079345703, 16.939577293395995, 17.212992858886718, 17.10639057159424, 18.56494255065918, 17.817627906799316, 17.409631061553956, 17.469586181640626, 18.418550872802733, 19.012405490875246, 19.5146183013916, 18.142008781433105, 16.79329719543457, 16.9666389465332, 16.76434507369995, 16.037844944000245, 16.55935573577881, 17.02848834991455, 16.367606258392335, 16.018684005737306, 17.46838207244873, 17.757217407226562, 17.143871879577638, 15.484966278076172, 15.493760108947754, 16.323380279541016, 15.884469985961914, 15.299316215515137, 15.568223762512208, 14.726785850524902, 14.958492851257324, 14.487317085266113, 13.592937564849853, 13.547010040283203, 14.34980754852295, 15.212969017028808, 14.575837326049804, 13.674932765960694, 12.933098602294923]}
{"dataset": "MiddlePhalanxTW", "depth": 3, "nb_filters": 32, "batch_size": 128, "kernel_size": 64, "use_residual": "False", "use_bottleneck": "True", "acc": 0.5172972972972973, "precision": 0.23717092173247428, "recall": 0.31665311604104707, "budget_ran": 1500,