{"dataset": "InlineSkate", "depth": 3, "nb_filters": 32, "batch_size": 128, "kernel_size": 64, "use_residual": "False", "use_bottleneck": "True", "acc": 0.32153846153846155, "precision": 0.35771931513740385, "recall": 0.3408717189307488, "budget_ran": 1500, "train_curve": [2.056886339187622, 1.9264243602752686, 1.9045713186264037, 1.8975466966629029, 1.8907268047332764, 1.8879294633865356, 1.883198070526123, 1.879087471961975, 1.873296308517456, 1.8620484113693236, 1.8559672117233277, 1.8510859966278077, 1.8459874629974364, 1.8446884393692016, 1.8361733913421632, 1.8301305294036865, 1.830439019203186, 1.8226088762283326, 1.8178488492965699, 1.811556887626648, 1.8075604915618897, 1.8032638549804687, 1.8005651235580444, 1.8101540803909302, 1.796349859237671, 1.7863841772079467, 1.7850971221923828, 1.7727711915969848, 1.7817784309387208, 1.77814838886261, 1.7681456327438354, 1.7535861253738403, 1.7439306497573852, 1.734783124923706, 1.7467391967773438, 1.7398839712142944, 1.7389874696731566, 1.7234274387359618, 1.7260551452636719, 1.7071507930755616, 1.7162166595458985, 1.7012238025665283, 1.6988982200622558, 1.6873618364334106, 1.6957756519317626, 1.6983702421188354, 1.6916895866394044, 1.674203085899353, 1.6763770818710326, 1.68650484085083, 1.6417442560195923, 1.674623703956604, 1.654387640953064, 1.6574989557266235, 1.6399823904037476, 1.6286547422409057, 1.6210705041885376, 1.6200023412704467, 1.6355741262435912, 1.6112045764923095, 1.6000205755233765, 1.6181453943252564, 1.6214934825897216, 1.6308031797409057, 1.6214786291122436, 1.6094677448272705, 1.6031421184539796, 1.617892289161682, 1.598428201675415, 1.5910432100296021, 1.5790460109710693, 1.5722959518432618, 1.5704290390014648, 1.5637240171432496, 1.5498290300369262, 1.5381261825561523, 1.5793207168579102, 1.6042226552963257, 1.590473198890686, 1.595435881614685, 1.5700754404067994, 1.585820722579956, 1.572114682197571, 1.539980125427246, 1.5300796985626222, 1.5275009632110597, 1.5311643123626708, 1.5500935316085815, 1.5323524951934815, 1.509083127975464, 1.4988945722579956, 1.492976427078247, 1.4890167474746705, 1.4896297931671143, 1.4849446535110473, 1.4811705350875854, 1.4828930377960206, 1.4771282911300658, 1.4710524559020997, 1.4891710519790649, 1.4702880144119264, 1.471795129776001, 1.4598565340042113, 1.4588070154190063, 1.449439525604248, 1.4474122524261475, 1.4567180156707764, 1.4467350006103517, 1.4381157159805298, 1.4624988079071044, 1.454643726348877, 1.4594679832458497, 1.4446876287460326, 1.4399033069610596, 1.4524595975875854, 1.4415544033050538, 1.431753945350647, 1.4231523036956788, 1.4261195182800293, 1.4191836595535279, 1.4276531219482422, 1.4147772312164306, 1.4116923809051514, 1.4117203235626221, 1.4089072704315186, 1.408712124824524, 1.4047417879104613, 1.4056131839752197, 1.3951419830322265, 1.394550609588623, 1.3943500995635987, 1.401783037185669, 1.3918514966964721, 1.3929818391799926, 1.3986108779907227, 1.3947046518325805, 1.3878493547439574, 1.3936173439025878, 1.392013669013977, 1.3810350179672242, 1.3795612335205079, 1.391144323348999, 1.380439329147339, 1.3990200519561768, 1.3926650524139403, 1.3788172006607056, 1.3709791660308839, 1.3772813081741333, 1.3799963235855102, 1.3749672174453735, 1.3693922758102417, 1.3714284658432008, 1.3775288105010985, 1.3685424327850342, 1.3720041275024415, 1.372372031211853, 1.373867154121399, 1.3585827589035033], "val_curve": [1.988282322883606, 2.060464954376221, 2.0758787631988525, 2.053141403198242, 2.0290077924728394, 2.0146191358566283, 2.0003886461257934, 1.9862454891204835, 1.9595662355422974, 1.943389105796814, 1.939689040184021, 1.9333380222320558, 1.9389575481414796, 1.9471468925476074, 1.9581333160400392, 1.9818474531173706, 2.012074112892151, 2.061114716529846, 2.130029296875, 2.184820795059204, 2.222751331329346, 2.274775266647339, 2.356199789047241, 2.420924258232117, 2.46731812953949, 2.4892242193222045, 2.5507402181625367, 2.650105619430542, 2.7394392490386963, 2.860322427749634, 2.9363130569458007, 2.9943775653839113, 2.9888715744018555, 3.0354445934295655, 3.2166634082794188, 3.356425333023071, 3.2190145015716554, 3.3529338359832765, 3.360848331451416, 3.2710533142089844, 3.4263894081115724, 3.5449820518493653, 3.5618214130401613, 3.6381125450134277, 3.6555056095123293, 3.7011005878448486, 3.75639967918396, 3.6387829780578613, 3.644089365005493, 3.780878257751465, 4.049245071411133, 4.097918891906739, 4.145274066925049, 4.419834184646606, 4.315218353271485, 4.533167362213135, 4.607157850265503, 4.595954751968383, 4.677699184417724, 4.876767110824585, 4.5076440334320065, 4.271506643295288, 4.363842916488648, 4.6065671920776365, 4.314107990264892, 4.532500696182251, 5.011933898925781, 5.030676317214966, 5.080329656600952, 5.291724014282226, 5.553582096099854, 5.915199041366577, 5.911676502227783, 6.11926417350769, 6.21570782661438, 5.8218994140625, 5.8884893417358395, 5.970069217681885, 5.937872314453125, 5.451590538024902, 5.4349198818206785, 5.586446619033813, 5.468659687042236, 5.469309091567993, 5.322582340240478, 5.031546688079834, 4.858654594421386, 4.895370197296143, 5.0068888664245605, 5.00693302154541, 5.319263505935669, 5.367348098754883, 5.177407312393188, 5.142823982238769, 5.046046304702759, 5.092470788955689, 5.335608386993409, 5.101690816879272, 5.565818881988525, 5.2916840553283695, 5.425737047195435, 5.520608377456665, 5.902960252761841, 5.52873010635376, 5.440585899353027, 6.139903593063354, 5.4393940448760985, 6.1024024963378904, 5.477612447738648, 5.455543136596679, 6.298230171203613, 5.731209230422974, 5.589057159423828, 5.060728931427002, 4.755102443695068, 5.625952816009521, 5.345229578018189, 5.0978899002075195, 4.96209077835083, 4.665702056884766, 4.566633987426758, 4.544084167480468, 4.429136276245117, 4.169795179367066, 4.053997039794922, 4.160789203643799, 4.173631954193115, 3.998216247558594, 3.8528762817382813, 3.8656907081604004, 3.9564865112304686, 3.8419703960418703, 3.462729024887085, 3.5428023099899293, 3.54266414642334, 3.571579122543335, 3.393683099746704, 3.0754639863967896, 3.3508456468582155, 3.462046670913696, 3.300464963912964, 3.265081691741943, 3.3016223907470703, 3.135271167755127, 2.889055681228638, 2.8109626293182375, 2.8613908529281615, 3.1751598119735718, 2.9255733728408813, 2.5719784021377565, 2.7488229990005495, 2.496340298652649, 2.4795042753219603, 2.7300419092178343, 2.3301937341690064, 2.324927020072937, 2.3023528337478636, 2.362950873374939]}
{"dataset": "InlineSkate", "depth": 3, "nb_filters": 32, "batch_size": 128, "kernel_size": 64, "use_residual": "False", "use_bottleneck": "True", "acc": 0.2676923076923077, "precision": 0.21128422689109777, "recall": 0.2625930912204274, "budget_ran": 1500,