{"dataset": "FordA", "depth": 3, "nb_filters": 32, "batch_size": 128, "kernel_size": 64, "use_residual": "False", "use_bottleneck": "True", "acc": 0.9605775659279436, "precision": 0.9605690907294833, "recall": 0.9605200994840072, "budget_ran": 1500, "train_curve": [0.27215073108673093, 0.1769505888223648, 0.16187330186367035, 0.14836413860321046, 0.14872782826423644, 0.16157179176807404, 0.14472827315330505, 0.13912905752658844, 0.13415859788656234, 0.13478269279003144, 0.1329053372144699, 0.13296872675418853, 0.1291877120733261, 0.13614645898342131, 0.1388418436050415, 0.12821398973464965, 0.11890909075737, 0.12012199014425277, 0.11588158458471298, 0.1225647434592247, 0.11589826047420501, 0.11535383909940719, 0.12685294300317765, 0.11746378988027573, 0.11726703494787216, 0.11342585384845734, 0.11783649027347565, 0.10562448799610138, 0.10793312042951583, 0.10265200138092041, 0.11090914905071259, 0.10679931342601776, 0.10310079455375672, 0.09854546934366226, 0.10711468160152435, 0.09850563406944275, 0.09414205700159073, 0.09012285023927688, 0.09939650446176529, 0.09563059657812119, 0.10217210054397582, 0.09440444856882095, 0.09495172202587128, 0.09916165918111801, 0.08597637414932251, 0.0851901039481163, 0.09769022613763809, 0.09203674495220185, 0.08349289894104003, 0.08679330348968506, 0.08176256418228149, 0.07871158570051193, 0.08475566804409027, 0.08224083483219147, 0.08046514689922332, 0.08755606114864349, 0.07435305267572404, 0.0750832885503769, 0.07857675850391388, 0.08020041286945342, 0.0794674128293991, 0.0810240626335144, 0.070733343064785, 0.07132627964019775, 0.06863162890076638, 0.06620733737945557, 0.0693002201616764, 0.06281333044171333, 0.07097667902708053, 0.06681411489844322, 0.0692558653652668, 0.061394792050123215, 0.05879029259085655, 0.0656384952366352, 0.06483579948544502, 0.06757638454437256, 0.06473645195364952, 0.061127738654613496, 0.05630445927381515, 0.05764620900154114, 0.05448985323309898, 0.052353831380605696, 0.052733276039361954, 0.05503103062510491, 0.058414298295974734, 0.06021447703242302, 0.054037049412727356, 0.049783488363027574, 0.051543500274419785, 0.04937075227499008, 0.048010525107383725, 0.04941239729523659, 0.044304919242858884, 0.045230977982282636, 0.05526803433895111, 0.04926603585481644, 0.04465317130088806, 0.0423998162150383, 0.04439720958471298, 0.0432291641831398, 0.04244949445128441, 0.03997618593275547, 0.048216404765844344, 0.04595566503703594, 0.04266311191022396, 0.038730320334434507, 0.040636806190013884, 0.036748405918478964, 0.03954427316784859, 0.04339259378612041, 0.041934609785676, 0.03709131442010403, 0.03613869994878769, 0.04392003454267979, 0.0362920019775629, 0.035138895735144615, 0.03680015280842781, 0.033929846808314325, 0.041226790845394136, 0.04673243910074234, 0.03936551064252854, 0.03598136641085148, 0.03272889479994774, 0.03493136949837208, 0.048842566832900045, 0.05267953053116799, 0.04144850596785545, 0.04096153900027275, 0.036908916756510736, 0.03365375064313412, 0.03149925544857979, 0.031174486503005028, 0.03419506624341011, 0.032088425010442734, 0.030963003635406494, 0.027365096658468247, 0.02768368273973465, 0.02798541896045208, 0.02533982917666435, 0.02719482108950615, 0.028983845189213753, 0.030711812898516655, 0.027715907990932466, 0.026562593504786493, 0.025491692870855332, 0.027403462678194046, 0.02994476370513439, 0.027043997310101986, 0.025085069984197617, 0.027587610855698587, 0.02571919485926628, 0.026355715841054915, 0.026798549667000772, 0.02541532590985298, 0.02787269726395607, 0.02839411683380604, 0.025682178512215614, 0.026321355253458023, 0.028045862168073653, 0.024444889277219772, 0.023157151229679585, 0.02345979530364275, 0.025058642402291297, 0.024803282134234904, 0.021544523909687995], "val_curve": [0.7564245760440826, 0.9301145195960998, 1.0036338448524476, 0.680837893486023, 1.1586532771587372, 0.5505262196063996, 0.48585105538368223, 0.8127576351165772, 0.752456796169281, 0.7201526761054993, 0.7855295836925507, 0.4318856239318848, 0.7870599567890167, 0.6125686943531037, 0.2908728510141373, 0.25734356641769407, 0.3994400084018707, 0.23568516224622726, 0.3211225628852844, 0.2539597973227501, 0.25773832499980925, 0.4509896397590637, 0.22151201069355012, 0.19011146426200867, 0.3085810661315918, 0.18646819591522218, 0.2048722803592682, 0.15121772587299348, 0.17105872631073, 0.2921681866049767, 0.361494305729866, 0.2526114463806152, 0.1988602265715599, 0.17804509550333023, 0.2096790701150894, 0.15229906737804413, 0.15788665860891343, 0.15551410913467406, 0.1538227304816246, 0.16383796334266662, 0.18188117444515228, 0.1885230526328087, 0.18399619162082673, 0.12024209797382354, 0.16600837111473082, 0.21569340229034423, 0.19567087888717652, 0.1459232747554779, 0.2024378940463066, 0.13431017994880676, 0.14701101779937745, 0.17189940959215164, 0.19351014941930772, 0.13779477179050445, 0.12237771898508072, 0.13141864389181138, 0.15065431147813796, 0.19374257028102876, 0.13479268550872803, 0.1509164720773697, 0.1672057956457138, 0.17284069806337357, 0.14712584316730498, 0.1489914745092392, 0.17589569687843323, 0.12711609452962874, 0.15961352437734605, 0.13408095389604568, 0.17369334846735002, 0.13671442866325378, 0.12303420156240463, 0.11883678287267685, 0.12508081644773483, 0.1252949595451355, 0.12708994299173354, 0.16648528575897217, 0.2087871953845024, 0.12132747769355774, 0.12266069054603576, 0.1441698580980301, 0.13500648885965347, 0.13312432765960694, 0.12455708235502243, 0.1289570152759552, 0.12641921639442444, 0.14019423872232437, 0.13705337196588516, 0.12222704142332078, 0.12225924581289291, 0.12621024399995803, 0.13275152891874314, 0.12420838624238968, 0.1357808381319046, 0.1426262617111206, 0.1420675203204155, 0.11968162655830383, 0.11787662804126739, 0.1325021505355835, 0.1892679825425148, 0.13327817767858505, 0.12930751591920853, 0.13181740045547485, 0.5851321697235108, 0.18400051742792128, 0.14028658866882324, 0.1562684014439583, 0.15408554971218108, 0.13877824544906617, 0.1513005942106247, 0.13311680257320405, 0.1289556637406349, 0.13341787904500962, 0.13352473080158234, 0.13776226341724396, 0.1772439420223236, 0.14889845103025437, 0.1833242416381836, 0.13639286905527115, 0.13387296199798585, 0.16515921503305436, 0.14505867958068847, 0.1815265327692032, 0.12180777043104171, 0.16467131972312926, 0.18173855543136597, 0.3133430480957031, 0.14102947860956191, 0.14614664912223815, 0.12981827259063722, 0.15495605915784835, 0.12907675355672837, 0.1486836165189743, 0.263478022813797, 0.15170930325984955, 0.14348849058151245, 0.12796013802289963, 0.1394788846373558, 0.14774961918592452, 0.12255287766456605, 0.12911804467439653, 0.14587658941745757, 0.14372765719890596, 0.1322537362575531, 0.15410516560077667, 0.1310712143778801, 0.14238682091236116, 0.1383301794528961, 0.12545086741447448, 0.14575614780187607, 0.1514954924583435, 0.13501747250556945, 0.1373291566967964, 0.14745525866746903, 0.14271334260702134, 0.1515175849199295, 0.1457759127020836, 0.15607277899980546, 0.1393812984228134, 0.13345301747322083, 0.14017739444971083, 0.13825870603322982, 0.12715619653463364, 0.1362712487578392, 0.15945924520492555, 0.12804353833198548]}
{"dataset": "FordA", "depth": 3, "nb_filters": 32, "batch_size": 128, "kernel_size": 64, "use_residual": "False", "use_bottleneck": "True", "acc": 0.9571220750278568, "precision": 0.9573611225512663, "recall": 0.9570806850751683, "budget_ran": 1500,