{"dataset": "wafer", "depth": 3, "nb_filters": 32, "batch_size": 128, "kernel_size": 64, "use_residual": "False", "use_bottleneck": "True", "acc": 0.9995812979762736, "precision": 0.9991406755624848, "recall": 0.9985383684130451, "budget_ran": 1500, "train_curve": [0.16393587738275528, 0.023405162431299687, 0.015420263633131981, 0.011937500163912772, 0.00884873503819108, 0.007507754024118185, 0.004884633421897888, 0.006138558825477957, 0.00520434770733118, 0.003991685062646866, 0.0035172136849723756, 0.003695472003892064, 0.003103734995238483, 0.0023353038588538764, 0.00210307314991951, 0.0020176123129203916, 0.0015089022112078966, 0.0012833402724936604, 0.0022967541823163628, 0.001746632787398994, 0.001947587530594319, 0.002450152114033699, 0.0027881987160071732, 0.002328307999414392, 0.0012184072387753987, 0.0009709134537843056, 0.0005883254532818682, 0.0008383611508179456, 0.0008680765626195352, 0.00243159253441263, 0.0024482042535964865, 0.0019377984324819408, 0.0014982971348217688, 0.0006750826694769784, 0.00041304858459625395, 0.0005192968106712215, 0.00026748279888124673, 0.0009162176356767304, 0.001182028424955206, 0.0006600285625609104, 0.0003715711114637088, 0.0002729774198087398, 0.0002892208816774655, 0.00019949578563682735, 0.00020745275760418734, 0.00018070345249725505, 0.0001497106786700897, 0.000155347977852216, 0.00017734257271513344, 0.0001599944011104526, 0.00015502325768466108, 0.00018774635609588585, 0.0001577062634169124, 0.00014900297464919275, 0.0001296099304454401, 0.00012286572818993592, 0.00015677765986765735, 0.0001394240913214162, 0.00013573429678217507, 0.00016633235973131377, 0.00017985764716286213, 0.00014382227454916573, 0.000137565987824928, 0.00011130864550068509, 0.00015906026965240017, 0.0001436106627807021, 0.00012366297232802026, 0.00013446156881400385, 0.00010836410292540677, 0.00020407453557709233, 0.00016564746401854792, 0.00011688606864481698, 0.00011258853010076564, 0.00011099181829195004, 0.00012680118925345596, 0.00012236696493346245, 0.0001226548141858075, 0.00011602795239014085, 0.00011833476783067454, 0.00011192087404197082, 8.269858444691636e-05, 9.384244003740605e-05, 0.00011989093945885543, 0.00012077487081114668, 8.584443421568721e-05, 8.167534506355877e-05, 9.414689302502665e-05, 9.295417548855766e-05, 7.92565435403958e-05, 8.992460388981271e-05, 9.36799515329767e-05, 7.786043279338628e-05, 9.977466979762539e-05, 9.312248876085505e-05, 0.00010200168871961068, 0.00010885363226407208, 8.439083030680195e-05, 8.404749241890386e-05, 7.888573563832323e-05, 9.320290882897098e-05, 6.637258593400475e-05, 8.847517074173084e-05, 8.289480247185566e-05, 8.286730571853696e-05, 7.652234817214775e-05, 7.187958217400592e-05, 7.977681016200223e-05, 8.26353752927389e-05, 0.00010510698521102313, 7.639170544280205e-05, 7.272923940035981e-05, 6.785146688343957e-05, 8.287064119940623e-05, 9.654999848862644e-05, 6.891010561957956e-05, 9.717417178762844e-05, 6.488978433480952e-05, 9.043341560754925e-05, 6.786554640711984e-05, 6.359687758958899e-05, 8.963662621681578e-05, 5.861399840796366e-05, 5.3683156875194984e-05, 5.346370744518936e-05, 7.797607740940293e-05, 9.112345505855047e-05, 9.308782900916413e-05, 6.431021902244538e-05, 6.482452808995732e-05, 5.6244799634441736e-05, 6.47394892439479e-05, 6.944085671420908e-05, 6.950724491616711e-05, 4.284298611310078e-05, 7.91497812315356e-05, 6.0702824885083825e-05, 8.373608216061257e-05, 6.736579998687376e-05, 5.5008822164381856e-05, 4.407208853081101e-05, 4.1178238461725414e-05, 4.478045848372858e-05, 6.665808796242345e-05, 6.241119644982973e-05, 7.868146785767749e-05, 6.841805061412743e-05, 5.414606675913092e-05, 5.1087386600556785e-05, 4.879670577793149e-05, 4.717884548881557e-05, 5.349308612494497e-05, 4.455754933587741e-05, 3.948619378206786e-05, 3.991766316175926e-05], "val_curve": [0.40565202981233595, 0.15499015152454376, 0.3234474867582321, 0.6468439623713493, 0.05265054777264595, 0.07527450546622276, 0.04236023686826229, 0.036291975528001785, 0.42098041251301765, 2.555437177978456, 0.08032824629917741, 0.06438459428027273, 0.8819453801959753, 0.021623212983831762, 0.012119269603863359, 0.024882848002016546, 0.005724497092887759, 0.006572398077696562, 0.017001104680821298, 0.007449625455774367, 0.09844488846138119, 0.033513759216293695, 0.015730857010930778, 0.010935227922163903, 0.004975751577876508, 0.006298556062392891, 0.007003931666258722, 0.002079104073345661, 0.0033313537132926285, 1.24243031735532, 0.22714817551895977, 0.007773017650470138, 0.07729434517677873, 0.007993994874414056, 0.0026556508848443626, 0.0028728089528158307, 0.0029159544035792353, 0.005789413681486622, 0.0019768544647376985, 0.002735960594145581, 0.001770205213688314, 0.0016768014465924352, 0.0016293963941279798, 0.0017921255377586931, 0.0018188847112469374, 0.001805943710496649, 0.0018506136897485704, 0.0018510272668208927, 0.0019004430097993464, 0.0018713021301664412, 0.0017398005235008895, 0.001647033158224076, 0.0016135349229443817, 0.001613529957830906, 0.0016897276975214482, 0.0017169080325402319, 0.0018006091471761466, 0.001910507760476321, 0.0018095761071890593, 0.0017971981200389565, 0.0018176238751038908, 0.0018728558730799704, 0.0017803877824917435, 0.0017224941635504364, 0.0016102075343951583, 0.001676663215039298, 0.0016925254865782335, 0.001713878207374364, 0.0017222581489477306, 0.0016833613626658916, 0.0017138856288511305, 0.001843431597808376, 0.0017985593585763127, 0.0017327517503872513, 0.001683960881200619, 0.0015992312924936413, 0.001601683330954984, 0.0016378007916500793, 0.0016508731583599, 0.001715552093810402, 0.0017249615193577483, 0.0016799943405203521, 0.0015519786160439254, 0.0016516125964699314, 0.0018234894872875885, 0.001784807868534699, 0.001722337567480281, 0.001721128635108471, 0.0016775469382992014, 0.00166934217850212, 0.0015295350749511272, 0.0015331786824390292, 0.001566478745371569, 0.0015601609033183196, 0.0015694690955569968, 0.0016728000453440472, 0.0017119132564403117, 0.0017593572876648978, 0.0016537241608602926, 0.0017398692492861302, 0.0016239796401350758, 0.0016363527218345552, 0.0016297259368002414, 0.0016127955284900963, 0.0016235121176578105, 0.0015220357949147002, 0.0015992280706996099, 0.00164882387034595, 0.0011328356253216044, 0.001250633568270132, 0.001404170763271395, 0.0015255247402819806, 0.00146026869333582, 0.00136375539295841, 0.0014132255600998178, 0.00153879695571959, 0.0016101114902994595, 0.0016024422773625701, 0.001592486364825163, 0.001646610104944557, 0.00170072022738168, 0.0016247444189502857, 0.0016731735886423849, 0.0015999645504052751, 0.0014553495522704907, 0.0016599771784967742, 0.0015205686679109931, 0.0015516602696152404, 0.0016283965596812777, 0.001589616660203319, 0.0014897175715304911, 0.001436817497597076, 0.0014067571915802545, 0.0015487148484680802, 0.001953890208096709, 0.0016725002700695769, 0.0017265788876102306, 0.0015959025506163016, 0.0014513317961245774, 0.001519162482873071, 0.001553283297107555, 0.0016406066162744537, 0.002112036809558049, 0.001696399858337827, 0.00161283774941694, 0.0016231875924859196, 0.001800443475076463, 0.0016561678850848694, 0.0015763530769618227, 0.0015230800687277223, 0.0015129530169360806, 0.00155323024810059, 0.001572479889728129, 0.0012921913337777368]}
{"dataset": "wafer", "depth": 3, "nb_filters": 32, "batch_size": 128, "kernel_size": 64, "use_residual": "False", "use_bottleneck": "True", "acc": 0.9995812979762736, "precision": 0.9985453717056968, "recall": 0.9992036242208785, "budget_ran": 1500,