{"dataset": "Computers", "depth": 3, "nb_filters": 32, "batch_size": 128, "kernel_size": 64, "use_residual": "False", "use_bottleneck": "True", "acc": 0.772, "precision": 0.777096958912026, "recall": 0.7684324904935295, "budget_ran": 1500, "train_curve": [0.6706775188446045, 0.6144691586494446, 0.5836963057518005, 0.565406346321106, 0.5511813402175904, 0.5365390062332154, 0.5218661665916443, 0.5032799780368805, 0.49512448310852053, 0.4770107626914978, 0.47201026082038877, 0.45719661116600036, 0.4632480800151825, 0.4436546802520752, 0.42460325360298157, 0.42153844237327576, 0.41878837943077085, 0.40858571529388427, 0.387244313955307, 0.39052993059158325, 0.3899239480495453, 0.36997476816177366, 0.3605114996433258, 0.3408855676651001, 0.35080631971359255, 0.3422366201877594, 0.3335365176200867, 0.32853519916534424, 0.321139395236969, 0.3213245630264282, 0.31026293635368346, 0.30720930695533755, 0.30264694094657896, 0.30629011392593386, 0.28635245859622954, 0.28374147415161133, 0.27795517444610596, 0.2761844754219055, 0.27594601511955263, 0.2701077789068222, 0.27549338042736055, 0.2742063134908676, 0.2709328025579453, 0.2704414397478104, 0.24461551606655121, 0.26071412265300753, 0.2485501229763031, 0.2385790079832077, 0.25461708307266234, 0.24225578904151918, 0.21861855685710907, 0.21061147451400758, 0.1980968803167343, 0.20405479669570922, 0.20409612953662873, 0.2025510013103485, 0.18471762537956238, 0.1905663400888443, 0.17927633821964264, 0.18802756071090698, 0.19456073641777039, 0.18290257453918457, 0.18187295794487, 0.18443003296852112, 0.17310554385185242, 0.17245776802301407, 0.18043949455022812, 0.15796199440956116, 0.16286997348070145, 0.16129170954227448, 0.16212651133537292, 0.15853313207626343, 0.16187611520290374, 0.14610227197408676, 0.15070819556713105, 0.15059312283992768, 0.15179733335971832, 0.1403467133641243, 0.13423652946949005, 0.14479293674230576, 0.14191029965877533, 0.1357012525200844, 0.1421929270029068, 0.14689954817295076, 0.13443593978881835, 0.13622977435588837, 0.1363307125866413, 0.128614342212677, 0.13237068802118301, 0.1263689562678337, 0.12476622313261032, 0.12236786186695099, 0.11647075116634369, 0.11499173790216446, 0.11029078885912895, 0.11441179960966111, 0.11301877647638321, 0.12309821993112564, 0.1309438854455948, 0.11754641681909561, 0.12314846217632294, 0.12460117638111115, 0.12005975991487502, 0.1272281900048256, 0.12728266566991805, 0.12644026279449463, 0.11971252560615539, 0.12221476584672927, 0.11266193687915801, 0.10309086218476296, 0.1020892046391964, 0.09384810030460358, 0.09599656984210014, 0.09521363079547882, 0.0902041919529438, 0.08890352323651314, 0.08418967127799988, 0.08470342233777046, 0.090134546905756, 0.08660649582743644, 0.08562515079975128, 0.08542607501149177, 0.0807169109582901, 0.08083680868148804, 0.08288113474845886, 0.08137232661247254, 0.08387722447514534, 0.07930540293455124, 0.07228695005178451, 0.0766085747629404, 0.07918715998530387, 0.07840991690754891, 0.07637996040284634, 0.08269305378198624, 0.0777018941938877, 0.07390724420547486, 0.07834803834557533, 0.07331246845424175, 0.07773153856396675, 0.07424645572900772, 0.06972956880927086, 0.07526693418622017, 0.06665214784443378, 0.06653810068964958, 0.07130366489291191, 0.0706128466874361, 0.0646683182567358, 0.0664261069148779, 0.06848414540290833, 0.06634889245033264, 0.06442946717143058], "val_curve": [0.7066056251525878, 0.7744136214256286, 0.8244006156921386, 0.85703204870224, 0.8552470803260803, 0.8418433666229248, 0.8307361721992492, 0.8066200137138366, 0.7888332486152649, 0.7627597570419311, 0.7060901045799255, 0.7255352139472961, 0.7023531794548035, 0.6985241651535035, 0.7066722869873047, 0.7841478228569031, 0.805804169178009, 0.9259657859802246, 0.8577674031257629, 0.8212239384651184, 0.8994245052337646, 0.8753657937049866, 0.8202774405479432, 0.8168169140815735, 0.9689893960952759, 0.8358562350273132, 0.9956426501274109, 0.9202106118202209, 1.0101324677467347, 0.9113089561462402, 0.9002161026000977, 1.0499841928482057, 1.0356254816055297, 0.9611093997955322, 0.9619895219802856, 0.953469181060791, 0.9462343692779541, 0.922443401813507, 1.0181677103042603, 1.0133241534233093, 1.1904305696487427, 1.0759285688400269, 1.226322889328003, 1.3669436573982239, 1.23557448387146, 1.3124557495117188, 1.2484540939331055, 1.0812087297439574, 1.4077884554862976, 1.20777508020401, 1.1895017981529237, 1.2325594305992127, 1.443020224571228, 1.17323294878006, 1.4392808437347413, 1.4074996352195739, 1.2315189361572265, 1.4799286603927613, 1.7330559253692628, 1.7657883882522583, 1.181751835346222, 1.6053833484649658, 1.3896123886108398, 1.462763500213623, 1.3392921686172485, 1.5681526422500611, 1.8376607656478883, 1.306493091583252, 1.7433835029602052, 1.6012364387512208, 1.3174861669540405, 1.3181735634803773, 1.3915079832077026, 1.2936200141906737, 1.4368763446807862, 1.363878345489502, 1.491925597190857, 1.3016090154647828, 1.3175851464271546, 1.1394373178482056, 1.3142024397850036, 1.2599592685699463, 1.3299218893051148, 1.0918556213378907, 1.3095517992973327, 1.194435441493988, 1.3283035159111023, 1.2468342781066895, 1.3594587445259094, 1.4181905746459962, 1.3820245385169982, 1.276937484741211, 1.2657336950302125, 1.1079831719398499, 1.2768037796020508, 1.2891042470932006, 1.2818650484085083, 1.335645365715027, 1.2839635014533997, 1.4235227346420287, 1.7762492537498473, 1.1710878610610962, 1.291615104675293, 2.086143660545349, 2.170760250091553, 1.7761640071868896, 1.6145579934120178, 1.5293891310691834, 1.4317208886146546, 1.3700095176696778, 1.3859664797782898, 1.3541450500488281, 1.2315979838371276, 1.1696339964866638, 1.2111679196357727, 1.2244369029998778, 1.2558518290519713, 1.2112634420394897, 1.1343665599822998, 1.1168386340141296, 1.0765920162200928, 1.027724266052246, 0.983957302570343, 1.0982468366622924, 0.9774516820907593, 1.0314460396766663, 1.1184497356414795, 1.020102620124817, 0.9233160257339478, 0.9724326014518738, 0.9587703824043274, 0.9331796646118165, 0.9693910121917725, 0.9048935174942017, 0.8498907804489135, 0.9432889997959137, 0.9928617715835572, 0.8923505902290344, 0.8039748787879943, 0.8714543581008911, 0.947118628025055, 0.9134732127189636, 0.799779623746872, 0.7491816401481628, 0.6812761306762696, 0.7085048198699951, 0.8472228884696961, 0.7990815997123718, 0.6507431387901306, 0.5925517976284027, 0.6250596106052398]}
{"dataset": "Computers", "depth": 3, "nb_filters": 32, "batch_size": 128, "kernel_size": 64, "use_residual": "False", "use_bottleneck": "True", "acc": 0.748, "precision": 0.7810618042861639, "recall": 0.7567866872790179, "budget_ran": 1500,