{"dataset": "ProximalPhalanxOutlineAgeGroup", "depth": 3, "nb_filters": 32, "batch_size": 128, "kernel_size": 64, "use_residual": "False", "use_bottleneck": "True", "acc": 0.6115702479338843, "precision": 0.49407372929469373, "recall": 0.6025762876408074, "budget_ran": 1500, "train_curve": [1.1726772427558898, 0.7616175293922425, 0.6458786964416504, 0.5985379815101624, 0.5690918684005737, 0.5456231713294983, 0.5337528467178345, 0.5116610169410706, 0.4943325757980347, 0.4750818371772766, 0.45737754702568056, 0.4396697223186493, 0.4315399169921875, 0.4134660840034485, 0.40139172077178953, 0.39144221544265745, 0.3814208984375, 0.37591023445129396, 0.37238756418228147, 0.37045968174934385, 0.37590179443359373, 0.3631215631961823, 0.3651962995529175, 0.3520523488521576, 0.35820969343185427, 0.33989933133125305, 0.3462415874004364, 0.3346112370491028, 0.33675644993782045, 0.33524521589279177, 0.3318942129611969, 0.32247315645217894, 0.3243979811668396, 0.31952024102210996, 0.3190005421638489, 0.3177234292030334, 0.31573291420936583, 0.3143146336078644, 0.31814161539077757, 0.3057070255279541, 0.3129854202270508, 0.3124148786067963, 0.3033225417137146, 0.30568832755088804, 0.30421626567840576, 0.30440346598625184, 0.29836016297340395, 0.2956184923648834, 0.3028899908065796, 0.2924355685710907, 0.30453682541847227, 0.30043222308158873, 0.29402023553848267, 0.29340051412582396, 0.29368776082992554, 0.2936495304107666, 0.28887553215026857, 0.29369404911994934, 0.28096118569374084, 0.28682206869125365, 0.2912432849407196, 0.2932115256786346, 0.28856443166732787, 0.282717889547348, 0.2818270057439804, 0.275348162651062, 0.2763264238834381, 0.27408812046051023, 0.26752614974975586, 0.26277007162570953, 0.2637858152389526, 0.2563628047704697, 0.2536825478076935, 0.257182976603508, 0.24978190660476685, 0.24656455218791962, 0.24490246474742888, 0.24509713053703308, 0.2504513800144196, 0.24324920177459716, 0.24138194918632508, 0.2387464553117752, 0.23581225275993348, 0.2342735558748245, 0.23852187991142274, 0.2331511378288269, 0.2303189218044281, 0.2339222699403763, 0.22559424936771394, 0.22961515784263611, 0.2304788500070572, 0.22342092990875245, 0.22566849887371063, 0.22024111747741698, 0.21788190603256224, 0.2146751433610916, 0.2105429232120514, 0.21080895960330964, 0.21433469355106355, 0.20757139325141907, 0.20914300978183747, 0.20717380046844483, 0.205684158205986, 0.208701029419899, 0.20557355582714082, 0.20250276029109954, 0.20044369995594025, 0.19854370057582854, 0.20159846246242524, 0.19897525608539582, 0.19552778601646423, 0.1986370176076889, 0.19836049377918244, 0.20017440915107726, 0.20105169713497162, 0.19702636897563935, 0.19120452105998992, 0.19351415932178498, 0.1875002145767212, 0.1835037052631378, 0.19013457298278807, 0.1832427889108658, 0.17991577982902526, 0.18665372133255004, 0.18182621896266937, 0.1785438746213913, 0.18169955611228944, 0.1745835781097412, 0.1769523501396179, 0.17149747908115387, 0.17528748512268066, 0.16541237235069275, 0.1683884561061859, 0.16631593108177184, 0.16199890673160552, 0.16323934197425843, 0.16733295619487762, 0.16112222671508789, 0.16236495971679688, 0.16529302299022675, 0.16661995649337769, 0.16173528879880905, 0.16682090163230895, 0.15641559660434723, 0.15700043737888336, 0.150290647149086, 0.15095967203378677, 0.15356079638004302, 0.1495833545923233, 0.1436930388212204, 0.14876727163791656, 0.14892866909503938, 0.1427637219429016, 0.14021167904138565, 0.13919093310832978], "val_curve": [1.0819039583206176, 1.058425521850586, 1.0529437422752381, 1.0383666038513184, 1.061965525150299, 1.0569660186767578, 1.0540882706642152, 1.0118310809135438, 0.9984605193138123, 1.0010340452194213, 1.055109179019928, 1.0747752904891967, 1.21956787109375, 1.3079257130622863, 1.4802788019180297, 1.5910130262374877, 1.762648379802704, 2.0153905868530275, 2.007187783718109, 1.977317714691162, 1.9327606201171874, 2.0099223136901854, 2.278995966911316, 2.5752825498580934, 2.6621128797531126, 2.4829123973846436, 2.3268049478530886, 2.5853005170822145, 2.713255262374878, 2.6858879566192626, 2.6049540996551515, 2.4826808094978334, 2.475885879993439, 2.6605212688446045, 2.4990960359573364, 2.5077102303504946, 2.621604633331299, 2.7399141073226927, 2.6343204021453857, 2.5563619136810303, 2.656102156639099, 2.8467332124710083, 2.9242469549179075, 2.909558391571045, 2.6355668783187864, 2.5365948557853697, 2.6493112564086916, 2.470393753051758, 2.6343631505966187, 3.0712534904479982, 3.32336540222168, 3.280185174942017, 3.1355002403259276, 2.8060808062553404, 2.8284319400787354, 3.0232873916625977, 3.0898792028427122, 2.89187228679657, 2.917327404022217, 2.9201299428939818, 3.1049996852874755, 3.2512814521789553, 3.260602903366089, 3.522040581703186, 3.287304925918579, 2.864820098876953, 2.748203706741333, 2.958835315704346, 3.2729522228240966, 3.42994019985199, 3.4699023485183718, 3.511922311782837, 3.5078486442565917, 3.4322086334228517, 3.3421503782272337, 3.288348078727722, 3.3161550521850587, 3.412608242034912, 3.5129315853118896, 3.5247636795043946, 3.471468782424927, 3.4476832151412964, 3.4438208818435667, 3.4408839464187624, 3.445226240158081, 3.4949871301651, 3.388029670715332, 3.3120461225509645, 3.37555730342865, 3.479872727394104, 3.4594210386276245, 3.3963730096817017, 3.425650930404663, 3.496331882476807, 3.524397444725037, 3.472103786468506, 3.429968500137329, 3.453440952301025, 3.487845945358276, 3.364987540245056, 3.4063832998275756, 3.4422561883926392, 3.4585506677627564, 3.526480197906494, 3.7409973621368406, 3.615268087387085, 3.604643630981445, 3.599474787712097, 3.732228398323059, 3.916159462928772, 3.669888496398926, 3.4105417251586916, 3.8988264560699464, 3.8708863258361816, 3.68052191734314, 3.679817795753479, 3.867289996147156, 4.022572803497314, 3.8609126567840577, 3.8516926765441895, 3.9950663328170775, 3.844425821304321, 3.6394748449325562, 3.6289979457855224, 3.454073452949524, 3.5408695936203003, 3.6195754528045656, 3.8418976783752443, 3.8673152685165406, 3.6343944787979128, 3.573544669151306, 3.698303294181824, 3.973602294921875, 3.669757676124573, 3.534166145324707, 4.012252616882324, 4.1008477210998535, 3.452163553237915, 3.744224119186401, 3.7604461193084715, 3.7990440011024473, 3.5814244747161865, 3.5417283296585085, 3.3563705325126647, 3.982004761695862, 3.688665509223938, 3.3416633367538453, 3.2031773805618284, 3.5229403734207154, 3.4913696527481077, 4.197939324378967, 3.8856974959373476, 3.0683251142501833, 2.6349698662757874, 3.327716314792633]}
{"dataset": "ProximalPhalanxOutlineAgeGroup", "depth": 3, "nb_filters": 32, "batch_size": 128, "kernel_size": 64, "use_residual": "False", "use_bottleneck": "True", "acc": 0.6644628099173554, "precision": 0.5490176341548367, "recall": 0.6398748428514439, "budget_ran": 1500,