{"dataset": "MoteStrain", "depth": 3, "nb_filters": 32, "batch_size": 128, "kernel_size": 64, "use_residual": "False", "use_bottleneck": "True", "acc": 0.9701312335958006, "precision": 0.970094415057807, "recall": 0.9703907933273689, "budget_ran": 1500, "train_curve": [0.3843426465988159, 0.19425504505634308, 0.1653010666370392, 0.1448855370283127, 0.1245655357837677, 0.10750647038221359, 0.09803004264831543, 0.0816164568066597, 0.07147782742977142, 0.06494293138384818, 0.0562548965215683, 0.05118468254804611, 0.04379461854696274, 0.03762076646089554, 0.03264665305614471, 0.027826244384050368, 0.025512781739234925, 0.02250766661018133, 0.01647518053650856, 0.014151053316891194, 0.011747656762599945, 0.013594895787537097, 0.012491941079497337, 0.011515695601701736, 0.009952529799193144, 0.007099917810410261, 0.006087052728980779, 0.004926414927467704, 0.004812873248010874, 0.00412572156637907, 0.0037218212615698575, 0.003071496915072203, 0.003046754794195294, 0.0031009261962026357, 0.0024583854479715227, 0.002164903376251459, 0.0018583937315270304, 0.001660801935940981, 0.0016384231392294168, 0.0015687502454966307, 0.0017279873369261622, 0.0015480470377951861, 0.0012437376659363507, 0.0011943900957703591, 0.0011922656558454037, 0.001089954620692879, 0.0010247485595755279, 0.0009693799074739218, 0.0009653619257733226, 0.0009564971085637807, 0.0008822017116472125, 0.00081867411499843, 0.0008077915059402585, 0.0008067389368079603, 0.0007036642055027187, 0.0007944852695800364, 0.0007218381622806191, 0.000645752635318786, 0.0006945855682715773, 0.000642552855424583, 0.0006274154642596841, 0.0005725667404476553, 0.0005716155748814345, 0.0005882572557311505, 0.0005637168418616056, 0.0005282098078168929, 0.0005284657585434615, 0.0005287465290166437, 0.0005290968052577228, 0.0004953180905431509, 0.0005647960351780057, 0.0005331423075404018, 0.0004952050978317857, 0.0004425357386935502, 0.000539369392208755, 0.00047248033224605023, 0.000524945923825726, 0.0005286430241540074, 0.0004256224783603102, 0.0004235733591485769, 0.0004381408449262381, 0.0003971528320107609, 0.0004346554633229971, 0.00043651367886923256, 0.0004735028545837849, 0.0003882512333802879, 0.0004022932902444154, 0.00040342408465221524, 0.0003585475205909461, 0.00039055535453371706, 0.0004084838321432471, 0.000386766972951591, 0.0003889754239935428, 0.0003558585303835571, 0.0003609655483160168, 0.00041114746709354223, 0.0003401537076570094, 0.0003866375016514212, 0.0003788179368712008, 0.00037185678957030177, 0.00037482622428797185, 0.0003588643565308303, 0.00034943795762956145, 0.00033006007433868947, 0.0003334488836117089, 0.000331970292609185, 0.0003500006627291441, 0.00034693938214331866, 0.00032871469156816604, 0.0003837580617982894, 0.0003759922634344548, 0.000364628538955003, 0.00037085943622514603, 0.00033100206055678425, 0.00035477192723192273, 0.0003430310287512839, 0.00031508838292211295, 0.00032368755782954397, 0.0003604227444157004, 0.0003278925665654242, 0.0003186608955729753, 0.00034414135734550655, 0.000365550082642585, 0.0003334766020998359, 0.0003318628529086709, 0.00036078213015571236, 0.00035401113564148545, 0.00036953037488274276, 0.0003613695094827563, 0.00038742757169529796, 0.0003574838279746473, 0.00030464481096714735, 0.000326917105121538, 0.0003448114788625389, 0.0003337879141326994, 0.0003255690447986126, 0.000335581845138222, 0.0003170519950799644, 0.0003051254374440759, 0.00035725238267332317, 0.00036261739442124965, 0.0003510623297188431, 0.00028116267058067026, 0.00032195281237363816, 0.00033029046608135104, 0.00031198672950267793, 0.0003245069528929889, 0.0003049086022656411, 0.00033446968882344663, 0.0003474990662652999, 0.00033083982998505235, 0.00029800396878272296, 0.0003145416674669832, 0.00032342904596589507, 0.0003281034354586154, 0.00029570243204943834, 0.0003447731491178274, 0.0003028014034498483, 0.0003120461158687249, 0.00030558391008526085, 0.000320733297849074, 0.0003166070848237723, 0.00028802000160794706, 0.0002962879894766957, 0.00030970430525485427, 0.00028246233705431223, 0.00030703527736477556, 0.0003102993330685422, 0.0002954273484647274], "val_curve": [0.45107764601707456, 0.4208783507347107, 0.27529670000076295, 0.3032790273427963, 0.2602728962898254, 0.280460262298584, 0.2882894933223724, 0.350295701622963, 0.2660583764314651, 0.31691387891769407, 0.4144423812627792, 0.38142465353012084, 0.2825991243124008, 0.3272897645831108, 0.5076272740960122, 0.5085327103734016, 0.48250673711299896, 0.5175029382109642, 0.5545666441321373, 0.5841729044914246, 0.5752616867423057, 0.4486365675926208, 0.6606915354728699, 0.6787163496017456, 0.4525589048862457, 0.7883111268281937, 0.3729302354156971, 0.47473754212260244, 0.610819847881794, 0.4911818474531174, 0.525257433205843, 0.45321050435304644, 0.5897655673325062, 0.5428194992244244, 0.4537855714559555, 0.4305838026106358, 0.44574266076087954, 0.4095938436686993, 0.36514651626348493, 0.38239495232701304, 0.3610449738800526, 0.33273266032338145, 0.29870383366942405, 0.30018409453332423, 0.3057480860501528, 0.31856191419065, 0.29921277426183224, 0.2442221339792013, 0.24592318385839462, 0.24046805091202259, 0.22221435643732548, 0.2052081748843193, 0.22892478182911874, 0.21452333815395833, 0.2012502256780863, 0.202211457490921, 0.1974478129297495, 0.18963890261948108, 0.17888570427894593, 0.17462575100362301, 0.1773180693387985, 0.17485446184873582, 0.16641973406076432, 0.15931107252836227, 0.16396116577088832, 0.15468053855001926, 0.15330371633172035, 0.15769441425800323, 0.14734766110777855, 0.14335276894271373, 0.14401167519390584, 0.14398362934589387, 0.13818200156092644, 0.13439237512648106, 0.13226281553506852, 0.1306207999587059, 0.14648189395666122, 0.13484590873122215, 0.12729859463870524, 0.11697032041847706, 0.1298494003713131, 0.12977907098829747, 0.12342891916632652, 0.12604867443442344, 0.13033334203064442, 0.12428248152136803, 0.12409964613616467, 0.11822964549064637, 0.12041237801313401, 0.12110941223800183, 0.11950260512530804, 0.11869462095201015, 0.117200368642807, 0.11718270443379879, 0.11711830347776413, 0.11695287898182868, 0.11710503101348876, 0.11631415672600269, 0.11554539948701859, 0.11559096798300743, 0.11520570069551468, 0.11471593081951141, 0.11452226378023625, 0.11451258584856987, 0.11466726250946521, 0.11441954784095287, 0.11428873427212238, 0.11395024359226227, 0.11361885108053685, 0.1134768683463335, 0.11361344121396541, 0.11365240626037121, 0.11381089091300964, 0.1136684212833643, 0.11340821273624897, 0.11341495476663113, 0.11302247904241085, 0.11288040839135646, 0.1126000739634037, 0.11222309693694114, 0.11228320151567459, 0.1124365646392107, 0.11302106827497482, 0.1133846327662468, 0.11275400221347809, 0.11226134337484836, 0.11239725202322007, 0.11228019818663597, 0.11238200478255748, 0.112647595256567, 0.11319251619279384, 0.11356418989598752, 0.11335101202130318, 0.113203214854002, 0.11293765343725681, 0.1129197746515274, 0.11295275986194611, 0.11293361447751522, 0.11279192380607128, 0.1131703358143568, 0.11323844417929649, 0.1128609225153923, 0.11271014548838139, 0.11225133463740349, 0.11177897937595845, 0.11175311990082264, 0.11148447319865226, 0.11133354865014553, 0.11120150797069073, 0.11038402989506721, 0.11024326495826245, 0.11074589230120183, 0.11127430312335491, 0.11145417988300324, 0.11156144514679908, 0.11179642267525196, 0.11221271008253098, 0.11259199194610119, 0.11250110603868961, 0.11266143582761287, 0.11242562308907508, 0.11251029707491397, 0.11282437555491924, 0.11289484202861785, 0.1129781223833561, 0.11340001076459885, 0.11340398900210857, 0.11357835978269577, 0.11336347162723541]}
{"dataset": "MoteStrain", "depth": 3, "nb_filters": 32, "batch_size": 128, "kernel_size": 64, "use_residual": "False", "use_bottleneck": "True", "acc": 0.9772054963717771, "precision": 0.9767198931163689, "recall": 0.9773952628854101, "budget_ran": 1500,