{"dataset": "FaceFour", "depth": 3, "nb_filters": 32, "batch_size": 128, "kernel_size": 64, "use_residual": "False", "use_bottleneck": "True", "acc": 0.825691699604743, "precision": 0.8275, "recall": 0.8370833333333334, "budget_ran": 1500, "train_curve": [1.4912622213363647, 1.1456014156341552, 0.9473437428474426, 0.7998740553855896, 0.6845516324043274, 0.593016505241394, 0.5194774389266967, 0.4583947598934174, 0.4058130383491516, 0.35970131754875184, 0.31868007183074953, 0.2821408212184906, 0.24971146285533904, 0.22062092423439025, 0.19477498531341553, 0.17195672690868377, 0.15193016529083253, 0.13426115363836288, 0.11871488988399506, 0.10525988489389419, 0.09358888268470764, 0.08325818032026291, 0.07436555176973343, 0.06663836017251015, 0.05983712300658226, 0.053978458791971204, 0.04889905899763107, 0.04440255910158157, 0.040429310873150826, 0.03694100789725781, 0.03382999487221241, 0.031091462075710296, 0.028674397990107535, 0.02647361420094967, 0.0245473675429821, 0.022824618965387344, 0.02129202466458082, 0.019928587973117827, 0.01869564540684223, 0.017567575350403784, 0.016560261696577074, 0.015642736479640006, 0.014810373447835446, 0.014050936512649059, 0.013355803117156029, 0.012717133946716785, 0.012136783823370934, 0.011600083857774734, 0.011104637011885642, 0.010643685422837734, 0.010218572337180376, 0.009823793824762107, 0.009457786567509174, 0.009117451962083578, 0.008799539227038623, 0.008502737432718278, 0.008223123196512461, 0.007961652614176274, 0.007716219779103995, 0.007484795525670052, 0.007266807649284601, 0.007061099819839001, 0.006867187097668648, 0.006683364324271679, 0.006508964579552412, 0.006344034709036351, 0.006187535729259253, 0.006038339436054229, 0.005896070692688227, 0.005760661326348782, 0.005631830729544163, 0.005508346110582351, 0.005390045279636979, 0.005276914685964584, 0.005168489366769791, 0.005064329830929637, 0.004964079195633531, 0.004867571871727705, 0.004774628812447191, 0.004684948083013296, 0.004598552919924259, 0.004515195311978459, 0.004434565454721451, 0.004356646304950118, 0.0042812380008399485, 0.004208174580708146, 0.004137321840971708, 0.004068548791110516, 0.004001878621056676, 0.003937235288321972, 0.003874597605317831, 0.003813941264525056, 0.0037551953922957183, 0.003698296006768942, 0.00364296636544168, 0.0035890792030841114, 0.003536530816927552, 0.0034852424636483193, 0.0034351465757936238, 0.003386223129928112, 0.0033384680282324553, 0.003291853843256831, 0.0032464749179780482, 0.0032022830564528704, 0.003159184427931905, 0.0031170570757240055, 0.0030758433043956757, 0.0030355230439454315, 0.002996094385161996, 0.002957536047324538, 0.002919808309525251, 0.002882866421714425, 0.002846674481406808, 0.002811199612915516, 0.0027764025144279003, 0.0027422839775681496, 0.0027088359463959934, 0.002676103822886944, 0.002644155058078468, 0.0026129891397431494, 0.0025824227137491106, 0.0025524226017296313, 0.002522946847602725, 0.002494041225872934, 0.002465710719116032, 0.0024379634065553545, 0.0024106869706884025, 0.0023838581517338754, 0.0023574800696223976, 0.0023315946105867623, 0.002306252787820995, 0.0022814656607806683, 0.002257186663337052, 0.00223334317561239, 0.0022099147317931056, 0.0021868483163416386, 0.00216415470931679, 0.0021417892538011076, 0.002119768690317869, 0.0020980571396648886, 0.002076656906865537, 0.0020555837312713266, 0.00203484611120075, 0.0020144487265497447, 0.001994373626075685, 0.0019746070727705957, 0.001955161499790847, 0.0019360198639333248, 0.0019171628402546049, 0.0018985851434990763, 0.0018802777165547013, 0.0018622481729835272, 0.0018446126487106085, 0.0018274280708283186, 0.0018104599788784982, 0.0017936964053660632, 0.0017771340208128095, 0.0017607592511922122, 0.0017445987556129693, 0.0017286696005612613, 0.0017129738116636872, 0.001697517465800047, 0.0016822829376906157, 0.0016672949073836207, 0.0016525106504559517, 0.0016379418782889843, 0.0016236337134614587, 0.001609576283954084, 0.001595731428824365, 0.0015820754691958428, 0.0015686354832723736, 0.0015553497709333898], "val_curve": [1.3791918516159059, 1.3598427772521973, 1.3419317245483398, 1.3293187618255615, 1.3242807865142823, 1.3261192798614503, 1.337250018119812, 1.3564504146575929, 1.3777389049530029, 1.3974865913391112, 1.412634539604187, 1.4207891941070556, 1.4169012784957886, 1.4002172470092773, 1.3778117179870606, 1.3528184413909912, 1.3195603609085083, 1.275521945953369, 1.2308209896087647, 1.1945940256118774, 1.1648308753967285, 1.1367270708084107, 1.1081417798995972, 1.080184316635132, 1.0603029489517213, 1.050238585472107, 1.0418934941291809, 1.029447889328003, 1.0147110223770142, 1.001083290576935, 0.993420946598053, 0.9967143058776855, 1.0092117428779601, 1.0232569575309753, 1.0304807901382447, 1.029183828830719, 1.0238115072250367, 1.0214340329170226, 1.027536189556122, 1.0422582268714904, 1.0602784156799316, 1.0744919657707215, 1.0800892472267152, 1.0772231698036194, 1.0704637885093689, 1.065461701154709, 1.0662230670452117, 1.0738260924816132, 1.0860901474952698, 1.09896941781044, 1.1084617018699645, 1.1124598145484925, 1.1108469069004059, 1.1056259036064149, 1.100299096107483, 1.0982637047767638, 1.101106435060501, 1.1081999659538269, 1.1169687867164613, 1.1239843487739563, 1.1269312024116516, 1.125316894054413, 1.1210191667079925, 1.1172652959823608, 1.1166947185993195, 1.1201521635055542, 1.1266935646533967, 1.134131634235382, 1.1399419188499451, 1.1424857676029205, 1.1416327118873597, 1.1383352100849151, 1.1341781079769135, 1.130578064918518, 1.1285422503948213, 1.1283081352710724, 1.1294939815998077, 1.1313822448253632, 1.1331534087657928, 1.1342610716819763, 1.1343943774700165, 1.1336236834526061, 1.1323723316192627, 1.1314047992229461, 1.1313020825386046, 1.1323343813419342, 1.1343199014663696, 1.1366357028484344, 1.1385844707489015, 1.1396221339702606, 1.1395116448402405, 1.1383895874023438, 1.1367943465709687, 1.1355544984340669, 1.1351872622966765, 1.1358288884162904, 1.1370405018329621, 1.1382410168647765, 1.1389329433441162, 1.1389347314834595, 1.1382873952388763, 1.1373121976852416, 1.1362476229667664, 1.1353929162025451, 1.1349315762519836, 1.1347430169582366, 1.134469985961914, 1.1338362753391267, 1.1327858090400695, 1.131302046775818, 1.129515677690506, 1.127635306119919, 1.1257924735546112, 1.1241531431674958, 1.1228108644485473, 1.1217547357082367, 1.1208039283752442, 1.119642698764801, 1.1181079208850861, 1.1161536514759063, 1.1139636218547821, 1.111657041311264, 1.1093952894210815, 1.1072507560253144, 1.105247002840042, 1.1034258782863617, 1.1015925586223603, 1.0995970845222474, 1.0973455727100372, 1.094709450006485, 1.091811043024063, 1.0887439906597138, 1.0856558620929717, 1.082682067155838, 1.0799061596393584, 1.0773070454597473, 1.0748659074306488, 1.072424066066742, 1.0697911441326142, 1.0667488634586335, 1.0633737921714783, 1.0598163723945617, 1.0562313616275787, 1.0527606427669525, 1.0494926154613495, 1.0463519871234894, 1.0431425809860229, 1.0397018909454345, 1.0360429763793946, 1.0322022140026093, 1.0282952308654785, 1.0244786143302917, 1.0207817733287812, 1.0171052813529968, 1.0133907735347747, 1.009557318687439, 1.0055489122867585, 1.0013743937015533, 0.9970821797847748, 0.9927788078784943, 0.9885278463363647, 0.9842871427536011, 0.9800511062145233, 0.9758105218410492, 0.9715367972850799, 0.9671862125396729, 0.9627684652805328, 0.9582562208175659, 0.953714394569397, 0.9491707801818847, 0.9446409821510315, 0.9401013314723968]}
{"dataset": "FaceFour", "depth": 3, "nb_filters": 32, "batch_size": 128, "kernel_size": 64, "use_residual": "False", "use_bottleneck": "True", "acc": 0.6778656126482213, "precision": 0.635, "recall": 0.6691666666666667, "budget_ran": 1500,