{"dataset": "Coffee", "depth": 3, "nb_filters": 32, "batch_size": 128, "kernel_size": 64, "use_residual": "False", "use_bottleneck": "True", "acc": 0.5666666666666667, "precision": 0.4781818181818182, "recall": 0.5833333333333333, "budget_ran": 1500, "train_curve": [0.9184383630752564, 0.6790327072143555, 0.602081048488617, 0.5532616317272187, 0.5049354612827301, 0.45598022639751434, 0.4069823771715164, 0.3576312094926834, 0.30902828872203825, 0.2648040220141411, 0.2240546837449074, 0.19221562817692756, 0.16552312523126603, 0.13996050357818604, 0.11596564203500748, 0.10192903205752372, 0.08352578543126583, 0.07113520503044128, 0.05977353192865849, 0.05093315839767456, 0.0443175945430994, 0.03825393803417683, 0.03413361888378859, 0.030813847668468952, 0.02724776305258274, 0.02507470790296793, 0.022992178238928317, 0.02091929130256176, 0.01955301370471716, 0.018113878928124903, 0.017038407549262048, 0.01583282249048352, 0.01503198379650712, 0.014330539293587208, 0.013366677053272723, 0.012857639417052268, 0.012263937667012215, 0.011641660332679748, 0.011099656019359827, 0.010712494794279336, 0.010251080431044102, 0.00981256365776062, 0.009391700569540262, 0.009097304381430148, 0.008726757578551769, 0.008384755905717611, 0.008111827541142702, 0.00788119826465845, 0.00761677734553814, 0.007366708479821682, 0.007180120283737779, 0.006980567285791039, 0.006770981661975384, 0.0065793941728770735, 0.006432376056909561, 0.006255483673885465, 0.006084782630205154, 0.005947534786537289, 0.005809874273836613, 0.00566992606036365, 0.00553730633109808, 0.005418496672064066, 0.005301358830183745, 0.005189738050103187, 0.005077612260356546, 0.004977011494338513, 0.0048833254259079695, 0.004782666964456439, 0.004691020492464304, 0.004608391737565398, 0.004526137560606003, 0.004439338855445385, 0.00436114314943552, 0.004282968305051327, 0.004203492356464267, 0.004124300461262465, 0.004049999034032225, 0.003981226310133934, 0.003915700316429138, 0.0038537004962563514, 0.00379366260021925, 0.003734533861279488, 0.0036737248301506042, 0.0036143352277576923, 0.003557191649451852, 0.003502584854140878, 0.0034495391184464095, 0.0033991867676377296, 0.0033506964100524783, 0.003303621895611286, 0.0032577670179307463, 0.0032144326251000166, 0.003173439600504935, 0.0031333711696788667, 0.0030951210297644137, 0.0030536594800651073, 0.0030086960876360537, 0.002960267732851207, 0.0029133154079318047, 0.0028723830822855235, 0.0028381314128637313, 0.0028071434004232287, 0.0027755046496167777, 0.0027406000066548587, 0.0027019730070605872, 0.0026628538267686962, 0.0026270827045664193, 0.002595806564204395, 0.002567132911644876, 0.002538824826478958, 0.0025089890928938984, 0.002477884688414633, 0.0024463410256430505, 0.002415849873796105, 0.002387080667540431, 0.002359898784197867, 0.002333969227038324, 0.0023090249160304666, 0.002284444752149284, 0.002259929873980582, 0.002235064678825438, 0.002210029098205268, 0.0021853923331946134, 0.0021607895148918034, 0.0021368694258853795, 0.0021137814270332455, 0.0020916153443977237, 0.0020701100351288916, 0.0020492351148277523, 0.0020287901861593127, 0.002009217906743288, 0.0019896927289664744, 0.0019709863234311344, 0.0019519268069416284, 0.001933141821064055, 0.0019136957125738263, 0.0018942052498459815, 0.00187405354809016, 0.0018541569588705897, 0.0018350079655647278, 0.0018172229174524546, 0.0018005853518843651, 0.0017844889545813203, 0.0017686246777884663, 0.001751980057451874, 0.001735123712569475, 0.001717824535444379, 0.001700940215960145, 0.001684630266390741, 0.0016690437449142336, 0.0016540221869945527, 0.0016407658462412656, 0.0016276267124339938, 0.001614315074402839, 0.0016011096187867225], "val_curve": [0.691607403755188, 0.6878241181373597, 0.6786766767501831, 0.6627689123153686, 0.6466906189918518, 0.6359737992286683, 0.6263092517852783, 0.6258803606033325, 0.6349572896957397, 0.6562989473342895, 0.6948911547660828, 0.7440530061721802, 0.8366658806800842, 0.9613567471504212, 1.1011547088623046, 1.2712301731109619, 1.468618130683899, 1.6706896901130677, 1.8796549916267395, 2.084450733661652, 2.280524504184723, 2.472807836532593, 2.667105185985565, 2.8699459075927733, 3.0653799772262573, 3.2445625722408296, 3.410375642776489, 3.5582074761390685, 3.683823585510254, 3.804004979133606, 3.9363569617271423, 4.07338809967041, 4.185378360748291, 4.25935218334198, 4.317438960075378, 4.3980060577392575, 4.505785393714905, 4.6112569808959964, 4.684402704238892, 4.723466587066651, 4.748360729217529, 4.765936279296875, 4.784965705871582, 4.798737192153931, 4.814401531219483, 4.826819705963135, 4.833801507949829, 4.827560901641846, 4.812703323364258, 4.803784894943237, 4.800108098983765, 4.803443050384521, 4.801038694381714, 4.78924560546875, 4.763888025283814, 4.729287481307983, 4.6911389350891115, 4.657150840759277, 4.6292633533477785, 4.606209230422974, 4.580715799331665, 4.547645950317383, 4.510971307754517, 4.470973968505859, 4.438142585754394, 4.405685758590698, 4.382363510131836, 4.351174592971802, 4.329222297668457, 4.289149522781372, 4.258986759185791, 4.204359912872315, 4.17262225151062, 4.12689528465271, 4.106983995437622, 4.075230598449707, 4.047109937667846, 4.017549133300781, 3.978676176071167, 3.9560062408447267, 3.9178110122680665, 3.899635982513428, 3.8644274711608886, 3.842280864715576, 3.809445095062256, 3.778324747085571, 3.7477811336517335, 3.7120411872863768, 3.6869072914123535, 3.649261474609375, 3.6302604198455812, 3.589137887954712, 3.574797248840332, 3.5272878646850585, 3.5168402671813963, 3.4715104579925535, 3.4617393970489503, 3.4268772125244142, 3.404219913482666, 3.3818422317504884, 3.3475255966186523, 3.3398293018341065, 3.3054391860961916, 3.2999249935150146, 3.270785331726074, 3.2560561180114744, 3.237737226486206, 3.211742639541626, 3.202826642990112, 3.1739661693573, 3.166563558578491, 3.1406139850616457, 3.1287425994873046, 3.1082278728485107, 3.0882670402526857, 3.072008657455444, 3.050376844406128, 3.0426190376281737, 3.0212764739990234, 3.0158345699310303, 2.9933791637420653, 2.9859751224517823, 2.9665787696838377, 2.958438014984131, 2.945630121231079, 2.9342761516571043, 2.925927257537842, 2.912252330780029, 2.907180643081665, 2.892884111404419, 2.8907057762146, 2.873653793334961, 2.8715915441513062, 2.852910947799683, 2.853462791442871, 2.8374558687210083, 2.8372408866882326, 2.8237064599990847, 2.8194211959838866, 2.8133548974990843, 2.80760281085968, 2.8081084728240966, 2.7986884355545043, 2.800603914260864, 2.791100764274597, 2.792966866493225, 2.786665153503418, 2.785275602340698, 2.781289076805115, 2.776118350028992, 2.775692176818848, 2.770416831970215, 2.772052693367004, 2.7663411855697633, 2.7666317939758303]}
{"dataset": "Coffee", "depth": 3, "nb_filters": 32, "batch_size": 128, "kernel_size": 64, "use_residual": "False", "use_bottleneck": "True", "acc": 0.6484848484848484, "precision": 0.5215151515151515, "recall": 0.625, "budget_ran": 1500,