{"dataset": "Worms", "depth": 3, "nb_filters": 32, "batch_size": 128, "kernel_size": 64, "use_residual": "False", "use_bottleneck": "True", "acc": 0.5396681749622926, "precision": 0.470820091785609, "recall": 0.41117147104103635, "budget_ran": 1500, "train_curve": [1.6866741180419922, 1.2016501903533936, 1.0780911445617676, 1.0336591005325317, 1.0023056268692017, 0.9713583350181579, 0.9488529086112976, 0.9206387400627136, 0.9038499593734741, 0.8888728976249695, 0.8687406659126282, 0.8542988896369934, 0.8448335647583007, 0.8301708579063416, 0.813849401473999, 0.8026402592658997, 0.7921606540679932, 0.782713258266449, 0.775357723236084, 0.7506083369255065, 0.7471050262451172, 0.7414185047149658, 0.7365243196487427, 0.7170830607414246, 0.7242744445800782, 0.7143553137779236, 0.7038365483283997, 0.6935748934745789, 0.6885875940322876, 0.6812678933143616, 0.6611392855644226, 0.6691633939743042, 0.6608219623565674, 0.6481603741645813, 0.6636677026748657, 0.638818371295929, 0.6480793118476867, 0.6387295842170715, 0.6485606908798218, 0.6303694605827331, 0.6189714789390564, 0.5967917323112488, 0.6035334825515747, 0.5951926350593567, 0.586567485332489, 0.5860705256462098, 0.5846416115760803, 0.5924948334693909, 0.574110460281372, 0.5646373689174652, 0.5752994954586029, 0.5595423817634583, 0.5544485449790955, 0.5639937162399292, 0.5439659476280212, 0.5541651487350464, 0.5291106522083282, 0.5305815517902375, 0.521492737531662, 0.5216204106807709, 0.5160133242607117, 0.5108784317970276, 0.5053877353668212, 0.501987487077713, 0.4928544878959656, 0.48660288453102113, 0.48378685116767883, 0.49275649189949033, 0.47725666761398317, 0.46925002336502075, 0.46348890066146853, 0.4573778986930847, 0.4468920111656189, 0.4688482880592346, 0.4570934295654297, 0.4602796196937561, 0.4610659182071686, 0.449977433681488, 0.45710563063621523, 0.44210779666900635, 0.43499953150749204, 0.4249231696128845, 0.4179821789264679, 0.4191734790802002, 0.41245860457420347, 0.4141636073589325, 0.40667142868041994, 0.42562572956085204, 0.4177155911922455, 0.4148068010807037, 0.4023778259754181, 0.3999945640563965, 0.3940682649612427, 0.4000574290752411, 0.38698577880859375, 0.3965031147003174, 0.36561198234558107, 0.3683114767074585, 0.36172730326652525, 0.3534258484840393, 0.35026206374168395, 0.3503346979618073, 0.3432902693748474, 0.33743775486946104, 0.33480811715126035, 0.337573903799057, 0.32766427397727965, 0.3363094091415405, 0.3249517261981964, 0.3171200454235077, 0.3208541214466095, 0.32624749541282655, 0.31061612963676455, 0.31949766874313357, 0.3196576118469238, 0.3046668887138367, 0.30416418313980104, 0.31227503418922425, 0.3035472333431244, 0.3065543472766876, 0.3009824872016907, 0.31050761342048644, 0.3090240776538849, 0.29103073477745056, 0.29725355505943296, 0.29598798155784606, 0.30118011832237246, 0.29074378609657286, 0.28090267181396483, 0.28752301633358, 0.27991963028907774, 0.29315963983535764, 0.2851679682731628, 0.29844455122947694, 0.2721319407224655, 0.2835075557231903, 0.2740704894065857, 0.2725075870752335, 0.2686635911464691, 0.25223523676395415, 0.25401774048805237, 0.24862118661403657, 0.2489871233701706, 0.2451228380203247, 0.2427921175956726, 0.2491497963666916, 0.2402656316757202, 0.251424515247345, 0.24547754526138305, 0.23974012434482575, 0.22910901606082917, 0.2332158386707306, 0.2268501490354538, 0.2295156180858612, 0.22686822712421417], "val_curve": [1.5253564357757567, 1.4768270969390869, 1.4392713546752929, 1.4028278827667235, 1.3592817783355713, 1.3196129322052002, 1.291561484336853, 1.284020972251892, 1.2591974496841432, 1.2347303628921509, 1.2668847560882568, 1.3329357624053955, 1.3515744924545288, 1.3377333641052247, 1.3231143951416016, 1.2934653520584107, 1.321801519393921, 1.4036971807479859, 1.4620691537857056, 1.519806480407715, 1.5774122476577759, 1.6408108472824097, 1.685158371925354, 1.7857204914093017, 1.8971601963043212, 1.9743484497070312, 2.0442426919937136, 2.0685249090194704, 2.128650593757629, 2.2204408407211305, 2.35967481136322, 2.382191228866577, 2.329609727859497, 2.3737178325653074, 2.5239805698394777, 2.5991300344467163, 2.5073978185653685, 2.4559125661849976, 2.5376929521560667, 2.658101797103882, 2.7340630531311034, 2.737408995628357, 2.7542820453643797, 2.7348286390304564, 2.693247103691101, 2.787903642654419, 2.9094606399536134, 2.9422893047332765, 2.9270262241363527, 2.9175487041473387, 2.8758174896240236, 2.9083947420120237, 2.9886970043182375, 2.971455216407776, 2.8713470220565798, 2.9025994539260864, 3.096295404434204, 3.3848406314849853, 3.4920255661010744, 3.3979575634002686, 3.181325006484985, 3.0566806554794312, 3.0819020748138426, 3.247858238220215, 3.497853994369507, 3.640530061721802, 3.6064855575561525, 3.471283292770386, 3.248102331161499, 3.216412401199341, 3.2202923774719237, 3.343372917175293, 3.419542598724365, 3.3506617069244387, 3.3172931432724, 3.401886534690857, 3.4194173336029055, 3.301095390319824, 3.217375135421753, 3.2961411476135254, 3.449975919723511, 3.589182472229004, 3.7026297092437743, 3.69330518245697, 3.6428224802017213, 3.5894844770431518, 3.477091360092163, 3.337502145767212, 3.328372025489807, 3.338380312919617, 3.436439561843872, 3.5282729625701905, 3.5066324710845946, 3.5806063413619995, 3.5450798511505126, 3.3864317417144774, 3.442565679550171, 3.7103268623352053, 3.9489638805389404, 4.090174961090088, 3.9648555278778077, 3.8087065696716307, 3.812394618988037, 3.7082841396331787, 3.4859538078308105, 3.343672752380371, 3.423367476463318, 3.612109136581421, 3.696621465682983, 3.387656831741333, 3.0850451707839968, 3.2390674591064452, 3.5903939723968508, 3.642225956916809, 3.596451449394226, 3.6229986906051637, 3.672609639167786, 3.549094891548157, 3.4088775157928466, 3.3409528017044066, 3.144360589981079, 2.928809881210327, 2.8663802623748778, 2.8356106758117674, 3.002171349525452, 3.21221718788147, 3.422961616516113, 3.714407444000244, 3.57023549079895, 3.2360334157943726, 3.100890040397644, 2.9502533197402956, 3.0354093313217163, 3.1303021907806396, 3.139373254776001, 3.125449013710022, 3.2913622140884398, 3.5262460947036742, 3.6051687955856324, 3.302651286125183, 3.007405924797058, 2.9923699140548705, 2.9970248699188233, 2.7960976123809815, 2.725826549530029, 2.890573740005493, 3.1137290954589845, 3.209897780418396, 2.9696009159088135, 2.6327241182327272, 2.5289507150650024, 2.6862594366073607, 2.84148223400116, 2.797686719894409, 2.6660162210464478]}
{"dataset": "Worms", "depth": 3, "nb_filters": 32, "batch_size": 128, "kernel_size": 64, "use_residual": "False", "use_bottleneck": "True", "acc": 0.46168929110105583, "precision": 0.3590733384262796, "recall": 0.3885605107664604, "budget_ran": 1500,