{"dataset": "Car", "depth": 3, "nb_filters": 32, "batch_size": 128, "kernel_size": 64, "use_residual": "False", "use_bottleneck": "True", "acc": 0.4416666666666666, "precision": 0.30312921727395414, "recall": 0.44160714285714286, "budget_ran": 1500, "train_curve": [1.5120720148086548, 1.348513650894165, 1.2859508275985718, 1.2324657678604125, 1.1803919553756714, 1.128856348991394, 1.0802011013031005, 1.031799817085266, 0.9851068258285522, 0.9435757279396058, 0.9070508003234863, 0.8652871608734131, 0.8296910881996155, 0.7969803810119629, 0.7652330875396729, 0.739997923374176, 0.7119598984718323, 0.6874983906745911, 0.6697786569595336, 0.6366011381149292, 0.6203262209892273, 0.5969415545463562, 0.5780005574226379, 0.5602051794528962, 0.5416486084461212, 0.5255451977252961, 0.5069204688072204, 0.49117432832717894, 0.4767859935760498, 0.4589471399784088, 0.4466494143009186, 0.431204628944397, 0.4142580986022949, 0.40526983737945554, 0.3975264191627502, 0.3983627736568451, 0.3684596300125122, 0.3767495810985565, 0.35140923261642454, 0.34489898681640624, 0.32689176201820375, 0.31943769454956056, 0.30292553305625913, 0.2917254388332367, 0.2805641531944275, 0.26714460253715516, 0.2584255814552307, 0.2469252049922943, 0.24311549663543702, 0.23241546750068665, 0.22298656702041625, 0.22906077802181243, 0.21500857472419738, 0.2020101010799408, 0.19742338955402375, 0.18921872079372407, 0.18248312175273895, 0.1772572308778763, 0.1689477264881134, 0.15907473862171173, 0.1542760521173477, 0.14610307961702346, 0.1410658612847328, 0.13765318989753722, 0.13095608800649644, 0.12789733856916427, 0.11974513232707977, 0.11145044267177581, 0.10977193117141723, 0.10521622896194457, 0.09989797621965409, 0.09767133295536042, 0.09342471361160279, 0.09196447730064392, 0.08495254069566727, 0.08125076293945313, 0.07785335332155227, 0.07526092976331711, 0.06916392892599106, 0.06889610663056374, 0.06657006517052651, 0.06277768909931183, 0.058883989602327345, 0.058362338691949844, 0.05387448072433472, 0.05266913846135139, 0.05166739597916603, 0.04749286845326424, 0.04497067481279373, 0.044746287167072296, 0.042538126558065416, 0.04193333014845848, 0.040776075422763826, 0.039726968854665756, 0.03738740272819996, 0.034400897473096846, 0.033989834040403365, 0.03335583880543709, 0.03257245942950249, 0.03124551959335804, 0.030102623254060747, 0.028896111622452737, 0.027575135976076127, 0.026694652810692786, 0.025619622319936752, 0.024437731876969338, 0.02376646511256695, 0.023747601360082627, 0.022856710478663445, 0.021734731644392012, 0.02105022221803665, 0.020397292077541353, 0.020005299150943755, 0.019483347609639167, 0.01882905513048172, 0.01822010949254036, 0.017960798740386964, 0.01753345187753439, 0.016993995942175388, 0.01640867441892624, 0.015950383991003035, 0.015594093501567841, 0.015316272899508477, 0.015018834546208382, 0.014599486254155636, 0.01423251461237669, 0.013981607370078563, 0.013662566803395748, 0.013280853256583213, 0.012934325821697712, 0.01264477800577879, 0.012390313670039177, 0.012221707962453365, 0.011981990188360214, 0.011710763163864612, 0.011507155187427998, 0.011253290995955467, 0.01103482786566019, 0.010753414779901504, 0.010551164858043194, 0.010360928624868393, 0.010236646793782712, 0.010043859109282493, 0.009847111068665981, 0.009656383283436298, 0.00946932528167963, 0.009283255785703659, 0.009102350566536188, 0.008969889301806689, 0.008841853495687247, 0.008726867195218802], "val_curve": [1.3832533836364747, 1.3825124502182007, 1.3823618412017822, 1.3837968349456786, 1.3877806186676025, 1.3924821615219116, 1.3955245971679688, 1.403888463973999, 1.4120580434799195, 1.424318265914917, 1.4403743028640748, 1.4686042070388794, 1.5048538208007813, 1.5352576494216919, 1.5684646129608155, 1.6089787483215332, 1.664045786857605, 1.6743777990341187, 1.7210402488708496, 1.7364553213119507, 1.7564384460449218, 1.8073062896728516, 1.8439079999923706, 1.8817387104034424, 1.914953637123108, 2.02494330406189, 2.001665186882019, 2.0398766040802, 2.1579177141189576, 2.1954986333847044, 2.1887689352035524, 2.137885856628418, 2.1962998867034913, 2.2802258014678953, 2.2879114866256716, 2.201483678817749, 2.1538204193115233, 2.15920352935791, 2.261297106742859, 2.2452441215515138, 2.2648733854293823, 2.2754242420196533, 2.3181981801986695, 2.3518171072006226, 2.3822674036026, 2.417723774909973, 2.4553023099899294, 2.473471236228943, 2.40615029335022, 2.321940565109253, 2.3615898370742796, 2.3868754148483275, 2.4434341907501222, 2.525141167640686, 2.5486640453338625, 2.5454715728759765, 2.5838772296905517, 2.6289291381835938, 2.6545788526535032, 2.724916195869446, 2.785114550590515, 2.863917660713196, 2.9106268644332887, 2.8458839654922485, 2.8824288606643678, 2.996667242050171, 2.9891985654830933, 3.026204776763916, 3.1541293621063233, 3.1848198890686037, 3.1719637155532836, 3.295642113685608, 3.3652850151062013, 3.3943765640258787, 3.3355334043502807, 3.384552335739136, 3.4628931999206545, 3.5009610414505006, 3.58704559803009, 3.642580533027649, 3.639818024635315, 3.7132535696029665, 3.839036464691162, 3.9540100574493406, 4.016281700134277, 4.041188907623291, 4.067999601364136, 4.1041709899902346, 4.13871169090271, 4.200678396224975, 4.2647544860839846, 4.283406686782837, 4.33964352607727, 4.407138013839722, 4.436434364318847, 4.479265403747559, 4.541883420944214, 4.626915645599365, 4.639880847930908, 4.68494610786438, 4.708527231216431, 4.738196182250976, 4.81932692527771, 4.863681173324585, 4.936424303054809, 4.987761831283569, 5.037974119186401, 5.110564374923706, 5.1834752559661865, 5.203051900863647, 5.248861980438233, 5.320209169387818, 5.393730688095093, 5.437783432006836, 5.4706707954406735, 5.53885817527771, 5.538964176177979, 5.60790605545044, 5.664408254623413, 5.7062901020050045, 5.731278133392334, 5.7805742740631105, 5.854090642929077, 5.832317590713501, 5.8835540294647215, 5.93199405670166, 5.98409514427185, 5.97514591217041, 5.997841215133667, 6.042549896240234, 6.074307680130005, 6.114141416549683, 6.132867765426636, 6.170526504516602, 6.171160173416138, 6.219839811325073, 6.24194107055664, 6.261865949630737, 6.280116844177246, 6.3026838302612305, 6.351959085464477, 6.350690317153931, 6.395692777633667, 6.406465244293213, 6.427230787277222, 6.426252603530884, 6.452235984802246, 6.4849944591522215, 6.483202600479126, 6.496343994140625, 6.515066051483155]}
{"dataset": "Car", "depth": 3, "nb_filters": 32, "batch_size": 128, "kernel_size": 64, "use_residual": "False", "use_bottleneck": "True", "acc": 0.30833333333333335, "precision": 0.17539141414141415, "recall": 0.3416666666666667, "budget_ran": 1500,