{"dataset": "Phoneme", "depth": 3, "nb_filters": 32, "batch_size": 128, "kernel_size": 64, "use_residual": "False", "use_bottleneck": "True", "acc": 0.4265402843601896, "precision": 0.3335920615779059, "recall": 0.30461319455708125, "budget_ran": 1500, "train_curve": [3.3114402294158936, 2.8447514533996583, 2.6850781440734863, 2.5774428844451904, 2.4843960762023927, 2.41162314414978, 2.345427083969116, 2.276490592956543, 2.225604438781738, 2.1687176704406737, 2.113774633407593, 2.0622631549835204, 2.027307415008545, 1.9802647352218627, 1.9393788814544677, 1.8963938236236573, 1.8546372890472411, 1.8216551303863526, 1.7844665050506592, 1.75292866230011, 1.7109614133834838, 1.682232880592346, 1.653909730911255, 1.6288602352142334, 1.5997030019760132, 1.5675551891326904, 1.530476450920105, 1.5039799213409424, 1.4764718770980836, 1.4501854658126831, 1.4169328212738037, 1.4060411214828492, 1.376374077796936, 1.367868423461914, 1.3338096857070922, 1.3051742553710937, 1.2846863746643067, 1.2617910385131836, 1.2350331783294677, 1.2130148649215697, 1.1798187255859376, 1.1591737508773803, 1.141231083869934, 1.122661018371582, 1.1041101217269897, 1.0811050891876222, 1.0585683345794679, 1.0532104969024658, 1.0217008113861084, 1.003186333179474, 0.9838572144508362, 0.9816689372062684, 0.9510566234588623, 0.922783100605011, 0.9052004933357238, 0.9059977173805237, 0.8901197791099549, 0.8512982845306396, 0.8539451718330383, 0.831411600112915, 0.8090705871582031, 0.8043442249298096, 0.7904822587966919, 0.7664281845092773, 0.7497762441635132, 0.7287335872650147, 0.7169938445091247, 0.7016504645347595, 0.6925176858901978, 0.6748985886573792, 0.666752564907074, 0.6421542406082154, 0.6368337273597717, 0.6346122026443481, 0.6200438499450683, 0.6005794763565063, 0.5815981507301331, 0.5613970339298249, 0.5609149277210236, 0.548281729221344, 0.5388431906700134, 0.5289647221565247, 0.5243056654930115, 0.5140762209892273, 0.4968589127063751, 0.487504905462265, 0.4742634654045105, 0.45814180970191953, 0.45332264304161074, 0.4441452622413635, 0.4526899456977844, 0.4342853188514709, 0.4149472713470459, 0.4093690037727356, 0.3988912582397461, 0.3949558258056641, 0.3814271092414856, 0.3799086809158325, 0.3751779794692993, 0.3687055468559265, 0.36370064616203307, 0.35147265791893006, 0.3540911853313446, 0.33897507190704346, 0.3371992945671082, 0.3204855501651764, 0.32160891890525817, 0.3190445303916931, 0.3142635881900787, 0.30770662128925325, 0.29389029145240786, 0.30047768652439116, 0.28184192478656767, 0.2732249885797501, 0.27051523625850676, 0.26730926632881163, 0.25915791690349577, 0.2470824271440506, 0.25126705765724183, 0.2517696410417557, 0.24521535038948059, 0.2452938973903656, 0.2356448233127594, 0.2373168557882309, 0.23278549909591675, 0.22694531083106995, 0.20921095013618468, 0.20115876197814941, 0.19060162603855133, 0.190825217962265, 0.19478498697280883, 0.19532051980495452, 0.1964432865381241, 0.19514421820640565, 0.19440955817699432, 0.18929552137851716, 0.20085642337799073, 0.19902834296226501, 0.18775323629379273, 0.16826348900794982, 0.15016062557697296, 0.13835822641849518, 0.1306455209851265, 0.13037381917238236, 0.1377311810851097, 0.13571208715438843, 0.13254295140504838, 0.1287028446793556, 0.12233448624610901, 0.1208208978176117, 0.11842349469661713, 0.11617802679538727, 0.10892117172479629, 0.1029836356639862, 0.10134137719869614, 0.10090849846601486, 0.0981036365032196, 0.10283468216657639, 0.10701759308576583, 0.10110064595937729, 0.10388861894607544, 0.10753536820411683, 0.1074100524187088, 0.10626513957977295, 0.1000981330871582, 0.09251340627670288, 0.09004667848348617, 0.07877912670373917, 0.07176123335957527, 0.06902086362242699, 0.06608206927776336, 0.0687600776553154, 0.06682275757193565, 0.06739956960082054, 0.06413146927952766, 0.06565980166196823, 0.06465014293789864, 0.06313226222991944, 0.06349800899624825, 0.0657896339893341, 0.06316809877753257, 0.06354823410511017, 0.06488918215036392, 0.06463785842061043, 0.07639490216970443, 0.06666747331619263, 0.06430281475186347, 0.06744848564267159, 0.06773082464933396, 0.0566986158490181, 0.05536848977208138, 0.05487541928887367, 0.05177868977189064, 0.05178204104304314, 0.04989715665578842, 0.05124506056308746, 0.050870446115732194, 0.04977753385901451, 0.04991134181618691, 0.05034813210368157, 0.04991197288036346],