{"dataset": "Trace", "depth": 3, "nb_filters": 32, "batch_size": 128, "kernel_size": 64, "use_residual": "False", "use_bottleneck": "True", "acc": 0.6849999999999999, "precision": 0.4932685385562623, "recall": 0.65, "budget_ran": 1500, "train_curve": [1.6772976160049438, 1.1782901287078857, 0.9279280304908752, 0.7807007431983948, 0.677666699886322, 0.5990371942520142, 0.540688943862915, 0.4947695374488831, 0.45707215666770934, 0.424673980474472, 0.3960184872150421, 0.36967764496803285, 0.3436146378517151, 0.3193631857633591, 0.2975517362356186, 0.2729368507862091, 0.24923604130744934, 0.22643980979919434, 0.20628029406070708, 0.18961802423000335, 0.172211192548275, 0.15762275755405425, 0.140689355134964, 0.12913696467876434, 0.11582750976085662, 0.10933025479316712, 0.10295255482196808, 0.09449528530240059, 0.08084227368235589, 0.08061650693416596, 0.07119644433259964, 0.06525408551096916, 0.06073573529720307, 0.05808572471141815, 0.05308724418282509, 0.04912752360105514, 0.047063232958316804, 0.04281951263546944, 0.0409555371850729, 0.0380725160241127, 0.0361946415156126, 0.034594299271702766, 0.03200112655758858, 0.03075424171984196, 0.029467131569981576, 0.027759217470884324, 0.02653178833425045, 0.025581853836774825, 0.024294829927384853, 0.02335525266826153, 0.02238156981766224, 0.021404762379825117, 0.020692754723131656, 0.019920033402740955, 0.019058233685791494, 0.018473651446402072, 0.0179605046287179, 0.01721247602254152, 0.016627019084990025, 0.01615902315825224, 0.015633258782327176, 0.015171822905540467, 0.014753405377268792, 0.014316973462700843, 0.013915909454226494, 0.013565116003155709, 0.013150924071669578, 0.012823520973324776, 0.012548262998461724, 0.012217195890843868, 0.011898468434810638, 0.011645597126334905, 0.011360789462924004, 0.011092491447925568, 0.010849864035844804, 0.010615360643714666, 0.010382028203457594, 0.010163941979408264, 0.009949198178946971, 0.00973901879042387, 0.00954981343820691, 0.009351199958473444, 0.009164010547101498, 0.008994937408715487, 0.008824125863611698, 0.008653614949434996, 0.008499330654740334, 0.008349468559026718, 0.008196381106972694, 0.00805616769939661, 0.007920073252171278, 0.00778552945703268, 0.007657065242528916, 0.007531688734889031, 0.007411218155175448, 0.007294461783021689, 0.007180961687117815, 0.007070064824074507, 0.006964899972081185, 0.006861225608736277, 0.006758645549416542, 0.006660553906112909, 0.006564310006797314, 0.0064685440622270106, 0.006375751458108425, 0.006285616662353277, 0.006197306606918573, 0.006111378408968448, 0.006027272809296847, 0.00594516871497035, 0.005864741932600737, 0.00578589215874672, 0.005708681140094996, 0.005633297096937895, 0.005559772718697786, 0.00548812304623425, 0.005418046424165368, 0.005349450139328837, 0.005282012233510614, 0.005215795570984482, 0.005150961270555854, 0.005087222578004003, 0.005024563241750002, 0.004963107453659177, 0.004902844130992889, 0.0048435383010655645, 0.004785375390201807, 0.004728628834709525, 0.0046731357928365466, 0.004618913820013404, 0.0045658248011022804, 0.004513897281140089, 0.004463403625413776, 0.004413776751607657, 0.0043650071136653425, 0.0043172546662390236, 0.004270468279719353, 0.004224773589521646, 0.00418032705783844, 0.004136711126193404, 0.004093669634312391, 0.004051465820521116, 0.004009932884946466, 0.003968966985121369, 0.00392856034450233, 0.00388883207924664, 0.0038498627953231336, 0.0038115296978503467, 0.0037738789804279806, 0.003736909059807658, 0.0037004878744482995, 0.0036646713502705096, 0.003629464749246836, 0.003594710724428296, 0.0035604142118245362], "val_curve": [1.3807037115097045, 1.3499889135360719, 1.312431025505066, 1.2741411924362183, 1.2394332408905029, 1.210688328742981, 1.1875044345855712, 1.1715380430221558, 1.165396499633789, 1.1688177585601807, 1.1854103326797485, 1.2200649976730347, 1.259125280380249, 1.3147666215896607, 1.357192325592041, 1.400997257232666, 1.437820553779602, 1.4695809125900268, 1.4939253807067872, 1.5183525800704956, 1.5532819032669067, 1.5700320482254029, 1.5591484546661376, 1.5423794031143188, 1.5534595727920533, 1.5528401851654052, 1.5583952426910401, 1.58361759185791, 1.5990880250930786, 1.5994004011154175, 1.587934684753418, 1.6051480531692506, 1.6101360321044922, 1.5869938373565673, 1.5776690721511841, 1.6023992538452148, 1.6451880931854248, 1.6797430753707885, 1.6990764141082764, 1.6952356576919556, 1.6700029373168945, 1.6654989004135132, 1.6670382022857666, 1.6563127756118774, 1.64529550075531, 1.6408013463020326, 1.6444344878196717, 1.647172999382019, 1.6466883063316344, 1.6412277221679688, 1.629155158996582, 1.6233229279518127, 1.6333825945854188, 1.6523728728294373, 1.665453839302063, 1.6665501117706298, 1.6548352599143983, 1.6347615718841553, 1.6159583568572997, 1.6089748024940491, 1.6124951362609863, 1.6195669293403625, 1.624733066558838, 1.6265968322753905, 1.6279651880264283, 1.6326595902442933, 1.6386788606643676, 1.6416565656661988, 1.6409725785255431, 1.638570499420166, 1.6366116762161256, 1.6358335733413696, 1.635108196735382, 1.6325904846191406, 1.62806556224823, 1.6244274616241454, 1.625090980529785, 1.629263997077942, 1.6335114121437073, 1.6361274242401123, 1.636768364906311, 1.635450541973114, 1.6340773940086364, 1.6361231327056884, 1.641750729084015, 1.6472129344940185, 1.6496944069862365, 1.6490405321121215, 1.6470186233520507, 1.6464343309402465, 1.6485445976257325, 1.6518506288528443, 1.6547637701034545, 1.6573216915130615, 1.6600130319595336, 1.6630333423614503, 1.6665283918380738, 1.6707457542419433, 1.6756006002426147, 1.6804555177688598, 1.6845672369003295, 1.688052487373352, 1.6916764974594116, 1.6954237937927246, 1.698826003074646, 1.702360463142395, 1.7067733764648438, 1.7121164321899414, 1.7178772211074829, 1.723219347000122, 1.7276571989059448, 1.7317004442214965, 1.7360980033874511, 1.7409192323684692, 1.7461708068847657, 1.7519806146621704, 1.7578382730484008, 1.7631519317626954, 1.768262267112732, 1.773839497566223, 1.7801405191421509, 1.7870010137557983, 1.7938784599304198, 1.8004249334335327, 1.8068508148193358, 1.8131858825683593, 1.8193922758102417, 1.8258431673049926, 1.8328209400177002, 1.839876389503479, 1.8466290712356568, 1.8530702352523805, 1.85937557220459, 1.865665817260742, 1.871936273574829, 1.8781865119934082, 1.8845753908157348, 1.8910875082015992, 1.8974256753921508, 1.9035510301589966, 1.9097607374191283, 1.9160496950149537, 1.9222431182861328, 1.9283872604370118, 1.9344989776611328, 1.9403767824172973, 1.9458864688873292, 1.951115322113037, 1.9561983108520509, 1.961216354370117, 1.9660806894302367, 1.9708118915557862, 1.9754872083663941, 1.9799803733825683, 1.9841914653778077]}
{"dataset": "Trace", "depth": 3, "nb_filters": 32, "batch_size": 128, "kernel_size": 64, "use_residual": "False", "use_bottleneck": "True", "acc": 0.75, "precision": 0.685164723269562, "recall": 0.7377272727272727, "budget_ran": 1500,