{"dataset": "FordB", "depth": 3, "nb_filters": 32, "batch_size": 128, "kernel_size": 64, "use_residual": "False", "use_bottleneck": "True", "acc": 0.9349970298656487, "precision": 0.9351878882825551, "recall": 0.9347554160360296, "budget_ran": 1500, "train_curve": [0.3163014590740204, 0.21103799045085908, 0.1960902988910675, 0.18833011984825135, 0.18311862051486968, 0.17936865687370301, 0.16978631317615508, 0.16400940120220184, 0.16181869506835939, 0.15458629727363588, 0.15121516287326814, 0.14928727447986603, 0.14743536114692687, 0.14484114646911622, 0.1376939058303833, 0.1353330746293068, 0.13234895914793016, 0.1262648656964302, 0.12462155520915985, 0.12696052938699723, 0.12591126263141633, 0.1299433648586273, 0.12280462086200714, 0.11926945596933365, 0.11092208176851273, 0.10422997027635575, 0.10555534809827805, 0.1065680742263794, 0.10403542816638947, 0.10194398611783981, 0.1070535272359848, 0.0990261822938919, 0.09689548462629319, 0.09577992260456085, 0.08996090739965439, 0.08703541606664658, 0.08884276449680328, 0.08467685133218765, 0.07591583877801895, 0.07710950672626496, 0.07515318393707275, 0.07437998950481414, 0.06899849846959114, 0.07130373269319534, 0.06827669441699982, 0.06516820266842842, 0.06760186553001404, 0.07061906233429908, 0.06627095192670822, 0.06779972985386848, 0.06513414904475212, 0.05663617476820946, 0.05300779119133949, 0.0558699794113636, 0.04767046794295311, 0.05403779149055481, 0.04908777177333832, 0.046195611357688904, 0.0406641311943531, 0.04154505766928196, 0.043925756216049196, 0.045478344708681104, 0.04904458448290825, 0.04400580748915672, 0.04206202141940594, 0.039669706299901006, 0.03502658680081368, 0.03678946979343891, 0.04104268997907638, 0.034375793859362604, 0.034597352519631384, 0.03189456202089787, 0.026457404345273973, 0.03311724774539471, 0.026379574835300446, 0.02148779220879078, 0.02055588811635971, 0.021419233083724974, 0.023760192655026914, 0.021475736796855927, 0.02221651915460825, 0.02017503175884485, 0.02584398500621319, 0.02201567906886339, 0.022360056079924105, 0.01958023589104414, 0.015948273055255414, 0.01783001087605953, 0.01537146307528019, 0.014238237496465444, 0.015076772216707468, 0.012762228585779667, 0.010109813790768385, 0.00812225379049778, 0.008139484468847514, 0.007786358706653118, 0.007061530416831374, 0.006938883382827043, 0.006302934046834708, 0.0056458897422999145, 0.0057631110772490505, 0.005906379967927933, 0.004898618441075087, 0.004950569849461317, 0.004743033275008202, 0.004494645213708281, 0.0045853493269532915, 0.004531507659703493, 0.004802977247163653, 0.005701056169345975, 0.00445271460339427, 0.004131587827578187, 0.0041469686664640905, 0.003918336564674973, 0.004334839805960655, 0.003464335296303034, 0.003669548756442964, 0.004577588010579348, 0.0038136696442961694, 0.0034163863398134708, 0.0031856486573815347, 0.003152350359596312, 0.0028167998651042582, 0.0034405735321342947, 0.0034030942246317864, 0.003166980599053204, 0.002614621142856777, 0.0029112516902387144, 0.0028444469906389715, 0.0027264214819297194, 0.0027916855877265336, 0.0025582413654774427, 0.0026875885436311365, 0.0023042400600388644, 0.0025871416553854944, 0.0033380797831341624, 0.002401308319531381, 0.0024546741973608733, 0.002833712985739112, 0.0026697342051193117, 0.002844150015152991, 0.0031073793303221463, 0.0028206803603097797, 0.0021606405265629292, 0.0021509735379368067, 0.002022685739211738, 0.00190309789031744, 0.0020255224080756307, 0.0020946169970557094, 0.0021635493030771613, 0.0020202926360070707, 0.0026020167861133814, 0.0021297964500263332, 0.0016747885150834919, 0.001608682982623577, 0.001527107274159789, 0.0015728875529021024, 0.001493881898932159, 0.0016159434337168932, 0.0016450542956590653, 0.0015818471787497402, 0.0016286193393170833, 0.001577218039892614, 0.0013712027342990042, 0.0013327701366506518], "val_curve": [1.4047557353973388, 0.7341298639774323, 0.7120460271835327, 0.6574575304985046, 0.5593879640102386, 0.46615055203437805, 0.6239750146865845, 0.5362803995609283, 0.5653521239757537, 0.7849161744117736, 0.3794559299945831, 0.6404781758785247, 0.4184509634971619, 0.45933155417442323, 0.2661620706319809, 0.2993049085140228, 0.3337161749601364, 0.26802302002906797, 0.413221150636673, 0.20453254878520966, 0.32581359446048735, 0.21460672616958618, 0.20828302800655366, 0.33113648295402526, 0.21572821140289306, 0.1678422600030899, 0.2041532427072525, 0.4336999535560608, 0.18113327920436859, 0.23821078836917878, 0.5207156151533127, 0.20548018217086791, 0.297673836350441, 0.254404279589653, 0.4126363337039948, 0.21618688404560088, 0.2783742189407349, 0.15123853087425232, 0.2305508702993393, 0.2106292575597763, 0.22797716557979583, 0.24067727625370025, 0.35846512019634247, 0.2596404910087585, 0.301059827208519, 0.32725790739059446, 0.2809242159128189, 0.4098832279443741, 0.34651736319065096, 0.36663352251052855, 0.3239053934812546, 0.2414090633392334, 0.2530029594898224, 0.35047208070755004, 0.2299717128276825, 0.3263749837875366, 0.21042623817920686, 0.1902616173028946, 0.18374935984611512, 0.4030644327402115, 0.2976767659187317, 0.28012052476406096, 0.2650580257177353, 0.23681179881095887, 0.8284917205572129, 0.45389133095741274, 0.26190019249916074, 0.25927373170852663, 0.4219070762395859, 0.3473656803369522, 0.7591557025909423, 0.3064324975013733, 0.24688986837863922, 0.37542115449905394, 0.23207872211933137, 0.32412251830101013, 0.24643188416957856, 0.3715548664331436, 0.2794120222330093, 0.35169562995433806, 0.26737709641456603, 0.6299411982297898, 0.2559594869613647, 0.3613438159227371, 0.5829917937517166, 0.3986255556344986, 0.3223368406295776, 0.28390349745750426, 0.29921438694000246, 0.19681088030338287, 0.22810365855693818, 0.27644781172275545, 0.22757789492607117, 0.3191677272319794, 0.22731190621852876, 0.21349843442440034, 0.23062825500965117, 0.2088171124458313, 0.19633565843105316, 0.19925450384616852, 0.18999888598918915, 0.19513996243476867, 0.19734964668750762, 0.1999189794063568, 0.19427404999732972, 0.2001079261302948, 0.20274624824523926, 0.20389028787612914, 0.2254929155111313, 0.2281055599451065, 0.19642308056354524, 0.20287786722183226, 0.20518816411495208, 0.1994177669286728, 0.20443907976150513, 0.20983534753322602, 0.2095848947763443, 0.2264732986688614, 0.20907191634178163, 0.20596277415752412, 0.20051142275333406, 0.20153111815452576, 0.20848142802715303, 0.21395449936389924, 0.208543062210083, 0.20866316556930542, 0.2089466780424118, 0.21279212832450867, 0.2107998847961426, 0.2110481083393097, 0.22412900030612945, 0.21329601407051085, 0.22389408349990844, 0.2189803123474121, 0.21585576832294465, 0.252990248799324, 0.23768139779567718, 0.2593546450138092, 0.23634136021137236, 0.22499527633190156, 0.22508195042610168, 0.26160866022109985, 0.2344864398241043, 0.23069410026073456, 0.22565975785255432, 0.21283333003520966, 0.21914356350898742, 0.21337758898735046, 0.251712241768837, 0.2494128465652466, 0.22253625988960266, 0.21677942276000978, 0.21894981861114501, 0.21786892414093018, 0.22029094398021698, 0.22468788921833038, 0.22156042456626893, 0.22748726308345796, 0.22316193580627441, 0.22110539972782134, 0.21954506933689116, 0.21624337434768676, 0.2250732362270355, 0.22165350019931793, 0.22105199992656707]}
{"dataset": "FordB", "depth": 3, "nb_filters": 32, "batch_size": 128, "kernel_size": 64, "use_residual": "False", "use_bottleneck": "True", "acc": 0.9343228725622781, "precision": 0.9352650464377301, "recall": 0.9341615514852706, "budget_ran": 1500,