{"dataset": "MALLAT", "depth": 3, "nb_filters": 32, "batch_size": 128, "kernel_size": 64, "use_residual": "False", "use_bottleneck": "True", "acc": 0.9966666666666667, "precision": 0.9966458695935494, "recall": 0.9965413533834587, "budget_ran": 1500, "train_curve": [1.9026540279388429, 1.4212104558944703, 1.1327651262283325, 0.9172713279724121, 0.7494846701622009, 0.6210302114486694, 0.5124988555908203, 0.4255728006362915, 0.3638318419456482, 0.3147248387336731, 0.2655972450971603, 0.2343556374311447, 0.2107290208339691, 0.18677998185157776, 0.17294553816318511, 0.15930313766002654, 0.14826173484325408, 0.13501270413398742, 0.12296077162027359, 0.11837512254714966, 0.11227923035621643, 0.10233577936887742, 0.09426902532577515, 0.08947150856256485, 0.08707556128501892, 0.08283481448888778, 0.08095063865184784, 0.0760396808385849, 0.07826061844825745, 0.07337921857833862, 0.07289830148220063, 0.07195955887436867, 0.06731332466006279, 0.06376764252781868, 0.0691218189895153, 0.06066979989409447, 0.05503326132893562, 0.053680669516325, 0.05482935160398483, 0.052404672652482984, 0.049097537994384766, 0.04611320719122887, 0.04587426781654358, 0.043724043667316435, 0.041284199059009555, 0.04028936251997948, 0.03866865262389183, 0.03964221216738224, 0.043854310736060144, 0.03658737242221832, 0.03606645055115223, 0.034382502734661105, 0.03419053331017494, 0.03303612694144249, 0.033524433895945546, 0.035005805641412736, 0.033351066336035726, 0.030251308903098108, 0.028904551267623903, 0.03308019377291203, 0.029852942377328873, 0.024479113146662713, 0.026111742481589317, 0.026639349386096002, 0.02388462834060192, 0.02539902925491333, 0.02258276306092739, 0.02109301630407572, 0.024860965460538863, 0.024286317825317382, 0.022894855588674545, 0.026914863660931588, 0.020141934975981712, 0.020486826077103615, 0.020716083236038685, 0.019607292674481868, 0.020221816934645177, 0.024633297882974147, 0.020130755193531514, 0.01785879731178284, 0.01688755229115486, 0.015590379200875758, 0.014108824357390404, 0.013566549867391586, 0.01317787989974022, 0.011867545358836652, 0.014240326918661594, 0.01378091350197792, 0.013027586601674556, 0.013703404180705547, 0.015776731260120868, 0.012834268063306809, 0.012166393641382455, 0.01317363753914833, 0.012620990630239248, 0.010837648995220661, 0.012286468967795372, 0.014010116271674634, 0.010557778459042311, 0.010139134526252747, 0.009276435151696205, 0.01283605033531785, 0.010110683087259532, 0.007960782293230296, 0.0065389063209295275, 0.0061204562894999984, 0.004992591170594096, 0.004659365117549896, 0.005137407872825861, 0.004644331242889166, 0.004779969900846481, 0.0047866157721728085, 0.004939686879515648, 0.004773758817464113, 0.004982907883822918, 0.004669125657528639, 0.004117942880839109, 0.004028686601668596, 0.003847112972289324, 0.003654041048139334, 0.0036439674906432627, 0.003451246488839388, 0.0034964998718351125, 0.0034007536247372626, 0.003475061524659395, 0.0035380430053919554, 0.0035147408954799174, 0.0034412589855492117, 0.0034441102761775255, 0.0035189359448850157, 0.0035731995478272436, 0.003383280895650387, 0.0037364769726991654, 0.0033931815065443515, 0.0032036507502198218, 0.003291683690622449, 0.0031595104606822132, 0.0032192795304581525, 0.0030559087637811897, 0.0029560677241533993, 0.003240131097845733, 0.003129784180782735, 0.003241142211481929, 0.0031450200825929643, 0.003000020724721253, 0.0030328084016218782, 0.00290789813734591, 0.0028452193131670357, 0.0027154357871040703, 0.0028135944390669464, 0.0028344936901703475, 0.0029708507005125283, 0.0030376484617590906, 0.0028537850826978683, 0.002785926219075918, 0.002636598329991102, 0.0027615131577476857, 0.0026084193494170906, 0.0026075342437252404, 0.0027124326676130294, 0.002706069406121969, 0.0027910810429602863, 0.0026714583626016976, 0.0025934553239494564, 0.002618996147066355, 0.0026870866306126116, 0.002514294604770839, 0.002663575462065637, 0.002669017156586051, 0.002594963926821947, 0.002571712853386998, 0.0026352465618401768, 0.002639281004667282, 0.0025157200638204814, 0.0025744376704096793, 0.003105211607180536, 0.0029188314685598014, 0.0025164842139929534, 0.0026509083341807126, 0.0024400589521974326, 0.0026378085371106864, 0.0037684925831854344, 0.0031140360282734037, 0.002729037031531334, 0.0024965460412204265, 0.0023989405715838076, 0.0024075867142528294, 0.002282479265704751, 0.002407216303981841, 0.002379505313001573, 0.002351720933802426, 0.0024806448724120854, 0.002439352427609265, 0.002265709196217358, 0.002297928323969245, 0.0022300037322565912, 0.0023604625836014747, 0.002421791828237474, 0.002557247062213719, 0.0024220105726271866, 0.002305378601886332, 0.0022674511885270475, 0.002244849153794348, 0.002300624898634851, 0.00224180540535599, 0.002153087127953768, 0.0022070414386689665, 0.0022131297271698715, 0.0023780654650181533, 0.0022146119736135006, 0.0022426899522542953],