{"dataset": "Herring", "depth": 3, "nb_filters": 32, "batch_size": 128, "kernel_size": 64, "use_residual": "False", "use_bottleneck": "True", "acc": 0.5692307692307692, "precision": 0.3797062937062937, "recall": 0.525, "budget_ran": 1500, "train_curve": [0.9360583186149597, 0.6813586235046387, 0.6803674459457397, 0.6742637872695922, 0.6625255584716797, 0.6569919466972352, 0.6560705304145813, 0.6498323202133178, 0.6434468507766724, 0.6397925734519958, 0.6351046562194824, 0.6293226599693298, 0.6239958047866822, 0.6198897123336792, 0.6145168423652649, 0.6101320743560791, 0.6056551575660706, 0.5995031595230103, 0.5946711540222168, 0.5899495005607605, 0.5840187311172486, 0.5788572907447815, 0.5740902066230774, 0.5683862805366516, 0.5631574153900146, 0.5580553531646728, 0.553091025352478, 0.5477596700191498, 0.540154629945755, 0.5384538888931274, 0.5340094447135926, 0.5237177968025207, 0.5230250954627991, 0.5268012225627899, 0.5123856902122498, 0.5110952496528626, 0.49780356884002686, 0.5040040194988251, 0.4884174108505249, 0.48231689929962157, 0.47277469635009767, 0.4759900331497192, 0.46822389960289, 0.46071540713310244, 0.45085028409957884, 0.44241856336593627, 0.43918697237968446, 0.43327645063400266, 0.41894497275352477, 0.4201820373535156, 0.4027281701564789, 0.4073792576789856, 0.3842393457889557, 0.38948318362236023, 0.4013219952583313, 0.3770323932170868, 0.3812203049659729, 0.3742519855499268, 0.38071911931037905, 0.3543615400791168, 0.3544157862663269, 0.35082237124443055, 0.33408992290496825, 0.3313556551933289, 0.3299828231334686, 0.3203079640865326, 0.33091644644737245, 0.31048150062561036, 0.3023465991020203, 0.302734899520874, 0.2847770512104034, 0.29747012853622434, 0.2880565583705902, 0.2898394465446472, 0.28106849193572997, 0.28350551426410675, 0.25406446158885954, 0.27790337800979614, 0.2786470651626587, 0.23929880261421205, 0.26282912492752075, 0.22978148460388184, 0.2346587210893631, 0.2545183390378952, 0.22430920600891113, 0.2311880886554718, 0.2141089469194412, 0.22408653795719147, 0.20237337350845336, 0.22302461564540862, 0.19170000851154329, 0.1884690433740616, 0.19329183101654052, 0.191124564409256, 0.17473108172416688, 0.20832894891500472, 0.17937417030334474, 0.17724725604057312, 0.1710361883044243, 0.15803160071372985, 0.1747984543442726, 0.1619635596871376, 0.1468975454568863, 0.1608794927597046, 0.13994336873292923, 0.1425426959991455, 0.12742512822151184, 0.12424792647361756, 0.1315315142273903, 0.12220903038978577, 0.13188238590955734, 0.12166367322206498, 0.1204798899590969, 0.11128431782126427, 0.10981977507472038, 0.11276587396860123, 0.10995185449719429, 0.1144266590476036, 0.1119007021188736, 0.09823543950915337, 0.10470041111111641, 0.09845793545246125, 0.09178785830736161, 0.08398445472121238, 0.08422504141926765, 0.07890005111694336, 0.077322556078434, 0.07620128765702247, 0.07484485656023025, 0.06984053328633308, 0.061260557174682616, 0.06622944995760918, 0.060641327127814296, 0.05751072578132153, 0.060606535896658896, 0.053377052024006846, 0.0531101580709219, 0.052989198639988896, 0.0492288626730442, 0.04972004145383835, 0.04834220632910728, 0.04516838975250721, 0.04407245554029941, 0.04366617128252983, 0.04314252808690071, 0.04163077585399151, 0.039552272856235506, 0.0402943953871727, 0.03862960003316403, 0.03821498807519674, 0.03780814372003079], "val_curve": [0.6899631738662719, 0.6889345526695252, 0.6916417360305787, 0.6979867577552795, 0.7065864324569702, 0.7140290379524231, 0.7191086173057556, 0.7220742344856262, 0.725312602519989, 0.7313809990882874, 0.7398099541664124, 0.7482725620269776, 0.752823281288147, 0.7548792123794555, 0.7573776006698608, 0.7605121731758118, 0.7673163175582886, 0.77354736328125, 0.7749773621559143, 0.7763091683387756, 0.7793256521224976, 0.7816540122032165, 0.7829286336898804, 0.7798000335693359, 0.7753491759300232, 0.76749347448349, 0.7516209006309509, 0.7446456551551819, 0.7376999735832215, 0.7230288863182068, 0.713441789150238, 0.7032011151313782, 0.6971266865730286, 0.688356876373291, 0.6914775967597961, 0.6919864296913147, 0.6843776345252991, 0.6754801034927368, 0.6725148677825927, 0.6917017817497253, 0.7279491424560547, 0.738037931919098, 0.7115647792816162, 0.717539393901825, 0.7600568652153015, 0.8063650608062745, 0.8263760924339294, 0.839261507987976, 0.8637216329574585, 0.8507099032402039, 0.8734191536903382, 0.9401999354362488, 0.9879411935806275, 1.0366551399230957, 1.0564892053604127, 0.9851774573326111, 1.0625024676322936, 1.2630305767059327, 1.3650455236434937, 1.2832098364830018, 1.2459025144577027, 1.385115146636963, 1.6172368288040162, 1.6476186633110046, 1.6416237354278564, 1.6705996513366699, 1.7698088765144349, 1.9350852608680724, 1.9680459141731261, 1.9251508593559266, 1.9834325313568115, 2.206567478179932, 2.3689753651618957, 2.209857153892517, 2.2265273571014403, 2.4661393761634827, 2.7482641458511354, 2.7139622449874876, 2.48797345161438, 2.714072382450104, 3.1497178077697754, 3.320677328109741, 3.065006422996521, 3.0764113068580627, 3.3822586297988892, 3.438093662261963, 3.6342000722885133, 3.7496513724327087, 3.8607482433319094, 4.052243375778199, 4.297808432579041, 4.21745947599411, 4.1433103561401365, 4.27308497428894, 4.363985252380371, 4.938131642341614, 4.921026873588562, 4.495022392272949, 4.665457248687744, 5.461176156997681, 5.57928786277771, 5.140326976776123, 5.081387329101562, 5.306831550598145, 5.8875093221664425, 6.192964935302735, 5.686563968658447, 5.661237812042236, 5.839165067672729, 5.998010635375977, 6.023520517349243, 5.902776098251342, 6.284423542022705, 6.817526626586914, 6.516203165054321, 6.297472214698791, 6.180468297004699, 6.419192790985107, 7.147137594223023, 6.851853609085083, 6.173327207565308, 6.424261832237244, 6.7432835578918455, 6.874288296699524, 7.041097021102905, 6.995767402648926, 6.728877067565918, 6.812853741645813, 6.924796772003174, 6.807575750350952, 6.790401744842529, 7.065227890014649, 7.399419689178467, 7.443852424621582, 7.425231194496154, 7.5197200059890745, 7.707329750061035, 7.98355119228363, 7.865073394775391, 7.626172375679016, 7.771955823898315, 8.014706301689149, 8.056787991523743, 8.024136185646057, 8.025543141365052, 8.2073068857193, 8.391861462593079, 8.26645107269287, 8.259569907188416, 8.527348637580872, 8.655073547363282]}
{"dataset": "Herring", "depth": 3, "nb_filters": 32, "batch_size": 128, "kernel_size": 64, "use_residual": "False", "use_bottleneck": "True", "acc": 0.5258461538461539, "precision": 0.37573892773892775, "recall": 0.5082799145299146, "budget_ran": 1500,