{"dataset": "DistalPhalanxOutlineCorrect", "depth": 3, "nb_filters": 32, "batch_size": 128, "kernel_size": 64, "use_residual": "False", "use_bottleneck": "True", "acc": 0.8208116883116883, "precision": 0.8135424171879697, "recall": 0.8037141567182987, "budget_ran": 1500, "train_curve": [0.7041160345077515, 0.6108326077461242, 0.5663139820098877, 0.5183671951293946, 0.4822330713272095, 0.4764275550842285, 0.46693395972251894, 0.45129162073135376, 0.4296112596988678, 0.4211074113845825, 0.4214377820491791, 0.4063158929347992, 0.40051780343055726, 0.41018491983413696, 0.39333362579345704, 0.3950250506401062, 0.39742718935012816, 0.3849186718463898, 0.36266319155693055, 0.35832257866859435, 0.36081511378288267, 0.3484299540519714, 0.32984799742698667, 0.3364518642425537, 0.3442996799945831, 0.3508510947227478, 0.3471105396747589, 0.328789609670639, 0.3226226091384888, 0.3377308130264282, 0.3424056112766266, 0.3484256148338318, 0.3381033957004547, 0.3137904405593872, 0.3144533455371857, 0.29663040637969973, 0.31464909911155703, 0.29902154207229614, 0.30488977432250974, 0.278933048248291, 0.298061341047287, 0.2929128289222717, 0.28076263666152956, 0.2787261039018631, 0.29377601146697996, 0.2793071508407593, 0.27687661051750184, 0.27742521166801454, 0.2720236301422119, 0.2647791802883148, 0.2579867750406265, 0.25035872161388395, 0.25269660651683806, 0.2543403834104538, 0.2819874495267868, 0.2689060002565384, 0.25803211629390715, 0.2776022344827652, 0.26228709816932677, 0.26251120865345, 0.2624118596315384, 0.24378976225852966, 0.2430082231760025, 0.2585128486156464, 0.259952238202095, 0.2451998382806778, 0.2529930531978607, 0.23974544405937195, 0.26311099231243135, 0.2524516314268112, 0.23938662111759185, 0.23987277448177338, 0.22819042205810547, 0.23407124280929564, 0.2266503244638443, 0.22828066647052764, 0.22390429973602294, 0.21769891083240508, 0.2169427067041397, 0.21118111908435822, 0.21065295934677125, 0.19875341653823853, 0.1942544013261795, 0.19670592546463012, 0.19076706171035768, 0.19122908413410186, 0.19266804456710815, 0.18197507858276368, 0.18076128661632537, 0.18062643706798553, 0.18012824654579163, 0.17897211611270905, 0.17499159872531891, 0.1793646275997162, 0.1727658897638321, 0.17339298725128174, 0.17698176205158234, 0.17294248342514038, 0.18412433862686156, 0.1804317831993103, 0.16820258796215057, 0.16999147534370423, 0.16647030115127565, 0.15801610946655273, 0.15779562890529633, 0.15695073902606965, 0.16075811088085173, 0.15591859817504883, 0.15744983851909639, 0.1614837497472763, 0.15427149832248688, 0.14724795818328856, 0.1540826141834259, 0.15175436139106752, 0.1507120132446289, 0.15127576142549515, 0.15368276536464692, 0.1511574625968933, 0.14815062582492827, 0.14498631805181503, 0.1391247555613518, 0.13713947534561158, 0.13417568802833557, 0.13635568469762802, 0.13644570261240005, 0.13302319943904878, 0.13592059463262557, 0.13606014251708984, 0.13303435295820237, 0.13017864376306534, 0.13812401443719863, 0.13675303608179093, 0.13128535449504852, 0.1331773117184639, 0.13371121138334274, 0.13518066257238387, 0.13489544540643691, 0.12941443622112275, 0.1272309586405754, 0.11985371261835098, 0.12239102274179459, 0.11903848797082901, 0.11960242390632629, 0.11726703941822052, 0.11806244254112244, 0.11879109591245651, 0.11929219961166382, 0.11939078867435456, 0.11974884569644928, 0.10994359999895095, 0.12115345895290375, 0.11503788977861404, 0.11497479230165482, 0.11284288763999939, 0.11958768963813782, 0.1097238764166832, 0.11367237865924835, 0.11033036261796951, 0.11173215061426163, 0.11240732967853546, 0.11044329106807708, 0.10581778734922409, 0.1048801064491272, 0.10688359290361404, 0.10765504688024521, 0.10611980259418488, 0.10039533078670501, 0.10664782673120499, 0.10989301800727844, 0.10641407668590545, 0.10100991576910019, 0.10012898296117782, 0.10194969177246094, 0.10012302994728088, 0.10098882913589477, 0.1029865026473999, 0.10221946090459824, 0.10433602929115296, 0.10334543585777282, 0.0965908020734787, 0.09666801691055298, 0.09922407120466233, 0.09263414144515991, 0.09689742028713226, 0.09852942675352097, 0.09827860593795776, 0.10053387135267258, 0.09928713291883469, 0.10613807737827301, 0.10041536390781403], "val_curve": [0.6802915096282959, 0.6575183749198914, 0.6458580136299134, 0.6509917140007019, 0.6676961183547974, 0.6494374990463256, 0.7180490970611573, 0.6522882580757141, 0.5942757844924926, 0.6156398057937622, 0.6026253223419189, 0.6809257388114929, 0.9603420734405518, 1.0848594427108764, 1.0353095293045045, 1.0672487795352936, 1.6172002315521241, 1.7249762058258056, 2.2734759569168093, 2.702720594406128, 2.7503863334655763, 2.561413788795471, 2.68141713142395, 3.3412150025367735, 3.736838173866272, 3.9152259826660156, 3.7411708354949953, 3.602797102928162, 3.838787484169006, 4.129853105545044, 4.646279788017273, 4.917911648750305, 4.333483958244324, 4.036191201210022, 3.8973652839660646, 3.8465768337249755, 4.195744252204895, 3.8099871397018434, 4.292896831035614, 4.7733939528465275, 3.8335599660873414, 3.712396317720413, 3.9821249425411223, 4.543686008453369, 4.377493166923523, 4.368164920806885, 4.115952545404435, 3.947681891918182, 3.86428724527359, 4.202627974748611, 4.358192038536072, 4.350012350082397, 4.404468369483948, 4.445111048221588, 3.843386858701706, 3.8297186195850372, 4.045095086097717, 4.025444650650025, 4.249290847778321, 3.952392101287842, 3.4904099464416505, 3.5267029762268067, 3.631966602802277, 3.848791170120239, 3.622336268424988, 3.3047967672348024, 3.286547899246216, 3.081491231918335, 3.153877007961273, 3.4056545376777647, 3.260686230659485, 3.3983516812324526, 3.341580808162689, 3.250394582748413, 2.7942185401916504, 3.049312114715576, 3.184720849990845, 3.091233253479004, 2.58114675283432, 2.387693190574646, 2.655072736740112, 2.880493664741516, 2.6152302503585814, 2.295033037662506, 2.5014156103134155, 2.6543683290481566, 2.6343424797058104, 2.635072684288025, 2.342122721672058, 2.39495335817337, 2.42687132358551, 2.56450355052948, 2.556890106201172, 2.0328552961349486, 1.8827364087104796, 2.0202494144439695, 2.19778892993927, 1.9831570386886597, 1.8213993430137634, 1.3092823922634125, 1.2961583018302918, 1.3564066588878632, 1.344851565361023, 1.3591497480869292, 1.7619165539741517, 1.854037880897522, 1.2898923397064208, 1.052966022491455, 1.070588505268097, 1.3912074089050293, 1.6610428929328918, 1.3911605834960938, 1.329611313343048, 1.2775332629680634, 1.5875296473503113, 1.8690071940422057, 1.727755707502365, 1.3329352915287018, 1.2394733369350432, 1.2818515181541443, 1.5415574550628661, 1.3137300133705139, 0.9954460859298706, 0.9690054416656494, 1.2578355431556703, 1.3107343196868897, 0.843699049949646, 0.5930938482284546, 0.6585237920284271, 1.0229354619979858, 1.2727836608886718, 1.0384396672248841, 0.6821416616439819, 0.8458944082260131, 1.0915915608406066, 1.1401191473007202, 1.2445600032806396, 1.1416761517524718, 1.185221368074417, 1.2410061955451965, 1.0579760313034057, 1.1815143048763275, 1.289251846075058, 1.1405026614665985, 1.0164122700691223, 0.9809149503707886, 1.4314545273780823, 1.4141410350799561, 1.0107714653015136, 0.8473919451236724, 0.6583203911781311, 0.6862274825572967, 0.8573729276657105, 1.0913424968719483, 0.8278124094009399, 0.9187507629394531, 1.0750535666942596, 0.9498810231685638, 0.9034972131252289, 0.7084775686264038, 0.9226760387420654, 1.5273595869541168, 1.5140866458415985, 1.0972800493240356, 1.0438289940357208, 0.7878242313861847, 0.7780349969863891, 1.2667320609092712, 1.9095682978630066, 0.8713842809200287, 0.6063414096832276, 0.5846813678741455, 0.675277978181839, 0.7189716696739197, 0.842920470237732, 1.0037774920463562, 1.001132643222809, 0.8599876880645752, 0.8079941391944885, 1.4337718486785889, 1.1615825057029725, 0.6364176869392395, 0.6537863671779632, 0.8980395436286926, 1.1304193794727326, 0.8146529018878936, 0.8039413511753082, 1.0047128796577454, 0.8557368874549866, 1.0147465467453003]}
{"dataset": "DistalPhalanxOutlineCorrect",