{"dataset": "RefrigerationDevices", "depth": 3, "nb_filters": 32, "batch_size": 128, "kernel_size": 64, "use_residual": "False", "use_bottleneck": "True", "acc": 0.6266666666666667, "precision": 0.6965866140951273, "recall": 0.6245510840674626, "budget_ran": 1500, "train_curve": [1.1045427083969117, 0.8660062789916992, 0.8012986779212952, 0.7690305948257447, 0.7397554516792297, 0.7167441368103027, 0.6901102185249328, 0.670849621295929, 0.647442901134491, 0.6293401479721069, 0.6132807731628418, 0.5986900091171264, 0.5801612854003906, 0.5643619418144226, 0.5500388085842133, 0.5529368042945861, 0.5269678711891175, 0.5136797368526459, 0.49566364884376524, 0.4823652505874634, 0.483420592546463, 0.4702194631099701, 0.45576860308647155, 0.4473168909549713, 0.42834174633026123, 0.4364993989467621, 0.4219547688961029, 0.4038705289363861, 0.40426150560379026, 0.4041131556034088, 0.3956210672855377, 0.39257645010948183, 0.37687540650367735, 0.37080721855163573, 0.36911994218826294, 0.34544243216514586, 0.33489069938659666, 0.3268616616725922, 0.31766457557678224, 0.31694197058677676, 0.3197191596031189, 0.3289347290992737, 0.3295800626277924, 0.3150868773460388, 0.2994632214307785, 0.30700055658817293, 0.28780809640884397, 0.2813144505023956, 0.2597710520029068, 0.2635809242725372, 0.2575268566608429, 0.2787971168756485, 0.2702800452709198, 0.27758734822273257, 0.2895498812198639, 0.26475366950035095, 0.25786770284175875, 0.23626426458358765, 0.22284165918827056, 0.21925360560417176, 0.21167369484901427, 0.2123272716999054, 0.19798924326896666, 0.19425118565559388, 0.184843909740448, 0.1809859722852707, 0.17712278962135314, 0.167066290974617, 0.1694258153438568, 0.1567419171333313, 0.15250843465328218, 0.15305745005607604, 0.15177055299282075, 0.15358853638172149, 0.15872944593429567, 0.17690458595752717, 0.1734333649277687, 0.18875599652528763, 0.1677044466137886, 0.1619134709239006, 0.15873240381479264, 0.14870899319648742, 0.12499797344207764, 0.11770324110984802, 0.11581450253725052, 0.11084022223949433, 0.12009674906730652, 0.11692756116390228, 0.10883393287658691, 0.10893649458885193, 0.10904204845428467, 0.10650067627429963, 0.0970825120806694, 0.09408804327249527, 0.10569879114627838, 0.10936654657125473, 0.11070132255554199, 0.09519289433956146, 0.08720673844218255, 0.08291940242052079, 0.07435316815972329, 0.0760319098830223, 0.07136990949511528, 0.07375533357262612, 0.07887661829590797, 0.07129632532596589, 0.07249356806278229, 0.070187509059906, 0.08041469976305962, 0.07817172184586525, 0.0707777351140976, 0.0755955494940281, 0.07176934033632279, 0.0730875439941883, 0.05974514484405517, 0.0653109110891819, 0.05565047636628151, 0.055955146253108975, 0.0553676001727581, 0.05289575681090355, 0.049773769825696944, 0.0537530854344368, 0.048967345058918, 0.048813199251890184, 0.047211280465126036, 0.04840839430689812, 0.04690093696117401, 0.0465013399720192, 0.04552411809563637, 0.04726547636091709, 0.045536042749881746, 0.046291887760162354, 0.04432724714279175, 0.04242844544351101, 0.04444018751382828, 0.04542928114533425, 0.04205061495304108, 0.0449379850178957, 0.04431456252932549, 0.04011790230870247, 0.0437995258718729, 0.040012117102742197, 0.03920212276279926, 0.041062208265066145, 0.03837785348296165, 0.04034148976206779, 0.038477353006601336, 0.04155166782438755, 0.03833323270082474, 0.04015016183257103, 0.03876447975635529, 0.037016991153359415, 0.03652647137641907, 0.0355664312839508], "val_curve": [1.0889081478118896, 1.1148304224014283, 1.1617229461669922, 1.2069728374481201, 1.2068344354629517, 1.1267681121826172, 1.0612062573432923, 1.0266119956970214, 0.9996996521949768, 0.9870116710662842, 0.9862342238426208, 1.023174226284027, 1.0581586956977844, 1.0711318373680114, 1.1401588916778564, 1.2485143899917603, 1.3041975259780885, 1.3341328382492066, 1.4299445152282715, 1.6214163780212403, 1.73728346824646, 1.754176712036133, 1.8481432914733886, 2.0609124898910522, 2.285491156578064, 2.2474815607070924, 2.2370705366134644, 2.075950360298157, 2.19870103597641, 2.4196184992790224, 2.4751824378967284, 2.3912771224975584, 2.4588633298873903, 2.8095147132873537, 2.701181697845459, 2.503525948524475, 2.7204509735107423, 2.7730517864227293, 3.369314980506897, 3.496928668022156, 3.532346796989441, 3.077491021156311, 2.4025695085525514, 2.975678324699402, 3.5799761056900024, 3.622208070755005, 3.4922419667243956, 3.0652931928634644, 2.928062319755554, 2.8371827363967896, 3.112069344520569, 3.1986943960189818, 3.624167060852051, 3.355748677253723, 2.927292275428772, 3.33641140460968, 4.002875185012817, 3.155937910079956, 3.4808728218078615, 3.8004379272460938, 4.066488862037659, 4.542146492004394, 3.991707611083984, 4.130481243133545, 4.227225804328919, 3.967685651779175, 4.048716735839844, 3.707225871086121, 3.599700593948364, 3.892548179626465, 4.246033692359925, 4.6718361377716064, 4.712811470031738, 3.9422826290130617, 4.11292142868042, 3.948123073577881, 3.8743165254592897, 3.3527854681015015, 3.26550714969635, 3.625351333618164, 3.189308524131775, 3.0553707122802733, 2.8808956861495973, 3.159671592712402, 3.624609184265137, 3.431713509559631, 3.140536308288574, 3.1598433017730714, 3.2436870098114015, 2.9339040756225585, 3.0287296295166017, 3.1167183399200438, 2.9148804187774657, 3.032971501350403, 3.2279705286026, 2.958731770515442, 2.8044434070587156, 2.750900316238403, 2.8053790092468263, 3.1189579725265504, 3.440657114982605, 3.17169873714447, 2.5696633577346804, 2.590636205673218, 3.3346665143966674, 2.84623441696167, 2.463804268836975, 2.228726363182068, 2.3202402114868166, 2.3812957763671876, 2.3963361740112306, 2.0973293781280518, 2.244893157482147, 2.201862025260925, 2.185404920578003, 2.116863560676575, 2.0600936651229858, 2.1055219054222105, 2.0917039036750795, 2.0706513643264772, 1.9889219999313354, 1.9377549290657043, 1.8811092138290406, 1.8805622100830077, 1.8210270404815674, 1.8163731575012207, 1.8618603229522706, 1.820169496536255, 1.7306872963905335, 1.7009417772293092, 1.6961897373199464, 1.7357046604156494, 1.620628786087036, 1.5674078941345215, 1.5733947515487672, 1.6317752122879028, 1.634962260723114, 1.5120521903038024, 1.5865750789642334, 1.591138195991516, 1.4510589122772217, 1.3247618198394775, 1.2866677165031433, 1.382391095161438, 1.3445413827896118, 1.3351933360099792, 1.2875454306602478, 1.3320099353790282, 1.3623496055603028, 1.2668437719345094, 1.196472454071045, 1.2431068658828734, 1.280278468132019, 1.3173917531967163]}
{"dataset": "RefrigerationDevices", "depth": 3, "nb_filters": 32, "batch_size": 128, "kernel_size": 64, "use_residual": "False", "use_bottleneck": "True", "acc": 0.524, "precision": 0.5446639690118215, "recall": 0.5172906061970679, "budget_ran": 1500,