{"dataset": "ECG5000", "depth": 3, "nb_filters": 32, "batch_size": 128, "kernel_size": 64, "use_residual": "False", "use_bottleneck": "True", "acc": 0.953, "precision": 0.6967098698894102, "recall": 0.6067416092470009, "budget_ran": 1500, "train_curve": [0.41523379683494566, 0.21606360375881195, 0.1886758804321289, 0.1746922940015793, 0.16810957491397857, 0.15928633511066437, 0.152723827958107, 0.1496472328901291, 0.14480518400669098, 0.14189561307430268, 0.13493222892284393, 0.1334754467010498, 0.1340004563331604, 0.12727114856243132, 0.12610529363155365, 0.12272825539112091, 0.12526860535144807, 0.1179794803261757, 0.1208123430609703, 0.11435229927301407, 0.11352798491716384, 0.11201470941305161, 0.111960169672966, 0.10780888795852661, 0.10655129253864289, 0.10512856245040894, 0.10229601562023163, 0.10357829928398132, 0.10172521322965622, 0.10288936346769333, 0.0990323320031166, 0.09883539378643036, 0.09870086461305619, 0.09637501686811448, 0.09445963501930237, 0.09376367181539536, 0.09389107376337051, 0.09458147138357162, 0.09129987955093384, 0.09261494278907775, 0.08913234472274781, 0.08596419543027878, 0.08882783651351929, 0.09005014151334763, 0.08961275666952133, 0.0890559121966362, 0.0867937758564949, 0.08345716297626496, 0.08239462524652481, 0.07792341262102127, 0.07832616716623306, 0.08085962980985642, 0.07709049955010414, 0.07673362717032432, 0.07499822527170182, 0.07423589378595352, 0.0750499688088894, 0.07182079777121544, 0.07162064462900161, 0.07321432828903199, 0.07139251604676247, 0.07298003137111664, 0.07257100045681, 0.07105771899223327, 0.07074615359306335, 0.06681419685482978, 0.06545750498771667, 0.06781811490654946, 0.06853080540895462, 0.06757797151803971, 0.06657829508185387, 0.06326603144407272, 0.06281481459736823, 0.06276667192578315, 0.05811857581138611, 0.05651512369513512, 0.05688217282295227, 0.05844406634569168, 0.05569345951080322, 0.057104560732841494, 0.054582126438617706, 0.0544218547642231, 0.05256540402770042, 0.05191020891070366, 0.051158607751131055, 0.04876807183027267, 0.05009043365716934, 0.048508540540933606, 0.05323866009712219, 0.05030127987265587, 0.049304012954235074, 0.04793890714645386, 0.04808996617794037, 0.0458629347383976, 0.04459245726466179, 0.04820777028799057, 0.044010283797979353, 0.04220160543918609, 0.04135476350784302, 0.04522363096475601, 0.04621298238635063, 0.04387967884540558, 0.039550723135471345, 0.0376855731010437, 0.037478578835725786, 0.03569393679499626, 0.03679138459265232, 0.03628131002187729, 0.03530216850340366, 0.03551609367132187, 0.03342156447470188, 0.03417087309062481, 0.03396871909499168, 0.035323703289031984, 0.03328385092318058, 0.032083391398191455, 0.03269462995231152, 0.03479941487312317, 0.029825793206691743, 0.028811398521065713, 0.030594488605856895, 0.03113122098147869, 0.030676215887069702, 0.02857646644115448, 0.027924828976392747, 0.02824928015470505, 0.03192737437784672, 0.028849111497402193, 0.029136603325605394, 0.026196680217981338, 0.025449023023247717, 0.02331450581550598, 0.022301116585731508, 0.02188570573925972, 0.022873998805880546, 0.02299390658736229, 0.02280091159045696, 0.022612923569977284, 0.02096973340958357, 0.020414280705153942, 0.021758906170725824, 0.020061517879366875, 0.02102391142398119, 0.020020444132387637, 0.019128504022955895, 0.01796192117035389, 0.01776073258370161, 0.016371192038059236, 0.017051221802830696, 0.015817690268158914, 0.01579168625175953, 0.015687022171914578, 0.015118959359824657, 0.015852666832506655, 0.017167465575039387, 0.015122762136161327, 0.014888150431215764, 0.014697162806987763, 0.017636380903422833, 0.014519562199711799, 0.013198070414364337, 0.014395262487232685, 0.014587432332336902, 0.014410099573433399], "val_curve": [0.5985664665699005, 0.5264846980571747, 0.756107234954834, 1.0440510749816894, 1.1574390172958373, 0.7724321722984314, 1.1254780828952788, 0.7432171821594238, 0.7518038630485535, 1.1331893354654312, 0.4671080857515335, 0.56264169216156, 0.33531987071037295, 0.4321747660636902, 0.3114627689123154, 0.27514986991882323, 0.27836247980594636, 0.2113661378622055, 0.2382718414068222, 0.2327827274799347, 0.1975589483976364, 0.2260111838579178, 0.19703769981861113, 0.3607092320919037, 0.25522694885730746, 0.2252209812402725, 0.20070260763168335, 0.2224514126777649, 0.23660705089569092, 0.2360107868909836, 0.2679350316524506, 0.2013729840517044, 0.19401960968971252, 0.20260051488876343, 0.23993161618709563, 0.2138403534889221, 0.3244368642568588, 0.2536851704120636, 0.2148863673210144, 0.22154149115085603, 0.20523585081100465, 0.31091192066669465, 0.1951402962207794, 0.21371503472328185, 0.2230297654867172, 0.2682466208934784, 0.23799308836460115, 0.24024424254894255, 0.21372902691364287, 0.2207450658082962, 0.20554978549480438, 0.2098277688026428, 0.1975756198167801, 0.20375098288059235, 0.238883838057518, 0.21860432624816895, 0.21443957686424256, 0.21772451102733612, 0.23148139715194702, 0.21074881553649902, 0.23333727419376374, 0.2450876235961914, 0.2730096310377121, 0.21557576954364777, 0.23001686930656434, 0.22380247712135315, 0.26247807443141935, 0.22310857772827147, 0.24367653727531433, 0.22287498116493226, 0.24482426941394805, 0.22382333874702454, 0.2227734684944153, 0.3022155314683914, 0.26492220163345337, 0.2210465371608734, 0.2312218278646469, 0.22371810674667358, 0.23459137380123138, 0.24146539866924285, 0.22974097728729248, 0.23264332711696625, 0.22371079921722412, 0.24246904850006104, 0.2193708062171936, 0.3120159417390823, 0.23259781301021576, 0.2736657112836838, 0.2733475774526596, 0.22713372707366944, 0.23919928073883057, 0.24132196307182313, 0.24174961745738982, 0.2367633879184723, 0.22952309846878052, 0.26127535104751587, 0.22728658616542816, 0.2355664312839508, 0.22572365999221802, 0.2620652765035629, 0.2589519530534744, 0.2467251569032669, 0.2586770296096802, 0.2598589092493057, 0.2361562043428421, 0.24118690192699432, 0.26107431054115293, 0.24341560304164886, 0.253442645072937, 0.24534958600997925, 0.25917506515979766, 0.25322088599205017, 0.2515571862459183, 0.24177863001823424, 0.24938918948173522, 0.24763190746307373, 0.2909716874361038, 0.2935302972793579, 0.2592592269182205, 0.24671953916549683, 0.2822416365146637, 0.2464273452758789, 0.3681065827608109, 0.2734525591135025, 0.25256975591182707, 0.2671868860721588, 0.2626895934343338, 0.29283886551856997, 0.25376967787742616, 0.2636972159147263, 0.25552979707717893, 0.25457867681980134, 0.2632220506668091, 0.2584729254245758, 0.26041345596313475, 0.2653718233108521, 0.27742006778717043, 0.2704956382513046, 0.26271188259124756, 0.2667393028736115, 0.26591194570064547, 0.2666518837213516, 0.27627742290496826, 0.27330935895442965, 0.26719228327274325, 0.26241785287857056, 0.2819291174411774, 0.2736953794956207, 0.26273987293243406, 0.2708302766084671, 0.27631519436836244, 0.2745512634515762, 0.26945582032203674, 0.2839041739702225, 0.27470079660415647, 0.2788663744926453, 0.27574735283851626, 0.2737883448600769, 0.28215000629425047, 0.2674837946891785, 0.284331813454628, 0.2857425659894943, 0.2806915879249573, 0.27135743498802184]}
{"dataset": "ECG5000", "depth": 3, "nb_filters": 32, "batch_size": 128, "kernel_size": 64, "use_residual": "False", "use_bottleneck": "True", "acc": 0.952, "precision": 0.6759708056692333, "recall": 0.6231490949680287, "budget_ran": 1500,