{"dataset": "ShapeletSim", "depth": 3, "nb_filters": 32, "batch_size": 128, "kernel_size": 64, "use_residual": "False", "use_bottleneck": "True", "acc": 0.96, "precision": 0.9599378881987578, "recall": 0.9638080808080808, "budget_ran": 1500, "train_curve": [0.8646536231040954, 0.6626593828201294, 0.5129637598991394, 0.4019885122776031, 0.3262146353721619, 0.2744599789381027, 0.23727943003177643, 0.209410098195076, 0.18784911632537843, 0.1708245486021042, 0.15723379254341124, 0.14620067030191422, 0.13633469194173814, 0.12759255319833757, 0.11979018896818161, 0.11268839389085769, 0.1063971221446991, 0.10045103281736374, 0.0948983147740364, 0.08964157998561859, 0.0845694251358509, 0.07964742109179497, 0.07518217340111732, 0.07112068682909012, 0.06741143316030503, 0.06406605616211891, 0.06086123734712601, 0.057803457230329515, 0.05494443252682686, 0.052230944857001305, 0.04956606552004814, 0.047006608173251155, 0.04458053596317768, 0.04227712154388428, 0.04007882140576839, 0.03799077905714512, 0.03601495623588562, 0.03417433574795723, 0.03248092383146286, 0.03084707763046026, 0.029256377182900906, 0.027784390561282634, 0.02644145917147398, 0.025191424787044524, 0.023982641100883485, 0.02280386406928301, 0.0216750992462039, 0.02061363160610199, 0.01961968410760164, 0.018673410825431346, 0.01776345372200012, 0.01690275054425001, 0.016105089336633682, 0.015357804391533137, 0.01464637154713273, 0.013969416823238134, 0.013328349124640227, 0.012723533436655998, 0.012150230165570975, 0.011601444147527219, 0.011082813423126937, 0.0105995025485754, 0.010141745768487453, 0.00970147168263793, 0.009287426248192787, 0.008900599833577872, 0.00853419117629528, 0.008188046002760529, 0.00785925453528762, 0.007547424035146832, 0.0072561200242489575, 0.006981988810002804, 0.006724102469161153, 0.006483036233112216, 0.006256061792373657, 0.00604244121350348, 0.00584097090177238, 0.005651062401011586, 0.005472136149182916, 0.005301764281466603, 0.0051414173562079665, 0.004990369314327836, 0.004846158297732472, 0.004709825897589326, 0.004580932622775436, 0.004458012804389, 0.004340758919715882, 0.004229335114359856, 0.004123929329216481, 0.004023465188220143, 0.003927569510415197, 0.00383617733605206, 0.0037486761808395385, 0.003665279317647219, 0.0035859513096511363, 0.003509956505149603, 0.0034370817709714176, 0.0033669832162559034, 0.0032995946472510695, 0.0032349123386666177, 0.0031724896747618915, 0.0031124684028327465, 0.003054765868000686, 0.0029990226961672307, 0.002945144358091056, 0.002893084124661982, 0.00284288024995476, 0.0027945122914388777, 0.002747743995860219, 0.002702569658868015, 0.0026587698608636855, 0.0026163058821111916, 0.0025751555571332575, 0.0025352371158078313, 0.002496612910181284, 0.0024591606808826326, 0.0024229085072875025, 0.002387719671241939, 0.0023534336360171437, 0.0023200468393042685, 0.0022874816320836546, 0.002255682903341949, 0.00222469731234014, 0.0021944706793874504, 0.0021649843314662577, 0.0021361945662647487, 0.002108111488632858, 0.0020806519547477364, 0.002053790376521647, 0.0020275153452530502, 0.0020019121700897815, 0.00197709109634161, 0.0019528146134689451, 0.0019290689611807465, 0.0019058054080232979, 0.0018829902401193976, 0.0018606249475851655, 0.001838662987574935, 0.001817104290239513, 0.0017959607765078544, 0.0017752260668203236, 0.001754954527132213, 0.0017352114897221326, 0.0017159158596768975, 0.0016970028867945076, 0.0016784604638814926, 0.0016602380899712443, 0.0016423295484855771, 0.0016247279709205031, 0.0016074436716735363, 0.0015905016451142728, 0.0015738651971332728, 0.0015575054218061267, 0.0015414600842632354, 0.0015257077990099787, 0.001510233199223876, 0.0014950577984564005, 0.001480132038705051, 0.0014654324972070754, 0.0014509726664982737, 0.001436722930520773], "val_curve": [0.6846333503723144, 0.6993053197860718, 0.7803006649017334, 0.9481083154678345, 1.160167682170868, 1.3636287927627564, 1.5213874220848083, 1.6199665546417237, 1.6780376076698302, 1.7370222210884094, 1.8165658086538314, 1.9141543626785278, 2.032219225168228, 2.171198046207428, 2.3236833274364472, 2.46954060792923, 2.584854018688202, 2.653097665309906, 2.6723857522010803, 2.651870369911194, 2.6046520233154298, 2.5430502891540527, 2.477854323387146, 2.419287919998169, 2.3781993806362154, 2.3645924746990206, 2.3812975525856017, 2.4221900761127473, 2.475246924161911, 2.525534042716026, 2.55829975605011, 2.563012796640396, 2.5345546275377275, 2.4744364857673644, 2.3874131351709367, 2.2758519470691683, 2.138837939500809, 1.9731933057308197, 1.7753935873508453, 1.5479331731796264, 1.3002270996570586, 1.0493689894676208, 0.8193130522966385, 0.6338723182678223, 0.5055734038352966, 0.4349941313266754, 0.4154845118522644, 0.4335565984249115, 0.4720643013715744, 0.5170527338981629, 0.5610932171344757, 0.6016822457313538, 0.6378672122955322, 0.6690717935562134, 0.6948605477809906, 0.7154891312122345, 0.7320583462715149, 0.7465554118156433, 0.7611803531646728, 0.7773862600326538, 0.7952006757259369, 0.8131264925003052, 0.8296240925788879, 0.844011378288269, 0.8565058231353759, 0.8675769567489624, 0.877567183971405, 0.8865275025367737, 0.8943618655204773, 0.9009301781654357, 0.9061153650283813, 0.9100443840026855, 0.9130812168121338, 0.9157357096672059, 0.9184661030769348, 0.9214442849159241, 0.9244489669799805, 0.9271812200546264, 0.9295008540153503, 0.9314358949661254, 0.9331109881401062, 0.9346216678619385, 0.9359646320343018, 0.937050712108612, 0.9378011584281921, 0.9381963729858398, 0.9382262706756592, 0.9378203511238098, 0.9368037819862366, 0.9350357413291931, 0.932472026348114, 0.9292364835739135, 0.9256051301956176, 0.9218115210533142, 0.9180087804794311, 0.9142087578773499, 0.9104565024375916, 0.9067839503288269, 0.9032400727272034, 0.8998328566551208, 0.8965081810951233, 0.8932329773902893, 0.8900231838226318, 0.8869426250457764, 0.8839969277381897, 0.8811098456382751, 0.878188145160675, 0.8751773238182068, 0.8720629334449768, 0.8688491702079773, 0.8655313134193421, 0.8621228218078614, 0.8586606621742249, 0.8552289366722107, 0.8518929481506348, 0.8486837029457093, 0.8455902099609375, 0.8426205396652222, 0.8397848963737488, 0.8370841145515442, 0.8344767689704895, 0.8319254159927368, 0.8294185638427735, 0.8269658327102661, 0.824567687511444, 0.8222071766853333, 0.8198706150054932, 0.8175568580627441, 0.8152837514877319, 0.8130620241165161, 0.8108795523643494, 0.8087220788002014, 0.8065770983695983, 0.8044415831565856, 0.8023147583007812, 0.8001974940299987, 0.7980917096138, 0.796007490158081, 0.7939562797546387, 0.7919546246528626, 0.7900111317634583, 0.788122832775116, 0.7862792372703552, 0.7844865202903748, 0.7827415823936462, 0.7810341000556946, 0.7793557643890381, 0.7776903986930848, 0.7760334372520447, 0.7743717432022095, 0.7726967453956604, 0.7710147857666015, 0.7693243980407715, 0.7676263689994812, 0.7659195065498352, 0.764203155040741, 0.7624889254570008, 0.7607851386070251, 0.7590864300727844, 0.7573894739151001, 0.7556923985481262]}
{"dataset": "ShapeletSim", "depth": 3, "nb_filters": 32, "batch_size": 128, "kernel_size": 64, "use_residual": "False", "use_bottleneck": "True", "acc": 0.9949999999999999, "precision": 0.9941176470588236, "recall": 0.9958333333333333, "budget_ran": 1500,