{"dataset": "Meat", "depth": 3, "nb_filters": 32, "batch_size": 128, "kernel_size": 64, "use_residual": "False", "use_bottleneck": "True", "acc": 0.36666666666666664, "precision": 0.1222222222222222, "recall": 0.3333333333333333, "budget_ran": 1500, "train_curve": [1.2705865621566772, 1.111712908744812, 1.087184691429138, 1.078202247619629, 1.0737017393112183, 1.0654550313949585, 1.0573311567306518, 1.0492505073547362, 1.0400105714797974, 1.0271869897842407, 1.016389501094818, 1.0001767039299012, 0.9911508083343505, 0.9699432730674744, 0.9508782267570496, 0.9260367035865784, 0.9334588527679444, 0.8892768979072571, 0.8955675840377808, 0.8663091897964478, 0.8417712450027466, 0.8384395837783813, 0.8308084011077881, 0.7940727591514587, 0.790190827846527, 0.768359649181366, 0.7596837759017945, 0.7414169073104858, 0.7154061198234558, 0.7060434818267822, 0.7030290246009827, 0.6882371664047241, 0.6627662599086761, 0.6690892457962037, 0.6416837632656097, 0.6266498446464539, 0.6201794862747192, 0.5983862161636353, 0.5956064820289612, 0.5744168102741242, 0.5699556350708008, 0.5630287289619446, 0.5479102432727814, 0.5453635334968567, 0.5376687049865723, 0.5317527234554291, 0.5057007312774658, 0.519131350517273, 0.4968749523162842, 0.4870880007743835, 0.4749412775039673, 0.4766149580478668, 0.46516204476356504, 0.44959740042686464, 0.4430940866470337, 0.440974223613739, 0.43843387365341185, 0.429067987203598, 0.4293814480304718, 0.42098801136016845, 0.4181703269481659, 0.4055441081523895, 0.40221632122993467, 0.40935071706771853, 0.3867276608943939, 0.3742931246757507, 0.3731270432472229, 0.3692945182323456, 0.37743783593177793, 0.3526749134063721, 0.346889591217041, 0.34435917139053346, 0.34062840342521666, 0.319810026884079, 0.3257324516773224, 0.3202753484249115, 0.32044275403022765, 0.3090170055627823, 0.29508123397827146, 0.2904344618320465, 0.32104177474975587, 0.30235702395439146, 0.29059517979621885, 0.3023655503988266, 0.286721795797348, 0.29054943919181825, 0.2789551496505737, 0.277801313996315, 0.2766886532306671, 0.26377321779727936, 0.27081303894519804, 0.24898433387279512, 0.24868203401565553, 0.23307211697101593, 0.226429483294487, 0.22853825688362123, 0.24300919771194457, 0.23565877079963685, 0.22731328010559082, 0.2150760382413864, 0.21747244894504547, 0.20710936784744263, 0.21326420605182647, 0.19574693739414215, 0.2030612349510193, 0.1939462184906006, 0.19071873128414155, 0.18274590075016023, 0.18247946202754975, 0.1675408363342285, 0.1762734442949295, 0.18127336204051972, 0.1713143765926361, 0.16613954901695252, 0.1577652156352997, 0.16437380611896515, 0.14815575629472733, 0.16098770797252654, 0.14834634214639664, 0.15394869893789292, 0.14817673563957215, 0.15733369290828705, 0.14310452044010163, 0.14495056569576265, 0.14880480915307998, 0.1375361829996109, 0.14028366059064865, 0.13701076358556746, 0.13516716957092284, 0.12836977392435073, 0.12389042973518372, 0.12404135763645172, 0.12246114760637283, 0.12304131835699081, 0.11783293783664703, 0.11693848967552185, 0.11850892007350922, 0.11479638069868088, 0.11467331200838089, 0.11086086034774781, 0.11240316927433014, 0.1083384096622467, 0.10727189928293228, 0.11006615459918975, 0.10870866775512696, 0.11023968309164048, 0.10929454863071442, 0.10428165346384048, 0.10760215520858765, 0.10770806148648263, 0.1044255718588829], "val_curve": [1.0939888954162598, 1.0957802295684815, 1.0907376050949096, 1.0884337663650512, 1.0879289150238036, 1.0890342950820924, 1.0931468963623048, 1.101722288131714, 1.109786868095398, 1.1197972774505616, 1.1359648704528809, 1.1619354248046876, 1.1687350034713746, 1.2190482854843139, 1.243645930290222, 1.3215978145599365, 1.3526920318603515, 1.3798092126846313, 1.457360601425171, 1.5805700778961183, 1.8172492504119873, 1.8779038906097412, 1.9490991353988647, 2.032510828971863, 2.214614462852478, 2.4743961811065676, 2.583104372024536, 2.5613759994506835, 2.681666851043701, 3.057168221473694, 3.4289694309234617, 3.582497572898865, 3.6808141231536866, 3.9305060148239135, 4.198838829994202, 4.470030975341797, 4.7844233274459835, 5.040226173400879, 5.202981877326965, 5.55745050907135, 5.778318524360657, 6.1138869524002075, 6.449617600440979, 6.775072002410889, 6.846415877342224, 6.984319591522217, 7.353840160369873, 7.603340911865234, 7.676974534988403, 8.070470142364503, 8.437178325653075, 8.499142599105834, 8.541555547714234, 9.028920650482178, 9.356315565109252, 9.438625001907349, 9.673900270462036, 9.920111036300659, 10.393109226226807, 10.362394618988038, 10.735573101043702, 10.704382514953613, 10.719315433502198, 11.1152419090271, 11.59552879333496, 11.689482498168946, 11.851251888275147, 12.311802577972411, 12.183141708374023, 12.159179592132569, 12.36655044555664, 12.697682952880859, 12.77690896987915, 12.926644611358643, 13.310648822784424, 13.446734142303466, 13.76173791885376, 13.90992088317871, 13.659250926971435, 13.771699237823487, 14.036328792572021, 14.40435333251953, 14.643855571746826, 14.577490043640136, 14.518809032440185, 14.63116455078125, 15.024018573760987, 15.339658069610596, 15.68188934326172, 15.884241962432862, 15.993602466583251, 16.081329822540283, 16.249380683898927, 16.375905418395995, 16.384526634216307, 16.45370979309082, 16.7344108581543, 17.109758949279787, 17.429380416870117, 17.437569999694823, 17.395574188232423, 17.340484809875488, 17.596964836120605, 18.00707015991211, 18.2683443069458, 18.37373867034912, 18.528474426269533, 18.68952693939209, 18.740529823303223, 18.91476173400879, 19.228870010375978, 19.47735729217529, 19.830330276489256, 20.162183380126955, 20.283303642272948, 20.466302108764648, 20.671257972717285, 20.732924461364746, 21.031573867797853, 21.256129455566406, 21.2918758392334, 21.584945678710938, 21.72697982788086, 21.76222972869873, 22.044577026367186, 22.345462989807128, 22.397276306152342, 22.626782608032226, 22.830409240722656, 22.861588287353516, 22.91247615814209, 22.920000267028808, 23.049036026000977, 23.179048156738283, 23.246854782104492, 23.30743350982666, 23.493033027648927, 23.752117347717284, 23.955503082275392, 24.150602531433105, 24.276893043518065, 24.39760093688965, 24.50383777618408, 24.564211082458495, 24.714420318603516, 24.991928482055663, 25.09794464111328, 25.10801124572754, 25.214486503601073, 25.3501314163208, 25.432209968566895]}
{"dataset": "Meat", "depth": 3, "nb_filters": 32, "batch_size": 128, "kernel_size": 64, "use_residual": "False", "use_bottleneck": "True", "acc": 0.325, "precision": 0.10833333333333332, "recall": 0.3333333333333333, "budget_ran": 1500,