{"dataset": "Strawberry", "depth": 3, "nb_filters": 32, "batch_size": 128, "kernel_size": 64, "use_residual": "False", "use_bottleneck": "True", "acc": 0.9704858593183466, "precision": 0.9665921453602447, "recall": 0.9697996095751513, "budget_ran": 1500, "train_curve": [0.675583016872406, 0.554339325428009, 0.49963189363479615, 0.4339901149272919, 0.3795310020446777, 0.3520955204963684, 0.32532368302345277, 0.29702540040016173, 0.27867463529109954, 0.26096014976501464, 0.23843052983283997, 0.2358883112668991, 0.22688418328762056, 0.2267986536026001, 0.22512854933738707, 0.21285651326179506, 0.20011236965656282, 0.19471673667430878, 0.1891154855489731, 0.1788986325263977, 0.1657822847366333, 0.15941498279571534, 0.14668352603912355, 0.14806958734989167, 0.1501280128955841, 0.14978541135787965, 0.14067169427871704, 0.131646566092968, 0.13131190538406373, 0.13619062006473542, 0.12793701142072678, 0.12213418185710907, 0.12781094163656234, 0.12092941999435425, 0.1132488876581192, 0.11728792637586594, 0.11048036366701126, 0.10863335877656936, 0.11136613488197326, 0.11182376742362976, 0.11454039067029953, 0.09864084124565124, 0.10339900255203247, 0.09172444343566895, 0.08744426518678665, 0.0903090476989746, 0.08923823982477189, 0.07712380737066268, 0.08014771491289138, 0.08096987158060073, 0.07414108291268348, 0.08362227827310562, 0.07478219047188758, 0.07586105838418007, 0.07760407328605652, 0.07852616012096406, 0.07229690253734589, 0.07229847460985184, 0.07636005952954292, 0.08816622942686081, 0.08526114523410797, 0.08271795213222503, 0.07043977081775665, 0.06760765388607978, 0.0626929298043251, 0.06277701556682587, 0.05957340449094772, 0.05805109590291977, 0.058329638838768, 0.05679398775100708, 0.05460691824555397, 0.05633397772908211, 0.05747380331158638, 0.05716488808393479, 0.05244919881224632, 0.0529049351811409, 0.052095877379179, 0.055715073645114896, 0.05232130214571953, 0.05387572646141052, 0.04758604392409325, 0.04925941787660122, 0.05581821873784065, 0.04821707159280777, 0.05408833771944046, 0.05184202417731285, 0.05336250923573971, 0.04527486674487591, 0.04621058478951454, 0.04673363193869591, 0.047551363706588745, 0.04591427594423294, 0.04542624726891518, 0.04255451299250126, 0.04561972469091415, 0.046198558434844016, 0.05007621869444847, 0.04959944859147072, 0.0477289866656065, 0.04419560767710209, 0.041801977530121805, 0.043806249275803566, 0.04465009532868862, 0.044345051795244214, 0.043134347349405286, 0.04355864226818085, 0.050770722702145575, 0.042837996035814285, 0.04284352287650108, 0.04226806871592999, 0.039438895881175995, 0.03832653090357781, 0.041653172299265864, 0.04329338967800141, 0.0419902678579092, 0.04163145422935486, 0.03974356204271316, 0.03891925737261772, 0.03810773901641369, 0.04252626188099384, 0.043430380150675775, 0.04367294609546661, 0.03935750424861908, 0.04005868136882782, 0.036393788456916806, 0.04115598127245903, 0.04205337651073933, 0.04079489335417748, 0.03804039470851421, 0.0386907234787941, 0.03603795804083347, 0.039797792211174965, 0.03765330351889133, 0.03797736018896103, 0.03783949166536331, 0.034729234874248505, 0.03321010060608387, 0.03304102569818497, 0.035977406054735185, 0.039459248259663585, 0.03453076481819153, 0.034502509608864786, 0.035046684369444844, 0.03405286706984043, 0.037664308398962024, 0.03954090289771557, 0.037979116290807725, 0.03418208546936512, 0.03303691744804382, 0.03634581938385963, 0.03541647493839264, 0.0383258268237114, 0.03726273812353611, 0.03719118945300579, 0.03644881211221218, 0.03570966236293316, 0.0360905572772026, 0.034806235879659655, 0.036240275204181674, 0.03408942855894566, 0.03213915303349495, 0.041438163444399836, 0.037970972061157224, 0.03563237376511097, 0.037442239746451375, 0.03419710360467434, 0.040072380751371386, 0.03550665080547333, 0.0348975196480751, 0.03543343544006348, 0.03370709866285324, 0.032038689032197, 0.030856258049607278, 0.030856853723526, 0.034729819372296335, 0.03342756368219853, 0.030220761150121688, 0.03335241489112377, 0.03458919115364552, 0.033376821875572206, 0.034781021624803544, 0.03304512798786163, 0.03363296315073967, 0.0343954760581255, 0.03526785597205162, 0.03198511451482773, 0.03121422156691551, 0.029542737081646918, 0.031325316056609154, 0.02974343076348305, 0.031108174100518228, 0.029868770390748978, 0.03893640674650669, 0.030409307032823563, 0.03258961029350758, 0.031302789226174355, 0.03040432035923004, 0.029495737701654434, 0.031744752824306485, 0.027274086698889734, 0.03180201128125191, 0.03639345020055771, 0.03238674029707909, 0.03541143536567688, 0.031180435419082643, 0.02784443348646164, 0.030351047590374946, 0.0327837310731411, 0.0294720608741045, 0.03008035011589527],