{"dataset": "ECG200", "depth": 3, "nb_filters": 32, "batch_size": 128, "kernel_size": 64, "use_residual": "False", "use_bottleneck": "True", "acc": 0.78, "precision": 0.7681756756756757, "recall": 0.6662941176470588, "budget_ran": 1500, "train_curve": [0.9186968445777893, 0.5642530500888825, 0.44990384578704834, 0.3985532522201538, 0.36525650024414064, 0.3371865630149841, 0.31190400421619413, 0.2881806522607803, 0.2672947019338608, 0.24887638688087463, 0.2322962462902069, 0.21643255054950714, 0.20219764113426208, 0.18852435499429704, 0.17504165470600128, 0.16218605041503906, 0.1499816209077835, 0.1379685878753662, 0.12770579159259796, 0.11860828921198845, 0.10721734836697579, 0.09738134443759919, 0.09042768701910972, 0.08164325952529908, 0.07558526247739791, 0.06918744184076786, 0.06087769381701946, 0.05656437799334526, 0.05242121741175652, 0.04651293084025383, 0.04320942498743534, 0.03941653110086918, 0.03691519498825073, 0.032755962945520876, 0.030911280214786528, 0.028349822387099266, 0.025310885161161423, 0.023330452851951122, 0.02154633365571499, 0.019748400244861842, 0.018167273420840502, 0.01675102235749364, 0.015678189136087893, 0.01429375559091568, 0.013477692566812038, 0.012534274067729712, 0.01164705902338028, 0.010974302235990763, 0.01031540622934699, 0.0096498086117208, 0.009113253466784954, 0.008706403151154517, 0.008143636770546437, 0.007789473794400692, 0.007392785372212529, 0.007066689804196358, 0.006687331991270184, 0.00640655835159123, 0.006123760249465704, 0.0058813092764467, 0.005632809433154762, 0.005419952631928027, 0.005216434504836798, 0.005030210036784411, 0.004845849680714309, 0.004688930464908481, 0.004539365856908261, 0.004396088956855238, 0.0042572766309604045, 0.0041300596203655005, 0.004018498957157135, 0.0039010558743029834, 0.0037970592733472587, 0.003695059148594737, 0.0036052824230864643, 0.003511660313233733, 0.0034259323263540866, 0.0033442906104028227, 0.003267897688783705, 0.0031948399497196077, 0.0031211515655741096, 0.00305467052385211, 0.002988206082955003, 0.002930587949231267, 0.002869442291557789, 0.0028141807997599244, 0.0027589196106418967, 0.0027082771761342884, 0.0026584884617477655, 0.002610320458188653, 0.0025645575718954206, 0.002519294386729598, 0.00247748913243413, 0.00243485375540331, 0.0023949852329678833, 0.0023556418716907503, 0.0023184184567071496, 0.0022818703320808707, 0.0022460413980297743, 0.002212235436309129, 0.002178870118223131, 0.002146979433018714, 0.0021150347660295666, 0.002084861905314028, 0.002055186778306961, 0.0020266767591238023, 0.001998615392949432, 0.0019713213434442876, 0.0019449199666269124, 0.0019191105850040913, 0.0018941283575259148, 0.001869725261349231, 0.0018461483996361494, 0.0018229715409688652, 0.00180028973845765, 0.0017793752835132183, 0.0017588397138752043, 0.001738866197410971, 0.0017192133935168385, 0.0017001091153360903, 0.001681337074842304, 0.0016641968861222268, 0.0016474221018142998, 0.0016309736529365182, 0.0016148363705724479, 0.0015990658663213252, 0.0015836617210879921, 0.0015685285441577434, 0.0015538501320406795, 0.0015394895570352673, 0.0015253633144311606, 0.0015115003101527692, 0.0014978550258092581, 0.001484487799461931, 0.0014713553362526, 0.0014584627118892969, 0.0014458297053351998, 0.0014334575505927205, 0.001421194919385016, 0.001409106410574168, 0.0013971912791021167, 0.0013857056736014783, 0.001374448579736054, 0.0013632805901579558, 0.0013522784691303968, 0.0013415390392765402, 0.0013310326379723848, 0.0013206618372350932, 0.0013104014447890221, 0.0013003721949644386, 0.0012905279290862381, 0.001280830125324428, 0.0012712494237348438, 0.0012617290718480944, 0.0012523831683211029, 0.0012432044721208512, 0.001234189502429217, 0.0012252651387825609, 0.0012164344661869109, 0.001207731501199305, 0.0011991567444056273], "val_curve": [0.6539419293403625, 0.6269981145858765, 0.6119636178016663, 0.6053595900535583, 0.6049277305603027, 0.6079936146736145, 0.6076548814773559, 0.6009988188743591, 0.5925724387168885, 0.5847792983055115, 0.5756620764732361, 0.5648948132991791, 0.5539133608341217, 0.5431820631027222, 0.5336639881134033, 0.5244033098220825, 0.5170316815376281, 0.5172126531600952, 0.5241518914699554, 0.5335780024528504, 0.5533726215362549, 0.5786381244659424, 0.6160447001457214, 0.6243174433708191, 0.6749467611312866, 0.6843432188034058, 0.7183317303657532, 0.7833680748939514, 0.8293465137481689, 0.8445546388626098, 0.9385232865810395, 0.9671887397766114, 1.039218258857727, 1.0836859166622161, 1.053180980682373, 1.1191430807113647, 1.1196071028709411, 1.0715803027153015, 1.1219255447387695, 1.1770785808563233, 1.184022891521454, 1.1997288107872008, 1.2147839307785033, 1.22660174369812, 1.2478219866752625, 1.285070776939392, 1.3330120325088501, 1.3516258716583252, 1.331641685962677, 1.3314993739128114, 1.3630899906158447, 1.393045687675476, 1.4291640996932984, 1.4788355112075806, 1.5045222043991089, 1.500133180618286, 1.4920168280601502, 1.4830189228057862, 1.475278413295746, 1.4848950862884522, 1.5144601583480835, 1.5411686897277832, 1.5407361030578612, 1.524271011352539, 1.5183155298233033, 1.5255382061004639, 1.5334058046340941, 1.5379719257354736, 1.5415398597717285, 1.5522264957427978, 1.569599485397339, 1.5759609937667847, 1.5658092021942138, 1.5561635494232178, 1.557341957092285, 1.566866397857666, 1.5755762100219726, 1.5818997144699096, 1.591097116470337, 1.5987603664398193, 1.5983824968338012, 1.59962797164917, 1.6102226495742797, 1.622660493850708, 1.6284934282302856, 1.6306459188461304, 1.6364897251129151, 1.6452260732650756, 1.6471615552902221, 1.6427070379257203, 1.6417168140411378, 1.646669328212738, 1.6539485216140748, 1.6642023921012878, 1.6762118339538574, 1.6842776894569398, 1.6854529857635498, 1.6839914560317992, 1.685354518890381, 1.6893664598464966, 1.6928733944892884, 1.696658158302307, 1.7028692007064818, 1.7107054233551025, 1.7157901883125306, 1.7169907927513122, 1.718583619594574, 1.7204948902130126, 1.7207300066947937, 1.720380711555481, 1.7235401153564454, 1.73044753074646, 1.736947739124298, 1.7407113909721375, 1.742285680770874, 1.744044876098633, 1.74670307636261, 1.749316191673279, 1.751459550857544, 1.752330207824707, 1.750992774963379, 1.749440884590149, 1.7483318567276, 1.7477564692497254, 1.7470357418060303, 1.7470123648643494, 1.7478127241134644, 1.7472384214401244, 1.7460897445678711, 1.745858645439148, 1.745748233795166, 1.7435492157936097, 1.7400437414646148, 1.7363108396530151, 1.7336164653301238, 1.731517255306244, 1.7294700622558594, 1.726546436548233, 1.7236156225204469, 1.7223273038864135, 1.7211686968803406, 1.7193215548992158, 1.717097544670105, 1.7145110607147216, 1.711773943901062, 1.7088536024093628, 1.7047710418701172, 1.7005707383155824, 1.6963002324104308, 1.6921519577503203, 1.688207322359085, 1.684975302219391, 1.6814809918403626, 1.6765097737312318, 1.6706318855285645, 1.6656964719295502, 1.6617604851722718, 1.656877154111862, 1.651705414056778, 1.64643514752388, 1.6411631107330322]}
{"dataset": "ECG200", "depth": 3, "nb_filters": 32, "batch_size": 128, "kernel_size": 64, "use_residual": "False", "use_bottleneck": "True", "acc": 0.8450000000000001, "precision": 0.8423999588796223, "recall": 0.8441290191290193, "budget_ran": 1500,