{"dataset": "ECGFiveDays", "depth": 3, "nb_filters": 32, "batch_size": 128, "kernel_size": 64, "use_residual": "False", "use_bottleneck": "True", "acc": 1.0, "precision": 1.0, "recall": 1.0, "budget_ran": 1500, "train_curve": [0.4931436061859131, 0.10103777050971985, 0.02915024384856224, 0.01584400497376919, 0.011727013997733593, 0.0070086785592138766, 0.005987705662846565, 0.004765680059790611, 0.00414323559962213, 0.0036045001354068516, 0.0034120252821594477, 0.003239875053986907, 0.002803783933632076, 0.002985021541826427, 0.002270904090255499, 0.0022169501055032013, 0.0018068363890051842, 0.0016660105669870974, 0.0016551735810935498, 0.0014791870256885887, 0.001451716502197087, 0.0013826924841850996, 0.0013234113808721303, 0.0011588226887397468, 0.001097006758209318, 0.001108271616976708, 0.0010003076982684433, 0.0009962026146240533, 0.0010403919615782798, 0.0009713404113426804, 0.0010817680857144296, 0.0008640874875709414, 0.0008161932637449354, 0.000886140635702759, 0.000725632719695568, 0.0006709522975143045, 0.0007108159712515772, 0.0007542095263488591, 0.0008614636142738163, 0.0008334982790984214, 0.0006876827334053815, 0.000620173494098708, 0.0006777762668207288, 0.0005844194674864411, 0.000588588387472555, 0.00048797046183608473, 0.000541943870484829, 0.000546899123582989, 0.0004780974122695625, 0.0004896127386018634, 0.0005020901560783386, 0.0004562954185530543, 0.00048676940496079625, 0.0004867037117946893, 0.0004503652104176581, 0.0005164823727682233, 0.00043729073950089515, 0.0004387087479699403, 0.0003937737608794123, 0.00043457060819491745, 0.0004156386130489409, 0.00040170796564780175, 0.0004490130115300417, 0.00041352856787852944, 0.00038774278946220877, 0.0003906839992851019, 0.00038497406640090046, 0.0003686166601255536, 0.000372064154362306, 0.00040345703600905833, 0.00035538686206564306, 0.0003945801814552397, 0.00040490254177711905, 0.00036752480664290486, 0.0003734008292667568, 0.0003531853901222348, 0.000351619569119066, 0.00034635220072232187, 0.0003599411400500685, 0.0003758551029022783, 0.00037452810793183746, 0.0003956158354412764, 0.0003581471974030137, 0.0003822084283456206, 0.000378259556600824, 0.0003430293872952461, 0.00034844223991967736, 0.00034396148985251786, 0.000376291066640988, 0.0003375105501618236, 0.0003363933996297419, 0.0003846482140943408, 0.00042014019563794134, 0.00039964093011803927, 0.00032541347900405526, 0.0003702846704982221, 0.00032270056544803083, 0.0003486141562461853, 0.00038480243529193103, 0.00037154738092795017, 0.00032907240674830975, 0.0003569142485503107, 0.0003192946780472994, 0.00031928250391501936, 0.0003661701513919979, 0.0003320137795526534, 0.000349123845808208, 0.0003479192149825394, 0.0003263269318267703, 0.0003829661291092634, 0.0003130923811113462, 0.00034415904083289205, 0.0003218882135115564, 0.0003211261471733451, 0.00033318330533802507, 0.0003268436703365296, 0.0003196976380422711, 0.00039924877346493305, 0.0003200813371222466, 0.00030673398287035526, 0.00031366223120130596, 0.00039643424679525197, 0.000313593348255381, 0.0003338146925671026, 0.0003052044252399355, 0.0002926098182797432, 0.00028536405588965865, 0.0003109456418314949, 0.0003021163254743442, 0.0003219139587599784, 0.0003162410430377349, 0.000324001774424687, 0.00033582127070985734, 0.000281840143725276, 0.0003201909566996619, 0.0003159512183628976, 0.00031701061525382104, 0.0003099120425758883, 0.0002945877204183489, 0.0002798294241074473, 0.0003177828621119261, 0.00028084543300792574, 0.000306281162193045, 0.00031618367065675554, 0.00030482986476272346, 0.00028694409120362253, 0.00029867958219256254, 0.00029532006592489777, 0.0002875059872167185, 0.0003308368904981762, 0.0002984659600770101, 0.0002793888095766306, 0.00029616860265377907, 0.00026745774084702134, 0.0003114478255156428, 0.0002889300842070952, 0.0002649072848726064, 0.0002739453921094537, 0.0002999622432980686, 0.0002517383429221809, 0.0003136852057650685, 0.00029973828932270406, 0.00027296555635984986, 0.0002750735933659598, 0.0002771965431747958, 0.0002673993818461895, 0.00027206182421650736, 0.0002730052394326776, 0.00025861809554044156, 0.0002740394615102559, 0.00028114330780226737, 0.00025663134874776006, 0.0002843119844328612, 0.00028269369213376196, 0.00025099868944380435, 0.0002958938479423523, 0.00028903025086037817, 0.0002645443455548957, 0.0002869075135095045, 0.00024084922042675317, 0.00024630457628518345, 0.0002590723568573594, 0.00026581337151583285, 0.0003052343236049637, 0.00029808138497173787, 0.00025723637372720987, 0.0002734169800532982, 0.0003268886968726292, 0.00027676464233081786, 0.0002666034532012418, 0.0003006090875715017],