{"dataset": "Plane", "depth": 3, "nb_filters": 32, "batch_size": 128, "kernel_size": 64, "use_residual": "False", "use_bottleneck": "True", "acc": 0.8904761904761905, "precision": 0.8791208791208792, "recall": 0.8995238095238095, "budget_ran": 1500, "train_curve": [2.375859260559082, 1.7272057056427002, 1.3657922983169555, 1.1223440647125245, 0.9459601283073426, 0.8119317650794983, 0.7051259517669678, 0.6156175971031189, 0.5379780113697052, 0.4701895475387573, 0.4114372134208679, 0.36109647154808044, 0.31820322275161744, 0.2815647006034851, 0.2499505579471588, 0.22243834733963014, 0.1984355330467224, 0.17756372392177583, 0.15944857597351075, 0.14373832046985627, 0.13007309436798095, 0.1181303471326828, 0.10764637291431427, 0.0983866035938263, 0.09017476588487625, 0.08284774273633957, 0.0762962132692337, 0.07040407210588455, 0.06507271453738213, 0.06023823469877243, 0.05586531385779381, 0.051911871135234836, 0.04832641184329987, 0.04505601525306702, 0.042072879150509834, 0.03935130313038826, 0.036863695830106735, 0.03458607271313667, 0.03249265700578689, 0.03056757412850857, 0.028796470910310745, 0.02717484496533871, 0.02569694593548775, 0.024349913746118546, 0.023117240890860556, 0.021987270563840866, 0.020950477197766305, 0.019995520263910292, 0.019113138690590857, 0.018295409344136714, 0.017536716163158418, 0.01683282367885113, 0.016179240122437478, 0.01557022463530302, 0.01500125676393509, 0.014469735138118268, 0.013972349464893341, 0.013509211875498296, 0.013075009733438493, 0.012666464596986771, 0.012281230464577676, 0.011918267235159874, 0.011576768942177296, 0.011255086772143841, 0.010951758362352848, 0.010664823465049267, 0.010393431410193443, 0.010135187394917011, 0.009889174345880746, 0.00965576572343707, 0.009433616511523723, 0.009222703613340854, 0.009024024475365877, 0.008834862057119608, 0.008653413038700819, 0.008479055203497409, 0.008311474323272705, 0.008150781132280826, 0.007996452692896127, 0.007847938314080238, 0.007704627513885498, 0.007566286250948906, 0.007432814128696919, 0.007303874567151069, 0.007179410569369793, 0.007059249561280012, 0.006943073775619269, 0.006831037532538176, 0.006722935382276774, 0.006618306320160627, 0.006517087668180465, 0.006419112998992204, 0.006323961261659861, 0.006231288425624371, 0.006141038052737713, 0.006053135730326176, 0.005967516545206308, 0.005884058028459549, 0.005802771449089051, 0.005723522230982781, 0.005646265856921673, 0.005571148358285427, 0.00549811040982604, 0.005426838900893927, 0.005357130710035562, 0.005288943648338318, 0.005222300346940756, 0.005157074052840471, 0.005093229748308658, 0.005030707735568285, 0.004969559703022241, 0.00490971845574677, 0.00485108750872314, 0.00479355426505208, 0.004737037187442184, 0.004681524820625782, 0.004627022333443165, 0.004574250336736441, 0.0045229508075863125, 0.004472692403942347, 0.004423402808606624, 0.004374903906136751, 0.004327156161889434, 0.0042801335453987125, 0.004233823530375958, 0.004188267653807998, 0.004143475042656064, 0.004099416825920343, 0.004056107066571712, 0.004013577848672867, 0.003972237790003419, 0.003931669285520911, 0.0038917528465390204, 0.0038524622097611426, 0.0038137800060212613, 0.0037756985053420066, 0.0037382657174021006, 0.0037013120017945766, 0.0036648081615567206, 0.003629016503691673, 0.003593936702236533, 0.0035592916887253524, 0.0035250847693532707, 0.003491616854444146, 0.0034587467089295387, 0.0034263400826603173, 0.0033944065682590006, 0.0033631753642112015, 0.0033325854688882827, 0.0033027619123458863, 0.003273374866694212, 0.0032443711534142494, 0.003215582575649023, 0.0031870611011981962, 0.0031588787212967874, 0.003130988124758005, 0.0031033508013933895, 0.003076078137382865, 0.0030496001709252596, 0.0030237088445574044, 0.0029981785453855993, 0.002972958981990814, 0.0029483035206794737, 0.0029241383075714112, 0.00290038431994617, 0.002876898366957903, 0.002853662008419633, 0.0028307622298598288, 0.0028081271797418595, 0.0027856701985001565, 0.0027634156867861748, 0.0027414056472480296, 0.002719755517318845, 0.002698266273364425, 0.002676998870447278, 0.002656033216044307, 0.002635402558371425, 0.0026151212863624097, 0.002595109399408102, 0.002575544361025095, 0.002556290803477168, 0.0025371565017849205], "val_curve": [1.925204825401306, 1.8911037206649781, 1.8614070653915404, 1.8367610454559327, 1.8150048971176147, 1.7931256771087647, 1.7684116125106812, 1.7400638103485107, 1.7078221321105957, 1.6723397016525268, 1.6351755380630493, 1.5974772930145265, 1.5595219612121582, 1.520846962928772, 1.4809520483016967, 1.4396235704421998, 1.3973186016082764, 1.354541301727295, 1.3121739149093627, 1.2707681894302367, 1.230416965484619, 1.1909709215164184, 1.152399230003357, 1.114780056476593, 1.0781530261039733, 1.0426081418991089, 1.008401370048523, 0.9758142828941345, 0.9453139424324035, 0.9172557950019836, 0.8920351982116699, 0.8700222134590149, 0.8515720367431641, 0.8369632005691529, 0.8262004733085633, 0.8193542122840881, 0.8162196755409241, 0.8166184186935425, 0.8203283429145813, 0.827035665512085, 0.8364800214767456, 0.8483591318130493, 0.8622773885726929, 0.8779055833816528, 0.8949617505073547, 0.9132272839546204, 0.9325678944587708, 0.952963936328888, 0.9743911027908325, 0.9969248414039612, 1.020671260356903, 1.0457078337669372, 1.0720750331878661, 1.0997498154640197, 1.1286380767822266, 1.158597207069397, 1.1894365310668946, 1.2209779143333435, 1.253023135662079, 1.2854140520095825, 1.3179749846458435, 1.3505586624145507, 1.38308242559433, 1.4154662370681763, 1.4476476430892944, 1.4795504212379456, 1.5111151576042174, 1.542389953136444, 1.5733794569969177, 1.604092001914978, 1.6345569849014283, 1.6648062467575073, 1.6948150157928468, 1.7245741844177247, 1.7540794610977173, 1.7832926273345948, 1.81219801902771, 1.8407599449157714, 1.8689397811889648, 1.8967106819152832, 1.9240296125411986, 1.9508948802947998, 1.977291464805603, 2.0032068490982056, 2.028634476661682, 2.0535659790039062, 2.077986240386963, 2.1019009828567503, 2.125334882736206, 2.1482905626296995, 2.1707760095596313, 2.1927933216094972, 2.2143591165542604, 2.2354622364044188, 2.2561071157455443, 2.2762875080108644, 2.295996880531311, 2.315217161178589, 2.3339319705963133, 2.3521485328674316, 2.3698652744293214, 2.3870774030685427, 2.4038116693496705, 2.420088291168213, 2.4359039545059202, 2.4512513637542725, 2.466128182411194, 2.480532503128052, 2.4944605112075804, 2.5078948020935057, 2.5208309650421143, 2.533287858963013, 2.5452662229537966, 2.5567772150039674, 2.5678364753723146, 2.578468990325928, 2.5886788606643676, 2.5984647274017334, 2.6078279972076417, 2.616778564453125, 2.625329303741455, 2.633493494987488, 2.6412590026855467, 2.64861421585083, 2.655558776855469, 2.662089967727661, 2.668201208114624, 2.6738953828811645, 2.679176378250122, 2.6840492248535157, 2.6885420083999634, 2.692675733566284, 2.6964598655700684, 2.6999028444290163, 2.7030200958251953, 2.70582001209259, 2.708307981491089, 2.710485339164734, 2.712356996536255, 2.7139202833175657, 2.715187120437622, 2.7161569833755492, 2.716832709312439, 2.71721875667572, 2.717304539680481, 2.71708459854126, 2.716548800468445, 2.715691924095154, 2.7145174980163573, 2.7130247831344603, 2.711251211166382, 2.7092205762863157, 2.7069504976272585, 2.704459476470947, 2.701754903793335, 2.6988163709640505, 2.6956347703933714, 2.6922128677368162, 2.6885581016540527, 2.684666657447815, 2.6805425882339478, 2.6761764526367187, 2.6715592622756956, 2.6666836023330687, 2.6615477561950684, 2.6561504125595095, 2.6504882335662843, 2.644565224647522, 2.638399028778076, 2.631997299194336, 2.62537305355072, 2.6185306310653687, 2.6114663600921633, 2.604185771942139, 2.596695637702942, 2.588987374305725, 2.5810664653778077, 2.5729263544082643, 2.5645559549331667, 2.555977702140808, 2.547213649749756, 2.5382740259170533]}
{"dataset": "Plane", "depth": 3, "nb_filters": 32, "batch_size": 128, "kernel_size": 64, "use_residual": "False", "use_bottleneck": "True", "acc": 0.7952380952380952,