{"dataset": "DiatomSizeReduction", "depth": 3, "nb_filters": 32, "batch_size": 128, "kernel_size": 64, "use_residual": "False", "use_bottleneck": "True", "acc": 0.2821634615384615, "precision": 0.21506696428571428, "recall": 0.301345029239766, "budget_ran": 1500, "train_curve": [1.4446242809295655, 1.2516650199890136, 1.1477864980697632, 1.0210622549057007, 0.9155393362045288, 0.8004725337028503, 0.689182984828949, 0.5971574306488037, 0.507595419883728, 0.45798497796058657, 0.40181007981300354, 0.3451045513153076, 0.30443761944770814, 0.26909170746803285, 0.2435372918844223, 0.21972308456897735, 0.198991858959198, 0.18280784636735917, 0.1728406459093094, 0.15965436547994613, 0.13841301649808885, 0.12548017799854277, 0.12218533754348755, 0.10928928554058075, 0.10136519521474838, 0.09558467417955399, 0.09034303948283195, 0.08140522167086602, 0.075916688144207, 0.07066545188426972, 0.06681048646569251, 0.06770247668027878, 0.06687285602092743, 0.07393293753266335, 0.06276490390300751, 0.0640283204615116, 0.051536311954259874, 0.05304192304611206, 0.047422590851783755, 0.045806045085191725, 0.043965160846710205, 0.04174504727125168, 0.044543161243200305, 0.036226635053753856, 0.04006528221070767, 0.03611136674880981, 0.0370877493172884, 0.03408143445849419, 0.031745747476816175, 0.028987353667616844, 0.028544206544756888, 0.027669527009129523, 0.02662607990205288, 0.025006795302033424, 0.022910423576831818, 0.022244785353541373, 0.023667469061911105, 0.02103517409414053, 0.02034466527402401, 0.01979274768382311, 0.01840257700532675, 0.019722685031592847, 0.021663929894566537, 0.021594042517244817, 0.019482596404850484, 0.022475630231201648, 0.019881665147840975, 0.022421928122639656, 0.019332079403102397, 0.018692278861999513, 0.01755428295582533, 0.016634668037295342, 0.015401623584330082, 0.014684964157640933, 0.013887880183756352, 0.014826620370149613, 0.01561416182667017, 0.014273596554994583, 0.013756999373435974, 0.013542492128908633, 0.01285581337288022, 0.012698918860405684, 0.012853304389864206, 0.01281154714524746, 0.012796414270997047, 0.011924783978611232, 0.011516001261770725, 0.01170382061973214, 0.011265227012336254, 0.011029076296836138, 0.011531461868435145, 0.011301101744174957, 0.012730796448886394, 0.011551664024591447, 0.01053811637684703, 0.010942231304943562, 0.011011304613202811, 0.011031539179384708, 0.01107914512977004, 0.010411864798516034, 0.010500045586377382, 0.009913076646625996, 0.009874748159199953, 0.00947706550359726, 0.009279216546565295, 0.010180672723799944, 0.00985683100298047, 0.009560153912752866, 0.00985287083312869, 0.009683793876320124, 0.009776284638792276, 0.00898493519052863, 0.008736093714833259, 0.008480628579854965, 0.009020811039954424, 0.008540777675807475, 0.009347869083285332, 0.008525869622826577, 0.009812234994024038, 0.008469919953495265, 0.00834901463240385, 0.008486450184136629, 0.009327237587422132, 0.008712690509855747, 0.008179639559239149, 0.009525765478610993, 0.008297954406589269, 0.007858122326433658, 0.00824552308768034, 0.007906621135771275, 0.00834118239581585, 0.007636087853461504, 0.007895892392843962, 0.0078076028265059, 0.007673129159957171, 0.008349324204027652, 0.0072868549264967445, 0.0074735541827976705, 0.007197791803628206, 0.007129927538335324, 0.007766557391732931, 0.007552141696214676, 0.0076324079185724255, 0.007152200769633054, 0.007692685443907976, 0.006943998206406832, 0.007410170696675778, 0.007282275147736073, 0.007473633904010057, 0.008783954288810491, 0.007184175308793783], "val_curve": [1.3827967643737793, 1.3953381061553956, 1.4132449865341186, 1.4335692882537843, 1.47450749874115, 1.5406412839889527, 1.6280142068862915, 1.7546619653701783, 1.8538821458816528, 2.012793493270874, 2.0602590799331666, 2.138669180870056, 2.1250607490539553, 2.151844310760498, 2.102143335342407, 2.0750478506088257, 2.0632720708847048, 2.0391173362731934, 2.0942851543426513, 2.0532177209854128, 2.0535832405090333, 2.0923776149749758, 2.1129002571105957, 2.13322434425354, 2.1872454404830934, 2.3108587503433227, 2.3519397497177126, 2.546255946159363, 2.686493730545044, 2.7316992044448853, 2.9609220743179323, 3.0843163251876833, 3.3141111373901366, 3.3872748374938966, 3.368109178543091, 3.658636236190796, 3.800512266159058, 3.809152126312256, 3.8870277643203734, 4.021050882339478, 4.180104517936707, 4.437011933326721, 4.649079632759094, 4.66038064956665, 4.750163984298706, 4.932034921646118, 5.232072138786316, 5.507063198089599, 5.691507863998413, 5.76207127571106, 6.001952648162842, 6.312878179550171, 6.554090404510498, 6.759031820297241, 6.9995838642120365, 7.270227718353271, 7.515598154067993, 7.709846067428589, 7.917185878753662, 8.184939527511597, 8.41658968925476, 8.633175373077393, 8.808154249191285, 9.001683759689332, 9.194687795639037, 9.43625512123108, 9.634648656845092, 9.76013412475586, 9.928654718399049, 10.117216968536377, 10.365707969665527, 10.553162097930908, 10.73597755432129, 10.887048721313477, 11.059889316558838, 11.249563121795655, 11.407816410064697, 11.523123645782471, 11.675235939025878, 11.90551986694336, 12.100293159484863, 12.265869426727296, 12.41939058303833, 12.567455673217774, 12.732842063903808, 12.916429328918458, 13.068523406982422, 13.197614765167236, 13.35492753982544, 13.486755561828613, 13.60321626663208, 13.738060474395752, 13.869371604919433, 14.073622131347657, 14.23744764328003, 14.266748905181885, 14.304926013946533, 14.390416812896728, 14.461485004425048, 14.552499771118164, 14.637970638275146, 14.761386299133301, 14.878252029418945, 14.974662017822265, 15.094412422180175, 15.22005844116211, 15.27586727142334, 15.311230850219726, 15.323892784118652, 15.321804237365722, 15.35562744140625, 15.426190948486328, 15.53185806274414, 15.603485488891602, 15.634599304199218, 15.672020149230956, 15.688648796081543, 15.692939376831054, 15.718421173095702, 15.76480827331543, 15.75080738067627, 15.745583152770996, 15.772902870178223, 15.780974197387696, 15.732091903686523, 15.67724380493164, 15.658027458190919, 15.676013946533203, 15.70213451385498, 15.723363494873047, 15.704472541809082, 15.663662528991699, 15.610693740844727, 15.550258255004882, 15.509158325195312, 15.47040901184082, 15.422859573364258, 15.37044906616211, 15.306353569030762, 15.241456031799316, 15.168396377563477, 15.105321884155273, 15.040099334716796, 14.972878646850585, 14.89721965789795, 14.823848533630372, 14.747377681732178, 14.669890403747559, 14.599443244934083, 14.538469791412354, 14.47258644104004]}
{"dataset": "DiatomSizeReduction", "depth": 3, "nb_filters": 32, "batch_size": 128, "kernel_size": 64, "use_residual": "False", "use_bottleneck": "True", "acc": 0.37596153846153846, "precision": 0.3382717698339549, "recall": 0.4294444444444444, "budget_ran": 1500,