{"dataset": "Earthquakes", "depth": 3, "nb_filters": 32, "batch_size": 128, "kernel_size": 64, "use_residual": "False", "use_bottleneck": "True", "acc": 0.7962833099579243, "precision": 0.44967772760199126, "recall": 0.5025599615477049, "budget_ran": 1500, "train_curve": [0.6443362832069397, 0.4648491442203522, 0.43633919954299927, 0.4181101620197296, 0.3989557683467865, 0.36931716799736025, 0.34723849296569825, 0.3285801738500595, 0.29263392090797424, 0.2693534821271896, 0.25099394619464876, 0.220847550034523, 0.1905932679772377, 0.1711879253387451, 0.14500834196805953, 0.13124992251396178, 0.11077294945716858, 0.09219906777143479, 0.07673729844391346, 0.06879866980016232, 0.060754697769880295, 0.052385295554995534, 0.053507739678025246, 0.04189742635935545, 0.04104944076389074, 0.031769408658146855, 0.030480385571718217, 0.026108742505311967, 0.02041291268542409, 0.021785051748156547, 0.024448908399790525, 0.024771100468933584, 0.01622049733996391, 0.01907298471778631, 0.01836391109973192, 0.015269474498927594, 0.01718495078384876, 0.015395248867571354, 0.019347854144871234, 0.017545579746365548, 0.014947140961885453, 0.011151513177901506, 0.013975279964506626, 0.01125780250877142, 0.009802647959440946, 0.007857031654566526, 0.007708278065547347, 0.007536149863153696, 0.007477908628061414, 0.005693238880485296, 0.0074779226444661616, 0.007336604595184326, 0.008456183271482587, 0.007579722721129656, 0.008432233473286033, 0.0063949087634682655, 0.006182774575427175, 0.007842872571200133, 0.005569901526905596, 0.005083727301098406, 0.0050765056628733875, 0.004204933159053325, 0.004305850993841886, 0.0038856444880366325, 0.0038396383868530394, 0.0037568719126284122, 0.003943549655377865, 0.004242114676162601, 0.003999128215946257, 0.003886749967932701, 0.0034961878322064877, 0.0038716601673513653, 0.003588523017242551, 0.0034453751752153037, 0.0033560653449967504, 0.003450319264084101, 0.003098809951916337, 0.0031932777026668193, 0.00341963276732713, 0.0027570311445742845, 0.0037497161189094185, 0.0030171434860676526, 0.0030579280108213426, 0.0032590160379186274, 0.0031742095481604336, 0.003300008620135486, 0.0028793579433113335, 0.004034045455045998, 0.0035352729260921477, 0.003564621973782778, 0.003527443949133158, 0.003274641279131174, 0.0031299143796786667, 0.003690349473617971, 0.0030884625623002647, 0.0038864551577717068, 0.0029091712320223452, 0.003309014858677983, 0.0027624814538285136, 0.0026707522571086883, 0.002829862851649523, 0.002645782520994544, 0.0033143842360004784, 0.0025077193276956677, 0.0027697933604940773, 0.003361349948681891, 0.002640187810175121, 0.002584865130484104, 0.002917454531416297, 0.002522433362901211, 0.002399087115190923, 0.0022746423725038766, 0.0029468323569744824, 0.0022354450542479754, 0.002996001997962594, 0.0023624445777386425, 0.002554747718386352, 0.002370929904282093, 0.00237376494333148, 0.002846223395317793, 0.002068074978888035, 0.0029123534681275488, 0.003307172912172973, 0.0022912316722795366, 0.004866782785393297, 0.0024890838423743842, 0.0026271314127370715, 0.002352628530934453, 0.004042532737366855, 0.002605432574637234, 0.003119324706494808, 0.0024824396008625627, 0.0032435946632176638, 0.00232376754283905, 0.002497587655670941, 0.0028210308868438006, 0.0028832945274189113, 0.002404961665160954, 0.0023037555394694207, 0.0022541627986356616, 0.002202326920814812, 0.0024495186982676385, 0.002601907285861671, 0.001964671164751053, 0.0022586303995922206, 0.00244406599085778, 0.0024403287447057665, 0.0020166164264082908, 0.0019562496920116244, 0.0020637175301089885, 0.0035680858651176094], "val_curve": [0.5320095181465149, 0.6283253788948059, 0.6809864401817322, 0.5962529957294465, 0.5495336771011352, 0.5761762142181397, 0.8776016116142273, 1.2283086121082305, 1.6369386792182923, 2.1070165157318117, 2.7327626228332518, 2.1813106715679167, 2.3505108654499054, 2.61065291762352, 3.080033564567566, 3.1281344652175904, 2.4479450941085816, 1.839936101436615, 1.964324140548706, 1.455833661556244, 1.9454342484474183, 3.199829471111298, 3.7943174839019775, 3.15156774520874, 2.175133967399597, 2.3272299826145173, 3.5104036211967466, 2.6279343128204347, 3.1392626762390137, 3.757379114627838, 4.146459710597992, 4.45816079378128, 2.8895381808280947, 2.74220130443573, 1.8582238912582398, 2.4596919894218443, 3.0798210859298707, 6.116998457908631, 5.580103015899658, 4.924587404727935, 2.49791459441185, 0.892236852645874, 1.9076648831367493, 3.035258960723877, 2.6989656686782837, 2.9635048031806948, 2.830474483966827, 2.510674166679382, 2.3078300833702086, 2.0203100204467774, 2.4667580008506773, 2.912598967552185, 2.1970937490463256, 1.8068544268608093, 1.7215371549129486, 2.0985915780067446, 2.841675865650177, 2.7424710929393767, 2.888684892654419, 2.6965294182300568, 2.5301088273525236, 2.4970183312892913, 2.484002912044525, 2.2866496205329896, 2.1784602284431456, 2.375906217098236, 2.663870596885681, 2.67402126789093, 2.543359398841858, 2.531193399429321, 2.6139740884304046, 2.663656157255173, 2.768962097167969, 2.738513243198395, 2.585439842939377, 2.525240433216095, 2.612218677997589, 2.8209763050079344, 2.8965005755424498, 2.947992777824402, 2.923211324214935, 3.019964802265167, 3.661368954181671, 4.036208748817444, 3.4840509057044984, 3.461367201805115, 3.809083545207977, 3.2415353775024416, 2.4671112298965454, 1.9423084795475005, 1.7994557797908783, 1.9008538484573365, 2.260227990150452, 2.6909231901168824, 3.0326964497566222, 3.108921468257904, 3.0667412996292116, 2.8520545840263365, 2.618219590187073, 2.490244245529175, 2.4965152978897094, 2.530400002002716, 2.5370554327964783, 2.48022665977478, 2.458017349243164, 2.675241935253143, 3.191610550880432, 3.422662842273712, 3.297119104862213, 2.9422555446624754, 2.656879723072052, 2.484974718093872, 2.33189457654953, 2.1586615681648254, 1.9973734617233276, 1.8710247039794923, 1.847177219390869, 1.965433919429779, 1.9855008006095887, 1.89785977602005, 1.7420031905174256, 1.7280139684677125, 2.0565529465675354, 2.7929229021072386, 3.295778250694275, 3.7309724569320677, 3.4821670413017274, 2.7424109816551208, 2.4072131633758547, 2.4914032101631163, 2.3735418200492857, 2.3392258405685427, 2.4523550033569337, 2.5718715310096742, 2.5588675856590273, 2.423051917552948, 2.2476224064826966, 1.9593148589134217, 1.6441980600357056, 1.296544623374939, 1.02049720287323, 0.9293285727500915, 0.922651183605194, 0.953023624420166, 1.0051180243492126, 1.0867494344711304, 1.1677287340164184, 1.1870041847229005, 1.228760015964508, 1.2448132157325744, 1.1608755707740783]}
{"dataset": "Earthquakes", "depth": 3, "nb_filters": 32, "batch_size": 128, "kernel_size": 64, "use_residual": "False", "use_bottleneck": "True", "acc": 0.7960729312762973, "precision": 0.433140683192293, "recall": 0.5058333333333334, "budget_ran": 1500,