{"dataset": "OSULeaf", "depth": 3, "nb_filters": 32, "batch_size": 128, "kernel_size": 64, "use_residual": "False", "use_bottleneck": "True", "acc": 0.7466802860061288, "precision": 0.8723144999135712, "recall": 0.7330949551537788, "budget_ran": 1500, "train_curve": [1.8734307527542113, 1.3117857217788695, 1.1208330154418946, 1.0168811440467835, 0.9440486907958985, 0.8949312090873718, 0.8539142966270447, 0.808416748046875, 0.7687255620956421, 0.7321709394454956, 0.6967052221298218, 0.6691229343414307, 0.6452768325805665, 0.6291175603866577, 0.6007417440414429, 0.579447454214096, 0.5700339078903198, 0.5480154693126679, 0.5460705578327179, 0.5328617095947266, 0.5104254305362701, 0.504638534784317, 0.4712364375591278, 0.46883301734924315, 0.44470797181129457, 0.4317359089851379, 0.4147143602371216, 0.40309112071990966, 0.4130013108253479, 0.3720672905445099, 0.36582807302474973, 0.36888596415519714, 0.348493230342865, 0.33660448491573336, 0.33078343570232394, 0.30984215140342714, 0.30482540726661683, 0.2946769207715988, 0.2916298508644104, 0.2724840998649597, 0.26791536509990693, 0.25613473653793334, 0.2803605139255524, 0.24316414892673494, 0.24262298345565797, 0.23650044798851014, 0.24680574536323546, 0.2389420449733734, 0.2303273320198059, 0.23930225372314454, 0.25086442828178407, 0.23548780977725983, 0.22605451047420502, 0.20467299222946167, 0.204943710565567, 0.192927947640419, 0.18150149881839753, 0.17666633129119874, 0.16836611032485962, 0.1582634389400482, 0.15816159993410112, 0.16252669543027878, 0.16697840094566346, 0.17092258036136626, 0.18231004625558853, 0.16692087203264236, 0.15436937659978867, 0.15357937216758727, 0.1456349864602089, 0.1468735620379448, 0.13122767508029937, 0.1461573913693428, 0.15274751633405687, 0.13601668179035187, 0.14502256810665132, 0.13036176413297654, 0.12252501249313355, 0.11814850717782974, 0.12035722434520721, 0.1125092089176178, 0.10963479429483414, 0.10886161476373672, 0.1097785323858261, 0.10645395219326019, 0.10304051041603088, 0.09665022492408752, 0.09546934068202972, 0.10408474057912827, 0.10668493360280991, 0.09768861085176468, 0.09896371513605118, 0.08946607708930969, 0.09258868843317032, 0.08598528057336807, 0.08473218381404876, 0.08473680466413498, 0.0825514778494835, 0.08139092326164246, 0.08867521733045577, 0.0846929594874382, 0.08280146345496178, 0.08836722224950791, 0.09272174686193466, 0.08507436811923981, 0.08176962584257126, 0.07347627580165864, 0.07335523292422294, 0.0721191331744194, 0.06502886041998863, 0.06747596189379693, 0.06581745743751526, 0.06931307017803193, 0.07475315257906914, 0.07040002197027206, 0.0693125531077385, 0.07687651216983796, 0.07192780598998069, 0.06848908811807633, 0.08039877265691757, 0.07765088602900505, 0.09901704266667366, 0.07000362873077393, 0.07259776145219803, 0.068858303129673, 0.06885914728045464, 0.07188405767083168, 0.0703797422349453, 0.06260864585638046, 0.05703746899962425, 0.05124649405479431, 0.051877227425575254, 0.049968349188566206, 0.04750196784734726, 0.046181504428386685, 0.04379416406154633, 0.044617655128240584, 0.04385043904185295, 0.04952767305076122, 0.04174423590302467, 0.04311426617205143, 0.04454922489821911, 0.04449840970337391, 0.043085728958249095, 0.0427461601793766, 0.04111718013882637, 0.04320237599313259, 0.04135726019740105, 0.03985600471496582, 0.04178691357374191, 0.04184483103454113, 0.04020885713398457, 0.038964318856596944, 0.03676687367260456, 0.03951516635715961, 0.036979224905371665, 0.03681153804063797, 0.03520246297121048, 0.03833061940968037], "val_curve": [1.7239618062973023, 1.6437732696533203, 1.5875855684280396, 1.5340617895126343, 1.5145974159240723, 1.4903410434722901, 1.4272398710250855, 1.4159388780593871, 1.4278875827789306, 1.4436456441879273, 1.4742175340652466, 1.5323821306228638, 1.5565531492233275, 1.5978659629821776, 1.6650460720062257, 1.8555481672286986, 2.195549464225769, 2.418171787261963, 2.4516356945037843, 2.513217902183533, 2.671341156959534, 2.9277533292770386, 3.2584810495376586, 3.1920865535736085, 3.168665075302124, 3.4246771812438963, 3.7646106719970702, 3.5867428302764894, 3.469455337524414, 3.822637510299683, 4.237094068527222, 4.110387229919434, 4.16658844947815, 4.430809164047242, 4.540967226028442, 4.7187975406646725, 4.951525592803955, 4.846274137496948, 4.813612651824951, 4.9817427635192875, 5.436852693557739, 5.245443105697632, 4.994182968139649, 5.276397323608398, 5.590697813034057, 5.919434070587158, 6.165133142471314, 5.370961713790893, 4.805834484100342, 5.040281629562378, 5.397222089767456, 5.548887062072754, 6.100196075439453, 5.979725742340088, 5.869703102111816, 5.786975860595703, 5.545122528076172, 5.477687931060791, 5.321546459197998, 5.554250574111938, 6.3864617347717285, 6.536106252670288, 5.910595226287842, 5.532559108734131, 5.233279132843018, 4.900502347946167, 4.978186130523682, 5.404384708404541, 5.555992650985718, 5.033774423599243, 4.518714904785156, 4.4928676128387455, 4.520277094841004, 4.807021570205689, 5.069351482391357, 5.677879190444946, 6.400473928451538, 6.413584232330322, 5.9537074089050295, 5.4616741180419925, 5.125360274314881, 4.751702380180359, 4.717749667167664, 4.457751941680908, 4.418701171875, 4.530115556716919, 4.783385133743286, 4.9880311489105225, 4.551262617111206, 4.294236040115356, 4.656643581390381, 4.879882287979126, 4.717031669616699, 4.551472091674805, 4.732670712471008, 5.018881440162659, 4.778089475631714, 4.408170366287232, 4.514716362953186, 4.343403220176697, 4.026516938209534, 3.8571063756942747, 4.252906370162964, 4.278067421913147, 3.768800377845764, 3.7393723249435427, 4.138647532463073, 4.353337693214416, 4.106517124176025, 3.8597593545913695, 3.8179491996765136, 3.930823051929474, 4.102893042564392, 4.236957979202271, 4.147255635261535, 3.413119411468506, 2.8591265082359314, 2.9131585001945495, 3.050710654258728, 3.103109359741211, 3.0464778780937194, 2.879293072223663, 2.894342803955078, 2.7311403274536135, 2.7570775151252747, 3.441719043254852, 3.5683503270149233, 3.595673418045044, 3.512816917896271, 3.3292139053344725, 3.055465269088745, 2.7324641704559327, 2.539650523662567, 2.4774763703346254, 2.4782485961914062, 2.4883256435394285, 2.568490719795227, 2.450153172016144, 2.349773120880127, 2.2149385094642637, 2.1508288383483887, 2.0961006760597227, 1.9237317800521851, 1.726368510723114, 1.5485141277313232, 1.553748607635498, 1.6859838962554932, 1.8073752701282502, 1.6900895476341247, 1.4950794458389283, 1.3593198776245117, 1.3390268862247467, 1.3580615401268006, 1.3453155279159545, 1.3346003890037537, 1.292007613182068, 1.2918127536773683, 1.3461954712867736]}
{"dataset": "OSULeaf", "depth": 3, "nb_filters": 32, "batch_size": 128, "kernel_size": 64, "use_residual": "False", "use_bottleneck": "True", "acc": 0.7820480081716037, "precision": 0.7319593681172629, "recall": 0.7457907272466097, "budget_ran": 1500,