{"dataset": "ProximalPhalanxTW", "depth": 3, "nb_filters": 32, "batch_size": 128, "kernel_size": 64, "use_residual": "False", "use_bottleneck": "True", "acc": 0.49752066115702487, "precision": 0.13793794249455854, "recall": 0.21616809116809116, "budget_ran": 1500, "train_curve": [1.7878074169158935, 1.1908908367156983, 0.9472630977630615, 0.8348972082138062, 0.7771918416023255, 0.737562358379364, 0.7047502756118774, 0.676125454902649, 0.6465868592262268, 0.6268292784690856, 0.6028067708015442, 0.5820947885513306, 0.5615904569625855, 0.540608036518097, 0.5317281901836395, 0.5188920795917511, 0.5049362778663635, 0.4979345738887787, 0.49324660897254946, 0.49553834795951845, 0.48559936285018923, 0.4734462916851044, 0.4682820558547974, 0.4562117516994476, 0.44898648262023927, 0.45067275166511533, 0.4383055567741394, 0.4391490757465363, 0.44238866567611695, 0.4404179036617279, 0.43609813451766966, 0.42876145243644714, 0.4297067940235138, 0.4299513339996338, 0.4343425273895264, 0.4165286958217621, 0.41411659121513367, 0.4085760056972504, 0.40065138339996337, 0.3886168718338013, 0.3813546895980835, 0.38274646997451783, 0.38034069538116455, 0.38662675619125364, 0.38497974872589114, 0.37676278948783876, 0.3755211174488068, 0.36845810413360597, 0.3700259506702423, 0.3681497693061829, 0.3571168541908264, 0.3541265487670898, 0.34142284393310546, 0.34850534200668337, 0.34735841751098634, 0.3449075222015381, 0.3410291910171509, 0.33778255581855776, 0.33557876348495486, 0.3410423755645752, 0.34076268076896665, 0.3419687390327454, 0.3539906680583954, 0.32388261556625364, 0.3323446214199066, 0.325505805015564, 0.33221309781074526, 0.32270286083221433, 0.3243937253952026, 0.3080734431743622, 0.3097677767276764, 0.30405699610710146, 0.30878210067749023, 0.3030343562364578, 0.29614863395690916, 0.2880589723587036, 0.29914560317993166, 0.2882868558168411, 0.2811961561441422, 0.2803828686475754, 0.2857354491949081, 0.2819291979074478, 0.27207339107990264, 0.2687272489070892, 0.2730183571577072, 0.26687819361686704, 0.25703211426734923, 0.2625603824853897, 0.2569252669811249, 0.24565722346305846, 0.25434609353542326, 0.2503195911645889, 0.24797264039516448, 0.25214673280715943, 0.2506043940782547, 0.25017403066158295, 0.2579440474510193, 0.23517954647541045, 0.2411799758672714, 0.24730887711048127, 0.25149749517440795, 0.25452868938446044, 0.23585439324378968, 0.23228825628757477, 0.22012341916561126, 0.2186007171869278, 0.2096796840429306, 0.20176262259483338, 0.19886349737644196, 0.194498872756958, 0.18995988070964814, 0.193635556101799, 0.19338224232196807, 0.1901351660490036, 0.18592327535152436, 0.18520107567310334, 0.18849734365940093, 0.17803004384040833, 0.17400371432304382, 0.1708117365837097, 0.17399002611637115, 0.17467841506004333, 0.17002539485692977, 0.15912556499242783, 0.1609629988670349, 0.1678597703576088, 0.16249026656150817, 0.15916084349155427, 0.1572856292128563, 0.16452233493328094, 0.16847562789916992, 0.15702132433652877, 0.15465064346790314, 0.16111611276865007, 0.1578962117433548, 0.1545514389872551, 0.15135964155197143, 0.1457798585295677, 0.14276781529188157, 0.13626692891120912, 0.1374628335237503, 0.13569569438695908, 0.13745863139629363, 0.12710262686014176, 0.13204749673604965, 0.12884954661130904, 0.12897914797067642, 0.13031719923019408, 0.1316348358988762, 0.12513288259506225, 0.1261918917298317, 0.12131730318069459, 0.12144978493452072, 0.11975236237049103], "val_curve": [1.7147276163101197, 1.6175896167755126, 1.5162815809249879, 1.410255241394043, 1.33197181224823, 1.2942911624908446, 1.3111054182052613, 1.3524121284484862, 1.4256218433380128, 1.5697433233261109, 1.5951669692993165, 1.7404921531677247, 1.8992226839065551, 1.9481173038482666, 2.1381512880325317, 2.140976905822754, 2.2818262815475463, 2.515278935432434, 2.489577889442444, 2.4347222328186033, 2.8438613414764404, 2.7946353435516356, 2.8263790130615236, 2.9666460275650026, 3.028788185119629, 3.009431266784668, 3.0716737031936647, 3.186655282974243, 3.1619821071624754, 3.2982049226760863, 3.247844409942627, 3.2644095182418824, 3.4345404386520384, 3.6221428871154786, 3.4833160161972048, 3.4423669815063476, 3.7966201305389404, 3.543395185470581, 3.439466094970703, 3.4769697427749633, 3.5883440017700194, 3.6341577053070067, 3.5888152360916137, 3.748857116699219, 3.831485056877136, 3.777142858505249, 3.6871774673461912, 3.7696348428726196, 4.038984632492065, 4.136029386520386, 3.992248034477234, 4.019564914703369, 4.068619108200073, 3.917265033721924, 4.061441707611084, 4.060156607627869, 4.20058970451355, 4.252376437187195, 4.152573585510254, 4.266308093070984, 4.344369912147522, 4.447520136833191, 4.448044538497925, 4.4552456617355345, 4.7277973890304565, 4.6633268117904665, 4.874508905410766, 4.661208963394165, 4.642358994483947, 4.916211867332459, 4.689592981338501, 4.754677629470825, 4.624145603179931, 4.650051617622376, 4.9129664421081545, 4.649632382392883, 4.7762669086456295, 4.826340699195862, 4.737473368644714, 4.321547174453736, 4.613333821296692, 5.004667711257935, 5.058575510978699, 4.882931232452393, 4.644571757316589, 5.1230287790298465, 5.273126149177552, 4.931787586212158, 5.109802460670471, 5.109052324295044, 5.311210823059082, 5.118175220489502, 5.340783309936524, 5.419306302070618, 4.9741668701171875, 6.000201416015625, 5.406251001358032, 4.962779140472412, 5.261616849899292, 6.258867454528809, 5.948020029067993, 5.111903190612793, 5.156439638137817, 5.0937950134277346, 5.057444763183594, 5.274222421646118, 5.16961350440979, 5.064377164840698, 4.9733823299407955, 5.056210327148437, 5.177646207809448, 5.083798551559449, 5.075784158706665, 5.046396112442016, 5.279801225662231, 5.39367642402649, 5.237458324432373, 4.756068754196167, 4.714573097229004, 5.007818174362183, 4.999943399429322, 4.658482551574707, 4.889177083969116, 4.924755954742432, 4.697990846633911, 4.558396673202514, 4.670571947097779, 4.816730546951294, 4.618395662307739, 4.400538206100464, 4.598974370956421, 4.611070203781128, 4.299399662017822, 4.183155250549317, 4.01903338432312, 3.9921491622924803, 4.348048067092895, 4.316616106033325, 4.326028108596802, 4.206719541549683, 3.9675705909729, 3.9171663761138915, 3.811201071739197, 3.7709739446640014, 3.843799614906311, 3.772072911262512, 3.7288902759552003, 3.662662935256958, 3.6733737707138063, 3.5679604530334474, 3.308296322822571, 3.388693022727966, 3.566006875038147, 3.4011693954467774]}
{"dataset": "ProximalPhalanxTW", "depth": 3, "nb_filters": 32, "batch_size": 128, "kernel_size": 64, "use_residual": "False", "use_bottleneck": "True", "acc": 0.6231404958677687, "precision": 0.25561075771098246, "recall": 0.3471409481052311, "budget_ran": 1500,