{"dataset": "StarLightCurves", "depth": 3, "nb_filters": 32, "batch_size": 128, "kernel_size": 64, "use_residual": "False", "use_bottleneck": "True", "acc": 0.9809444706169124, "precision": 0.9791181384138538, "recall": 0.9653954834872245, "budget_ran": 1500, "train_curve": [0.39754748344421387, 0.23689176440238952, 0.16185859143733977, 0.13325189501047136, 0.11781891733407975, 0.10233885794878006, 0.09710318595170975, 0.10169015526771545, 0.09314566105604172, 0.09214848577976227, 0.0870383322238922, 0.0835448682308197, 0.07893647104501725, 0.08034504354000091, 0.07830926179885864, 0.07769058644771576, 0.07571637481451035, 0.07301990985870362, 0.0728800728917122, 0.07405990213155747, 0.07410605847835541, 0.07562637776136398, 0.07142821550369263, 0.07066066861152649, 0.07067735195159912, 0.0696217805147171, 0.067034562677145, 0.06561324819922447, 0.06774361357092858, 0.06757064461708069, 0.06845360398292541, 0.06457108184695244, 0.06424215659499169, 0.0647473894059658, 0.06362529546022415, 0.06643395274877548, 0.06379378661513328, 0.06284566149115563, 0.0633879005908966, 0.061716873198747635, 0.060032665729522705, 0.06179819256067276, 0.06185550391674042, 0.05899878665804863, 0.0601932056248188, 0.058282700926065446, 0.0564681276679039, 0.05854279994964599, 0.05708268210291863, 0.05724175795912743, 0.0530402235686779, 0.05455824956297874, 0.05695052295923233, 0.057605215907096864, 0.05630991607904434, 0.054685205966234204, 0.0549692802131176, 0.05365194156765938, 0.052065007388591766, 0.05607310459017754, 0.05584557726979256, 0.05261150076985359, 0.05292573645710945, 0.05520255789160729, 0.05227274224162102, 0.052945947647094725, 0.052334138005971906, 0.052462083846330644, 0.05227734670042992, 0.05016047060489655, 0.050163811445236205, 0.04940836578607559, 0.05058891996741295, 0.049776344746351245, 0.04988433048129082, 0.049846529960632324, 0.049732158333063124, 0.04801914989948273, 0.048178814351558685, 0.04747170284390449, 0.047478324919939044, 0.04519429802894592, 0.0442145012319088, 0.04467213973402977, 0.04393953680992126, 0.0440657913684845, 0.043998049944639205, 0.04411325976252556, 0.04457106068730354, 0.04351692870259285, 0.04385853558778763, 0.042632481455802916, 0.042439856380224225, 0.04366385862231255, 0.042713577300310133, 0.04039855413138867, 0.044774606823921204, 0.042740048840641975, 0.04287574663758278, 0.044610781222581865, 0.04084855355322361, 0.04034971557557583, 0.04002868123352528, 0.041655265167355536, 0.041083795949816704, 0.04026529416441917, 0.038809695094823835, 0.03753634095191956, 0.038609604164958, 0.04046386815607548, 0.03876368068158627, 0.037947696074843405, 0.036330153793096544, 0.034670838713645936, 0.034521257504820824, 0.0349122378975153, 0.03349849060177803, 0.03343748487532139, 0.033115354180335996, 0.032570475712418556, 0.033117320761084555, 0.03250977881252766, 0.03200039677321911, 0.032341959327459334, 0.032436230778694154, 0.03223940655589104, 0.032725443691015245, 0.032469192147254945, 0.030880772694945335, 0.032430834323167804, 0.03163028471171856, 0.0313342172652483, 0.03053921051323414, 0.03037797175347805, 0.030401578545570372, 0.02950213514268398, 0.0298482209444046, 0.029283568263053894, 0.029224419966340065, 0.030256830528378485, 0.029352352768182755, 0.028613674640655517, 0.028906439989805223, 0.029505784809589385, 0.030159850791096687, 0.029252273961901665, 0.028527546674013138, 0.02752119451761246, 0.02787426710128784, 0.026830558851361274, 0.02786516323685646, 0.026616859063506127, 0.026971716433763504, 0.026478221639990807, 0.02738722488284111, 0.026482130587100982, 0.02638893574476242, 0.025889113917946814, 0.025715096667408944], "val_curve": [0.957128643989563, 2.1394412517547607, 2.359658432006836, 2.2409617006778717, 1.6281120419502257, 2.798413160443306, 2.3369665682315826, 1.5044152796268464, 0.46036603301763535, 0.41905719637870786, 0.19977283477783203, 0.2772390186786652, 0.2526008829474449, 1.3011834800243378, 0.18246170729398728, 0.17737394720315933, 0.22710523009300232, 0.13689896017313002, 0.09582858830690384, 0.2823041513562202, 0.18553086817264558, 0.2556465908885002, 0.477286571264267, 0.21673592180013657, 0.13566583544015884, 0.2541667476296425, 0.7069570034742355, 0.1946151912212372, 0.2567392736673355, 0.21975366175174713, 0.21590816527605056, 0.11649705767631531, 0.1458885759115219, 0.16770280450582503, 0.2711000807583332, 0.25171028524637223, 0.17533579766750335, 0.14087346196174622, 0.12264146357774734, 0.08601634502410889, 0.14599003195762633, 0.25034073293209075, 0.10035954266786576, 0.3130364537239075, 0.08055021464824677, 0.09529461413621902, 0.0930324949324131, 0.15268606841564178, 0.08342670798301696, 0.09204081445932388, 0.08266589269042016, 0.15665593594312668, 0.20366525501012803, 0.17124373242259025, 0.13782718330621718, 0.13498959690332413, 0.14258382767438887, 0.09363573640584946, 0.14157855063676833, 0.1469770133495331, 0.23874272853136064, 0.09498368501663208, 0.07980899214744568, 0.180466528236866, 0.14336769953370093, 0.18584370538592337, 0.1412869155406952, 0.1382238894701004, 0.10598296970129013, 0.14214997887611389, 0.0740721046924591, 0.09269944950938225, 0.11516421288251877, 0.1632014513015747, 0.09640069305896759, 0.14927179664373397, 0.15207335948944092, 0.37583977431058885, 0.2504888728260994, 0.1358024835586548, 0.08256621286273003, 0.12309783548116685, 0.12459610179066657, 0.16878245547413825, 0.10003257617354393, 0.2116755649447441, 0.09251795262098313, 0.0762726716697216, 0.0720229484140873, 0.08485510498285294, 0.09243578612804412, 0.1051346205174923, 0.18116308748722076, 0.07697429284453391, 0.09855644702911377, 0.10174939781427383, 0.11460516154766083, 0.07555435001850128, 0.12685734108090402, 0.07264069393277169, 0.0884400650858879, 0.11844796687364578, 0.09638155102729798, 0.11506664007902145, 0.07603376060724258, 0.07724309265613556, 0.07295075803995132, 0.07773173302412033, 0.07308234795928001, 0.10327232852578164, 0.07665310353040695, 0.07327052131295204, 0.06862781643867492, 0.06795797422528267, 0.07967202812433243, 0.07559836655855179, 0.06419897899031639, 0.06543713137507438, 0.06852402016520501, 0.06961168497800826, 0.07920781150460243, 0.06381057724356651, 0.08094979375600815, 0.07496375665068626, 0.08565857261419296, 0.07888061478734017, 0.08506764099001884, 0.07043378353118897, 0.0668477661907673, 0.10220859125256539, 0.06642343401908875, 0.07634231820702553, 0.06609961912035942, 0.07659707367420196, 0.06691767945885659, 0.06747611388564109, 0.0709806114435196, 0.07564105018973351, 0.08526804819703102, 0.1084998868405819, 0.08838725835084915, 0.07178089246153832, 0.07512191385030746, 0.06458511054515839, 0.08861245736479759, 0.0755965419113636, 0.07632960900664329, 0.06610793247818947, 0.07811084017157555, 0.07091794982552528, 0.07902236208319664, 0.07261335104703903, 0.07077792659401894, 0.06838449537754059, 0.07278742715716362, 0.07928661853075028, 0.07406557500362396, 0.0786589652299881, 0.0727485865354538]}
{"dataset": "StarLightCurves", "depth": 3, "nb_filters": 32, "batch_size": 128, "kernel_size": 64, "use_residual": "False", "use_bottleneck": "True", "acc": 0.9804029935053216, "precision": 0.9778720215920502, "recall": 0.9645348423610576, "budget_ran": 1500,