{"dataset": "ElectricDevices", "depth": 3, "nb_filters": 32, "batch_size": 128, "kernel_size": 64, "use_residual": "False", "use_bottleneck": "True", "acc": 0.8657806503028832, "precision": 0.8533323687048888, "recall": 0.8311700349355897, "budget_ran": 1500, "train_curve": [0.8111034631729126, 0.5556322813034058, 0.468563574552536, 0.4220101058483124, 0.39569953083992004, 0.36499046087265014, 0.3480547606945038, 0.3372780025005341, 0.31999568939208983, 0.30521048307418824, 0.3007880628108978, 0.29507542252540586, 0.2829153537750244, 0.2723826885223389, 0.2672240734100342, 0.25470482409000395, 0.2515227943658829, 0.24530590176582337, 0.23470189273357392, 0.23283494710922242, 0.22741121649742127, 0.22373411059379578, 0.21411493122577668, 0.20645457208156587, 0.20276389122009278, 0.2023172527551651, 0.1989899218082428, 0.19398471117019653, 0.1879865199327469, 0.18883684575557708, 0.1840068817138672, 0.1795712500810623, 0.17446151971817017, 0.1751916766166687, 0.1668645203113556, 0.1610189139842987, 0.16227190494537352, 0.16462144553661345, 0.15518105030059814, 0.15244642794132232, 0.15674135386943816, 0.14774368405342103, 0.14802667796611785, 0.14382926523685455, 0.14563274681568145, 0.14469409883022308, 0.14092397689819336, 0.141989603638649, 0.13290504813194276, 0.1388472616672516, 0.1357959359884262, 0.1316736951470375, 0.13255664557218552, 0.12765174955129624, 0.12958568185567856, 0.12492929846048355, 0.1277180105447769, 0.1269477516412735, 0.12221150994300842, 0.12266880124807358, 0.12516736686229707, 0.11829529702663422, 0.11781377196311951, 0.11752841919660569, 0.11625762879848481, 0.11381438225507737, 0.10988192558288574, 0.11412638276815415, 0.1177187904715538, 0.11535119116306305, 0.11303893774747849, 0.10527474880218506, 0.10510061085224151, 0.11078166365623474, 0.10614201426506042, 0.10609702914953231, 0.10609557032585144, 0.10409095883369446, 0.10289532542228699, 0.10259569883346557, 0.10139330327510834, 0.10180242955684662, 0.09412045925855636, 0.0979855090379715, 0.09303424507379532, 0.09910292327404022, 0.09767060130834579, 0.09668810665607452, 0.09615219086408615, 0.09722696244716644, 0.1034039631485939, 0.09680757224559784, 0.09451146423816681, 0.09218913912773133, 0.08599369078874589, 0.08099230825901031, 0.08401368781924248, 0.08391990661621093, 0.08187998831272125, 0.08780572041869164, 0.08989555835723877, 0.08324921354651452, 0.08061709776520729, 0.08864999189972878, 0.07922881245613098, 0.07938048839569092, 0.08050869107246399, 0.08752019554376603, 0.08064502850174904, 0.07711661159992218, 0.07607954889535903, 0.07583765164017678, 0.07984019219875335, 0.08178358525037766, 0.08473772257566452, 0.07933336719870568, 0.0761231891810894, 0.07571834102272987, 0.07006701603531837, 0.07638280093669891, 0.07903120145201684, 0.07686014324426652, 0.07719609960913658, 0.0746227353811264, 0.0716320626437664, 0.0754339188337326, 0.0724043793976307, 0.07310397326946258, 0.07408905029296875, 0.06485024467110634, 0.06632833406329156, 0.06710691452026367, 0.06769929602742195, 0.06336949691176415, 0.05951988399028778, 0.055502022802829745, 0.05569716915488243, 0.05771892219781875, 0.05578094348311424, 0.058032243698835376, 0.05343901440501213, 0.052250320464372633, 0.05153631567955017, 0.050441307574510576, 0.051130449026823045, 0.049907511472702025, 0.05040570050477981, 0.04531289264559746, 0.0441743016242981, 0.04457060396671295, 0.043570394068956374, 0.043349295109510425, 0.04325603619217873, 0.0427968829870224, 0.043365536630153655, 0.04250449314713478], "val_curve": [1.2584578275680542, 1.0456907868385314, 0.8225452780723572, 0.856669294834137, 0.6360624194145202, 0.5781397461891175, 0.852323055267334, 0.7234759092330932, 0.6968176364898682, 0.6350307285785675, 0.5115983188152313, 0.6074492633342743, 0.5359863400459289, 0.6034736275672913, 0.5912917673587799, 0.5099059164524078, 0.6185579419136047, 0.5154395461082458, 0.4829727113246918, 0.6644196748733521, 0.6728920221328736, 0.516744726896286, 0.5843452394008637, 0.6032078742980957, 0.7432915091514587, 0.5418384373188019, 0.6996662497520447, 0.5149289190769195, 0.6350532472133636, 0.7777780175209046, 0.5090980410575867, 0.5849160611629486, 0.6108535826206207, 0.5242091059684754, 0.5747095704078674, 0.5659506916999817, 0.5588991045951843, 0.5932123839855195, 0.7092771172523499, 0.6050168633460998, 0.6306573510169983, 0.5851996421813965, 0.6948161721229553, 0.762028431892395, 0.7147303581237793, 0.8817852735519409, 0.7849155783653259, 0.5229139745235443, 0.6503101944923401, 0.6635594487190246, 0.9162279844284058, 0.7995756506919861, 0.5624290227890014, 0.8454198598861694, 0.9475963115692139, 0.607473623752594, 0.9202818930149078, 0.7390319108963013, 0.6627429962158203, 0.7094869613647461, 0.6804805755615234, 0.6921684265136718, 0.8554988145828247, 0.7017080783843994, 0.9030347108840943, 0.6744670033454895, 0.6420076966285706, 0.8748611807823181, 0.5879453122615814, 0.7888260960578919, 0.5956028461456299, 0.7570316910743713, 0.6431970477104187, 0.7805523991584777, 0.7189555644989014, 0.7595677733421325, 0.6902772665023804, 0.692935299873352, 0.6520909130573272, 0.6167600572109222, 0.6346023976802826, 0.73118656873703, 0.733830600976944, 0.6357203722000122, 0.7820816576480866, 0.785776573419571, 0.7303001523017884, 0.8210309147834778, 1.0597833156585694, 0.8714459598064422, 0.8476280927658081, 0.9468823790550231, 0.7473869681358337, 0.6851507127285004, 0.6954416990280151, 0.6551669955253601, 0.7922126233577729, 0.5833553731441498, 0.7833757638931275, 0.9059085130691529, 0.6211871445178986, 0.595972228050232, 0.7711530923843384, 0.9713671088218689, 0.6661596417427063, 0.746880030632019, 0.6952139616012574, 0.7975338578224183, 0.6896543622016906, 0.630428147315979, 0.6928898215293884, 0.6747566223144531, 0.7068281888961792, 0.782866108417511, 0.8603022813796997, 0.9589680194854736, 0.6683088958263397, 0.6932591557502746, 0.8109553098678589, 0.8216276645660401, 0.9694736719131469, 0.8802335679531097, 0.6866294980049134, 1.1754017233848573, 0.7235804200172424, 0.6926616907119751, 0.7921122074127197, 0.6703464269638062, 0.9779490232467651, 0.7135731816291809, 0.672336322069168, 0.7210945963859559, 0.6246861815452576, 0.8031836152076721, 0.6312358379364014, 0.6349744200706482, 0.7988862156867981, 0.6669957041740417, 0.6407931804656982, 0.6849851965904236, 0.6152988612651825, 0.6103186666965484, 0.5912858724594117, 0.6114373207092285, 0.6091147422790527, 0.6449267864227295, 0.732606852054596, 0.5744157433509827, 0.5922659993171692, 0.5751126766204834, 0.6762576937675476, 0.5916597723960877, 0.5803242206573487, 0.6273591876029968, 0.6045194268226624, 0.6216579675674438]}
{"dataset": "ElectricDevices", "depth": 3, "nb_filters": 32, "batch_size": 128, "kernel_size": 64, "use_residual": "False", "use_bottleneck": "True", "acc": 0.8640981025005203, "precision": 0.8483173161256652, "recall": 0.8330719015185677, "budget_ran": 1500,