{"dataset": "yoga", "depth": 3, "nb_filters": 32, "batch_size": 128, "kernel_size": 64, "use_residual": "False", "use_bottleneck": "True", "acc": 0.9818181818181818, "precision": 0.9815157008428411, "recall": 0.9819958496522663, "budget_ran": 1500, "train_curve": [0.6626912593841553, 0.6064826250076294, 0.5694338083267212, 0.5264150261878967, 0.48948177695274353, 0.4599466443061829, 0.4273826479911804, 0.40584230422973633, 0.3708161413669586, 0.33769837617874143, 0.32431463003158567, 0.3139572024345398, 0.29056436419487, 0.2777852892875671, 0.25790479481220246, 0.23997674286365508, 0.22272211611270903, 0.21648758053779601, 0.21455531418323517, 0.19974466562271118, 0.20114935040473939, 0.18154270946979523, 0.16958499252796172, 0.15780166983604432, 0.15264222919940948, 0.14554055631160737, 0.14515057504177092, 0.13981491774320604, 0.129767706990242, 0.12478396892547608, 0.1309004992246628, 0.12462375611066819, 0.11987872123718261, 0.11688095480203628, 0.11262932866811752, 0.1087525576353073, 0.10016576796770096, 0.10365059524774552, 0.09231323450803756, 0.0835166558623314, 0.08895145505666732, 0.08205493539571762, 0.08579804450273514, 0.07758760601282119, 0.07410459443926812, 0.06425621062517166, 0.055200951546430586, 0.06128048151731491, 0.06370279267430305, 0.0773076631128788, 0.06849620789289475, 0.06312400847673416, 0.06173701211810112, 0.06000024676322937, 0.05773722268640995, 0.048106202855706215, 0.047176845371723175, 0.05999402664601803, 0.06837095059454441, 0.05050647743046284, 0.04644435048103333, 0.04491246454417706, 0.038790496066212654, 0.03996727615594864, 0.04049902260303497, 0.044441881217062475, 0.04183840844780207, 0.05397223420441151, 0.04487866945564747, 0.04664212595671415, 0.03702578321099281, 0.028503835946321488, 0.0246939942240715, 0.021514309756457805, 0.027496633119881153, 0.03171188421547413, 0.03942611794918775, 0.02634903211146593, 0.02163582853972912, 0.022251635883003475, 0.030681953951716422, 0.026215636730194093, 0.029730887804180383, 0.023711629677563906, 0.02002141559496522, 0.015505470428615808, 0.01661695083603263, 0.01822864795103669, 0.018626612797379493, 0.01674999101087451, 0.010943812318146229, 0.00897932518273592, 0.011418993212282657, 0.013049751240760087, 0.013923818338662386, 0.01308438079431653, 0.009588129445910453, 0.008846368733793497, 0.006934853456914425, 0.008566398452967406, 0.008493037708103657, 0.008213185984641314, 0.006757503096014261, 0.005517294351011515, 0.005163371376693249, 0.007105395291000604, 0.005946155870333314, 0.005622550286352635, 0.0063551017083227634, 0.006425235094502569, 0.012982861883938313, 0.01647774185985327, 0.018011143151670694, 0.015344845643267036, 0.007511950097978115, 0.0065352262929081915, 0.00558523596264422, 0.005135532608255744, 0.004695929214358329, 0.003948778891935944, 0.004251627624034882, 0.003636920126155019, 0.004102087626233697, 0.004278292320668698, 0.003895013406872749, 0.00407499042339623, 0.004006055416539311, 0.003525566542521119, 0.0035054316278547047, 0.0033964917063713075, 0.0036536043509840964, 0.0030712148174643515, 0.0032311353832483293, 0.003265569498762488, 0.0031515265349298716, 0.0031557641457766296, 0.0032208455028012394, 0.003164668707177043, 0.003332762932404876, 0.0031951399520039558, 0.004303509928286075, 0.003327018511481583, 0.0030969436280429362, 0.0031590076629072427, 0.0027292261365801096, 0.0032798485830426217, 0.0032686203718185424, 0.003113956656306982, 0.0031373656820505857, 0.003293607011437416, 0.002988812141120434, 0.003414682671427727, 0.003126151813194156, 0.003424711502157152, 0.0036687609739601613, 0.0035749213537201287, 0.002952676801942289, 0.0025757093913853168, 0.002556425891816616, 0.0028793547302484513, 0.0030424540396779775, 0.0031165977474302054, 0.0028779243817552923, 0.0025020896922796966, 0.0023187944432720544, 0.0026024654740467667, 0.0022285427898168565, 0.002801220351830125, 0.0033398464322090147, 0.0032089144689962266, 0.0029649476520717142, 0.0023029315285384654, 0.002343342499807477, 0.0026116221211850642, 0.002378987893462181, 0.0022922938223928213, 0.0023401428712531923, 0.002912198775447905, 0.0028543482068926094, 0.0024060894502326846, 0.002586733759380877, 0.0024458249798044564, 0.0021935021970421074, 0.0021878593834117055, 0.0018543149111792446, 0.0025930453790351748, 0.0022358770947903395, 0.0020346527453511953, 0.002017191727645695, 0.0018644168507307769, 0.001763545535504818, 0.0020185177214443683, 0.00211812409106642, 0.0020464980741962792, 0.0018603429198265076, 0.002083176234737039, 0.001847785897552967, 0.0018392748897895217],