{"dataset": "DistalPhalanxTW", "depth": 3, "nb_filters": 32, "batch_size": 128, "kernel_size": 64, "use_residual": "False", "use_bottleneck": "True", "acc": 0.5805988231221877, "precision": 0.24910611699041013, "recall": 0.27587506645401383, "budget_ran": 1500, "train_curve": [1.4591378211975097, 0.9420958161354065, 0.82404944896698, 0.7797965764999389, 0.7482127666473388, 0.7244812488555908, 0.6996260166168213, 0.6825384259223938, 0.6644515633583069, 0.6451815843582154, 0.630770206451416, 0.6071323990821839, 0.5919159293174744, 0.5766824960708619, 0.5570437550544739, 0.5513645648956299, 0.5355613231658936, 0.527716314792633, 0.5164683163166046, 0.5143529176712036, 0.5009944021701813, 0.48849494457244874, 0.4856741547584534, 0.47911869287490844, 0.47288899421691893, 0.46543002128601074, 0.46022636294364927, 0.4568146586418152, 0.4533916413784027, 0.45240017771720886, 0.4375525414943695, 0.4345912873744965, 0.4333597421646118, 0.4358000695705414, 0.4238927781581879, 0.413042813539505, 0.4113938927650452, 0.40037577152252196, 0.4018262565135956, 0.38767645359039304, 0.3813325524330139, 0.37250409722328187, 0.3632485866546631, 0.3567006468772888, 0.35271650552749634, 0.34832884669303893, 0.374876606464386, 0.35832143425941465, 0.34164836406707766, 0.3381910860538483, 0.3233802914619446, 0.32701913118362425, 0.3268250644207001, 0.31832361221313477, 0.30820061564445494, 0.3046757221221924, 0.3231377601623535, 0.300818407535553, 0.29466818571090697, 0.27753456234931945, 0.27238836586475373, 0.2715692162513733, 0.2706063985824585, 0.2710716962814331, 0.26177013516426084, 0.2558691382408142, 0.24000982344150543, 0.24366378784179688, 0.2340756118297577, 0.22877848148345947, 0.22949377000331878, 0.23034705519676207, 0.2323180377483368, 0.22620833814144134, 0.21965444684028626, 0.21777903735637666, 0.19680772423744203, 0.1971694380044937, 0.1865311950445175, 0.17743453681468963, 0.16265503466129302, 0.16499555110931396, 0.15125609636306764, 0.15441818684339523, 0.1502430945634842, 0.1513774201273918, 0.14971582740545272, 0.14698280841112138, 0.1493970960378647, 0.14623621702194214, 0.14354026168584824, 0.13754646778106688, 0.1312982127070427, 0.1297703668475151, 0.12649188935756683, 0.1283711463212967, 0.13237527012825012, 0.12752727419137955, 0.11655329465866089, 0.11286295801401139, 0.11468400508165359, 0.11175746619701385, 0.10975532978773117, 0.1125503957271576, 0.10205441862344741, 0.10319913178682327, 0.09810659736394882, 0.09149111583828926, 0.10392642319202423, 0.09598670899868011, 0.09063228517770767, 0.08179307579994202, 0.07491180449724197, 0.07946918159723282, 0.07063279002904892, 0.06442835405468941, 0.06305110603570938, 0.05257100611925125, 0.05832595303654671, 0.07744749486446381, 0.05872065424919128, 0.05926277711987495, 0.050580645352602004, 0.04890475869178772, 0.05002707429230213, 0.04371433779597282, 0.04267044067382812, 0.04739849790930748, 0.04959750063717365, 0.04316512122750282, 0.047824197262525556, 0.045463858544826506, 0.04728049710392952, 0.04504948556423187, 0.039230677485466006, 0.04107302650809288, 0.03755818661302328, 0.03313862718641758, 0.03093601204454899, 0.030351264402270317, 0.02778474260121584, 0.027348961494863034, 0.02702676858752966, 0.027821944281458854, 0.026152256317436694, 0.027598011679947375, 0.02732054814696312, 0.024210263416171073, 0.030927401967346668, 0.025312937796115875, 0.032760067097842696, 0.02445953506976366, 0.030331084877252577, 0.024587933160364627, 0.024185333959758283], "val_curve": [1.660581374168396, 1.5357118844985962, 1.398994541168213, 1.2882608890533447, 1.2005498886108399, 1.1190852284431458, 1.083288812637329, 1.0821190237998963, 1.0868943333625793, 1.1080321311950683, 1.1413198351860045, 1.1360666513442994, 1.1932573318481445, 1.2471470594406129, 1.304786252975464, 1.2662297487258911, 1.2848238706588746, 1.3074323415756226, 1.315008544921875, 1.3017149686813354, 1.3124884843826294, 1.3725281715393067, 1.3161236763000488, 1.376336145401001, 1.4206266164779664, 1.392874813079834, 1.4459685564041138, 1.45366473197937, 1.4823915719985963, 1.539258313179016, 1.5700157403945922, 1.6919636726379395, 1.792848491668701, 1.8265474557876586, 1.8198643445968627, 1.8310884952545166, 1.8405468463897705, 1.9068585634231567, 2.002273988723755, 2.0547420501708986, 2.0942500114440916, 2.1629116773605346, 2.186145067214966, 2.1954747438430786, 2.237339234352112, 2.4216633081436156, 2.4539907455444334, 2.579454493522644, 2.5450457334518433, 2.4900769233703612, 2.5840001344680785, 2.5737850189208986, 2.5390364646911623, 2.7056082487106323, 2.7310965776443483, 2.6601539611816407, 2.729447436332703, 2.937323045730591, 2.8860666513442994, 2.992276096343994, 3.1664279460906983, 3.110704493522644, 3.1360766887664795, 3.217194151878357, 3.452216053009033, 3.524014711380005, 3.582899236679077, 3.716852378845215, 3.7798691749572755, 3.95851731300354, 4.113147497177124, 4.187312316894531, 4.1288158893585205, 4.068390226364135, 4.151947021484375, 4.1714417934417725, 4.363433361053467, 4.211726880073547, 4.360081696510315, 4.621809577941894, 4.685509610176086, 4.724725246429443, 4.896076631546021, 5.337317490577698, 5.060651779174805, 5.370036315917969, 5.567058968544006, 5.814944744110107, 5.828617238998413, 6.072678947448731, 6.1932659387588505, 6.473866558074951, 6.512269234657287, 6.57765941619873, 6.669720935821533, 6.759539246559143, 6.27737410068512, 5.49489426612854, 5.805936217308044, 6.428165459632874, 7.106563949584961, 7.37616376876831, 6.883296322822571, 6.724523544311523, 6.582861709594726, 6.647018074989319, 6.793023705482483, 6.639411592483521, 6.424742269515991, 6.995865154266357, 7.326649403572082, 6.9280116081237795, 6.46698112487793, 6.24117341041565, 6.30348379611969, 6.400653386116028, 6.2691985130310055, 6.211952114105225, 6.216780948638916, 5.692771649360656, 5.572688150405884, 5.188806962966919, 4.8855605840682985, 4.8519347429275514, 5.019583058357239, 4.955224514007568, 4.719084692001343, 4.595653867721557, 4.596387481689453, 4.3720263004302975, 4.382385540008545, 4.5679394721984865, 4.3677054166793825, 4.325244808197022, 4.231766700744629, 4.150230407714844, 4.071250081062317, 4.002109217643738, 3.9240442514419556, 3.890843629837036, 3.9099037885665893, 3.889677309989929, 3.8445655584335325, 3.7367137908935546, 3.67654926776886, 3.67840633392334, 3.6557984352111816, 3.5978598833084106, 3.556372857093811, 3.5992249250411987, 3.471469354629517, 3.3556849718093873, 3.3400397300720215, 3.3338573455810545, 3.354222321510315]}
{"dataset": "DistalPhalanxTW", "depth": 3, "nb_filters": 32, "batch_size": 128, "kernel_size": 64, "use_residual": "False", "use_bottleneck": "True", "acc": 0.6661647628937348, "precision": 0.3220228776242626, "recall": 0.4009149718317708, "budget_ran": 1500,