{"dataset": "UWaveGestureLibraryAll", "depth": 3, "nb_filters": 32, "batch_size": 128, "kernel_size": 64, "use_residual": "False", "use_bottleneck": "True", "acc": 0.9624867817238627, "precision": 0.9625804823356683, "recall": 0.9625091606368048, "budget_ran": 1500, "train_curve": [1.686669945716858, 1.2606580018997193, 1.0535974264144898, 0.9099748730659485, 0.7937626719474793, 0.7025678515434265, 0.6340823411941529, 0.5700249671936035, 0.5200652003288269, 0.4811734974384308, 0.4431380987167358, 0.4107742667198181, 0.3781788289546967, 0.35427390933036806, 0.33473753929138184, 0.3145614922046661, 0.29670385718345643, 0.28561675548553467, 0.2652378588914871, 0.25751659870147703, 0.24656529426574708, 0.24195550978183747, 0.23647206723690034, 0.22428032755851746, 0.2037355750799179, 0.2030093252658844, 0.19207876324653625, 0.18157494962215423, 0.17717206478118896, 0.17383356690406798, 0.16974127888679505, 0.16618732511997222, 0.15644426941871642, 0.1529060646891594, 0.14331599175930024, 0.14783063232898713, 0.13855392336845399, 0.14610811471939086, 0.13681508600711823, 0.12833114564418793, 0.12929934412240982, 0.12057898938655853, 0.1174561396241188, 0.11983886659145356, 0.11490752249956131, 0.11351784467697143, 0.1096595510840416, 0.1044393464922905, 0.1000128448009491, 0.10292578637599945, 0.09930610209703446, 0.09067713767290116, 0.0900965690612793, 0.08810789287090301, 0.08832872211933136, 0.08057545572519302, 0.07799578756093979, 0.07253323793411255, 0.07481339424848557, 0.08591530621051788, 0.07926202863454819, 0.0709272414445877, 0.07333868145942687, 0.07382547855377197, 0.07545721903443336, 0.06594346389174462, 0.06680311784148216, 0.061995116621255876, 0.06155148819088936, 0.06039964333176613, 0.06187685430049896, 0.06081668511033058, 0.05743293687701225, 0.05533904284238815, 0.056238918006420134, 0.053652460873126986, 0.047706727683544156, 0.042712321132421495, 0.038791698217391965, 0.04316738359630108, 0.03835250735282898, 0.04013244211673737, 0.038567977771162984, 0.03646486848592758, 0.03103453852236271, 0.035439838841557506, 0.032952381670475005, 0.03141225464642048, 0.026809216663241386, 0.02611640878021717, 0.029326456785202026, 0.027747535333037376, 0.02620593085885048, 0.0285337220877409, 0.026849199458956717, 0.026893118768930434, 0.027762166783213617, 0.025452377647161482, 0.023727914318442345, 0.022894501872360706, 0.0212227463722229, 0.022825879231095313, 0.022212186828255653, 0.020173661410808563, 0.019868764840066434, 0.017889903299510478, 0.01771655064076185, 0.018685796298086643, 0.017260946333408356, 0.01924041174352169, 0.018825919739902018, 0.02204037979245186, 0.024358691461384297, 0.024253677949309348, 0.019323687814176083, 0.016306080482900144, 0.014714210107922555, 0.013697531074285507, 0.0133781174197793, 0.01409491542726755, 0.01678105853497982, 0.015894833393394946, 0.015817555785179137, 0.015332854166626931, 0.014576287940144539, 0.01512508448213339, 0.01508872490376234, 0.013288759998977185, 0.014559194818139077, 0.013353207521140576, 0.011596513353288174, 0.011055367719382047, 0.011321537755429744, 0.011253274977207184, 0.010352269001305103, 0.010444005578756332, 0.010677935834974051, 0.009968588501214981, 0.010382272955030202, 0.010424553416669369, 0.010192650277167559, 0.00954359769821167, 0.009482417721301317, 0.009660993888974189, 0.009105411730706692, 0.009544979594647885, 0.009444710705429316, 0.009137026965618134, 0.009124070405960083, 0.00908103920519352, 0.009484292659908532, 0.009044046606868505, 0.008391487877815962, 0.008871917240321636, 0.009330611303448677, 0.00938239237293601, 0.008909398596733809, 0.008643050398677587, 0.00850935447961092, 0.008224046416580677, 0.007957483828067779, 0.008062133099883795, 0.008541353419423104, 0.00802140198647976, 0.007411867007613182, 0.007450141198933125, 0.007814380805939436, 0.007624518591910601, 0.007894547842442989, 0.007695865910500288, 0.007332505006343126, 0.007482168823480606, 0.007117374427616596, 0.007319412939250469, 0.007475385628640652, 0.0070400949567556385, 0.007108532637357712, 0.006878175958991051, 0.006659550219774246, 0.006479758769273758, 0.006604802142828703, 0.006680833827704191, 0.006416832190006971, 0.006573888752609491, 0.006271782517433167, 0.006152785941958427, 0.006215611565858125, 0.00643199747428298, 0.006398890540003777, 0.006368321366608143, 0.006444173026829958, 0.006389748305082321, 0.006200340483337641, 0.006061172857880592, 0.006187551561743021, 0.006112372688949108, 0.006117810867726803, 0.006153631303459406, 0.006235731765627861, 0.00602967320010066, 0.005961163807660342, 0.0059089578688144686, 0.005661008786410094, 0.005792012810707093, 0.006079958938062191, 0.0060010385699570176, 0.005780374351888895, 0.005809019133448601, 0.005604530591517687, 0.00584025951102376, 0.005592731665819884, 0.005602443311363459, 0.005880438257008791, 0.00572975380346179, 0.005285779107362032, 0.005611568223685026, 0.005460354685783386, 0.005746768042445183, 0.005235667480155826, 0.00568148884922266],