{"dataset": "Lighting2", "depth": 3, "nb_filters": 32, "batch_size": 128, "kernel_size": 64, "use_residual": "False", "use_bottleneck": "True", "acc": 0.8029999999999999, "precision": 0.8333730158730159, "recall": 0.791553544494721, "budget_ran": 1500, "train_curve": [0.7543299674987793, 0.5916154265403748, 0.54472576379776, 0.5165758490562439, 0.4915482342243195, 0.47109954357147216, 0.4504018843173981, 0.42992753386497495, 0.4101068377494812, 0.39118767976760865, 0.36965829133987427, 0.35105182230472565, 0.338274210691452, 0.31533798575401306, 0.3043215095996857, 0.2805397599935532, 0.27014246881008147, 0.2518688440322876, 0.24181592762470244, 0.2268704891204834, 0.20559289008378984, 0.20070386677980423, 0.1812984138727188, 0.1737448289990425, 0.16041568517684937, 0.15275837033987044, 0.14519941657781602, 0.1350826822221279, 0.12902291640639305, 0.12176821753382683, 0.11516899168491364, 0.10941550955176353, 0.10136675909161567, 0.1016102559864521, 0.08886123970150947, 0.08786617740988731, 0.08549282886087894, 0.07505808025598526, 0.08126926869153976, 0.06791661940515041, 0.0668973870575428, 0.06233715415000916, 0.06022222340106964, 0.05565798953175545, 0.05326626524329185, 0.04985003210604191, 0.049029823206365106, 0.04390296172350645, 0.04416798669844866, 0.041352538391947746, 0.03831090833991766, 0.038829362206161025, 0.03372373152524233, 0.03536362741142511, 0.03201529867947102, 0.030423514358699322, 0.029427138902246953, 0.027202639915049075, 0.026314099319279194, 0.02449256759136915, 0.023770964331924917, 0.02275643153116107, 0.02107547353953123, 0.02075751228258014, 0.019581750407814978, 0.01840898208320141, 0.018024433869868517, 0.01697460385039449, 0.01637605745345354, 0.01570952879264951, 0.015109487716108561, 0.014688082318753005, 0.0138570805080235, 0.013694669026881457, 0.013174937665462494, 0.012684590741991996, 0.012206162512302398, 0.011720079742372037, 0.011358722113072872, 0.011027270741760731, 0.010498982667922974, 0.01036527194082737, 0.009847159124910831, 0.009668051172047854, 0.009356131870299577, 0.009034206997603178, 0.008795037912204862, 0.008517149044200778, 0.008321397844702006, 0.008012141194194555, 0.007813218841329217, 0.007603893522173166, 0.0073885108344256874, 0.007213386055082083, 0.00698644551448524, 0.0068658452946692705, 0.006649487698450684, 0.006514608347788453, 0.006324067199602723, 0.006206645909696817, 0.006032427027821541, 0.005916826892644167, 0.005761664733290673, 0.005649765534326434, 0.005512184789404273, 0.005409116204828024, 0.0052790823858231304, 0.005171841289848089, 0.005065994756296277, 0.004967595636844635, 0.004864489939063787, 0.004764836700633168, 0.00467910491861403, 0.004585827328264713, 0.004503424465656281, 0.004417073214426637, 0.0043398325331509115, 0.004258173983544111, 0.004186344193294644, 0.004109525587409735, 0.004039140697568655, 0.003968237340450287, 0.0039002442732453345, 0.003837233502417803, 0.003770460328087211, 0.003710947185754776, 0.003650380950421095, 0.0035935455234721303, 0.003537077084183693, 0.0034833307145163417, 0.003429599083028734, 0.0033759545302018525, 0.00332462415099144, 0.003273414052091539, 0.003226243914104998, 0.003177987178787589, 0.0031332972925156356, 0.003088850947096944, 0.0030461187940090894, 0.0030041725374758245, 0.0029629898024722936, 0.002923399326391518, 0.0028828967595472934, 0.002842829888686538, 0.002803734201006591, 0.002765483525581658, 0.0027282817987725138, 0.002693081111647189, 0.0026584360981360077, 0.0026245823130011557, 0.0025914608733728526, 0.002557841967791319, 0.0025253310799598695, 0.002493627881631255, 0.0024628364713862537, 0.0024331425549462436, 0.0024041965370997787, 0.0023749332875013353, 0.0023460435681045056, 0.00231739969458431, 0.0022896944778040052, 0.0022632047766819596, 0.0022370211081579328, 0.0022114855470135807, 0.0021859005093574522, 0.0021601760759949683, 0.0021348739275708793, 0.002110155578702688, 0.0020861708093434573, 0.0020624924218282104, 0.0020395122235640885, 0.0020171612268313766], "val_curve": [0.6951569080352783, 0.7021575212478638, 0.714542007446289, 0.7428156852722168, 0.7793716430664063, 0.8091400623321533, 0.8416268587112427, 0.8544501304626465, 0.8551617980003356, 0.8584492564201355, 0.8693935394287109, 0.7873430967330932, 0.8522860288619996, 0.7582643508911133, 0.7298032402992248, 0.7401785969734191, 0.6095296621322632, 0.6665122389793396, 0.7089097142219544, 0.6708895802497864, 0.6246926307678222, 0.6401236534118653, 0.701619565486908, 0.6262143194675446, 0.5567797243595123, 0.5371916592121124, 0.5947862267494202, 0.541821414232254, 0.5977542400360107, 0.5553441703319549, 0.5428394258022309, 0.576959753036499, 0.5959643125534058, 0.6171216368675232, 0.6488126754760742, 0.632268100976944, 0.7437667787075043, 0.8523368239402771, 0.7152228832244873, 0.7417940616607666, 0.8090346574783325, 0.8310640275478363, 0.795136684179306, 0.8161248207092285, 0.8858588755130767, 0.904731285572052, 0.9137821316719055, 0.959983903169632, 0.9704205214977264, 1.003495180606842, 1.0379026710987092, 1.0574802994728087, 1.1010686695575713, 1.0684444427490234, 1.067428058385849, 1.12331463098526, 1.1834372103214263, 1.1514210999011993, 1.0961185157299043, 1.1000530123710632, 1.1697834372520446, 1.2166058897972107, 1.2054609656333923, 1.171359086036682, 1.189575618505478, 1.255016702413559, 1.2750058591365814, 1.2529322683811188, 1.2427152752876283, 1.275274044275284, 1.322091954946518, 1.2998373985290528, 1.3085716724395753, 1.3672367811203003, 1.374018520116806, 1.3512593269348145, 1.3492920994758606, 1.3896267056465148, 1.4321091651916504, 1.4106964230537415, 1.3865560233592986, 1.4184601545333861, 1.4700230717658997, 1.473276299238205, 1.4606057703495026, 1.457285040616989, 1.4671009838581086, 1.4877207636833192, 1.4985500156879425, 1.5104019939899445, 1.5221796095371247, 1.5201684355735778, 1.5210510551929475, 1.5332191169261933, 1.5435324728488922, 1.5607366621494294, 1.5775184988975526, 1.5792928278446197, 1.5853024184703828, 1.6087744653224945, 1.6246932685375213, 1.6267922222614288, 1.6266615092754364, 1.6412804543972015, 1.6494833767414092, 1.6412541151046753, 1.6425010204315185, 1.6629277110099792, 1.67262521982193, 1.670963978767395, 1.6814183950424195, 1.695508325099945, 1.697338330745697, 1.6964813590049743, 1.7066599369049071, 1.7118434071540833, 1.7054494738578796, 1.707001531124115, 1.7229910016059875, 1.7281441688537598, 1.7227404952049254, 1.7297882437705994, 1.7417059063911438, 1.7394787073135376, 1.7374730944633483, 1.7513275861740112, 1.7579459071159362, 1.7491412878036499, 1.7485008358955383, 1.757899010181427, 1.7581061482429505, 1.7556352972984315, 1.764736795425415, 1.7737075686454773, 1.770971381664276, 1.7673867344856262, 1.7713183403015136, 1.7743032455444336, 1.772460901737213, 1.7757360696792603, 1.7835646510124206, 1.7823017239570618, 1.7778267502784728, 1.7820358514785766, 1.7871503353118896, 1.7874611496925354, 1.7891750454902648, 1.7929836630821228, 1.7947925329208374, 1.796436369419098, 1.8002964973449707, 1.803629457950592, 1.804764997959137, 1.8074117064476014, 1.811005425453186, 1.811221194267273, 1.8107393860816956, 1.8136183142662048, 1.8179084300994872, 1.8194523692131042, 1.8207299709320068, 1.8246932864189147, 1.8268980383872986, 1.827444350719452, 1.830294954776764, 1.8333672285079956, 1.8323042273521424, 1.8319669127464295, 1.8359662652015687, 1.8405886530876159, 1.8423247814178467, 1.8434903740882873]}
{"dataset": "Lighting2", "depth": 3, "nb_filters": 32, "batch_size": 128, "kernel_size": 64, "use_residual": "False", "use_bottleneck": "True", "acc": 0.687, "precision": 0.7157953157953157, "recall": 0.6713432400932401, "budget_ran": 1500,