{"dataset": "uWaveGestureLibrary_Z", "depth": 3, "nb_filters": 32, "batch_size": 128, "kernel_size": 64, "use_residual": "False", "use_bottleneck": "True", "acc": 0.7880761173184357, "precision": 0.7924693394927911, "recall": 0.7904772704749835, "budget_ran": 1500, "train_curve": [1.4663416862487793, 1.0076217770576477, 0.8475419163703919, 0.763172960281372, 0.7063335418701172, 0.6696508049964904, 0.6418652534484863, 0.6114164352416992, 0.6012232780456543, 0.5872643113136291, 0.5697088956832885, 0.5555786609649658, 0.5421325087547302, 0.528009033203125, 0.5155469179153442, 0.5061807513237, 0.5031981527805328, 0.49972172975540163, 0.4886072397232056, 0.48565571308135985, 0.4763820648193359, 0.4685667514801025, 0.46375933289527893, 0.4559666335582733, 0.44408915042877195, 0.43835211396217344, 0.4345980226993561, 0.42350527048110964, 0.4155889987945557, 0.417280501127243, 0.4129310786724091, 0.4006399750709534, 0.39644771814346313, 0.38929866552352904, 0.388164883852005, 0.3866071581840515, 0.37576072216033934, 0.3695193290710449, 0.36572944521903994, 0.3650067687034607, 0.3562657833099365, 0.3514783620834351, 0.34954885244369505, 0.34201610684394834, 0.3304811596870422, 0.3393999576568604, 0.33412830233573915, 0.3278594672679901, 0.3197669446468353, 0.3194109320640564, 0.31675808429718016, 0.3126457154750824, 0.31083052754402163, 0.3047672212123871, 0.30164405703544617, 0.30118072032928467, 0.2958573579788208, 0.28931676745414736, 0.2802357792854309, 0.27841061949729917, 0.27850763201713563, 0.2745741784572601, 0.2698053389787674, 0.2629846543073654, 0.26272772550582885, 0.26005023419857026, 0.2621476650238037, 0.25806576311588286, 0.25333682000637053, 0.24874611496925353, 0.25446677803993223, 0.24303602874279023, 0.24752083718776702, 0.24510063230991364, 0.24803630411624908, 0.24213969111442565, 0.2337398797273636, 0.23207562863826753, 0.21590293049812317, 0.2174533873796463, 0.2073391228914261, 0.1984654188156128, 0.20618776977062225, 0.20391834676265716, 0.20270736813545226, 0.19926393330097197, 0.19309150874614717, 0.19165369272232055, 0.19972362518310546, 0.2045479655265808, 0.1971585750579834, 0.20658323764801026, 0.19109412729740144, 0.1718999370932579, 0.16318103075027465, 0.1530889466404915, 0.16042297929525376, 0.14738802313804628, 0.16084537506103516, 0.1498844102025032, 0.14711412489414216, 0.15217140316963196, 0.14482177048921585, 0.13458934426307678, 0.1330351337790489, 0.1325480654835701, 0.13373691439628602, 0.13629483431577682, 0.13055376708507538, 0.12852765321731568, 0.1294144719839096, 0.12122928649187088, 0.1210395336151123, 0.11745820343494415, 0.12240885794162751, 0.12558598965406417, 0.1180096685886383, 0.12291657775640488, 0.12552244514226912, 0.12962586283683777, 0.11872547417879105, 0.11285657733678818, 0.11180422306060792, 0.11713818460702896, 0.11252752393484115, 0.09446619898080826, 0.09101728349924088, 0.09662937670946121, 0.09737533181905747, 0.09333159103989601, 0.09646446332335472, 0.09229138270020484, 0.09789609163999557, 0.09241734892129898, 0.08581198155879974, 0.09106464385986328, 0.08911670893430709, 0.08102519586682319, 0.07891416028141976, 0.08170229569077492, 0.0770303651690483, 0.0820284754037857, 0.0746704638004303, 0.0709686480462551, 0.06713119745254517, 0.06650391817092896, 0.06946336552500725, 0.06887564435601234, 0.06641177535057068, 0.06927941516041755, 0.06836450472474098, 0.0677404522895813, 0.06433995068073273, 0.06658517047762871, 0.06876221597194672, 0.06247806996107101, 0.05570576041936874, 0.05245630666613579, 0.053048594295978545, 0.052565890550613406, 0.0499157503247261, 0.04919318705797195, 0.04901511371135712, 0.04734948724508285, 0.04794588088989258, 0.047741544991731645, 0.047285881638526914, 0.046996962279081345, 0.046214263141155246, 0.04928198084235191, 0.04575271084904671], "val_curve": [1.7325963258743287, 1.7097939729690552, 1.5912145137786866, 1.7904063701629638, 1.684995746612549, 1.6888758659362793, 1.6796162366867065, 1.526322865486145, 1.6028918027877808, 1.285114014148712, 1.2378632426261902, 1.2161545038223267, 1.1175855636596679, 0.9535226106643677, 1.060098910331726, 0.9290156483650207, 0.8370136737823486, 0.8643215298652649, 0.8720797181129456, 0.7208026647567749, 0.7163210391998291, 0.7688173413276672, 0.8344547748565674, 0.8798208475112915, 0.7893917441368103, 0.8095003366470337, 0.8900800943374634, 0.8090895414352417, 0.7386129140853882, 0.7838665962219238, 0.8398214697837829, 0.7697343111038208, 0.7144212603569031, 0.8117222189903259, 0.846447765827179, 0.7514775276184082, 0.7832654595375061, 0.7320422291755676, 0.7924879550933838, 0.7456908106803894, 0.7603484272956849, 0.7581223249435425, 0.8737229824066162, 0.7604901194572449, 0.7958117604255677, 0.8614975452423096, 0.7467630505561829, 0.8549996137619018, 0.7742122769355774, 0.8136551856994629, 0.854348361492157, 0.8747440695762634, 0.7594477415084839, 0.6967235088348389, 0.8746976256370544, 0.8145326495170593, 0.7266909360885621, 0.7732151508331299, 0.8067826390266418, 0.7680562376976013, 0.7536237716674805, 0.7881693720817566, 0.7817669153213501, 0.7435927391052246, 0.7492581367492676, 0.9214038252830505, 0.8598402500152588, 1.0085534453392029, 0.7553173184394837, 1.1821577191352843, 0.7419365644454956, 0.7195396900177002, 0.9692784428596497, 0.8842187881469726, 0.9174647927284241, 0.8277548789978028, 0.9370628714561462, 0.7691141963005066, 1.0421825408935548, 0.7386439681053162, 0.6656822800636292, 0.728166913986206, 0.8152576208114624, 0.8028772354125977, 0.8478261709213257, 1.104705023765564, 0.7489800810813904, 0.9332035541534424, 0.9966782093048095, 0.911942970752716, 0.9133004784584046, 1.0085224866867066, 0.8395318984985352, 0.854175615310669, 0.7917135119438171, 0.725623345375061, 0.7099065542221069, 0.7217065691947937, 0.8069334983825683, 0.8838965773582459, 0.7820120453834534, 1.0694594502449035, 0.7280352354049683, 0.8229904294013977, 0.874329936504364, 0.6933431506156922, 0.9187730193138123, 0.7179747939109802, 0.8425577998161315, 0.9304052591323853, 0.767753267288208, 0.7301440238952637, 0.7797253966331482, 0.8145495653152466, 0.8426038742065429, 0.7435980558395385, 0.7647620558738708, 0.9177692651748657, 0.9009176611900329, 0.8391693234443665, 0.9504217863082886, 0.92221519947052, 0.8643882393836975, 0.8724291920661926, 0.7482437491416931, 0.7633426904678344, 0.7545070052146912, 0.7237151741981507, 0.8646541237831116, 0.6947035670280457, 0.8740922689437867, 0.7847464561462403, 0.8300946831703186, 0.8005198478698731, 0.6861161470413208, 0.8397094011306763, 0.8953162908554078, 0.6821900129318237, 0.9186215400695801, 0.705687153339386, 0.8484599590301514, 0.6692124843597412, 0.9625602006912232, 0.7017646193504333, 0.6701262831687927, 0.6750770449638367, 0.8282158136367798, 0.7160680055618286, 0.7208260059356689, 0.7426421046257019, 0.7350875258445739, 0.7035606622695922, 0.6858367919921875, 0.8276405453681945, 0.8836814165115356, 0.7182656168937683, 0.6839039564132691, 0.6862078428268432, 0.6862315177917481, 0.6831144690513611, 0.7019144892692566, 0.6886062502861023, 0.6941269636154175, 0.6824918031692505, 0.6954631924629211, 0.693323802947998, 0.7152700781822204, 0.6775639772415161, 0.7151381850242615, 0.7203512907028198, 0.7112762331962585]}
{"dataset": "uWaveGestureLibrary_Z", "depth": 3, "nb_filters": 32, "batch_size": 128, "kernel_size": 64, "use_residual": "False", "use_bottleneck": "True", "acc": 0.7894164006384676, "precision": 0.795108749844759, "recall": 0.7908069411122783, "budget_ran": 1500,