{"dataset": "InsectWingbeatSound", "depth": 3, "nb_filters": 32, "batch_size": 128, "kernel_size": 64, "use_residual": "False", "use_bottleneck": "True", "acc": 0.6881818181818182, "precision": 0.6995024806355566, "recall": 0.6812122583222611, "budget_ran": 1500, "train_curve": [2.0783418893814085, 1.4420838356018066, 1.2154634475708008, 1.0879464864730835, 1.0046291828155518, 0.9426993370056153, 0.8971651315689086, 0.8697773814201355, 0.8433927059173584, 0.8224107146263122, 0.8031983256340027, 0.7919756054878235, 0.7646250128746033, 0.7578274726867675, 0.7392901182174683, 0.7263947010040284, 0.7156644463539124, 0.7047917723655701, 0.6935143232345581, 0.6908043026924133, 0.6826751232147217, 0.6703575611114502, 0.656019389629364, 0.6585029244422913, 0.6473612546920776, 0.6405064702033997, 0.6311881065368652, 0.6218643069267273, 0.6366336941719055, 0.6231327295303345, 0.6147758603096009, 0.5963021755218506, 0.5943961501121521, 0.5994069457054139, 0.5893666625022889, 0.5831339836120606, 0.570646595954895, 0.5595489501953125, 0.5589263200759887, 0.5447623014450074, 0.5421234488487243, 0.5349318981170654, 0.5244992434978485, 0.5253536343574524, 0.524290019273758, 0.5145591139793396, 0.502317202091217, 0.49085467457771303, 0.47516970038414, 0.47272385358810426, 0.4783554792404175, 0.4794581949710846, 0.4733151137828827, 0.47031575441360474, 0.4533862590789795, 0.44561306238174436, 0.4629237115383148, 0.4423965513706207, 0.4360084593296051, 0.4231735348701477, 0.4216749668121338, 0.42687912583351134, 0.4281898856163025, 0.4248425364494324, 0.42393202781677247, 0.4212812721729279, 0.4083143353462219, 0.3912642002105713, 0.3880272090435028, 0.3923523247241974, 0.39373254776000977, 0.38197582960128784, 0.3676710069179535, 0.36970773339271545, 0.3678447365760803, 0.36910460591316224, 0.37482174634933474, 0.3830416202545166, 0.36307249069213865, 0.3634059548377991, 0.3420144498348236, 0.32967222332954405, 0.3319581925868988, 0.3242039203643799, 0.32592726945877076, 0.31947092413902284, 0.31399673223495483, 0.3114692211151123, 0.3004061818122864, 0.3151257038116455, 0.29560374915599824, 0.2944938361644745, 0.2876009225845337, 0.2888392865657806, 0.28598423302173615, 0.27628507614135744, 0.2722391545772552, 0.2567895591259003, 0.2617900431156158, 0.25581071972846986, 0.25958176255226134, 0.26594792902469633, 0.2593254506587982, 0.2398107886314392, 0.2335260421037674, 0.23615533113479614, 0.23308232426643372, 0.23381091952323912, 0.2221912145614624, 0.2220348060131073, 0.2227747082710266, 0.21990087032318115, 0.20958033800125123, 0.2027369350194931, 0.204854154586792, 0.21296261847019196, 0.2127513974905014, 0.2053294450044632, 0.20541242957115174, 0.2089036762714386, 0.19977611303329468, 0.19312922954559325, 0.1921515494585037, 0.1922601044178009, 0.1994448870420456, 0.197674959897995, 0.19271736443042756, 0.17136917412281036, 0.17044320106506347, 0.17513664662837983, 0.16445229947566986, 0.15303342193365096, 0.1393396660685539, 0.1461434543132782, 0.15403887927532195, 0.1470599502325058, 0.13839651346206666, 0.1294239804148674, 0.12574197053909303, 0.1298570603132248, 0.13285817801952363, 0.12975225746631622, 0.11463072299957275, 0.10696689933538436, 0.09485384672880173, 0.09513054192066192, 0.10356157273054123, 0.11601863503456115, 0.11003932505846023, 0.10847496390342712, 0.10619028210639954, 0.09180057793855667, 0.09704223647713661, 0.0933954194188118, 0.10032374933362007, 0.09340101182460785, 0.08920183703303337, 0.08700674474239349, 0.0801220990717411, 0.08510057032108306, 0.07836733385920525, 0.07290981337428093, 0.07365560978651046, 0.06380992531776428, 0.057857255637645724, 0.05604702681303024, 0.051950597390532496, 0.05280681736767292, 0.05090603232383728, 0.05123121961951256, 0.049707602337002756, 0.051822939142584803, 0.048809821531176564, 0.05133763663470745, 0.04910758845508099, 0.04891109503805637, 0.0483980230987072, 0.049371886625885965, 0.046678150072693825, 0.04668345749378204], "val_curve": [2.1661187648773192, 1.8524348497390748, 1.778198790550232, 1.6442546129226685, 1.5688831329345703, 1.6120753049850465, 1.5185668230056764, 1.4675045013427734, 1.3979989528656005, 1.2551966428756713, 1.3265264272689818, 1.369282102584839, 1.1641727209091186, 1.1654062747955323, 1.3298766613006592, 1.116372323036194, 1.3171466588974, 1.138100838661194, 1.1054009437561034, 1.1764368057250976, 1.1188568353652955, 1.122747778892517, 1.1946364641189575, 1.101599395275116, 1.1074235439300537, 1.0303007245063782, 1.2329922437667846, 1.3398968577384949, 1.094922423362732, 1.0416527271270752, 1.1592310905456542, 1.1313350081443787, 1.0031244158744812, 1.079780638217926, 1.1488224387168884, 1.0389546751976013, 0.9931674242019654, 1.136417841911316, 0.9279818058013916, 1.138716471195221, 1.151501202583313, 1.026177978515625, 1.0410699725151062, 1.0725199103355407, 1.1900823593139649, 1.1225278973579407, 1.0605554103851318, 0.9899198055267334, 1.1153733372688293, 1.0800175786018371, 1.2105546355247498, 1.095759117603302, 1.1541279435157776, 1.011816918849945, 1.223769521713257, 1.2015050530433655, 1.2865575313568116, 1.0952889800071717, 1.1310039162635803, 1.2486597299575806, 1.2825795650482177, 1.1933611750602722, 1.3409747838974, 1.2220420360565185, 1.1886226892471314, 1.0839978337287903, 1.3486688375473022, 1.1394871592521667, 1.2833944439888, 1.146858322620392, 1.2350595235824584, 1.1722020268440247, 1.2043034791946412, 1.1926650285720826, 1.3188679695129395, 1.3389564752578735, 1.1958742141723633, 1.3645458459854125, 1.3544056057929992, 1.3221430778503418, 1.2516069412231445, 1.187455916404724, 1.3217591524124146, 1.2064680099487304, 1.2521656036376954, 1.2075610995292663, 1.58594651222229, 1.155893075466156, 1.3312950730323792, 1.3870539903640746, 1.423055076599121, 1.163772666454315, 1.3505846858024597, 1.4978098630905152, 1.3106447100639342, 1.430272388458252, 1.3439367771148683, 1.3796867370605468, 1.4342557430267333, 1.378860068321228, 1.3532894372940063, 1.4529664278030396, 1.4380494117736817, 1.3743616700172425, 1.3803511142730713, 1.615261197090149, 1.5145811557769775, 1.366867184638977, 1.4969038486480712, 1.2010387897491455, 1.3925068736076356, 1.2025731086730957, 1.1054037809371948, 1.2660804033279418, 1.4554919481277466, 1.2542336225509643, 1.4647356748580933, 1.4542869806289673, 1.4987520456314087, 1.4621219635009766, 1.7887130737304688, 1.3275648832321167, 1.4112181663513184, 1.5331499338150025, 1.5394174337387085, 1.4457114696502686, 1.4143531322479248, 1.2802666544914245, 1.3031781792640686, 1.4244809985160827, 1.2508600234985352, 1.289181399345398, 1.5304269671440125, 1.1973887443542481, 1.2786566495895386, 1.5999765157699586, 1.539790689945221, 1.2291499137878419, 1.339916181564331, 1.5518297910690309, 1.415722620487213, 1.2872251272201538, 1.4513485550880432, 1.2706175684928893, 1.246969985961914, 1.1583489179611206, 1.5884300827980042, 1.5876480102539063, 1.5095500349998474, 1.252362310886383, 1.1203308939933776, 1.1823068737983704, 1.227097749710083, 1.4074568033218384, 1.3575299263000489, 1.470973300933838, 1.3472664475440979, 1.1385331392288207, 1.28715523481369, 1.4184985995292663, 1.5449931263923644, 1.1941418409347535, 1.1753196001052857, 1.1090644001960754, 1.1039767742156983, 1.1335311770439147, 1.1129836559295654, 1.0842646598815917, 1.1187930703163147, 1.082904863357544, 1.0921281456947327, 1.0980567455291748, 1.1092838644981384, 1.0874566197395326, 1.1038867115974427, 1.0859795689582825, 1.1052319169044496, 1.1036694645881653, 1.1260621070861816, 1.1238763809204102]}
{"dataset": "InsectWingbeatSound", "depth": 3, "nb_filters": 32, "batch_size": 128, "kernel_size": 64, "use_residual": "False", "use_bottleneck": "True", "acc": 0.6740909090909092, "precision": 0.7028762423142106, "recall": 0.675556711030844, "budget_ran": 1500,