{"dataset": "Two_Patterns", "depth": 3, "nb_filters": 32, "batch_size": 128, "kernel_size": 64, "use_residual": "False", "use_bottleneck": "True", "acc": 1.0, "precision": 1.0, "recall": 1.0, "budget_ran": 1500, "train_curve": [0.506631875038147, 0.09545248001813889, 0.04211942777037621, 0.023311004415154456, 0.015100800432264805, 0.010174521990120412, 0.007795968744903803, 0.006148658227175474, 0.004962014453485608, 0.0038965741638094186, 0.0032159438822418453, 0.002843864308670163, 0.0025667910231277347, 0.0021712441695854066, 0.0019494105130434037, 0.0016988583374768496, 0.0014828070066869258, 0.0013687467435374856, 0.0012215533992275597, 0.001123672036919743, 0.0009720788104459644, 0.0008843754767440259, 0.000882046390324831, 0.0008148472639732063, 0.000714301154948771, 0.0006646163645200431, 0.0006440567784011364, 0.000604642613325268, 0.0005524934269487858, 0.0005276504612993449, 0.00047303165774792433, 0.000443664361955598, 0.0004414382972754538, 0.00042150132358074186, 0.0004100500082131475, 0.00036776242777705195, 0.00034230713499709963, 0.00034756834502331914, 0.0003415419370867312, 0.00035530939348973336, 0.00031065484217833727, 0.00028123490628786387, 0.00025419818121008575, 0.0002540081215556711, 0.000246561539825052, 0.00023405651154462248, 0.00022728296462446452, 0.00021512397506739944, 0.00020452355965971947, 0.0002176862210035324, 0.0001954004110302776, 0.0001930609723785892, 0.00019519733905326575, 0.00018709932337515056, 0.00017917263612616808, 0.00017485772259533404, 0.0001698427164228633, 0.00016032581042964013, 0.00016607836296316235, 0.00015115253045223654, 0.00015278907521860675, 0.0001471133771701716, 0.00015137333830352872, 0.00014852932508802041, 0.00014872481842758133, 0.00015320464153774084, 0.00014742742641828954, 0.00013857415760867297, 0.0001405503586283885, 0.0001366628333926201, 0.0001461735664634034, 0.00014427849091589451, 0.000138071809487883, 0.00013694934168597683, 0.00013899393670726567, 0.00014165689353831112, 0.0001374552579363808, 0.0001388143646181561, 0.00012770594476023688, 0.00013439971662592142, 0.00013043711660429836, 0.0001400136126903817, 0.0001398661872372031, 0.00013356582203414292, 0.00013257136452011765, 0.00013759017165284603, 0.00012973200937267394, 0.00013162033865228296, 0.00013374870759434997, 0.00012617311003850772, 0.00013497120671672745, 0.0001309350016526878, 0.00013026863598497584, 0.00013217499217716978, 0.0001345595228485763, 0.000131034039077349, 0.00012353969796095044, 0.0001299935465794988, 0.00012846497120335698, 0.0001236500043887645, 0.00013071682333247735, 0.0001229229907039553, 0.00012665782414842398, 0.0001191773364553228, 0.00011729560210369528, 0.00011702118354151025, 0.00011358596675563604, 0.00012285765842534602, 0.00012029514327878132, 0.00012090622185496613, 0.00011655876442091539, 0.00011929565516766161, 0.00011159542627865448, 0.00011215124977752567, 0.00011043092526961119, 0.00011377771879779175, 0.00011259374587098136, 0.00010903076326940209, 0.00011191283410880715, 0.00011480879329610616, 0.00012242992961546405, 0.0001103861621231772, 0.00010746400512289256, 0.00011188155185664073, 0.00011040320241590962, 0.0001028123137075454, 0.00010895623126998544, 0.00011092089553130791, 0.00010609715391183273, 0.00010478329058969394, 0.00010558349749771878, 0.00010105347028002142, 0.00010047849500551819, 0.00010090808791574091, 0.00010182593832723797, 0.00010426441731397063, 0.00010588700679363683, 9.62236852501519e-05, 0.00010717246623244136, 0.00010592828039079905, 0.00010031487181549892, 0.00010293206432834267, 9.48804256040603e-05, 9.084057674044744e-05, 9.938103903550655e-05, 9.699966758489609e-05, 9.35034069698304e-05, 9.696371998870745e-05, 9.987916273530572e-05, 9.312900947406888e-05, 9.829351038206368e-05, 9.15698634344153e-05, 9.13038369617425e-05, 9.418770932825282e-05, 8.958314720075577e-05, 8.970866911113262e-05, 8.899853564798832e-05, 8.725551306270063e-05, 9.182514913845808e-05, 8.632875687908381e-05, 8.51402641274035e-05, 8.007051510503516e-05, 8.394868491450325e-05], "val_curve": [0.505164909362793, 0.2691973149776459, 0.3227121889591217, 0.42101561427116396, 0.4538075804710388, 0.46950602531433105, 0.41374590396881106, 0.33573940992355344, 0.26684612929821017, 0.2163991153240204, 0.1234053447842598, 0.08768793195486069, 0.045678583160042766, 0.03205422684550285, 0.018902005255222322, 0.012741605751216412, 0.008378879819065332, 0.005920952744781971, 0.005204102676361799, 0.0037457144819200037, 0.005008459743112326, 0.0023243797011673452, 0.007068405766040087, 0.001492035249248147, 0.0014977098093368114, 0.0013963310630060732, 0.0012504572863690556, 0.0010620196349918841, 0.0009575662319548428, 0.000990113918669522, 0.0007376856636255979, 0.0007822347863111645, 0.0006944039720110595, 0.0005763132241554559, 0.0006656192766968161, 0.0005472744174767286, 0.0006681153434328734, 0.0005900731252040714, 0.0006257052882574499, 0.0006996125564910471, 0.000391135667450726, 0.0003821334161330014, 0.0004543565068161115, 0.0004291414574254304, 0.00035699591098818927, 0.00051274539437145, 0.00031853671243879943, 0.000498451545718126, 0.0003376377688255161, 0.000427505184779875, 0.0004361550061730668, 0.0002796702872728929, 0.0003906383877620101, 0.0007212907890789211, 0.0002540412067901343, 0.0002694295078981668, 0.0002538754983106628, 0.0002464273042278364, 0.0006914893398061395, 0.0002292788223712705, 0.0002443116158246994, 0.00021460951975313947, 0.00020158784464001654, 0.00019505753298290073, 0.00021335362980607898, 0.00020914483902743087, 0.0002051600138656795, 0.00019615576020441948, 0.00020701188477687538, 0.00022054817382013425, 0.00020323288335930557, 0.0002122091653291136, 0.00020251054520485922, 0.00019922339706681668, 0.00021218128240434452, 0.00020129414333496242, 0.00019825849594781175, 0.00019461335177766158, 0.0002164489240385592, 0.00019358869321877136, 0.00018910224898718297, 0.00019126809056615456, 0.00019712037756107746, 0.00019757427799049765, 0.00019603660330176355, 0.00019423052290221677, 0.00020347430545371027, 0.00019271277997177095, 0.00019201350951334462, 0.00020309611136326566, 0.00018783659761538728, 0.00020376234606374056, 0.00020195914839860052, 0.00019320060237077997, 0.00021426496969070285, 0.00018666577379917727, 0.00018462371226632968, 0.00018631085986271502, 0.00017868765571620314, 0.00019685522129293532, 0.00018361365364398806, 0.00017650756926741452, 0.0001676883257459849, 0.00018194771837443113, 0.0001810117595596239, 0.00017108142201323063, 0.00017619845748413355, 0.00018537943542469294, 0.00018459439743310214, 0.00018427474715281277, 0.00018111389508703723, 0.0001798793309717439, 0.00017028044821927325, 0.00018106214556610212, 0.0001799210294848308, 0.0001694868493359536, 0.00016762170416768641, 0.00018320087692700327, 0.00017099518008762972, 0.0001738334889523685, 0.00018034851091215388, 0.0001625737379072234, 0.0001588004975928925, 0.00016342238668585197, 0.00016205563442781568, 0.00015620857884641738, 0.00016710913914721459, 0.00016839618619997055, 0.00016086530522443354, 0.00016178379009943456, 0.00016176917415577918, 0.00016270002961391584, 0.00015685142134316265, 0.00015757336950628087, 0.00016071645804913715, 0.0001779283891664818, 0.00015870976640144363, 0.0001669792240136303, 0.00015991365507943555, 0.00016111512086354197, 0.00014259366143960507, 0.0001586368787684478, 0.00014541168784489855, 0.00015352576738223434, 0.0001671460981015116, 0.00014891269092913716, 0.0001544726372230798, 0.00014602088194806128, 0.00016864034696482122, 0.000139802489138674, 0.00014704058703500776, 0.00016413444100180641, 0.00014462656399700792, 0.00013959432690171524, 0.00015425081655848772, 0.00013596966018667445, 0.00014859849179629236, 0.00012986790243303404, 0.0001489073023549281, 0.00014669513038825243, 0.00013459873589454218, 0.00013977045600768178, 0.0001340946473646909]}
{"dataset": "Two_Patterns", "depth": 3, "nb_filters": 32, "batch_size": 128, "kernel_size": 64, "use_residual": "False", "use_bottleneck": "True", "acc": 1.0,