{"dataset": "MiddlePhalanxOutlineAgeGroup", "depth": 3, "nb_filters": 32, "batch_size": 128, "kernel_size": 64, "use_residual": "False", "use_bottleneck": "True", "acc": 0.5739230139230139, "precision": 0.5556158962933482, "recall": 0.4884818978528741, "budget_ran": 1500, "train_curve": [1.0057834267616272, 0.7399025321006775, 0.6484483003616333, 0.6180709719657898, 0.5941336035728455, 0.59255530834198, 0.5866257190704346, 0.5847807765007019, 0.5760612964630127, 0.5759809017181396, 0.5672418713569641, 0.565443754196167, 0.5619746088981629, 0.5581918239593506, 0.5551568150520325, 0.560591173171997, 0.5467816829681397, 0.55241459608078, 0.5457942605018615, 0.5394010663032531, 0.5427132606506347, 0.5344058990478515, 0.5327468514442444, 0.5348258733749389, 0.5345176219940185, 0.5346933603286743, 0.53426274061203, 0.5336602687835693, 0.5294479727745056, 0.5322643280029297, 0.5290222764015198, 0.526874554157257, 0.5224448800086975, 0.5173559725284577, 0.5084183990955353, 0.5131434023380279, 0.5081313610076904, 0.5045514464378357, 0.49518086910247805, 0.4880575656890869, 0.4929309368133545, 0.48851743936538694, 0.4939786076545715, 0.49105284214019773, 0.4849560081958771, 0.4835109353065491, 0.486020427942276, 0.47639678716659545, 0.48652260303497313, 0.4716057062149048, 0.47304595708847047, 0.4664488136768341, 0.46249460577964785, 0.4711257219314575, 0.4986023962497711, 0.4551231265068054, 0.4612354040145874, 0.4557666599750519, 0.44532220959663393, 0.45765685439109804, 0.43593963980674744, 0.42978150844573976, 0.42555378675460814, 0.4208206832408905, 0.42502011060714723, 0.42044498920440676, 0.41583660840988157, 0.41220506429672243, 0.4091333091259003, 0.4161836326122284, 0.4027466058731079, 0.39837572574615476, 0.40185096859931946, 0.39535204172134397, 0.39362247586250304, 0.394115686416626, 0.37443981170654295, 0.3837753117084503, 0.3820376813411713, 0.37305248379707334, 0.3610930323600769, 0.35987751483917235, 0.35894855260849, 0.3422576546669006, 0.33075029253959654, 0.32574290633201597, 0.33585692644119264, 0.3338952898979187, 0.34424875378608705, 0.3338183701038361, 0.3329160690307617, 0.31796230673789977, 0.31318759322166445, 0.321368807554245, 0.31271803975105283, 0.30562323331832886, 0.30094294548034667, 0.282824644446373, 0.2812296777963638, 0.2837741732597351, 0.2702265977859497, 0.26932412981987, 0.2691494971513748, 0.2622062832117081, 0.25488704442977905, 0.2543485760688782, 0.2530398994684219, 0.25353401005268095, 0.24691555500030518, 0.24525390267372132, 0.2442693829536438, 0.2382280319929123, 0.23350927829742432, 0.23684919476509095, 0.23064943850040437, 0.22476461231708528, 0.22008300721645355, 0.22339347898960113, 0.2190341979265213, 0.214786359667778, 0.21024648249149322, 0.20191872119903564, 0.19760031700134278, 0.20534008741378784, 0.19379931092262268, 0.19757083356380462, 0.19130550622940062, 0.18961339294910431, 0.18489077985286712, 0.18263848423957824, 0.19193621575832367, 0.1837725043296814, 0.1799638479948044, 0.17985115349292755, 0.18049331307411193, 0.17530394196510315, 0.17904027104377745, 0.17289824187755584, 0.17561177015304566, 0.17668745219707488, 0.16528477072715758, 0.1570343166589737, 0.1593878909945488, 0.16213402450084685, 0.15107306092977524, 0.1497123807668686, 0.14792586863040924, 0.14007842391729355, 0.14067155867815018, 0.1441333994269371, 0.1387634187936783], "val_curve": [1.0441427946090698, 1.0109504580497741, 1.0004551649093627, 0.9871768355369568, 0.971819531917572, 0.9765089511871338, 0.9621307849884033, 0.9386537194252014, 0.9275830984115601, 0.9178093433380127, 0.909249234199524, 0.9060911178588867, 0.9261275053024292, 0.9379101634025574, 0.9497279644012451, 0.9962082505226135, 1.050155258178711, 1.0925069093704223, 1.1708326101303101, 1.3095150470733643, 1.4334369540214538, 1.476562786102295, 1.4435805439949037, 1.5611329078674316, 1.7672039866447449, 1.9986334085464477, 2.0880199670791626, 2.183557868003845, 2.342700552940369, 2.716059708595276, 2.880291771888733, 2.9430391073226927, 3.017806148529053, 3.0637409687042236, 3.110196328163147, 3.409100818634033, 3.77884783744812, 3.9714420557022097, 3.967978501319885, 4.059538078308106, 4.347597062587738, 4.5535304069519045, 4.651251268386841, 4.569765639305115, 4.858055663108826, 5.249048924446106, 5.4458670854568485, 5.297175335884094, 4.948769593238831, 5.14728627204895, 5.414540719985962, 5.459009051322937, 5.551689195632934, 5.491831111907959, 5.9548674583435055, 6.356542491912842, 6.358901083469391, 6.426338076591492, 6.958765888214112, 7.055108976364136, 6.974096059799194, 7.091861724853516, 7.571790790557861, 7.812548637390137, 7.4827361583709715, 7.373021984100342, 7.626476740837097, 7.967644214630127, 8.22127423286438, 8.426795864105225, 8.702372980117797, 8.756528663635255, 8.791559505462647, 9.324580144882201, 9.563189029693604, 9.79005331993103, 9.931270432472228, 9.772562289237976, 10.40047973394394, 10.719677138328553, 10.300093817710877, 10.685606145858765, 11.267562294006348, 11.15062370300293, 11.28082196712494, 11.683035850524902, 11.688035869598389, 11.611403012275696, 12.384249639511108, 12.457869291305542, 12.604967737197876, 12.547628450393677, 12.534908676147461, 12.158395075798035, 11.990715074539185, 12.799074125289916, 12.460899782180785, 12.403829097747803, 12.441032886505127, 12.71672968864441, 13.259912824630737, 13.032757711410522, 13.172677278518677, 13.27432427406311, 13.055162620544433, 13.044216871261597, 13.197949171066284, 13.971021175384521, 13.693000411987304, 13.380642747879028, 13.767675495147705, 13.668453311920166, 13.742834377288819, 14.037915134429932, 14.31795105934143, 13.871099615097046, 13.825702667236328, 14.594035577774047, 14.061526155471801, 13.788740396499634, 14.17133708000183, 14.377019166946411, 14.296674489974976, 14.518109941482544, 14.845353317260741, 14.825738668441772, 14.391676235198975, 14.888167762756348, 14.62091031074524, 14.38276162147522, 14.796406269073486, 14.190468311309814, 13.996058320999145, 14.47218198776245, 14.413241147994995, 13.945591497421265, 14.793359231948852, 14.717083168029784, 14.204665231704713, 14.409002304077148, 13.896685314178466, 13.365820074081421, 14.270651388168336, 13.616218709945679, 13.172850227355957, 13.53369436264038, 13.65959324836731, 13.514621114730835, 13.219441032409668, 13.316507339477539, 13.53806676864624]}
{"dataset": "MiddlePhalanxOutlineAgeGroup", "depth": 3, "nb_filters": 32, "batch_size": 128, "kernel_size": 64, "use_residual": "False", "use_bottleneck": "True", "acc": 0.580982800982801, "precision": 0.5241917694830956, "recall": 0.5094516436872327, "budget_ran": 1500,