{"dataset": "WormsTwoClass", "depth": 3, "nb_filters": 32, "batch_size": 128, "kernel_size": 64, "use_residual": "False", "use_bottleneck": "True", "acc": 0.709502262443439, "precision": 0.7321395026971652, "recall": 0.7212373737373737, "budget_ran": 1500, "train_curve": [0.9074230551719665, 0.5928545951843261, 0.5262373208999633, 0.50217125415802, 0.48894129395484925, 0.47454636096954345, 0.47352767586708067, 0.468589061498642, 0.46867987513542175, 0.4631142675876617, 0.4621753811836243, 0.4546379327774048, 0.4479877769947052, 0.4461097240447998, 0.4420364677906036, 0.4271665930747986, 0.42850105166435243, 0.4256077170372009, 0.4193318247795105, 0.42446658611297605, 0.43236666917800903, 0.41839531660079954, 0.4122745931148529, 0.41341123580932615, 0.41093738079071046, 0.40869776010513303, 0.4000552654266357, 0.4082216084003448, 0.4031691253185272, 0.4071114957332611, 0.39298100471496583, 0.3901106953620911, 0.38798322677612307, 0.3801036536693573, 0.3791363000869751, 0.3713370800018311, 0.3753472983837128, 0.3700664877891541, 0.3653170824050903, 0.3682645261287689, 0.3708586812019348, 0.3660169720649719, 0.366511607170105, 0.3631072700023651, 0.3751751720905304, 0.3533055424690247, 0.3541325867176056, 0.3452691972255707, 0.3391851484775543, 0.3470007300376892, 0.33209564089775084, 0.33428643345832826, 0.33174540996551516, 0.331960129737854, 0.331606525182724, 0.3350184917449951, 0.32427223920822146, 0.32135588526725767, 0.3286673128604889, 0.3151558041572571, 0.3155777513980865, 0.3050674557685852, 0.3252082824707031, 0.3329128921031952, 0.31821908950805666, 0.3281461536884308, 0.31738423407077787, 0.3238804221153259, 0.29566554725170135, 0.3285433232784271, 0.3051149308681488, 0.3051982641220093, 0.2990700751543045, 0.30073174834251404, 0.28864575624465943, 0.2938947319984436, 0.28902262449264526, 0.2792076975107193, 0.28192574083805083, 0.28541480004787445, 0.283175864815712, 0.2720600664615631, 0.27669529914855956, 0.27143765389919283, 0.2705754369497299, 0.27086579501628877, 0.2578566908836365, 0.2556619793176651, 0.2538556754589081, 0.2640440076589584, 0.25990787148475647, 0.24561445116996766, 0.24665070176124573, 0.24826326966285706, 0.254036957025528, 0.24722270369529725, 0.2359560400247574, 0.24015198051929473, 0.23549190163612366, 0.23523031771183014, 0.2289062798023224, 0.2202390342950821, 0.22476306259632112, 0.227793288230896, 0.2206544578075409, 0.210733038187027, 0.2134443312883377, 0.21117115616798401, 0.20708607137203217, 0.20656781196594237, 0.1998987078666687, 0.20100487768650055, 0.20460202991962434, 0.21545097529888152, 0.19952505826950073, 0.19295976012945176, 0.1992681235074997, 0.20060184597969055, 0.18793292343616486, 0.20447617173194885, 0.19918625354766845, 0.21373148262500763, 0.2092024564743042, 0.22259055376052855, 0.19648810029029845, 0.20815006792545318, 0.1962934613227844, 0.2052190214395523, 0.19411407113075257, 0.1869816780090332, 0.1878683239221573, 0.17865732312202454, 0.17774365842342377, 0.17461506724357606, 0.1723923861980438, 0.16832963824272157, 0.16992018818855287, 0.16404872834682466, 0.1641682729125023, 0.16142958402633667, 0.16118900328874589, 0.16233796924352645, 0.15721018463373185, 0.16096945255994796, 0.15625222772359848, 0.15162738114595414, 0.15883574038743972, 0.15621686726808548, 0.15216510146856307, 0.15395197868347169, 0.1530865252017975, 0.1489570125937462, 0.15005947947502135, 0.1482978105545044, 0.14440412521362306], "val_curve": [0.6960999369621277, 0.7571221828460694, 0.8201850414276123, 0.826224946975708, 0.8259814143180847, 0.8449401140213013, 0.8287921249866486, 0.723738032579422, 0.6449310958385468, 0.6344811320304871, 0.6632633924484252, 0.7196252346038818, 0.7551386594772339, 0.7370292663574218, 0.6919883906841278, 0.6575631678104401, 0.6404083430767059, 0.646121084690094, 0.6752262532711029, 0.6794482648372651, 0.6716571807861328, 0.6700382232666016, 0.6711438775062561, 0.6744279086589813, 0.6905466735363006, 0.734028548002243, 0.7800676882266998, 0.8171532273292541, 0.842209768295288, 0.8541296124458313, 0.884467625617981, 0.9617278575897217, 1.040948474407196, 1.0546023011207581, 0.9917024493217468, 1.0513129472732543, 1.2552046179771423, 1.3262478232383728, 1.2691942930221558, 1.3477645993232727, 1.343833816051483, 1.2469924449920655, 1.1956371009349822, 1.157584112882614, 1.3053081393241883, 1.559023368358612, 1.5259288907051087, 1.5679739713668823, 1.7225114464759828, 1.7867925047874451, 1.8029246211051941, 1.6067376732826233, 1.539625310897827, 1.647275173664093, 1.7993921518325806, 1.9131789326667785, 1.8107128739356995, 1.8133281230926515, 2.008291041851044, 2.1667774319648743, 2.434537410736084, 2.718648087978363, 2.3873654127120973, 2.0136969327926635, 2.1315677642822264, 2.316684806346893, 2.6642554998397827, 2.8768810749053957, 2.8130239725112913, 2.355532371997833, 1.8359639525413514, 1.7673184514045714, 2.1414002418518066, 2.586208164691925, 2.9045429706573485, 2.839265561103821, 2.650680923461914, 2.3960693001747133, 2.0930131673812866, 2.130643367767334, 1.8379997134208679, 1.767779529094696, 1.9237193584442138, 1.9587426781654358, 1.8240807890892028, 1.6426315188407898, 1.6477453470230103, 1.8538220167160033, 2.097594177722931, 2.31510591506958, 2.3187447667121885, 2.205851900577545, 2.02489355802536, 1.9011714696884154, 1.9725289225578309, 2.169901490211487, 2.2646599650382995, 2.210400879383087, 2.226394784450531, 2.127805244922638, 2.0992752432823183, 2.1911906361579896, 2.2116926074028016, 2.251458525657654, 2.409454107284546, 2.508639895915985, 2.4188177585601807, 2.3338228106498717, 2.2593799829483032, 2.205230104923248, 2.4425660967826843, 1.8901965141296386, 1.7673693656921388, 2.007197844982147, 2.5042834281921387, 2.6061919927597046, 2.4113484263420104, 2.429841363430023, 2.6472414135932922, 2.6293302893638613, 2.1141547918319703, 1.9843494534492492, 2.0518694162368774, 2.032591927051544, 2.2523334622383118, 2.371640622615814, 2.348832404613495, 2.2935688734054565, 2.2667990207672117, 2.36328638792038, 2.5045936822891237, 2.574000346660614, 2.557834577560425, 2.5067019701004027, 2.480747938156128, 2.4966946125030516, 2.5075905323028564, 2.5057483553886413, 2.470365858078003, 2.411334753036499, 2.3632357001304625, 2.3070345282554627, 2.248247170448303, 2.228015160560608, 2.2582497000694275, 2.3011805415153503, 2.3376938581466673, 2.297526001930237, 2.2281681656837464, 2.2038028240203857, 2.2918905556201934, 2.4762105345726013, 2.5385459840297697, 2.4360123813152312, 2.296134650707245]}
{"dataset": "WormsTwoClass", "depth": 3, "nb_filters": 32, "batch_size": 128, "kernel_size": 64, "use_residual": "False", "use_bottleneck": "True", "acc": 0.7093514328808446, "precision": 0.7374392459686577, "recall": 0.7021035510978585, "budget_ran": 1500,