{"dataset": "Wine", "depth": 3, "nb_filters": 32, "batch_size": 128, "kernel_size": 64, "use_residual": "False", "use_bottleneck": "True", "acc": 0.5577075098814228, "precision": 0.4379382055852644, "recall": 0.560979020979021, "budget_ran": 1500, "train_curve": [0.8553369879722595, 0.7400714755058289, 0.697320556640625, 0.6992038726806641, 0.6965315341949463, 0.6923985838890075, 0.690850043296814, 0.6916237235069275, 0.691495144367218, 0.6899587512016296, 0.6892013192176819, 0.6894865274429322, 0.6894146561622619, 0.6886264681816101, 0.6878249764442443, 0.6874467492103576, 0.6872376918792724, 0.6867804646492004, 0.6861725091934204, 0.6856607556343078, 0.6850348711013794, 0.6843610286712647, 0.6837668657302857, 0.6829955220222473, 0.6820616483688354, 0.6810139894485474, 0.6800387263298034, 0.6788143038749694, 0.6777533769607544, 0.6759613990783692, 0.6743816494941711, 0.6728882551193237, 0.6704254627227784, 0.6689982414245605, 0.6657228827476501, 0.663975191116333, 0.6619945526123047, 0.6592750668525695, 0.6552863597869873, 0.6529224276542663, 0.6463125824928284, 0.6400447726249695, 0.6422322154045105, 0.6432209730148315, 0.6305141687393189, 0.6315528512001037, 0.6303586721420288, 0.6305785655975342, 0.6287719488143921, 0.628966236114502, 0.6154217720031738, 0.6115762948989868, 0.6042479038238525, 0.608052521944046, 0.5987773358821868, 0.5957516074180603, 0.588677316904068, 0.5799420535564422, 0.5734644532203674, 0.5723748624324798, 0.579872089624405, 0.5754620611667634, 0.5742487728595733, 0.56994588971138, 0.5686839044094085, 0.5591645777225495, 0.5456897854804993, 0.5539809167385101, 0.5450841188430786, 0.5406680464744568, 0.5339063584804535, 0.5279249370098114, 0.5244531571865082, 0.5093003869056701, 0.5103799939155579, 0.5060039639472962, 0.4946580171585083, 0.499525910615921, 0.4957765758037567, 0.4896999418735504, 0.48674113750457765, 0.48266332745552065, 0.4843238055706024, 0.4675510346889496, 0.4744515776634216, 0.48153370022773745, 0.4685297906398773, 0.4720193386077881, 0.47515525221824645, 0.4631014823913574, 0.45344927310943606, 0.46406431794166564, 0.447800612449646, 0.45978177785873414, 0.4532261073589325, 0.4501729249954224, 0.4636459469795227, 0.4648773670196533, 0.444865083694458, 0.4600955963134766, 0.45361952781677245, 0.44004870653152467, 0.44956718683242797, 0.4386051416397095, 0.4341230452060699, 0.4287906467914581, 0.4210241973400116, 0.4148949682712555, 0.4266138434410095, 0.4200820803642273, 0.407089376449585, 0.4104145586490631, 0.4086489737033844, 0.4028960645198822, 0.3956781029701233, 0.39449809193611146, 0.39850430488586425, 0.39416388273239134, 0.40519216656684875, 0.40158183574676515, 0.3985810995101929, 0.3958598911762238, 0.3878338158130646, 0.3987036108970642, 0.3924922406673431, 0.40076839327812197, 0.39424927830696105, 0.38439270853996277, 0.3943851232528687, 0.3860961675643921, 0.3787169337272644, 0.38666206002235415, 0.38590121269226074, 0.37978181838989256, 0.37675157785415647, 0.37775495648384094, 0.36849557161331176, 0.3738322913646698, 0.3734921753406525, 0.36529829502105715, 0.36890538334846495, 0.3650798320770264, 0.3627714872360229, 0.3612280488014221, 0.3591457366943359, 0.36015762090682985, 0.3564113438129425, 0.3550269424915314, 0.35622469186782835, 0.35436074137687684, 0.3531586050987244], "val_curve": [0.7005992650985717, 0.7014099478721618, 0.705630898475647, 0.7105624675750732, 0.7139602184295655, 0.7161965727806091, 0.7188824534416198, 0.7230192184448242, 0.728343379497528, 0.7340607404708862, 0.7387234449386597, 0.7413959383964539, 0.7420769453048706, 0.7414016604423523, 0.7400826215744019, 0.7387706279754639, 0.7378282189369202, 0.7372808575630188, 0.7369746565818787, 0.7365662693977356, 0.7359018087387085, 0.7348955988883972, 0.7335638165473938, 0.7319813728332519, 0.7300158858299255, 0.7279271483421326, 0.7264614939689636, 0.7253968834877014, 0.7240215539932251, 0.7226551413536072, 0.7219463109970092, 0.7208805322647095, 0.7200914025306702, 0.7195138692855835, 0.718961238861084, 0.7181543350219727, 0.7174408555030822, 0.716598629951477, 0.7188888669013977, 0.7170725464820862, 0.7161147236824036, 0.7270746231079102, 0.7323696732521057, 0.7264767408370971, 0.7272264242172242, 0.7236454248428345, 0.725196647644043, 0.7320456385612488, 0.7451446652412415, 0.7606184959411622, 0.7763572216033936, 0.8045364022254944, 0.8191123843193054, 0.84584881067276, 0.9285274744033813, 1.017998218536377, 0.979317021369934, 0.9956797122955322, 1.0669515609741211, 1.16358083486557, 1.2589192748069764, 1.4287924647331238, 1.6834513306617738, 1.6817070603370667, 1.6799611449241638, 1.8171597838401794, 2.006928765773773, 2.1730081677436828, 2.2277573466300966, 2.3046191573143004, 2.4080782175064086, 2.4052574157714846, 2.3670763254165648, 2.4795393466949465, 2.5622809886932374, 2.68916050195694, 2.702831470966339, 2.769446015357971, 2.871307921409607, 2.9514372825622557, 2.967188286781311, 2.9957614183425902, 2.9399620056152345, 2.882473123073578, 2.976778876781464, 3.092944586277008, 3.0750600934028625, 3.086088752746582, 3.161101591587067, 3.249031901359558, 3.325623941421509, 3.4374740719795227, 3.269329881668091, 3.3974883198738097, 3.587837541103363, 3.709505546092987, 3.7909178853034975, 3.8918240785598757, 4.1446723461151125, 4.4098480343818665, 4.616705596446991, 4.72114542722702, 4.886982202529907, 4.93245952129364, 4.80387396812439, 4.693472886085511, 4.719553422927857, 4.816416835784912, 4.96675488948822, 5.155413579940796, 5.183327412605285, 5.3049369812011715, 5.587216329574585, 5.689695906639099, 5.676961159706115, 5.72067506313324, 5.732882833480835, 5.775741171836853, 5.9058380126953125, 6.074181413650512, 6.18169333934784, 6.221767711639404, 6.293641185760498, 6.327918457984924, 6.402601528167724, 6.489089608192444, 6.561432099342346, 6.644984459877014, 6.752643084526062, 6.7848596453666685, 6.678155946731567, 6.781691324710846, 7.01610038280487, 7.092593848705292, 7.064687097072602, 7.170808458328247, 7.497066402435303, 7.667084836959839, 7.643902289867401, 7.635401546955109, 7.728329050540924, 7.838515603542328, 8.030174160003662, 8.17510166168213, 8.211188244819642, 8.236305284500123, 8.285147118568421, 8.37775411605835, 8.452197360992432, 8.497421741485596, 8.492844247817994]}
{"dataset": "Wine", "depth": 3, "nb_filters": 32, "batch_size": 128, "kernel_size": 64, "use_residual": "False", "use_bottleneck": "True", "acc": 0.5770750988142292, "precision": 0.4782828282828283, "recall": 0.5416666666666666, "budget_ran": 1500,