{"dataset": "TwoLeadECG", "depth": 3, "nb_filters": 32, "batch_size": 128, "kernel_size": 64, "use_residual": "False", "use_bottleneck": "True", "acc": 1.0, "precision": 1.0, "recall": 1.0, "budget_ran": 1500, "train_curve": [0.5311134815216064, 0.1835845947265625, 0.08652443885803222, 0.05015426948666572, 0.03386684060096741, 0.02002493739128113, 0.012805857136845589, 0.009581667929887771, 0.0081541545689106, 0.005949931917712092, 0.004475215217098594, 0.00391938560642302, 0.0032503449823707343, 0.0025359543738886713, 0.0021619871724396942, 0.0020616691326722503, 0.0021502980729565025, 0.00192755910102278, 0.0018687599105760456, 0.0016797634307295084, 0.0015586199471727014, 0.001301944348961115, 0.0013277294463478028, 0.001156616280786693, 0.0015032427269034087, 0.0019269780488684774, 0.0015718024806119502, 0.001359483611304313, 0.0012046101386658848, 0.000983065168838948, 0.0011151752667501568, 0.0009493833873420954, 0.000887915794737637, 0.000835120736155659, 0.000788530008867383, 0.0008156259427778423, 0.0007611865526996553, 0.0006754411617293954, 0.000674306193832308, 0.0006550830905325711, 0.0006016904662828892, 0.0005474530102219432, 0.0006176105292979628, 0.0005729635828174651, 0.0005347122030798345, 0.0005251316353678704, 0.0005366218101698905, 0.0005130089644808322, 0.000509026029612869, 0.0005521516082808376, 0.000481614115415141, 0.0005509094684384763, 0.0004763871314935386, 0.0004613103170413524, 0.0004167260252870619, 0.0004739113210234791, 0.0004267695127055049, 0.0004164334153756499, 0.00043452773243188856, 0.0005152813158929348, 0.0005872747162356973, 0.0005837785662151873, 0.0005133695842232556, 0.0005229206348303705, 0.0003972912090830505, 0.000435412663500756, 0.0004101356607861817, 0.0004407700034789741, 0.0004186067439150065, 0.0003885573765728623, 0.00035645579919219017, 0.0004374652868136764, 0.00035896443878300486, 0.0003652894985862076, 0.0003782063431572169, 0.00035151661722920835, 0.0003535937110427767, 0.0003968600300140679, 0.0003436418541241437, 0.0003579952928703278, 0.0003408863325603306, 0.00035777087323367595, 0.0003644482756499201, 0.00037947159144096075, 0.0003726795082911849, 0.0003458044142462313, 0.00032933626789599657, 0.000367377744987607, 0.0003406151605304331, 0.0003301106800790876, 0.000375926960259676, 0.0003509223344735801, 0.00031753016519360245, 0.00033539235591888427, 0.00032873513991944493, 0.0003473930701147765, 0.0003177237114869058, 0.0003372952458448708, 0.0003280382545199245, 0.00037002749741077423, 0.00031552283908240495, 0.0003218801051843911, 0.0003034745925106108, 0.0003688891010824591, 0.0003198910446371883, 0.00033909776248037816, 0.00032608669716864823, 0.0003156628168653697, 0.0003232049522921443, 0.0003402389935217798, 0.0003180464671459049, 0.00030471457284875214, 0.0003273151291068643, 0.00030582484905608, 0.000290414277696982, 0.00029908488504588605, 0.00030822530388832094, 0.0003268290311098099, 0.0003099700959865004, 0.0003521774138789624, 0.00030942627927288413, 0.0003161864879075438, 0.00029415162280201914, 0.0002937960613053292, 0.00028787078335881235, 0.000292176497168839, 0.00029642596491612493, 0.0003534978022798896, 0.0002803259005304426, 0.0002984175516758114, 0.000322087446693331, 0.0002953957533463836, 0.00030161190079525113, 0.00031364313908852635, 0.00031571038998663427, 0.00028331605426501483, 0.0002859396976418793, 0.00030562584288418293, 0.00027505552279762926, 0.00030676203896291555, 0.00031106830574572085, 0.00029102737898938357, 0.00028969655395485463, 0.00031516419840045274, 0.0002960084821097553, 0.0002625887049362063, 0.00028713058563880625, 0.0002711337350774556, 0.00028082355856895447, 0.00027759106014855204, 0.0002940414502518252, 0.00029783176723867654, 0.00027187366504222155, 0.00029013265739195047, 0.00029833815642632544, 0.0002630646777106449, 0.0002697994525078684, 0.0002525584422983229, 0.0002649610309163108, 0.00028187164571136236, 0.00029214936366770414, 0.0003117288491921499, 0.0002708089770749211, 0.0002579759049694985, 0.0002926595276221633, 0.0002671004418516532, 0.00030949063366279004, 0.0003123338508885354, 0.0002869734773412347, 0.0002835454070009291, 0.0002759969385806471, 0.00029046363197267057, 0.00025810780643951146, 0.00025726656895130873, 0.0002528435550630093, 0.00024187183880712836, 0.0002471356827300042, 0.00030339983641169965, 0.00028375814436003565, 0.0002569203148595989, 0.00025651434261817483, 0.0002657359844306484, 0.00025302484864369034, 0.00023550954356323927, 0.0002430247113807127, 0.00023164325684774668, 0.0002487486402969807, 0.00025132318842224777, 0.00023125328007154167, 0.00023984964354895055, 0.0002576274098828435, 0.00023952032497618348, 0.000226519355783239, 0.00024394122592639179, 0.00024915002868510785, 0.00024898569681681694, 0.0002437944378471002, 0.00025122156948782505, 0.00025349989300593734, 0.00026173797668889166, 0.00026159046101383867, 0.00023403305094689132, 0.00023957178345881402, 0.0002565300732385367, 0.00025252744962926953, 0.00023258574947249144, 0.00021941755840089173, 0.0002321302512427792, 0.00020805906387977302, 0.000228903884999454, 0.0002511128492187709, 0.00023559429682791234, 0.0002515243424568325, 0.00022117207990959286, 0.00023262330796569586],