{"dataset": "FaceAll", "depth": 3, "nb_filters": 32, "batch_size": 128, "kernel_size": 64, "use_residual": "False", "use_bottleneck": "True", "acc": 0.9942222222222222, "precision": 0.9925886341848885, "recall": 0.9948486163674668, "budget_ran": 1500, "train_curve": [2.1109441757202148, 1.2091615676879883, 0.76068617105484, 0.49098715782165525, 0.32779915928840636, 0.2200434237718582, 0.15358328819274902, 0.11084870100021363, 0.0850907638669014, 0.06653831005096436, 0.05253521129488945, 0.04130179956555367, 0.03442041799426079, 0.027864374592900275, 0.02376396581530571, 0.020900363102555275, 0.018169142305850983, 0.01569183487445116, 0.014231680519878864, 0.012599020451307296, 0.011494489200413228, 0.010497415624558925, 0.009531354531645775, 0.008725970797240735, 0.008135971054434777, 0.007505127415060997, 0.006914219446480274, 0.006493665929883719, 0.005886035691946745, 0.005597814731299877, 0.005220656376332044, 0.004940841998904944, 0.004654987715184689, 0.004407344292849303, 0.004148315452039242, 0.003989793499931693, 0.0037141610402613877, 0.0035517930518835783, 0.0033938515000045298, 0.00323964161798358, 0.0031011400278657675, 0.0029958974570035934, 0.0028602360747754575, 0.002677650609984994, 0.002686531515792012, 0.0024953062646090986, 0.0024045967031270264, 0.002316579641774297, 0.0022501453757286074, 0.0021554389968514442, 0.0020392423728480937, 0.0020279372110962868, 0.0019267345080152154, 0.001973423105664551, 0.006920954352244735, 0.006243247305974364, 0.00454738091211766, 0.005771241011098027, 0.0029018295696005224, 0.002161652292124927, 0.0017575782025232912, 0.0016643217531964183, 0.0016195701202377677, 0.0015514106024056673, 0.0015556186437606812, 0.0014661591732874513, 0.0014427808346226811, 0.0013675524853169918, 0.0014156936900690197, 0.0013089955318719149, 0.0013029040768742562, 0.0012929871911183, 0.0012752508744597435, 0.0012504346901550888, 0.0011589840753003955, 0.001193891279399395, 0.001135309983510524, 0.0010834187269210815, 0.0011102588614448905, 0.0010812928900122642, 0.0010926348972134293, 0.001047050894703716, 0.0010894853970967234, 0.001033081184141338, 0.0010028099291957914, 0.000945147208403796, 0.0009726013522595167, 0.000926321221049875, 0.0009390774532221258, 0.0009076123707927764, 0.0009021768579259515, 0.0008935746154747903, 0.0008723040926270186, 0.0008765191887505352, 0.0008282611961476505, 0.000832545617595315, 0.0007952317944727838, 0.0007826376357115805, 0.0007970851846039295, 0.0007771279430016875, 0.00079572080867365, 0.0007498002960346639, 0.0007570325280539692, 0.0007297864183783531, 0.000707482814323157, 0.0007392418105155229, 0.0007161103305406869, 0.000706297520082444, 0.0007221543579362333, 0.0006918174331076443, 0.000658135476987809, 0.0006715552473906428, 0.0006603499583434314, 0.0006559241388458759, 0.0006690569571219385, 0.0006322923174593598, 0.0006609696312807501, 0.0006687379267532378, 0.0006310729309916496, 0.0006365435314364731, 0.000641873007407412, 0.0006248938152566552, 0.000636852253228426, 0.000628805160522461, 0.00064298712532036, 0.0006247785175219178, 0.0006312320765573531, 0.000620907760458067, 0.0006224556884262711, 0.0006053672346752137, 0.0006183840625453741, 0.0006204775301739574, 0.0006186734535731375, 0.0005811651877593249, 0.0005979222478345037, 0.0006492430809885263, 0.0005901620665099472, 0.0005969587131403386, 0.0006095766613725573, 0.0006270578654948622, 0.0005876929499208927, 0.0006109103094786405, 0.0005886839935556054, 0.0006051725242286921, 0.0005839896097313612, 0.0005805968248751014, 0.0005806151544675231, 0.0005760787171311677, 0.000577292067464441, 0.0005727983720134944, 0.0005915067798923701, 0.0005981268594041466, 0.0005842053156811744, 0.000564921589102596, 0.000563261506613344, 0.0005633754073642195, 0.0005535097443498671, 0.0005676520464476198, 0.0005554820585530251, 0.0005721638503018766, 0.000545192084973678, 0.0005524542415514588, 0.0005414060258772224, 0.0005597271083388478, 0.0005439879256300628, 0.0005490889248903841, 0.0005376505025196821, 0.0005472132237628102, 0.0005433106271084398, 0.0005368496640585363, 0.000537836184957996, 0.0005262054037302732, 0.0005538563127629459, 0.0005346341466065496, 0.0005492588155902922, 0.0005397048196755349, 0.0005289287073537707, 0.0005246200424153357, 0.0005271908885333687, 0.0005120841320604086, 0.000525790429674089, 0.0005115324805956334, 0.0005258892837446183, 0.0005190968164242804, 0.0005226224253419787],