precision,accuracy,recall,duration
0.9386389898445245,0.9386281588447654,0.9389189839894065,308.6258704662323
