precision,accuracy,recall,duration
0.9677128524254766,0.9658536585365853,0.9495002761015746,387.3250069618225
