precision,accuracy,recall,duration
0.9021369596891695,0.89,0.859375,263.5300328731537
