precision,accuracy,recall,duration
0.5950950950950951,0.578125,0.5961538461538461,66.27340817451477
