precision,accuracy,recall,duration
0.9640655105973025,0.9640427599611273,0.9640339543950316,144.14437675476074
