precision,accuracy,recall,duration
0.4604062100523172,0.7425,0.4691626458749381,147.83894038200378
