precision,accuracy,recall,duration
0.8400559539330725,0.8342857142857143,0.8467778689271718,135.18414521217346
