precision,accuracy,recall,duration
0.9725617443836477,0.9771733851384167,0.9598943446282274,862.6694688796997
