precision,accuracy,recall,duration
0.958036373402227,0.9568,0.9583795374789162,143.9884204864502
