precision,accuracy,recall,duration
0.6857514906044316,0.789010989010989,0.6457921099883949,544.7499258518219
