precision,accuracy,recall,duration
0.5310290362113216,0.5357142857142857,0.5331001189261174,865.5060379505157
