precision,accuracy,recall,duration
0.5598950572986765,0.5551948051948052,0.5533923456940896,865.5727467536926
