precision,accuracy,recall,duration
0.770492862218203,0.768,0.768,685.78395819664
