precision,accuracy,recall,duration
0.9418043113101904,0.9380165289256198,0.9167497960976222,625.6355242729187
