precision,accuracy,recall,duration
0.5788072417465389,0.8105590062111802,0.5144984326018809,96.51357507705688
