precision,accuracy,recall,duration
0.8277444735856125,0.8344988344988346,0.8205827110724266,444.828494310379
