precision,accuracy,recall,duration
0.8158322353974526,0.8025,0.6909250905807499,71.79476928710938
