precision,accuracy,recall,duration
0.7787745634384289,0.7808219178082192,0.7920754266618929,189.2755162715912
