precision,accuracy,recall,duration
0.8655206564799095,0.8628571428571429,0.8709324582991523,98.07412147521973
