precision,accuracy,recall,duration
0.7678305253173133,0.78,0.7826397826397826,363.9303469657898
