precision,accuracy,recall,duration
0.6570136660441008,0.7460815047021944,0.61156693038288,575.7657775878906
