precision,accuracy,recall,duration
0.9082238720731011,0.9140893470790378,0.8904304129342364,1783.034835577011
