precision,accuracy,recall,duration
0.8586502656411471,0.8636363636363636,0.837304724261246,994.4766778945923
