precision,accuracy,recall,duration
0.9446346428913459,0.9444598722577062,0.9442558484812006,847.0648624897003
