precision,accuracy,recall,duration
0.8911169411106196,0.7917159763313609,0.9018024608214021,162.61066198349
