precision,accuracy,recall,duration
0.8218996563241203,0.8251748251748252,0.8046463420220807,1140.3173296451569
