precision,accuracy,recall,duration
0.8442075337597724,0.8285714285714286,0.8477805122595935,58.89914846420288
