precision,accuracy,recall,duration
0.9444927316964726,0.9444598722577062,0.9443541591428916,1603.774926185608
