precision,accuracy,recall,duration
0.861904761904762,0.86,0.8298611111111112,65.59988856315613
