precision,accuracy,recall,duration
0.7974186307519641,0.7944444444444444,0.7944444444444445,254.82583022117615
