precision,accuracy,recall,duration
0.9221364221364221,0.93,0.9270833333333333,119.05396938323975
