precision,accuracy,recall,duration
0.8549808287173428,0.7739130434782608,0.7748243501388786,203.17541575431824
