precision,accuracy,recall,duration
0.5265225028382924,0.7925,0.5373529446226099,628.6140251159668
