precision,accuracy,recall,duration
0.7954040824783858,0.7621483375959079,0.7691882066882066,256.3541741371155
