precision,accuracy,recall,duration
0.9095439444276653,0.9132231404958677,0.9034286969069577,507.0616445541382
