precision,accuracy,recall,duration
0.44153650332895616,0.7275,0.45985354233615877,325.58122968673706
