precision,accuracy,recall,duration
0.8952102320007326,0.9008264462809917,0.8624850994416211,582.693687915802
