precision,accuracy,recall,duration
0.8702001468931015,0.8685092127303182,0.8688848769481219,971.1046562194824
