precision,accuracy,recall,duration
0.852116996024559,0.8333333333333334,0.826256909022202,123.58490586280823
