precision,accuracy,recall,duration
0.7612833629119254,0.795,0.6622415053047607,200.5571849346161
