precision,accuracy,recall,duration
0.6911025046955106,0.9344444444444444,0.581676919933803,713.3292922973633
