precision,accuracy,recall,duration
0.8432621483468941,0.8171428571428572,0.8395770668125057,80.82604622840881
