precision,accuracy,recall,duration
0.82962946042505,0.808695652173913,0.8092183097495291,1029.748165845871
