precision,accuracy,recall,duration
0.7724686252809851,0.7925,0.7035065367354201,125.85875749588013
