precision,accuracy,recall,duration
0.765190026627935,0.8585365853658536,0.7975044563279857,722.7121183872223
