precision,accuracy,recall,duration
0.9571275077170435,0.9513859275053305,0.9517197059159949,444.753226518631
