precision,accuracy,recall,duration
0.9246220414846104,0.9246424642464246,0.924576794536472,299.9986095428467
