precision,accuracy,recall,duration
0.8998208765868281,0.8977635782747604,0.8948687335515758,549.7398495674133
