precision,accuracy,recall,duration
0.7634139150943396,0.7513812154696132,0.7239348370927319,193.21911334991455
