precision,accuracy,recall,duration
0.9487781954887218,0.9248366013071896,0.8798355899419729,517.3901760578156
