precision,accuracy,recall,duration
0.9635117669105708,0.9624390243902439,0.9467591691529595,462.680860042572
