precision,accuracy,recall,duration
0.8373837833197497,0.8333333333333334,0.8331076508188543,385.7683484554291
