precision,accuracy,recall,duration
0.8212800985633804,0.8184143222506394,0.8253663003663003,862.0277073383331
