precision,accuracy,recall,duration
0.7091867794861266,0.9428888888888889,0.5650983035816017,113.39050626754761
