precision,accuracy,recall,duration
0.8598473299929218,0.8666666666666667,0.8318929079240277,544.6940710544586
