precision,accuracy,recall,duration
0.9394340995485863,0.9256198347107438,0.904130395570613,311.72970700263977
