precision,accuracy,recall,duration
0.8535810012018356,0.8461538461538461,0.8478502932185128,1488.819895029068
