precision,accuracy,recall,duration
0.8808354330222309,0.8769230769230769,0.8776285458976193,908.1632561683655
