precision,accuracy,recall,duration
0.953589634664401,0.9379084967320261,0.9052224371373307,538.3246967792511
