precision,accuracy,recall,duration
0.9759504116132629,0.976,0.9766848932066323,337.92124247550964
