precision,accuracy,recall,duration
0.6291298701298701,0.6464088397790055,0.6296588185359033,322.2418897151947
