precision,accuracy,recall,duration
0.8602026938312014,0.8564102564102564,0.851148729648049,564.3467993736267
