precision,accuracy,recall,duration
0.7592880978865406,0.7633333333333333,0.7777777777777778,448.25291180610657
