precision,accuracy,recall,duration
0.760726462201899,0.758695652173913,0.7581552520757676,379.26748991012573
