precision,accuracy,recall,duration
0.912430504795446,0.9118136439267887,0.9208194905869325,143.9279613494873
