precision,accuracy,recall,duration
0.8265822784810126,0.7720465890183028,0.8002915451895043,450.19448804855347
