precision,accuracy,recall,duration
0.6332398011605803,0.7429467084639498,0.6001355488988669,490.7794952392578
