precision,accuracy,recall,duration
0.6615830245023793,0.7582417582417582,0.6116837281741307,423.65224385261536
