precision,accuracy,recall,duration
0.9319551361679101,0.9310441094360692,0.9313456008335512,805.2914624214172
