precision,accuracy,recall,duration
0.7003617621909144,0.9391111111111111,0.5621149802418582,689.9932978153229
