precision,accuracy,recall,duration
0.9561575754051707,0.9552,0.9566457318010113,420.93017387390137
