precision,accuracy,recall,duration
0.791514933196912,0.8125,0.7286552728135317,144.84505653381348
