precision,accuracy,recall,duration
0.9060686835092265,0.8550295857988166,0.9301950618176903,560.8429515361786
