precision,accuracy,recall,duration
0.85077427945075,0.8384615384615385,0.8469034915396886,807.225692987442
