precision,accuracy,recall,duration
0.9579329969355546,0.9624796084828712,0.9606714878427555,685.6003127098083
