precision,accuracy,recall,duration
0.9821877285946226,0.9819095477386934,0.9824453688307146,385.31888699531555
