precision,accuracy,recall,duration
0.8846153846153846,0.85,0.85,580.1650936603546
