precision,accuracy,recall,duration
0.96617927478949,0.9599147121535181,0.9600530537464356,196.43287658691406
