precision,accuracy,recall,duration
0.7809142965311627,0.8,0.788659793814433,219.3848078250885
