precision,accuracy,recall,duration
0.6189217891054473,0.6243093922651933,0.5985946020173774,253.26412653923035
