precision,accuracy,recall,duration
0.9566324341503295,0.9565853658536585,0.9375175571571596,286.1055545806885
