precision,accuracy,recall,duration
0.6466268359472243,0.8167701863354038,0.5384665621734588,194.81484413146973
