precision,accuracy,recall,duration
0.9158863433181461,0.9154103852596315,0.9157631448804959,1967.946046590805
