precision,accuracy,recall,duration
0.9192025835299962,0.9166666666666666,0.9166666666666667,386.3954424858093
