precision,accuracy,recall,duration
0.9746113595968429,0.9781447304516756,0.9610945442663388,384.1949484348297
