precision,accuracy,recall,duration
0.924837022996606,0.9256198347107438,0.899062049062049,265.98524022102356
