precision,accuracy,recall,duration
0.5508241758241759,0.6333333333333333,0.5625,143.8979115486145
