precision,accuracy,recall,duration
0.9054000432869201,0.906,0.8892862709780218,1190.064625263214
