precision,accuracy,recall,duration
0.6991747936984245,0.6952380952380952,0.6928104575163399,323.3285188674927
