precision,accuracy,recall,duration
0.925,0.9090909090909091,0.9195804195804196,687.8013398647308
