precision,accuracy,recall,duration
0.899855429218927,0.8993333333333333,0.897719104903127,662.0785129070282
