precision,accuracy,recall,duration
0.8039162422184494,0.7714285714285715,0.7950961626105187,132.53844809532166
