precision,accuracy,recall,duration
0.49100090870601704,0.77,0.5053019024756374,281.1300358772278
