precision,accuracy,recall,duration
0.78183759691722,0.7966666666666666,0.7893607893607893,120.53331804275513
