precision,accuracy,recall,duration
0.9485950639981579,0.9472,0.9491553443416798,572.5279490947723
