precision,accuracy,recall,duration
0.6943226847718366,0.7272727272727273,0.6107334311833618,293.8778347969055
