precision,accuracy,recall,duration
0.9527604527604527,0.9517543859649122,0.9537037037037037,208.3135335445404
