precision,accuracy,recall,duration
0.860257830968822,0.8564102564102564,0.8578911757540584,161.9351897239685
