precision,accuracy,recall,duration
0.4774096002092712,0.7425,0.4824261990972092,207.82849287986755
