precision,accuracy,recall,duration
0.9473684210526316,0.9473684210526315,0.9486111111111111,104.32457137107849
