precision,accuracy,recall,duration
0.6666813814840131,0.6408839779005525,0.627027239588535,134.39776182174683
