precision,accuracy,recall,duration
0.8212635825362744,0.816,0.8160000000000001,1247.7464277744293
