precision,accuracy,recall,duration
0.7501345170836696,0.7513812154696132,0.7330200501253132,322.80782175064087
