precision,accuracy,recall,duration
0.7005886301820199,0.9377777777777778,0.5800750034807225,659.0231301784515
