precision,accuracy,recall,duration
0.948692811173731,0.9526829268292683,0.9322845310747788,145.60349464416504
