precision,accuracy,recall,duration
0.980231805195447,0.9798994974874372,0.9802103381388486,385.6267395019531
