precision,accuracy,recall,duration
0.8277777777777778,0.7666666666666667,0.6861111111111111,111.66130900382996
