precision,accuracy,recall,duration
0.846686234374495,0.8435897435897436,0.8493850848142926,869.8722908496857
