precision,accuracy,recall,duration
0.6739178213091257,0.7016574585635359,0.6779420753021073,146.03567361831665
