precision,accuracy,recall,duration
0.9622181137383223,0.9617532104969291,0.961871272166119,2187.2317628860474
