precision,accuracy,recall,duration
0.8472839013848632,0.8435897435897436,0.8453775149867213,685.8286015987396
