precision,accuracy,recall,duration
0.9391026689419585,0.9391835601221883,0.9392219413346174,3688.202223777771
