precision,accuracy,recall,duration
0.8040194572452637,0.804,0.804,603.4014313220978
