precision,accuracy,recall,duration
0.6331982202285019,0.6328282828282829,0.6328282828282827,188.03233766555786
