precision,accuracy,recall,duration
0.7571985727325533,0.8439024390243902,0.8024153297682709,703.050906419754
