precision,accuracy,recall,duration
0.8411352531496192,0.8217391304347826,0.8224479047367013,625.6399178504944
