precision,accuracy,recall,duration
0.8230519480519481,0.8082191780821918,0.8262740183792816,324.49905252456665
