precision,accuracy,recall,duration
0.9043956043956044,0.91,0.8993055555555556,263.96894812583923
