precision,accuracy,recall,duration
0.7573340195573854,0.756,0.756,195.20808362960815
