precision,accuracy,recall,duration
0.8473181865338728,0.861,0.8623850430385008,755.7335231304169
