precision,accuracy,recall,duration
0.9263206831958172,0.9173553719008265,0.896031746031746,348.9753828048706
