precision,accuracy,recall,duration
0.7500617283950617,0.848780487804878,0.7903832442067736,729.3394601345062
