precision,accuracy,recall,duration
0.7425968004774036,0.79,0.6285523531864912,447.5582346916199
