precision,accuracy,recall,duration
0.94,0.9,0.8846153846153846,72.16855883598328
