precision,accuracy,recall,duration
0.8926968443695986,0.893,0.8920942609750683,303.29396414756775
