precision,accuracy,recall,duration
0.9275355791749235,0.8888888888888888,0.8259993552546744,325.68072533607483
