precision,accuracy,recall,duration
0.7913626056483201,0.7671232876712328,0.7576799140708915,207.71439051628113
