precision,accuracy,recall,duration
0.7766298138584373,0.7763157894736842,0.7470832799841854,376.9706163406372
