precision,accuracy,recall,duration
0.6865355357530971,0.59,0.6669422291382999,161.18921542167664
