precision,accuracy,recall,duration
0.4897403042664714,0.755,0.48306722088127935,75.70243668556213
