precision,accuracy,recall,duration
0.8438793297606888,0.8307692307692308,0.8387705947272835,447.68735551834106
