precision,accuracy,recall,duration
0.9615624393893214,0.9653725078698846,0.9657045009784736,83.65966844558716
