precision,accuracy,recall,duration
0.627592163518301,0.6277777777777778,0.6277777777777778,748.2049784660339
