precision,accuracy,recall,duration
0.6696088624338624,0.7516483516483516,0.6242188846928785,506.01401376724243
