precision,accuracy,recall,duration
0.7347357343891334,0.75,0.7092628466831503,358.68705558776855
