precision,accuracy,recall,duration
0.8747317844016264,0.7769230769230769,0.8909215301866534,385.9139850139618
