precision,accuracy,recall,duration
0.7247889882111203,0.9413333333333334,0.5831213452704964,345.2032241821289
