precision,accuracy,recall,duration
0.45285925683981504,0.43636363636363634,0.4553735912564195,752.8157172203064
