precision,accuracy,recall,duration
0.6017486635861194,0.7857142857142857,0.573341170323929,279.8943612575531
