precision,accuracy,recall,duration
0.9063273785423708,0.904,0.904,1187.9021260738373
