precision,accuracy,recall,duration
0.9266997397053008,0.9256198347107438,0.9219869502478198,475.9534740447998
