precision,accuracy,recall,duration
0.6382190803317054,0.6419191919191919,0.641919191919192,107.33739256858826
