precision,accuracy,recall,duration
0.7880184331797235,0.788,0.788,431.2835693359375
