precision,accuracy,recall,duration
0.9028133522756733,0.9013333333333333,0.8991079497407028,491.7992765903473
