precision,accuracy,recall,duration
0.4368009577568401,0.6265664160401002,0.41488019952983235,373.542738199234
