precision,accuracy,recall,duration
0.9404477101845523,0.9297520661157025,0.9012218457870632,173.37649011611938
