precision,accuracy,recall,duration
0.959265479548718,0.9521951219512195,0.929761059981968,181.50589442253113
