precision,accuracy,recall,duration
0.8236272541301005,0.8256410256410256,0.8184747993131146,134.2562336921692
