precision,accuracy,recall,duration
0.7203849281648143,0.7237569060773481,0.7037593984962407,450.64580059051514
