precision,accuracy,recall,duration
0.4683109569320502,0.755,0.4926276398288234,204.22399878501892
