precision,accuracy,recall,duration
0.3965139563799247,0.5939849624060151,0.394000662994696,172.02399110794067
