precision,accuracy,recall,duration
0.5176003101376235,0.5162337662337663,0.5134710379284175,1164.3143792152405
