precision,accuracy,recall,duration
0.5972382041671895,0.7053291536050157,0.5672478262577013,321.00323963165283
