precision,accuracy,recall,duration
0.9490364449277899,0.9486320491345617,0.9488077943816243,3130.8470089435577
