precision,accuracy,recall,duration
0.7876262626262626,0.7808219178082192,0.7914309583482516,187.11718368530273
