precision,accuracy,recall,duration
0.9654761904761905,0.9659090909090909,0.9676573426573427,672.2081401348114
