precision,accuracy,recall,duration
0.8423110389915809,0.8053244592346089,0.8289658055913396,385.53098821640015
