precision,accuracy,recall,duration
0.6992247820825563,0.9377777777777778,0.5692583727888315,357.2258939743042
