precision,accuracy,recall,duration
0.5564784053156147,0.7919254658385093,0.5233150470219436,143.54242157936096
