precision,accuracy,recall,duration
0.49926758472464705,0.7475,0.508587857080495,315.70019340515137
