precision,accuracy,recall,duration
0.8529411764705882,0.8333333333333334,0.8408039329091961,111.17127704620361
