precision,accuracy,recall,duration
0.9748957959851473,0.9744,0.9750609615827007,213.4297649860382
