precision,accuracy,recall,duration
0.658194154884197,0.6574585635359116,0.6426530010985718,94.6759238243103
