precision,accuracy,recall,duration
0.6531302331432117,0.6464088397790055,0.6446266853090982,302.7814908027649
