precision,accuracy,recall,duration
0.9396006436076823,0.9388609715242882,0.9390563442581534,1158.0594465732574
