precision,accuracy,recall,duration
0.9012204276527083,0.9009584664536742,0.8993414211438475,208.4547700881958
