precision,accuracy,recall,duration
0.9542789176330658,0.9462809917355371,0.9349488675575631,143.85093927383423
