precision,accuracy,recall,duration
0.9480980786271586,0.9480699805609553,0.9479735965651459,1045.4108347892761
