precision,accuracy,recall,duration
0.9396318635607321,0.9401888772298006,0.9333473115273506,203.34623003005981
