precision,accuracy,recall,duration
0.48186009896536214,0.7325,0.4902021166653536,447.39766001701355
