precision,accuracy,recall,duration
0.6256064073226544,0.6353591160220995,0.6005040447418355,418.54877281188965
