precision,accuracy,recall,duration
0.628931313365894,0.7100313479623824,0.5802423838749771,122.13934111595154
