precision,accuracy,recall,duration
0.8421463381233497,0.8333333333333334,0.8398463897902703,417.55401825904846
