precision,accuracy,recall,duration
0.38313726096475526,0.6015037593984962,0.3882867658487304,160.58387112617493
