precision,accuracy,recall,duration
0.8476049503719264,0.8384615384615385,0.8400838478717084,505.8758885860443
