precision,accuracy,recall,duration
0.6670128195450625,0.6951108805602386,0.6060691989643654,2305.5430340766907
