precision,accuracy,recall,duration
0.8978345648604269,0.8985623003194888,0.898125682007831,146.16727948188782
