precision,accuracy,recall,duration
0.7280985165997691,0.7447368421052631,0.7419889970247099,187.23241758346558
