precision,accuracy,recall,duration
0.9020737679828589,0.896,0.8959999999999999,524.8057928085327
