precision,accuracy,recall,duration
0.9169387716781431,0.9090909090909091,0.8742926155969634,273.5022931098938
