precision,accuracy,recall,duration
0.8351382881895559,0.8297101449275363,0.8299627692419455,445.828031539917
