precision,accuracy,recall,duration
0.619789226091686,0.6202020202020202,0.6202020202020202,732.0088121891022
