precision,accuracy,recall,duration
0.6035823021748606,0.6045454545454545,0.6045454545454546,162.88687229156494
