precision,accuracy,recall,duration
0.9284831372331371,0.9216666666666666,0.9216666666666667,1183.610651731491
