precision,accuracy,recall,duration
0.9102074054377451,0.908485856905158,0.9183842972404909,79.32950472831726
