precision,accuracy,recall,duration
0.5539078778206322,0.43167701863354035,0.5794148380355277,843.8973107337952
