precision,accuracy,recall,duration
0.8210437710437711,0.8057142857142857,0.8240816698568955,145.2595019340515
