precision,accuracy,recall,duration
0.9826007326007326,0.9828571428571429,0.9841954022988506,205.66133952140808
