precision,accuracy,recall,duration
0.7418064024390244,0.7333333333333333,0.7303921568627452,143.29477953910828
