precision,accuracy,recall,duration
0.9473684210526316,0.9473684210526315,0.9486111111111111,178.34403014183044
