precision,accuracy,recall,duration
0.8919663677428811,0.8833865814696485,0.8776352782591951,551.279130935669
