precision,accuracy,recall,duration
0.8574005455584401,0.8465473145780051,0.8487516987516986,860.1107120513916
