precision,accuracy,recall,duration
0.9758488777168757,0.9788732394366197,0.9619414216205545,500.6152677536011
