precision,accuracy,recall,duration
0.4949538773345655,0.74,0.5001708691547472,256.8652219772339
