precision,accuracy,recall,duration
0.6654320849659223,0.9366666666666666,0.5902464340501533,346.64429664611816
