precision,accuracy,recall,duration
0.4396357307758222,0.41454545454545455,0.4341752655022478,698.6590943336487
