precision,accuracy,recall,duration
0.8104858104858105,0.8225,0.7207235747162057,189.00249695777893
