precision,accuracy,recall,duration
0.7944444444444445,0.7904761904761904,0.7886710239651415,203.64174914360046
