precision,accuracy,recall,duration
0.9175204425204424,0.9033333333333333,0.9033333333333334,1578.9443831443787
