precision,accuracy,recall,duration
0.8772280202034021,0.8692307692307693,0.8709230386702905,443.51336574554443
