precision,accuracy,recall,duration
0.48785985746382643,0.4581818181818182,0.46231530427668277,188.93646955490112
