precision,accuracy,recall,duration
0.8489038579663579,0.8461538461538461,0.8464161505888832,1646.5503203868866
