precision,accuracy,recall,duration
0.6077285783751215,0.6045454545454545,0.6045454545454545,144.4359142780304
