precision,accuracy,recall,duration
0.7884615384615385,0.788,0.788,564.1286725997925
