precision,accuracy,recall,duration
0.44654376128164824,0.44727272727272727,0.46452883773064724,637.7008717060089
