precision,accuracy,recall,duration
0.709504132231405,0.712707182320442,0.6906015037593985,686.9383771419525
