precision,accuracy,recall,duration
0.7872981877890712,0.7084398976982097,0.713089238089238,176.5634639263153
