precision,accuracy,recall,duration
0.901448325885023,0.8993610223642172,0.8964760254188331,540.668653011322
