precision,accuracy,recall,duration
0.8207457225314368,0.821917808219178,0.8469507101086048,87.38474774360657
