precision,accuracy,recall,duration
0.851283673731129,0.8627604166666667,0.8377864739658613,621.4942812919617
