precision,accuracy,recall,duration
0.9250322611480188,0.9244491080797481,0.9143579349548039,449.8047502040863
