precision,accuracy,recall,duration
0.8108649312059945,0.808,0.808,1186.9549326896667
