precision,accuracy,recall,duration
0.6218751950277915,0.7100313479623824,0.5648724262878742,434.6857659816742
