precision,accuracy,recall,duration
0.6712659839796363,0.9351111111111111,0.588348859926164,847.7228870391846
