precision,accuracy,recall,duration
0.5592334494773519,0.7732919254658385,0.5388584117032393,388.005188703537
