precision,accuracy,recall,duration
0.9834636568314913,0.9829145728643216,0.9826517037121398,196.59222269058228
