precision,accuracy,recall,duration
0.8361192195421723,0.8356643356643356,0.8132014751019286,1459.4019467830658
