precision,accuracy,recall,duration
0.7190070073809632,0.9368888888888889,0.5582035581020557,265.977002620697
