precision,accuracy,recall,duration
0.9823769474007008,0.9819095477386934,0.981885926624039,335.45276069641113
