precision,accuracy,recall,duration
0.8506646595343951,0.8435897435897436,0.8455816272549938,212.46022033691406
