precision,accuracy,recall,duration
0.7570433681544793,0.815,0.7497863174286162,147.26086497306824
