precision,accuracy,recall,duration
0.5447054711178956,0.5422077922077922,0.5390625754192218,817.2216238975525
