precision,accuracy,recall,duration
0.7662337662337662,0.78,0.7871036763275627,325.4439125061035
