precision,accuracy,recall,duration
0.9654344193817878,0.9628099173553719,0.9564401781793087,92.95418787002563
