precision,accuracy,recall,duration
0.5034849319097523,0.7425,0.5001487885666802,199.2153582572937
