precision,accuracy,recall,duration
0.953254519396399,0.9521951219512195,0.9348526287618929,107.8471851348877
