precision,accuracy,recall,duration
0.7113083752689593,0.9384444444444444,0.5839179195368034,266.5646913051605
