precision,accuracy,recall,duration
0.7020040060133457,0.9428888888888889,0.5743512497816645,195.32450318336487
