precision,accuracy,recall,duration
0.44950269178151336,0.32545454545454544,0.3428995727048583,407.3753311634064
