precision,accuracy,recall,duration
0.8968129444659644,0.8,0.9030125248762798,734.8940253257751
