precision,accuracy,recall,duration
0.9801057243715964,0.9752066115702479,0.9749011857707509,182.60297894477844
