precision,accuracy,recall,duration
0.6276748892663163,0.6292929292929293,0.6292929292929293,307.80466890335083
