precision,accuracy,recall,duration
0.8430137844611529,0.8285714285714286,0.8434053413544801,147.44250178337097
