precision,accuracy,recall,duration
0.8480853755099446,0.8461538461538461,0.8470103860034666,214.047465801239
