precision,accuracy,recall,duration
0.8890810276679841,0.8888888888888888,0.8888888888888888,385.70477747917175
