precision,accuracy,recall,duration
0.6283714161696041,0.7475,0.5962948756197701,266.1522135734558
