precision,accuracy,recall,duration
0.755952380952381,0.7333333333333333,0.7333333333333334,544.8386919498444
