precision,accuracy,recall,duration
0.9082780884658593,0.9066666666666666,0.9066666666666667,1216.109548330307
