precision,accuracy,recall,duration
0.9382321266139143,0.9377442769402569,0.9379834486708114,2125.258419275284
