precision,accuracy,recall,duration
0.8131727786900201,0.7975,0.7028978187925882,118.2779176235199
