precision,accuracy,recall,duration
0.9706878573882131,0.9776590577950461,0.9639359243889499,1894.5390343666077
