precision,accuracy,recall,duration
0.875,0.8666666666666667,0.8596732215153268,506.7613842487335
