precision,accuracy,recall,duration
0.6593335628898067,0.8,0.6737426503664894,553.0906100273132
