precision,accuracy,recall,duration
0.7798291589110581,0.7825,0.6590620922909757,139.412264585495
