precision,accuracy,recall,duration
0.9677349411406173,0.9650319829424308,0.9652503639116341,137.2515263557434
