precision,accuracy,recall,duration
0.788888888888889,0.7,0.7,476.16651010513306
