precision,accuracy,recall,duration
0.7947639661925378,0.7671232876712328,0.7862155388471178,217.2319176197052
