precision,accuracy,recall,duration
0.6232788495520846,0.6217171717171717,0.6217171717171717,177.97575855255127
