precision,accuracy,recall,duration
0.8015952639632496,0.79,0.6482834613133157,131.32637095451355
