precision,accuracy,recall,duration
0.9077884335948853,0.904,0.9039999999999999,383.86414074897766
