precision,accuracy,recall,duration
0.8185911323884675,0.8128205128205128,0.8072506517089227,136.8737142086029
