precision,accuracy,recall,duration
0.8462665161988056,0.8325,0.7406842433494409,118.9566102027893
