precision,accuracy,recall,duration
0.8913043478260869,0.8611111111111112,0.8611111111111112,84.29182386398315
