precision,accuracy,recall,duration
0.5720861559840195,0.7981366459627329,0.5271029258098224,371.38587975502014
