precision,accuracy,recall,duration
0.4245076409776954,0.6265664160401002,0.4131737167531231,83.35925221443176
