precision,accuracy,recall,duration
0.9064871426002518,0.9056666666666666,0.9039175341549065,223.8448679447174
