precision,accuracy,recall,duration
0.8904054075078972,0.8171597633136095,0.9127862453119853,1308.2556993961334
