precision,accuracy,recall,duration
0.9450327545633785,0.9450152735351292,0.9449239597126922,1574.075894355774
