precision,accuracy,recall,duration
0.9415292353823088,0.9318181818181818,0.9388111888111889,144.4814465045929
