precision,accuracy,recall,duration
0.568686145853402,0.5616883116883117,0.5608520209443723,510.69291281700134
