precision,accuracy,recall,duration
0.704644412191582,0.7047619047619048,0.7047930283224402,155.36464166641235
