precision,accuracy,recall,duration
0.6866329178838555,0.9368888888888889,0.5812417327400548,598.7092990875244
