precision,accuracy,recall,duration
0.8417644776408963,0.8625429553264605,0.8848863884640594,391.0329327583313
