precision,accuracy,recall,duration
0.7688311688311689,0.7555555555555555,0.7555555555555555,214.56645131111145
