precision,accuracy,recall,duration
0.8793606220974187,0.8969072164948454,0.8837120384531352,694.3963615894318
