precision,accuracy,recall,duration
0.6341207060529978,0.6328282828282829,0.6328282828282827,178.84174752235413
