precision,accuracy,recall,duration
0.838106698173902,0.8307692307692308,0.8327701646273549,1359.607983827591
