precision,accuracy,recall,duration
0.793859649122807,0.7904761904761904,0.7919389978213507,219.80776810646057
