precision,accuracy,recall,duration
0.8375580465837182,0.837995337995338,0.81676897704888,1825.9082069396973
