precision,accuracy,recall,duration
0.7766373725062544,0.776,0.776,970.337944984436
