precision,accuracy,recall,duration
0.8542729591836735,0.9230769230769231,0.9367138364779874,166.02625560760498
