precision,accuracy,recall,duration
0.8275519876139071,0.8337595907928389,0.840939015939016,514.4553868770599
