precision,accuracy,recall,duration
0.7591310349433937,0.765,0.7829945535887959,274.24873399734497
