precision,accuracy,recall,duration
0.8745923096729895,0.8650159744408946,0.8585852750497465,335.15649819374084
