precision,accuracy,recall,duration
0.5963899440190471,0.5883838383838383,0.5883838383838383,118.655513048172
