precision,accuracy,recall,duration
0.4623337957051959,0.725,0.48284360557012446,194.10409426689148
