precision,accuracy,recall,duration
0.8419945541381945,0.8307692307692308,0.8384428695986744,203.19357299804688
