precision,accuracy,recall,duration
0.5975084175084175,0.7981366459627329,0.5472831765935214,546.4837274551392
