precision,accuracy,recall,duration
0.9166666666666667,0.9,0.9,631.9591524600983
