precision,accuracy,recall,duration
0.80854812445601,0.8137911781127861,0.8120813933771829,503.9930353164673
