precision,accuracy,recall,duration
0.9021369596891695,0.89,0.859375,53.43365669250488
