precision,accuracy,recall,duration
0.81625,0.83,0.8075763470141996,93.16430568695068
