precision,accuracy,recall,duration
0.7060094122531136,0.7554858934169278,0.6337593523400078,736.5616822242737
