precision,accuracy,recall,duration
0.8977813852813852,0.8963333333333333,0.8940584780065319,1090.9661026000977
