precision,accuracy,recall,duration
0.6757903357903359,0.6795580110497238,0.6511998402077299,166.72209453582764
