precision,accuracy,recall,duration
0.8436590436590437,0.8363171355498721,0.8432261807261807,854.4532463550568
