precision,accuracy,recall,duration
0.7793012738958097,0.7789473684210526,0.7354991492857077,290.7329115867615
