precision,accuracy,recall,duration
0.928205388270664,0.9282178217821783,0.9281477041557686,1774.0744593143463
