precision,accuracy,recall,duration
0.6027681117394036,0.7275,0.5882914944096379,208.20646619796753
