precision,accuracy,recall,duration
0.6022658150851582,0.7763975155279503,0.5878396029258098,325.506667137146
