precision,accuracy,recall,duration
0.7051014084628712,0.9351111111111111,0.5866691758542026,626.1472415924072
