precision,accuracy,recall,duration
0.8720427305888484,0.8934707903780069,0.8899661350229409,414.6145136356354
