precision,accuracy,recall,duration
0.8458292860611948,0.8461538461538461,0.8262002382152183,623.2554967403412
