precision,accuracy,recall,duration
0.5787064444181336,0.7075,0.571228458992172,194.97016787528992
