precision,accuracy,recall,duration
0.9035514508416846,0.8993610223642172,0.8954695423326273,504.0086281299591
