precision,accuracy,recall,duration
0.7050894291505078,0.9404444444444444,0.5758698538418578,112.81977581977844
