precision,accuracy,recall,duration
0.5741758241758241,0.5740740740740741,0.5740740740740741,309.3098831176758
