precision,accuracy,recall,duration
0.8312632820905925,0.8256410256410256,0.827371215098592,390.78850769996643
