precision,accuracy,recall,duration
0.6610742647526345,0.7241379310344828,0.5672149888147272,770.5061061382294
