precision,accuracy,recall,duration
0.8038461538461539,0.8032786885245902,0.7992424242424243,577.5059931278229
