precision,accuracy,recall,duration
0.997785136129507,0.9977777777777778,0.997785136129507,132.48381757736206
