precision,accuracy,recall,duration
0.4678176485971532,0.755,0.4720772552957843,206.22953534126282
