precision,accuracy,recall,duration
0.7538208168642951,0.7569060773480663,0.7414160401002506,630.4888305664062
