precision,accuracy,recall,duration
0.7711111111111111,0.6666666666666666,0.6666666666666666,107.7229835987091
