precision,accuracy,recall,duration
0.852401566687281,0.821917808219178,0.8298245614035088,83.99312472343445
