precision,accuracy,recall,duration
0.8882158458969415,0.7893491124260354,0.8988657331019523,269.4892451763153
