precision,accuracy,recall,duration
0.9280904498551558,0.9166666666666666,0.9166666666666666,864.7925651073456
