precision,accuracy,recall,duration
0.5543654958313998,0.6442006269592476,0.4978050702159541,200.52104783058167
