precision,accuracy,recall,duration
0.9648209851045642,0.9603411513859275,0.9605611211188825,205.58331751823425
