precision,accuracy,recall,duration
0.8247002590878642,0.8282051282051283,0.8182291024784952,1227.3918225765228
