precision,accuracy,recall,duration
0.9196428571428572,0.9,0.8671875,51.50748538970947
