precision,accuracy,recall,duration
0.6987882757491404,0.625,0.6918644232639564,700.8301575183868
