precision,accuracy,recall,duration
0.949625700376596,0.9548793284365162,0.956162053862641,385.68990182876587
