precision,accuracy,recall,duration
0.5121078921078921,0.5097402597402597,0.5060028830133378,1693.6952450275421
