precision,accuracy,recall,duration
0.772156762295082,0.772,0.772,936.8693590164185
