precision,accuracy,recall,duration
0.7658312447786132,0.7716666666666666,0.7843915343915344,466.04854440689087
