precision,accuracy,recall,duration
0.8321256702835651,0.8388746803069054,0.8397061272061271,898.9523787498474
