precision,accuracy,recall,duration
0.8893438257842595,0.8088757396449704,0.9087531807702153,1287.043782711029
