precision,accuracy,recall,duration
0.8585446105607395,0.8564102564102564,0.8569491169873334,384.4409091472626
