precision,accuracy,recall,duration
0.9182622527120248,0.9183168316831684,0.91847028480093,1043.8310713768005
