precision,accuracy,recall,duration
0.9640216938138416,0.9748664400194269,0.9625363368425267,835.3702018260956
