precision,accuracy,recall,duration
0.9645963220905569,0.9639024390243902,0.9450608469553845,621.4972746372223
