precision,accuracy,recall,duration
0.8910747696791139,0.8916806253489671,0.8918963967739459,743.6919240951538
