precision,accuracy,recall,duration
0.46163617886178865,0.364,0.49738478324875735,1043.628197669983
