precision,accuracy,recall,duration
0.8875,0.8833333333333333,0.8836032388663968,74.22290205955505
