precision,accuracy,recall,duration
0.6840909090909091,0.6111111111111112,0.6111111111111112,140.26950001716614
