precision,accuracy,recall,duration
0.9306659473996935,0.9297520661157025,0.9099316142794404,673.8135838508606
