{"dataset": "ArrowHead", "depth": 9, "nb_filters": 16, "batch_size": 128, "kernel_size": 32, "use_residual": "True", "use_bottleneck": "True", "acc": 0.48250276854928015, "precision": 0.4882331281285035, "recall": 0.4779014990857096, "budget_ran": 1500, "train_curve": [1.268531322479248, 0.9967649698257446, 0.827484953403473, 0.7105297684669495, 0.6185319542884826, 0.5385561883449554, 0.4627785921096802, 0.39830376505851744, 0.34170454144477846, 0.2925554096698761, 0.25093190670013427, 0.21496225148439407, 0.18660964220762252, 0.16317667961120605, 0.14282136708498, 0.1253880590200424, 0.10385935455560684, 0.09048910588026046, 0.07538557201623916, 0.06519076935946941, 0.054767008125782016, 0.04681996665894985, 0.0405811008065939, 0.034918952733278275, 0.031019703671336173, 0.027024076879024507, 0.02345609534531832, 0.020845850557088853, 0.018297022953629494, 0.01642122510820627, 0.014631334412842988, 0.012987846788018943, 0.011833904776722193, 0.010716527700424194, 0.009827557578682899, 0.009006634913384914, 0.008150798082351685, 0.007496538758277893, 0.006903852568939328, 0.0062591577880084515, 0.005783974705263972, 0.005372173897922039, 0.00498521733097732, 0.004678974580019713, 0.00438736779615283, 0.004093595780432224, 0.003869691304862499, 0.003672445146366954, 0.0034450166393071415, 0.003253540606237948, 0.0031250680796802042, 0.00298944846726954, 0.002828345960006118, 0.0026847201632335784, 0.0025781429139897227, 0.0024824914522469043, 0.0023808921920135616, 0.002288146037608385, 0.002208510274067521, 0.0021293549332767727, 0.0020526769338175656, 0.00198712800629437, 0.0019299144158139824, 0.0018735170131549239, 0.0018165326910093427, 0.0017643477069213987, 0.0017179938033223153, 0.0016737938160076738, 0.0016298936447128654, 0.0015893632546067238, 0.0015530373668298126, 0.0015180275542661548, 0.001483192853629589, 0.0014501853147521615, 0.0014199204626493156, 0.001391212025191635, 0.001362947328016162, 0.00133548827143386, 0.0013098291936330497, 0.0012859298149123788, 0.0012627055635675787, 0.00123967370018363, 0.0012176061747595668, 0.001196977449581027, 0.0011772634461522102, 0.0011578669189475476, 0.001138881838414818, 0.0011206818278878927, 0.001103267993312329, 0.0010863838135264814, 0.0010699253645725549, 0.0010540011920966209, 0.0010386299807578325, 0.0010237161419354378, 0.0010091487667523325, 0.0009962854092009366, 0.0009838360943831503, 0.0009717323700897396, 0.0009598671458661556, 0.0009483043919317425, 0.0009370520012453199], "val_curve": [1.1071316719055175, 1.158803653717041, 1.2122571468353271, 1.2337445497512818, 1.23853280544281, 1.245987105369568, 1.2636534929275514, 1.2778804779052735, 1.2839430570602417, 1.2558444023132325, 1.2082141876220702, 1.1750195026397705, 1.1463184356689453, 1.197986125946045, 1.2526889085769652, 1.3435388326644897, 1.3832154035568238, 1.5152888774871827, 1.617306685447693, 1.7269206523895264, 1.8771313667297362, 2.0377617359161375, 2.1991124868392946, 2.366321301460266, 2.5950769186019897, 2.9222532987594603, 3.2845845222473145, 3.6177907466888426, 3.9174460887908937, 4.195229506492614, 4.465321946144104, 4.738892531394958, 4.968459916114807, 5.1352585554122925, 5.292286729812622, 5.493382000923157, 5.718540048599243, 5.903279256820679, 6.022394585609436, 6.112574672698974, 6.20788791179657, 6.312300729751587, 6.420958805084228, 6.537229251861572, 6.648836541175842, 6.742052602767944, 6.826117992401123, 6.91914930343628, 7.020335006713867, 7.116583251953125, 7.193615388870239, 7.248417043685913, 7.287659645080566, 7.320186281204224, 7.355120658874512, 7.397321653366089, 7.4459710121154785, 7.4954735279083256, 7.539877319335938, 7.572807693481446, 7.5921605110168455, 7.601488637924194, 7.606775093078613, 7.613531112670898, 7.624298048019409, 7.637547779083252, 7.650182723999023, 7.6596019744873045, 7.666635227203369, 7.673875999450684, 7.684164810180664, 7.699108362197876, 7.717907190322876, 7.738387680053711, 7.7574546337127686, 7.773330163955689, 7.785532474517822, 7.795376539230347, 7.804679346084595, 7.815123605728149, 7.827062511444092, 7.840033340454101, 7.853148412704468, 7.865221118927002, 7.875721549987793, 7.884634065628052, 7.892607498168945, 7.900619173049927, 7.909286451339722, 7.9182721138000485, 7.926681995391846, 7.933389663696289, 7.937792873382568, 7.940200614929199, 7.940320873260498, 7.940878772735596, 7.942949104309082, 7.94661693572998, 7.9511387825012205, 7.955460453033448, 7.9589056968688965]}
{"dataset": "ArrowHead", "depth": 9, "nb_filters": 16, "batch_size": 128, "kernel_size": 32, "use_residual": "True", "use_bottleneck": "True", "acc": 0.4263565891472868, "precision": 0.2989419594374094, "recall": 0.4175384130260292, "budget_ran": 1500, "train_curve": [1.2865318775177002, 0.9914539456367493, 0.8095601439476013, 0.6883311867713928, 0.5982811212539673, 0.521740072965622, 0.4566752314567566, 0.4000223845243454, 0.34302452504634856, 0.3081989735364914, 0.2568481981754303, 0.22526207566261292, 0.19029643684625625, 0.1722852647304535, 0.14248781949281691, 0.13161412328481675, 0.11286386474967003, 0.09759934544563294, 0.08205523863434791, 0.07362077943980694, 0.06519012972712517, 0.052534423768520355, 0.04911844655871391, 0.04104174561798572, 0.03540658950805664, 0.03179001267999411, 0.027810190431773664, 0.02452828045934439, 0.0222130099311471, 0.01965183187276125, 0.017700149118900298, 0.015591512247920037, 0.01400576690211892, 0.012611127085983753, 0.011535595916211606, 0.010537088848650455, 0.009668349381536245, 0.008837243355810643, 0.008061510883271695, 0.007455420354381204, 0.006882234197109938, 0.006423237966373563, 0.005971909360960126, 0.005587770976126194, 0.005261658178642392, 0.004922663699835539, 0.004649303620681167, 0.0044197359587997195, 0.004171082051470876, 0.003943303320556879, 0.0037461627274751664, 0.003570433985441923, 0.0034205919364467263, 0.003274134383536875, 0.0031267066253349183, 0.002999393385834992, 0.002883713645860553, 0.0027696620440110565, 0.0026734327897429467, 0.00258361310698092, 0.002494901418685913, 0.002416656934656203, 0.002343167527578771, 0.0022708390839397906, 0.002206025482155383, 0.002144526643678546, 0.002083724527619779, 0.0020293852547183635, 0.001980829145759344, 0.0019323588348925114, 0.0018849465530365705, 0.0018402029760181903, 0.001796568534336984, 0.0017560196341946722, 0.001718759792856872, 0.0016822549747303127, 0.0016473595052957535, 0.001615302707068622, 0.001584223343525082, 0.0015536791761405766, 0.0015248970943503083, 0.0014971405849792062, 0.0014699436142109334, 0.00144423209130764, 0.0014197020675055683, 0.0013956735492683947, 0.0013725561555474996, 0.0013504294329322875, 0.0013288368936628103, 0.001307941263075918, 0.0012879867223091423, 0.0012685650726780295, 0.0012496188399381935, 0.0012314129155129195, 0.0012137151206843555, 0.0011964143137447535, 0.001179717609193176, 0.0011635193252004683, 0.0011476222542114555, 0.0011321847327053548, 0.0011171921039931476],