{"dataset": "WordsSynonyms", "depth": 9, "nb_filters": 16, "batch_size": 128, "kernel_size": 32, "use_residual": "True", "use_bottleneck": "True", "acc": 0.7701657458563536, "precision": 0.709146903152831, "recall": 0.6407338133991762, "budget_ran": 1500, "train_curve": [3.174139451980591, 2.69119553565979, 2.43336820602417, 2.245100259780884, 2.101505422592163, 1.9874025583267212, 1.8868675708770752, 1.7931694746017457, 1.712212371826172, 1.6233559608459474, 1.5531739234924316, 1.4815501689910888, 1.400967526435852, 1.348085880279541, 1.28383150100708, 1.2140048027038575, 1.1612725496292113, 1.1106732845306397, 1.0723002433776856, 1.016945493221283, 0.9697705507278442, 0.928623628616333, 0.887422513961792, 0.8458255171775818, 0.8103778004646301, 0.7727402806282043, 0.7325269103050231, 0.6840423226356507, 0.6604333996772767, 0.6267956972122193, 0.5971086859703064, 0.5607187986373902, 0.533152848482132, 0.5065868854522705, 0.48519198298454286, 0.45569998025894165, 0.43965250849723814, 0.40351454019546507, 0.3823146402835846, 0.3534929931163788, 0.3384695708751678, 0.3275009095668793, 0.3074504226446152, 0.2885743886232376, 0.27508891820907594, 0.2625540941953659, 0.24369001984596253, 0.2364202231168747, 0.21602925658226013, 0.1933421403169632, 0.19077998399734497, 0.1774350494146347, 0.17486295104026794, 0.1702089160680771, 0.15383248627185822, 0.14143913984298706, 0.13824892938137054, 0.12970081716775894, 0.1168624609708786, 0.1124530702829361, 0.11094813644886017, 0.10812278836965561, 0.10378668308258057, 0.09675009101629257, 0.097413469851017, 0.10008101016283036, 0.0936280831694603, 0.0835719183087349, 0.0762439101934433, 0.07526470050215721, 0.07901984974741935, 0.07418136671185493, 0.08021055907011032, 0.07298239469528198, 0.07615563794970512, 0.07847267016768456, 0.07672829478979111, 0.07060938403010368, 0.06370639353990555, 0.05811104029417038, 0.05512819401919842, 0.05007978901267052, 0.05570796057581902, 0.05403579957783222, 0.04842605404555798, 0.041012388095259665, 0.040666228905320165, 0.03654678538441658, 0.03509172312915325, 0.03248615153133869, 0.03256957121193409, 0.031730291247367856, 0.030326409637928008, 0.03207895420491695, 0.03412526100873947, 0.036641990020871165, 0.03979756198823452, 0.04059222973883152, 0.034942577034235, 0.03540873415768146, 0.03703790307044983, 0.04232350699603558, 0.052485696598887445, 0.04871234856545925, 0.04241976365447044, 0.041908358410000804, 0.03273428604006767, 0.03201542180031538, 0.03160843998193741, 0.02567065879702568, 0.02316860556602478, 0.022709187865257264, 0.021190203353762628, 0.02256539575755596, 0.021477456018328667, 0.02343899682164192, 0.02820840086787939, 0.026915410347282887, 0.024145764857530595, 0.022607962042093276, 0.02006852999329567, 0.019555951282382012, 0.01911284327507019, 0.017516442760825156, 0.01751186642795801, 0.01704696174710989, 0.016313897073268892, 0.016610436886548997, 0.016576309502124787, 0.015410503558814525, 0.015772431530058383, 0.015077925100922585, 0.015976246632635593, 0.01473116185516119, 0.014611937291920184, 0.014817249774932862, 0.014656887389719486, 0.015150533430278302, 0.01380191445350647, 0.014114235527813435, 0.013832715712487698, 0.014469517581164836, 0.013920617662370205, 0.01437474526464939, 0.013919790647923947, 0.014131310582160949, 0.014000755734741688, 0.013420897163450718, 0.013892246596515178, 0.013173301331698894, 0.013037916459143161, 0.01307125948369503, 0.012676824070513248, 0.012704763188958168, 0.012575692497193813, 0.012217207252979279, 0.012358206696808339, 0.012235543690621853, 0.012389143742620946, 0.011852571368217468, 0.011778588406741619, 0.012142398953437805, 0.01200811006128788, 0.012057022005319596, 0.011494721285998821, 0.012062554620206356, 0.011685756966471672, 0.011462191306054591, 0.01196895744651556, 0.011800128780305386, 0.011684125661849976, 0.01154093723744154, 0.01154238972812891, 0.011076113022863866, 0.011370729841291904, 0.01155258622020483, 0.011662291083484887, 0.010695277713239193, 0.011064591817557812, 0.011560052260756492, 0.010777304135262965, 0.010986329708248376, 0.0108327841386199, 0.011026999168097972, 0.01087841708213091, 0.010802057944238186, 0.010904298536479473, 0.0110629060305655, 0.011054198816418647, 0.010484022460877896, 0.010806424170732498, 0.010425462760031224, 0.010374302230775356, 0.01182315070182085, 0.011795293539762497, 0.011504474002867937, 0.011335087101906538, 0.010484775993973017, 0.011090917885303498, 0.010271225683391094, 0.010419459827244282, 0.01072133369743824, 0.01016840711236, 0.010790235549211501, 0.009812436811625958, 0.010385060962289572, 0.009968468453735113, 0.010058869794011115, 0.009725151117891073, 0.010002316255122424, 0.009753368329256773, 0.00995534574612975, 0.009581147320568561, 0.009849697351455688, 0.009507759101688861, 0.009866880625486374, 0.009641041792929173, 0.009477636311203241, 0.009423239342868327, 0.009473641030490398, 0.009347955416887998, 0.009931273479014634, 0.009569905884563922, 0.009210938401520253, 0.009335583262145519, 0.009244159702211619, 0.009356243442744017, 0.009292702376842498, 0.009082046709954739],