{"dataset": "Computers", "depth": 9, "nb_filters": 16, "batch_size": 128, "kernel_size": 32, "use_residual": "True", "use_bottleneck": "True", "acc": 0.6759999999999999, "precision": 0.6318116602906519, "recall": 0.6787563123788872, "budget_ran": 1500, "train_curve": [0.7289898633956909, 0.5775163769721985, 0.5416177630424499, 0.5062469601631164, 0.46652279496192933, 0.43182228207588197, 0.3988104462623596, 0.3616745889186859, 0.35649538040161133, 0.339870947599411, 0.3240419328212738, 0.29927430152893064, 0.2736242711544037, 0.28055834770202637, 0.25881176590919497, 0.25024236738681793, 0.25720344483852386, 0.23556196689605713, 0.2378917306661606, 0.21409637331962586, 0.2007904589176178, 0.17379247546195983, 0.17806462347507476, 0.18543595671653748, 0.16079495549201966, 0.16083734929561616, 0.151219242811203, 0.1472135990858078, 0.13875234574079515, 0.13716809898614885, 0.1272413834929466, 0.11829043328762054, 0.10844220146536827, 0.1003523200750351, 0.0973046898841858, 0.09324099123477936, 0.10611669272184372, 0.10392993688583374, 0.10369813442230225, 0.1173232689499855, 0.11174652129411697, 0.09839088469743729, 0.0881340503692627, 0.07666510194540024, 0.0820249781012535, 0.07300186082720757, 0.07431811615824699, 0.08057641535997391, 0.07707774490118027, 0.05566873922944069, 0.062044675648212436, 0.05877995789051056, 0.0469760574400425, 0.049946555867791176, 0.04515438564121723, 0.038956692442297935, 0.044988210499286654, 0.035556476563215256, 0.03817200735211372, 0.0519757304340601, 0.038268855400383474, 0.03130011446774006, 0.03506587632000446, 0.03075418435037136, 0.025245000794529914, 0.02304520457983017, 0.02230061832815409, 0.01977853402495384, 0.02069490011781454, 0.018681441619992255, 0.01718557495623827, 0.018051388673484325, 0.01990058645606041, 0.015004561096429826, 0.0168780405074358, 0.0159457603469491, 0.015257828123867511, 0.015473351627588273, 0.012068562023341656, 0.012960147950798273, 0.013945629261434079, 0.011466864310204983, 0.011708495765924453, 0.013626973330974578, 0.011916323564946651, 0.010515558812767268, 0.013774664886295796, 0.017982740653678775, 0.012987636122852564, 0.011967572523280979, 0.010454508289694787, 0.014465708192437888, 0.01321203149855137, 0.012002398446202277, 0.011512539722025395, 0.01199434562586248, 0.015226484881713987, 0.010794548620469867, 0.015879775350913405, 0.011326081329025328, 0.012632198608480394], "val_curve": [0.7581054329872131, 0.8626613855361939, 1.052114236354828, 1.0733770608901978, 1.1212395071983337, 1.1837318778038024, 1.4450482726097107, 1.1925559520721436, 1.455958902835846, 1.9937414526939392, 1.0291494727134705, 1.0876618385314942, 1.939873254299164, 2.31433219909668, 2.288067865371704, 1.7192231655120849, 1.687572705745697, 1.8742786407470704, 1.673908245563507, 1.418844747543335, 1.5842468976974486, 1.433161771297455, 1.5804976105690003, 1.6823848128318786, 1.3459029793739319, 1.494222354888916, 1.643475079536438, 1.5641515493392943, 1.292471468448639, 1.2977501630783081, 1.2667514085769653, 1.1203573107719422, 1.091912567615509, 1.1788529634475708, 1.1044580936431885, 1.1505661606788635, 1.1250962734222412, 0.9380269050598145, 0.9600401759147644, 0.9197929739952088, 1.1098985195159912, 1.2785677433013916, 1.3636561632156372, 1.154899275302887, 1.2759743213653565, 1.274797785282135, 1.2717194080352783, 1.3197340846061707, 1.1706562638282776, 1.1687794089317323, 1.1423750400543213, 1.1056511998176575, 1.121971607208252, 1.112435781955719, 1.0429052710533142, 1.1108413577079772, 1.1976758122444153, 1.2238795518875123, 1.1480851531028748, 1.0490010738372804, 1.208996331691742, 1.2527604460716248, 1.1333894968032836, 1.2642617583274842, 1.2421194076538087, 1.1405060291290283, 1.185524618625641, 1.2491601347923278, 1.1452050805091858, 1.1258362770080566, 1.170128881931305, 1.0910383820533753, 1.052069330215454, 1.1334148526191712, 1.1338045477867127, 1.0414505839347838, 1.0216445446014404, 1.0770328044891357, 1.1278524994850159, 1.1223443746566772, 1.054554271697998, 1.0544216275215148, 1.074088168144226, 1.1358032703399659, 1.094342863559723, 1.0751107454299926, 1.1208107709884643, 1.0092522978782654, 0.9378156185150146, 1.124560046195984, 1.2044577121734619, 1.0236744165420533, 1.0376429319381715, 1.0063950538635253, 1.0065505504608154, 1.3045482397079469, 1.216904842853546, 0.9967553496360779, 1.0242196083068849, 0.9742960333824158, 1.049377977848053]}
{"dataset": "Computers", "depth": 9, "nb_filters": 16, "batch_size": 128, "kernel_size": 32, "use_residual": "True", "use_bottleneck": "True", "acc": 0.716, "precision": 0.7403427863757736, "recall": 0.7333999189049268, "budget_ran": 1500, "train_curve": [0.760150957107544, 0.5851068377494812, 0.5455711245536804, 0.5174638330936432, 0.47824448347091675, 0.447999632358551, 0.41757525205612184, 0.39792861342430114, 0.38288612961769103, 0.3495889723300934, 0.3226915657520294, 0.3130506336688995, 0.2898879170417786, 0.30135865807533263, 0.27809015214443206, 0.2847899317741394, 0.25219544768333435, 0.24377298653125762, 0.22474087476730348, 0.20981267988681793, 0.21358796060085297, 0.21764855682849885, 0.21942165791988372, 0.21348854303359985, 0.19345957338809966, 0.18358788192272185, 0.1940828427672386, 0.17784292101860047, 0.15750122517347337, 0.15063655376434326, 0.1460272789001465, 0.13327494859695435, 0.13582651764154435, 0.14577092677354814, 0.11712359637022018, 0.1213137686252594, 0.10985339134931564, 0.1028102993965149, 0.10474807173013687, 0.1119917705655098, 0.11459434181451797, 0.10756385996937752, 0.11393868699669837, 0.10540773123502731, 0.09122399985790253, 0.08275150507688522, 0.08942437022924424, 0.07592211738228798, 0.07885396331548691, 0.06979310885071754, 0.0714585617184639, 0.07324164509773254, 0.0767280787229538, 0.08804320096969605, 0.06922265663743019, 0.065433219820261, 0.0568643756210804, 0.05701544061303139, 0.05302615463733673, 0.04485737755894661, 0.041631155833601954, 0.04466172084212303, 0.04132603146135807, 0.043963661417365074, 0.05041737928986549, 0.05393986999988556, 0.049550749361515045, 0.040248631685972217, 0.052904709801077844, 0.040397235006093976, 0.0401418998837471, 0.038183923810720444, 0.03934078626334667, 0.028583158180117606, 0.026782935485243797, 0.02877413369715214, 0.02650813087821007, 0.023558184131979944, 0.02170998640358448, 0.020009671896696092, 0.02461269125342369, 0.0178394278511405, 0.016971940733492376, 0.017581110820174217, 0.02213774248957634, 0.018292804434895515, 0.0204319978132844, 0.016538506001234056, 0.021124531142413618, 0.017352725751698016, 0.01822754358872771, 0.021548756770789622, 0.018630119506269693, 0.019649847503751518, 0.01784693878144026, 0.015514582581818103, 0.014144077897071838, 0.012478779628872871, 0.012376336660236121, 0.012621342949569226, 0.01302528716623783, 0.01377613628283143, 0.012522113230079412, 0.012663209345191717, 0.010474950168281793, 0.014173409901559353, 0.011521587334573268, 0.013660194352269173, 0.011875599715858698, 0.00979015715420246, 0.011025432683527469, 0.009215851966291665],