{"dataset": "ChlorineConcentration", "depth": 9, "nb_filters": 16, "batch_size": 128, "kernel_size": 32, "use_residual": "True", "use_bottleneck": "True", "acc": 0.9990711173270169, "precision": 0.9988383475998873, "recall": 0.9990445710373279, "budget_ran": 1500, "train_curve": [0.9951188683509826, 0.9441746950149537, 0.9009201169013977, 0.8569945812225341, 0.8043503284454345, 0.7353781819343567, 0.629757535457611, 0.535347867012024, 0.44593462347984314, 0.3681308388710022, 0.29289557337760924, 0.24954758286476136, 0.18582994788885115, 0.17209650278091432, 0.14367751628160477, 0.0957435503602028, 0.09472126588225364, 0.09307408630847931, 0.09147872179746627, 0.07706497013568878, 0.08585238605737686, 0.0726911522448063, 0.06167073100805283, 0.06470632459968328, 0.04739249013364315, 0.04208335299044848, 0.022532100416719915, 0.04291979568079114, 0.05274633839726448, 0.03897905042394996, 0.036451951460912825, 0.02976063941605389, 0.04572168150916696, 0.02206460707820952, 0.017886395938694476, 0.019476768653839828, 0.018507678993046284, 0.05014649201184511, 0.050102665973827246, 0.01980813448317349, 0.03795846598222852, 0.053113715071231124, 0.04530028561130166, 0.030631423601880668, 0.039843030157499015, 0.010444813640788198, 0.007243334385566414, 0.04534723060205579, 0.018120885360985994, 0.0070708625251427295, 0.008219556696712971, 0.005294413957744837, 0.025062332884408532, 0.011576015502214432, 0.006702731247060001, 0.003132722107693553, 0.0018960576737299562, 0.001944801234640181, 0.001999378064647317, 0.0018449511146172882, 0.0022921405732631685, 0.0017538998508825898, 0.00160364379407838, 0.0014605132630094886, 0.0014166071428917348, 0.0013816133374348282, 0.0017080518766306341, 0.0013317849487066268, 0.0012054277933202684, 0.0013071774039417506, 0.0020341632538475097, 0.0019717838964425027, 0.0013444199226796626, 0.001484842598438263, 0.0012808499508537353, 0.0011145505588501692, 0.0011763610527850688, 0.0017316774115897714, 0.0011831370298750698, 0.0010907541960477828, 0.0010684004169888794, 0.0011329737957566977, 0.0023992788861505686, 0.0013729590573348105, 0.0009715045220218599, 0.0009880451252683997, 0.0008680076687596738, 0.0008746453560888768, 0.0009513848926872015, 0.0019068524241447448, 0.0011433836538344623, 0.0008872156962752342, 0.0008757988922297955, 0.0008962513413280249, 0.0008431306458078324, 0.0007857482647523284, 0.0007964557153172791, 0.0010419622180052102, 0.000933805073145777, 0.0009482648805715143, 0.0013088316540233792, 0.0008087421534582973, 0.0009278840036131442, 0.002639068989083171, 0.0010587184107862413, 0.0010565322823822497, 0.0009781181113794446, 0.0008155639632605016, 0.0006984313600696624, 0.0006463895551860332, 0.0006985061918385327, 0.0006579765118658543, 0.0006778611452318728, 0.0006564827053807676, 0.0006236073095351458, 0.000580148381413892, 0.0005704515846446156, 0.0006531724706292152, 0.0007019087381195277, 0.00070406497688964, 0.0005938143585808575, 0.0006239484820980579, 0.0005627739010378718, 0.0005444927257485688, 0.0005227419664151966, 0.000534138607326895, 0.0005427922587841749, 0.0005498776910826564, 0.0005515829310752451], "val_curve": [1.3556302547454835, 1.1737423419952393, 1.222755205631256, 1.1235072374343873, 1.1362207174301147, 1.4193313837051391, 1.3196593165397643, 1.8186544179916382, 2.1764034271240233, 1.7491430282592773, 1.517237377166748, 1.8763551831245422, 1.3246341466903686, 2.4926342964172363, 1.1888056516647338, 1.062512505054474, 1.0675324141979217, 0.6468364000320435, 1.179042825102806, 0.9233930051326752, 0.658320477604866, 0.61780386865139, 0.7493956357240676, 1.6695300236344337, 1.1785608395934104, 0.7112430110573769, 0.49155583828687666, 0.40197226107120515, 0.2915071552619338, 0.2374939113855362, 0.4155958669260144, 0.19730185866355895, 0.9512358719483018, 0.1952726049348712, 0.1211630305275321, 0.18574592806398868, 0.39007003866136075, 0.8281641161069274, 2.234455936960876, 0.2613655589520931, 0.5700101740658283, 0.9873476818203926, 2.0534851003438233, 2.521129565499723, 0.19515013117343188, 0.11024042600765824, 0.09832418914884329, 0.37905753720551727, 0.046179923508316276, 0.1758466215804219, 0.07121741636656224, 0.1340241376310587, 0.1252173023764044, 0.019404676090925933, 0.019099697517231107, 0.01659993575885892, 0.010053645120933652, 0.006393547542393208, 0.005496852798387408, 0.0051981356460601095, 0.004852619068697095, 0.00470832446590066, 0.004610684560611844, 0.004314629826694727, 0.004576381342485547, 0.004685084288939834, 0.004599918192252517, 0.004728339659050107, 0.004658009926788509, 0.004743354814127088, 0.006514772586524486, 0.0051367759704589845, 0.004596882266923785, 0.006398784834891558, 0.005475852056406438, 0.0047859970014542345, 0.004410347761586308, 0.004086548578925431, 0.003918154630810022, 0.004168229759670794, 0.003919607191346586, 0.004162536119110882, 0.008498142031021417, 0.005395118752494455, 0.004282883461564779, 0.003953349334187806, 0.0037677119951695206, 0.0038063043961301447, 0.003899495117366314, 0.003787584393285215, 0.004459049832075834, 0.0038653468480333688, 0.004684407263994217, 0.024325286340899765, 0.007010479061864317, 0.004592218692414463, 0.0038602922926656903, 0.003634514205623418, 0.0036506228148937224, 0.003655267949216068, 0.004245449439622462, 0.0036296650068834424, 0.0040382941020652655, 0.005261591775342822, 0.003791540185920894, 0.0033702155807986854, 0.003877107030712068, 0.0035085925832390786, 0.003515820554457605, 0.0034883094136603176, 0.00343984542414546, 0.0034457801841199396, 0.00328897301806137, 0.003222269588150084, 0.00314874752657488, 0.003097069705836475, 0.0031135110999457537, 0.0031241119839251043, 0.003068580944091082, 0.003225935425143689, 0.0033194946241565048, 0.003419438807759434, 0.0033073696424253283, 0.00322424111654982, 0.0032800589106045663, 0.003376631659921259, 0.003368071303702891, 0.0034428614657372237, 0.0033481141552329065]}
{"dataset": "ChlorineConcentration", "depth": 9, "nb_filters": 16, "batch_size": 128, "kernel_size": 32, "use_residual": "True", "use_bottleneck": "True", "acc": 0.9990713868026979, "precision": 0.9990590650528206, "recall": 0.9988690247131565, "budget_ran": 1500,