{"dataset": "FaceFour", "depth": 9, "nb_filters": 16, "batch_size": 128, "kernel_size": 32, "use_residual": "True", "use_bottleneck": "True", "acc": 0.6110671936758894, "precision": 0.5093148457822372, "recall": 0.5833333333333333, "budget_ran": 1500, "train_curve": [1.671759581565857, 1.2790812253952026, 1.0295055747032165, 0.8465000271797181, 0.6999311566352844, 0.578984659910202, 0.47947017550468446, 0.39723570346832277, 0.3276453375816345, 0.269733852148056, 0.2209238052368164, 0.17963937520980836, 0.1454615041613579, 0.11802916824817658, 0.09500940144062042, 0.07747121378779412, 0.06369462013244628, 0.05265036374330521, 0.04415057450532913, 0.03715587444603443, 0.0313835684210062, 0.026554204151034357, 0.02290496081113815, 0.01983525287359953, 0.017234300449490546, 0.015196230076253415, 0.01355326473712921, 0.012122346833348275, 0.010882081277668477, 0.009773990232497453, 0.00888067800551653, 0.008157803770154714, 0.0074862859211862086, 0.0068744635209441185, 0.006351074110716582, 0.00590197704732418, 0.005517450626939535, 0.005168160377070308, 0.004836486466228962, 0.00453534540720284, 0.0042775807902216915, 0.00405742465518415, 0.0038585194386541845, 0.003670858358964324, 0.0034949651453644037, 0.0033338044304400682, 0.003188285604119301, 0.0030573947820812463, 0.0029389153700321914, 0.0028301888145506383, 0.002728154603391886, 0.002631272468715906, 0.0025398361263796686, 0.002455031266435981, 0.0023775043664500117, 0.0023064910434186458, 0.0022404627176001667, 0.0021778306690976024, 0.0021178672555834054, 0.002060637203976512, 0.0020066362572833895, 0.001956087979488075, 0.001908973534591496, 0.001864787796512246, 0.0018228706438094377, 0.001782763609662652, 0.0017441885778680445, 0.0017071695998311042, 0.0016717637656256557, 0.0016380394576117397, 0.0016060084337368608, 0.0015755813103169203, 0.0015464839059859514, 0.0015184538438916205, 0.0014913374558091163, 0.0014650823548436164, 0.001439761812798679, 0.0014154173899441958, 0.0013920440571382642, 0.0013695298228412866, 0.0013477659318596124, 0.0013266677735373378, 0.0013061841716989874, 0.0012862992240116, 0.001267028832808137, 0.001248336280696094, 0.0012302051414735614, 0.0012126047047786414, 0.0011954962043091654, 0.0011788249481469392, 0.0011625770828686654, 0.0011467234930023552, 0.001131250464823097, 0.001116170093882829, 0.0011014723568223417, 0.0010871498845517636, 0.0010731808026321233, 0.0010595421073958278, 0.0010461995843797922, 0.0010331531055271625, 0.0010203796904534102], "val_curve": [1.5682027816772461, 1.8486628770828246, 2.3293073654174803, 2.9437528610229493, 3.6821351528167723, 4.481315946578979, 5.207167243957519, 5.75718138217926, 6.101258897781372, 6.2932525157928465, 6.278666877746582, 5.974406099319458, 5.614061784744263, 5.20308403968811, 4.7117753505706785, 4.244986486434937, 3.9004670858383177, 3.6578817844390867, 3.530423951148987, 3.4483673572540283, 3.357681655883789, 3.274268627166748, 3.1902235984802245, 3.1069283723831176, 3.0354769229888916, 2.991104817390442, 2.973446989059448, 2.975313103199005, 2.9860000371932984, 2.9916268587112427, 2.9737131714820864, 2.9196882128715513, 2.825208532810211, 2.6987683057785032, 2.5572553515434264, 2.419824314117432, 2.2991569876670837, 2.2020958781242372, 2.127873182296753, 2.0715442180633543, 2.0268292665481566, 1.9873398065567016, 1.9489529967308044, 1.909451925754547, 1.868916428089142, 1.8278350532054901, 1.7878936290740968, 1.7517450094223022, 1.720895391702652, 1.696109139919281, 1.6774083912372588, 1.6634916007518767, 1.6527792036533355, 1.64351544380188, 1.6345499992370605, 1.6250368177890777, 1.6148141503334046, 1.6040554165840148, 1.5932002365589142, 1.583175104856491, 1.5743213653564454, 1.5666480898857116, 1.5605600833892823, 1.555760270357132, 1.5526078045368195, 1.5511529207229615, 1.551604437828064, 1.55423384308815, 1.5588552951812744, 1.565193372964859, 1.5728598058223724, 1.5813806533813477, 1.5902576327323914, 1.5992766857147216, 1.6082940697669983, 1.6172424256801605, 1.6264405786991118, 1.636125773191452, 1.6463975250720977, 1.6573433995246887, 1.6689532697200775, 1.681077241897583, 1.6935707569122314, 1.7060306131839753, 1.7180601954460144, 1.729287427663803, 1.7396287679672242, 1.7490169286727906, 1.7575283169746398, 1.7654730081558228, 1.7730714201927185, 1.7807202816009522, 1.7886438369750977, 1.7969554543495179, 1.805790412425995, 1.8150976657867433, 1.8247397065162658, 1.8346514463424684, 1.844671368598938, 1.8546124815940856, 1.8643995523452759]}
{"dataset": "FaceFour", "depth": 9, "nb_filters": 16, "batch_size": 128, "kernel_size": 32, "use_residual": "True", "use_bottleneck": "True", "acc": 0.732411067193676, "precision": 0.6583874458874459, "recall": 0.7428571428571429, "budget_ran": 1500, "train_curve": [1.5464292764663696, 1.1561437606811524, 0.9151796579360962, 0.7312255501747131, 0.588562798500061, 0.4736630320549011, 0.3808896064758301, 0.3054442763328552, 0.24462294578552246, 0.19635284543037415, 0.15827602297067642, 0.12800233066082, 0.09982693195343018, 0.08152540028095245, 0.06452373042702675, 0.05459068566560745, 0.04323641210794449, 0.03571693897247315, 0.030697541683912276, 0.02499995306134224, 0.02097415365278721, 0.018120544962584972, 0.015831365063786507, 0.013827138394117356, 0.01208527535200119, 0.010595724917948246, 0.009331505745649338, 0.008276887238025665, 0.007412944361567498, 0.006712042819708585, 0.0061357575468719006, 0.005639982130378485, 0.005186631437391042, 0.004761837376281619, 0.00438273623585701, 0.004059207392856479, 0.0037849748972803355, 0.003549359645694494, 0.0033438450191169977, 0.0031631828984245657, 0.003002722514793277, 0.0028570530703291297, 0.00272181814070791, 0.002594978781417012, 0.0024760400410741568, 0.0023655360331758858, 0.0022638966795057057, 0.00217103308532387, 0.0020863790297880767, 0.00200931781437248, 0.001939219026826322, 0.0018751870142295957, 0.0018163648899644613, 0.001761621469631791, 0.0017101143021136522, 0.0016614393331110477, 0.0016155001008883118, 0.0015723804128356278, 0.0015319890808314085, 0.0014941228670068084, 0.0014584286022000016, 0.0014246415346860885, 0.00139250080101192, 0.0013618940254673361, 0.0013327489257790148, 0.0013050237321294844, 0.0012786524719558656, 0.001253604597877711, 0.001229803473688662, 0.0012071345117874444, 0.0011855263495817781, 0.0011648736195638775, 0.0011450917227193713, 0.0011260948376730084, 0.0011077889008447527, 0.0010900998953729869, 0.0010729804635047913, 0.0010563994641415776, 0.0010403244057670235, 0.0010247412021271885, 0.0010096423677168787, 0.0009950216277502476, 0.0009808693313971162, 0.0009671786450780928, 0.0009539036545902491, 0.0009422517381608486, 0.0009309250395745039, 0.0009199021849781274, 0.0009091602405533195, 0.000898679462261498, 0.0008884598035365343, 0.0008784660021774471, 0.0008687027613632381, 0.0008591514197178185, 0.0008498015929944813, 0.0008406674256548286, 0.0008318564854562282, 0.0008232585503719747, 0.0008148507215082646, 0.0008066300419159233, 0.0007985801668837667],