{"dataset": "MoteStrain", "depth": 9, "nb_filters": 16, "batch_size": 128, "kernel_size": 32, "use_residual": "True", "use_bottleneck": "True", "acc": 0.975618341824919, "precision": 0.9749786855833278, "recall": 0.9758895064311721, "budget_ran": 1500, "train_curve": [0.4102030634880066, 0.17975555658340453, 0.13573467135429382, 0.09439553618431092, 0.07295977100729942, 0.05065033882856369, 0.03474404066801071, 0.029565486311912536, 0.01971470285207033, 0.017126074619591238, 0.01415058709681034, 0.010302860522642732, 0.007086018240079284, 0.005093060247600078, 0.003884127549827099, 0.002996454597450793, 0.002787033561617136, 0.0022797019220888613, 0.0022647162899374963, 0.0019880202831700443, 0.001714145892765373, 0.0013130807201378047, 0.0011432356550358236, 0.0010579952737316488, 0.0007505824090912938, 0.0007764049805700779, 0.0008250710205174982, 0.0006246820907108485, 0.0005371768027544021, 0.0004734479414764792, 0.00045977562549524007, 0.0005209831288084388, 0.0004634173063095659, 0.0004071243165526539, 0.0003724954091012478, 0.0003991253382991999, 0.0003154701553285122, 0.00033965313341468575, 0.0003204140404704958, 0.0003539469558745623, 0.0003338594920933247, 0.0003031600790563971, 0.00028302324062678963, 0.00034715133369900286, 0.0002700772834941745, 0.00029315332358237356, 0.00027941638545598836, 0.0004112439462915063, 0.0003007859777426347, 0.00029477675852831455, 0.00023551821068394928, 0.0002622090367367491, 0.00025988690904341636, 0.0002701350022107363, 0.0002728646009927616, 0.0002572198078269139, 0.00021752868487965316, 0.0003553984308382496, 0.00032046883716247977, 0.0002554001664975658, 0.00022345668985508383, 0.0002485145931132138, 0.00024437692190986126, 0.00024039326526690275, 0.00023329142422880977, 0.00021476352121680976, 0.00026911391760222616, 0.0002364140673307702, 0.00030359430820681155, 0.000251097563887015, 0.00023546489828731864, 0.00021734492620453238, 0.00023210924700833857, 0.0002290107513545081, 0.0002192346000811085, 0.0002707408188143745, 0.0002326370246009901, 0.0002460759482346475, 0.00022655149514321237, 0.0002581175445811823, 0.00021781980467494577, 0.00021998721058480442, 0.00024647079408168793, 0.00021365147549659013, 0.0002608117909403518, 0.0002576400031102821, 0.00022355718829203397, 0.0002367260807659477, 0.0002581931941676885, 0.00019412645197007804, 0.00029484512633644045, 0.0002698550000786781, 0.00021851375058759003, 0.00019911520648747684, 0.00023759565374348313, 0.0001939117646543309, 0.00024346396094188094, 0.000235835398780182, 0.0002300898195244372, 0.0002192618849221617, 0.00024132196849677712, 0.0002214207488577813, 0.0002055707882391289, 0.00021400847763288766, 0.000233444687910378, 0.00023081536346580833, 0.00026860536017920823, 0.00018421871936880052, 0.00021627723181154578], "val_curve": [0.8781918168067933, 0.5278036653995514, 0.5851121366024017, 0.5990242600440979, 0.44332541823387145, 0.3749632269144058, 0.3088613361120224, 0.18914169669151307, 0.20622587203979492, 0.2095211073756218, 0.18770583719015121, 0.1878659248352051, 0.21745681166648864, 0.2542173758149147, 0.19686675667762757, 0.25173080861568453, 0.2359019249677658, 0.2249496638774872, 0.21461283564567565, 0.22615179419517517, 0.25147060453891756, 0.2760350525379181, 0.2795043051242828, 0.2501370072364807, 0.22054008543491363, 0.2107185810804367, 0.2235025703907013, 0.230284583568573, 0.23988611698150636, 0.2520050764083862, 0.2526785969734192, 0.23348319828510283, 0.22599032819271087, 0.22879817485809326, 0.23525092005729675, 0.24119770675897598, 0.24537939876317977, 0.24395297467708588, 0.2411187157034874, 0.2409072071313858, 0.23469373881816863, 0.2287187695503235, 0.21792321652173996, 0.2116475984454155, 0.20617394298315048, 0.2013611987233162, 0.19674791842699052, 0.19119048714637757, 0.1866363912820816, 0.1824532926082611, 0.17839275449514388, 0.17462140321731567, 0.1708074241876602, 0.16763225346803665, 0.16493505090475083, 0.162458436191082, 0.15926349461078643, 0.1561458334326744, 0.15322581976652144, 0.14972688853740693, 0.14594274908304214, 0.14260561466217042, 0.13956362158060073, 0.13687145411968232, 0.13453341126441956, 0.1320795938372612, 0.1298208490014076, 0.12780949026346206, 0.12611152231693268, 0.12423902750015259, 0.12224227041006089, 0.12032591477036476, 0.11868993565440178, 0.11734152436256409, 0.11600197851657867, 0.11463461145758629, 0.1133717194199562, 0.11221793740987777, 0.11111959666013718, 0.11016109064221383, 0.10937253907322883, 0.10855327099561692, 0.10795997828245163, 0.10728869810700417, 0.10673972070217133, 0.10619087889790535, 0.1058150127530098, 0.10533840581774712, 0.10484957545995713, 0.10443259105086326, 0.10391566231846809, 0.10353106483817101, 0.10329256281256675, 0.10310839265584945, 0.10285115092992783, 0.10248575136065483, 0.10220274031162262, 0.10207814574241639, 0.10219332948327065, 0.1021455854177475, 0.10216095298528671, 0.1021924965083599, 0.10223470255732536, 0.10239178314805031, 0.10247875601053238, 0.1025800108909607, 0.10256208032369614, 0.10251805558800697, 0.10245999842882156]}
{"dataset": "MoteStrain", "depth": 9, "nb_filters": 16, "batch_size": 128, "kernel_size": 32, "use_residual": "True", "use_bottleneck": "True", "acc": 0.9693160413771806, "precision": 0.9689289921439007, "recall": 0.9691952400058861, "budget_ran": 1500, "train_curve": [0.420212185382843, 0.1762742131948471, 0.12417194545269013, 0.09301900416612625, 0.06329153329133988, 0.0520287074148655, 0.03736582249403, 0.03442193530499935, 0.02229506354779005, 0.01813029181212187, 0.013680374994874001, 0.012173659726977348, 0.010106851160526276, 0.006465558055788278, 0.007219684170559048, 0.004238210269249976, 0.0029790482018142938, 0.0030121910152956844, 0.0035841203993186356, 0.003391956561245024, 0.002077267016284168, 0.0030612707254476846, 0.0020394788472913204, 0.00258610628079623, 0.009908686659764498, 0.008553052775096149, 0.003769582271343097, 0.0022310027154162524, 0.0012576640758197755, 0.0011730559985153378, 0.0010956496000289917, 0.0009153430233709514, 0.0007024368329439312, 0.0007295316783711315, 0.0007511398522183299, 0.000664324127137661, 0.0006799745722673833, 0.0005911419924814254, 0.0005527281318791211, 0.0005158033163752407, 0.0006260169087909162, 0.0004833265847992152, 0.000632706267060712, 0.0004152156034251675, 0.0005822272214572877, 0.00040326599264517426, 0.0005116510001244023, 0.0004568670119624585, 0.00039288996485993267, 0.0003994462196715176, 0.0004432059038663283, 0.00037885456113144754, 0.0003824236191576347, 0.0003892100998200476, 0.0003666137694381177, 0.00044448050321079793, 0.0003069051977945492, 0.0003469867631793022, 0.00032698283612262455, 0.00035605165176093577, 0.0003428901080042124, 0.00030505413596984, 0.00031213148322422056, 0.00032717841095291077, 0.0003604196390369907, 0.00029024028626736256, 0.00027987149660475553, 0.00028325831808615474, 0.00029172415379434823, 0.0003031445317901671, 0.00032121092081069944, 0.0002752397384028882, 0.00029250613879412414, 0.000283858145121485, 0.0004896907019428908, 0.00032986407750286163, 0.00037726525333710016, 0.0003128233598545194, 0.0003339093382237479, 0.0002778770838631317, 0.0002884128596633673, 0.0002863625210011378, 0.0002797149441903457, 0.0003068929101573303, 0.00031241151154972615, 0.00030641077319160104, 0.00029197761323302985, 0.0002654924610396847, 0.00024996208667289467, 0.00028522224456537513, 0.00024283498642034828, 0.00027022456633858384, 0.00023115192889235913, 0.0002868474257411435, 0.00024959219445008785, 0.00028056075680069623, 0.00024247030087281017, 0.00024545808846596626, 0.0003060112037928775, 0.00025880138855427504, 0.00023788448888808488, 0.00022878414747538046, 0.00028257981466595083, 0.0002620205690618604, 0.0003220277780201286, 0.00030617489537689837, 0.00030574377451557665],