{"dataset": "SmallKitchenAppliances", "depth": 9, "nb_filters": 16, "batch_size": 128, "kernel_size": 32, "use_residual": "True", "use_bottleneck": "True", "acc": 0.7813333333333333, "precision": 0.7967263446211879, "recall": 0.7836432853416937, "budget_ran": 1500, "train_curve": [1.1259816646575929, 0.8086560368537903, 0.7090478658676147, 0.6310319423675537, 0.5907739758491516, 0.5353848516941071, 0.5202098608016967, 0.49254361987113954, 0.4670223116874695, 0.4652531921863556, 0.4368982553482056, 0.41968809366226195, 0.4130320608615875, 0.40885449647903443, 0.3920247495174408, 0.3912229359149933, 0.38718679547309875, 0.36827738881111144, 0.3454417586326599, 0.33779087066650393, 0.3184156477451324, 0.3085012316703796, 0.3172681927680969, 0.2990105390548706, 0.29898189306259154, 0.2849573135375977, 0.2720854222774506, 0.2616335153579712, 0.2602892965078354, 0.262007999420166, 0.24725781083106996, 0.2486970990896225, 0.23007457554340363, 0.22649709284305572, 0.21585919559001923, 0.2246486008167267, 0.2178084671497345, 0.21331439912319183, 0.20508419275283812, 0.19818052053451538, 0.20075432062149048, 0.19514321386814118, 0.19611610174179078, 0.17266694605350494, 0.1796904534101486, 0.179891636967659, 0.17467668652534485, 0.168671652674675, 0.16570115387439727, 0.15842797756195068, 0.16338527500629424, 0.16775021851062774, 0.17107534557580947, 0.15831129103899003, 0.15801583975553513, 0.16807382702827453, 0.175950887799263, 0.16546606421470642, 0.16025618016719817, 0.13616157025098802, 0.1437341272830963, 0.1369545117020607, 0.13948156535625458, 0.12719665765762328, 0.1323231965303421, 0.1280281975865364, 0.12974392473697663, 0.12084177434444428, 0.11692256182432174, 0.12101762741804123, 0.11656752824783326, 0.11480068564414977, 0.11557047218084335, 0.1106339380145073, 0.10234789550304413, 0.10029862225055694, 0.09748237133026123, 0.09874876439571381, 0.08949934840202331, 0.08910578340291977, 0.08445199280977249, 0.0833254724740982, 0.08100469261407853, 0.08214171528816223, 0.07531742304563523, 0.08020571023225784, 0.07829173803329467, 0.07386680394411087, 0.0788077637553215, 0.07502449750900268, 0.07412977516651154, 0.06607389897108078, 0.07067700177431106, 0.06988653689622878, 0.06945134997367859, 0.06806569769978524, 0.06871413141489029, 0.06602243259549141, 0.0690910555422306, 0.06714994609355926, 0.06257768645882607, 0.06519481912255287, 0.06206259876489639, 0.06410257145762444, 0.06407044678926468, 0.06237638369202614, 0.060684666782617566, 0.06170964539051056, 0.06063704788684845, 0.05894271582365036, 0.05791141986846924, 0.06095076277852059, 0.06140376850962639, 0.06277203485369683, 0.05948319062590599, 0.05901200771331787], "val_curve": [1.2701964855194092, 1.920047664642334, 2.8393017053604126, 3.6832422971725465, 3.9284882068634035, 3.639803385734558, 3.248032975196838, 3.233605217933655, 2.677596080303192, 2.615418028831482, 1.9551093339920045, 1.6797107100486754, 1.6729931235313416, 1.9999792218208312, 1.7270901441574096, 1.7734447836875915, 2.2794304132461547, 2.102961838245392, 2.080095136165619, 1.8629068732261658, 1.6301435828208923, 1.6319355010986327, 1.5213075160980225, 1.3586527585983277, 1.628766131401062, 1.6193055391311646, 1.7929408550262451, 1.2842655658721924, 1.6263129949569701, 1.18436518907547, 1.4390867114067079, 1.3568609714508058, 1.6735728621482848, 1.2741856932640077, 1.5834836959838867, 1.6211831331253053, 1.6746416449546815, 1.3835179686546326, 1.039589250087738, 0.8301183938980102, 1.1914788246154786, 2.2011552333831785, 2.114228355884552, 1.814689826965332, 1.9917538523674012, 1.909876537322998, 1.5872034907341004, 1.5952972531318665, 1.4511359453201294, 1.4646746635437011, 1.6716025471687317, 1.5416149139404296, 1.780964207649231, 1.2416301608085631, 1.7202022552490235, 2.847865438461304, 2.075870966911316, 1.62088280916214, 1.5528995275497437, 1.2103213906288146, 1.4561090230941773, 1.7648000597953797, 2.2615446209907533, 1.5399612426757812, 1.2455721616744995, 1.3035115838050841, 1.1159324049949646, 1.5822207808494568, 2.530708134174347, 1.978449559211731, 1.7397003769874573, 1.3713642597198485, 1.0985489726066588, 1.069265866279602, 1.0720380425453186, 1.3509890913963318, 1.2907003521919251, 0.8792168498039246, 0.8937632322311402, 0.9051287651062012, 0.919339919090271, 0.9412235617637634, 0.9823737025260926, 1.0433863401412964, 1.0681130707263946, 0.9683818519115448, 0.9328866124153137, 1.0164378762245179, 0.9553477764129639, 0.8880020916461945, 0.9654138922691345, 0.9977540254592896, 0.8816415905952454, 0.8403686165809632, 0.8918365716934205, 1.086842703819275, 1.063355141878128, 0.9377311170101166, 0.9236228108406067, 0.9810738563537598, 0.9733935415744781, 0.8711249887943268, 0.8479332685470581, 0.9459625959396363, 0.8786460399627686, 0.8444521605968476, 0.8747575759887696, 0.8617693066596985, 0.7858553290367126, 0.7649907350540162, 0.7703646063804627, 0.8744068145751953, 0.7498127341270446, 0.7470810770988464, 0.8258254408836365, 0.813906216621399]}
{"dataset": "SmallKitchenAppliances", "depth": 9, "nb_filters": 16, "batch_size": 128, "kernel_size": 32, "use_residual": "True", "use_bottleneck": "True", "acc": 0.7773333333333333, "precision": 0.7903016073365424, "recall": 0.777418915568258, "budget_ran": 1500, "train_curve": [1.0559737920761108, 0.7817139744758606, 0.6833754777908325, 0.6066548585891723, 0.5590617179870605, 0.5157554984092713, 0.5055168271064758, 0.48389183878898623, 0.45752782821655275, 0.43409332633018494, 0.42355120182037354, 0.4197649657726288, 0.4066945493221283, 0.39084640741348264, 0.3790428459644318, 0.37131271362304685, 0.36315391659736634, 0.3509142339229584, 0.3591557085514069, 0.3422494769096375, 0.3309536695480347, 0.3163753569126129, 0.31391937136650083, 0.3103157103061676, 0.2989300608634949, 0.29307971000671384, 0.2728464186191559, 0.263964980840683, 0.2549256652593613, 0.25136380791664126, 0.2489039957523346, 0.2522526174783707, 0.23710382878780364, 0.22834229171276094, 0.22930843234062195, 0.21883560121059417, 0.21898269653320312, 0.21248380839824677, 0.2098069578409195, 0.20824818611145018, 0.1983077973127365, 0.20922458469867705, 0.21336515247821808, 0.21118832230567933, 0.20090993642807006, 0.192493337392807, 0.18955618143081665, 0.18032491207122803, 0.1730776995420456, 0.15580881685018538, 0.17241050004959108, 0.16855724155902863, 0.16187048703432083, 0.16286882311105727, 0.1660453498363495, 0.16036991775035858, 0.15601555109024048, 0.16502348482608795, 0.15921089798212051, 0.16810647547245025, 0.15711446553468705, 0.1542557433247566, 0.1603931486606598, 0.13585753589868546, 0.12965864092111587, 0.12898157238960267, 0.12870335429906846, 0.12938737124204636, 0.12197964936494828, 0.11836215555667877, 0.13040515035390854, 0.12406115382909774, 0.1285166174173355, 0.12659262120723724, 0.11822462379932404, 0.10891584455966949, 0.11045545488595962, 0.09591378271579742, 0.09923752099275589, 0.10033923983573914, 0.09735422283411026, 0.09690561890602112, 0.09516542106866836, 0.09539365321397782, 0.09400328248739243, 0.09091698229312897, 0.09208300709724426, 0.09088992923498154, 0.08570466637611389, 0.08453326225280762, 0.08439687490463257, 0.08919501230120659, 0.08801643028855324, 0.08973389118909836, 0.08074923902750016, 0.08305330127477646, 0.0780950553715229, 0.07783014550805092, 0.07283491790294647, 0.07217825427651406, 0.07153493985533714, 0.07264113575220107, 0.07363853082060814, 0.07499533891677856, 0.06623771041631699, 0.06928265690803528, 0.06563212871551513, 0.07158111706376076, 0.06609556674957276, 0.06152760535478592, 0.06155394315719605, 0.0624767430126667, 0.0630215123295784, 0.05940323993563652, 0.05927156880497932, 0.05847075879573822, 0.05505728721618652, 0.05724248960614205, 0.05321603044867516],