{"dataset": "uWaveGestureLibrary_X", "depth": 9, "nb_filters": 16, "batch_size": 128, "kernel_size": 32, "use_residual": "True", "use_bottleneck": "True", "acc": 0.8494912210694332, "precision": 0.848074034277686, "recall": 0.8501087295082271, "budget_ran": 1500, "train_curve": [1.5216560363769531, 0.964814019203186, 0.7484803438186646, 0.6342998623847962, 0.5612781286239624, 0.5159425854682922, 0.4825021803379059, 0.454240882396698, 0.42810118198394775, 0.4022126436233521, 0.38743186593055723, 0.3641276001930237, 0.3466099977493286, 0.3377659022808075, 0.31862362027168273, 0.3087310016155243, 0.2876797616481781, 0.27671279311180114, 0.26812013387680056, 0.2595124810934067, 0.2499559074640274, 0.24002903699874878, 0.21978729963302612, 0.2038862019777298, 0.19805408716201783, 0.19398285150527955, 0.18298971951007842, 0.17250391840934753, 0.16681048274040222, 0.1577129915356636, 0.14829474538564683, 0.1439679741859436, 0.13416581749916076, 0.12406549602746964, 0.11849408894777298, 0.10898341387510299, 0.09816991537809372, 0.09192940592765808, 0.0815159797668457, 0.08717295601963997, 0.09011862576007842, 0.08493549525737762, 0.08294854462146758, 0.074412602186203, 0.06614713296294213, 0.05449782907962799, 0.04953277632594109, 0.046618397906422616, 0.04997533448040485, 0.055266373232007025, 0.05010098516941071, 0.04611223712563515, 0.0456327922642231, 0.04356373734772205, 0.04355004727840424, 0.03338487856090069, 0.034685623832046986, 0.033836391568183896, 0.028057563118636608, 0.026190587505698203, 0.027839047461748125, 0.030871788039803505, 0.0356329008936882, 0.03729995870962739, 0.03673394294455647, 0.031493501551449296, 0.029904114082455635, 0.030522025749087335, 0.031177694629877805, 0.031039591133594512, 0.025674167461693286, 0.025074715353548528, 0.027020134218037128, 0.027550524473190306, 0.029329757578670977, 0.04021444311365485, 0.03841909877955914, 0.02625250183045864, 0.013408796302974224, 0.009629131015390157, 0.007181989867240191, 0.006732081901282072, 0.006087492872029543, 0.006069091521203518, 0.005542859714478254, 0.005441134562715888, 0.005384238343685866, 0.005133420135825873, 0.004895655903965235, 0.004612511536106467, 0.004673031158745289, 0.004414448561146855, 0.0042672570329159495, 0.004346889816224575, 0.004013008903712034, 0.003974848194047809, 0.003769589401781559, 0.0037624354008585215, 0.003620440000668168, 0.0035775637719780208, 0.003575284965336323, 0.0033430363051593303, 0.0033472208771854637, 0.003210336249321699, 0.003200066415593028, 0.0033108714036643506, 0.003176986426115036, 0.0030299597419798374, 0.0029787073843181135, 0.002781021548435092, 0.002829754212871194, 0.0027166718151420354, 0.002844074973836541, 0.0026917119044810533, 0.0027109346818178894, 0.00260806274600327, 0.0026361892465502023, 0.002636160235852003, 0.002438879292458296, 0.002324970485642552], "val_curve": [2.1234689950942993, 1.9188867807388306, 1.963729977607727, 1.5528117179870606, 1.8744682312011718, 1.8512944221496581, 1.6602644443511962, 1.5467625617980958, 1.836389434337616, 1.6825787425041199, 1.4469039559364318, 1.7030375123023986, 1.4142934441566468, 1.0525016069412232, 1.225959599018097, 1.2199830532073974, 1.1434430837631226, 0.9555293083190918, 1.0760704159736634, 1.0513938188552856, 1.266919732093811, 1.0449694514274597, 0.8148466944694519, 0.7928134322166442, 0.6877832055091858, 0.8933332681655883, 0.8445314168930054, 0.8942403316497802, 0.8756440162658692, 0.705211079120636, 0.7043011307716369, 0.7901027917861938, 0.7565648913383484, 0.6358132362365723, 0.8266283750534058, 0.9205802798271179, 0.8194582343101502, 0.651308012008667, 0.6818844556808472, 0.7926276206970215, 0.9068058490753174, 0.7756767868995667, 0.6753409087657929, 0.639926016330719, 0.6491700649261475, 0.6764699935913085, 0.6949698567390442, 0.6903083682060241, 0.6917165040969848, 0.9697481751441955, 0.81155925989151, 0.7342327117919922, 0.6332384943962097, 0.7100299239158631, 0.6307903885841369, 0.7794594883918762, 0.7520203232765198, 0.6418406963348389, 0.7173094272613525, 0.6675616502761841, 0.6673563241958618, 0.6673278093338013, 0.7353008031845093, 1.261397159099579, 0.8113650679588318, 0.7370788931846619, 0.8586549043655396, 0.8778395652770996, 0.7639656305313111, 0.7303130030632019, 0.778127908706665, 0.7635478615760803, 0.7483858823776245, 0.741295474767685, 0.8270834147930145, 1.4844417989253997, 0.875677478313446, 0.8927939355373382, 0.6623820543289185, 0.5868249773979187, 0.5665954947471619, 0.5543163836002349, 0.5482060670852661, 0.5461969554424286, 0.5423141717910767, 0.5399588525295258, 0.5412170469760895, 0.5421772241592407, 0.5407864570617675, 0.5423768758773804, 0.5428682625293731, 0.5452005088329315, 0.5448817133903503, 0.545055478811264, 0.54659184217453, 0.5459872901439666, 0.5479881584644317, 0.5490150630474091, 0.5484931766986847, 0.5508391201496124, 0.5544515132904053, 0.5529828786849975, 0.5528469443321228, 0.5542339980602264, 0.5558150291442872, 0.5555566012859344, 0.5569778382778168, 0.5580373525619506, 0.5588397800922393, 0.5588679611682892, 0.559334009885788, 0.56057488322258, 0.5621345102787018, 0.5627415895462036, 0.5631679773330689, 0.5633618175983429, 0.5638625800609589, 0.5645441830158233, 0.5658451974391937, 0.5663383483886719]}
{"dataset": "uWaveGestureLibrary_X", "depth": 9, "nb_filters": 16, "batch_size": 128, "kernel_size": 32, "use_residual": "True", "use_bottleneck": "True", "acc": 0.8378840782122905, "precision": 0.8377601764992771, "recall": 0.838382311759592, "budget_ran": 1500,