{"dataset": "PhalangesOutlinesCorrect", "depth": 9, "nb_filters": 16, "batch_size": 128, "kernel_size": 32, "use_residual": "True", "use_bottleneck": "True", "acc": 0.8310854820667487, "precision": 0.8208228695538103, "recall": 0.8223756704211075, "budget_ran": 1500, "train_curve": [0.625466811656952, 0.5482906222343444, 0.49364890456199645, 0.45761698484420776, 0.4328312397003174, 0.39937896132469175, 0.3874106049537659, 0.36717419028282167, 0.34407089948654174, 0.3225234568119049, 0.3229112386703491, 0.3170877456665039, 0.3067482888698578, 0.31473767161369326, 0.29792177081108095, 0.28375351428985596, 0.28089569211006166, 0.2599754989147186, 0.24465709030628205, 0.22971089482307433, 0.22808141708374025, 0.24665948748588562, 0.22777507901191713, 0.22039011120796204, 0.21266039311885834, 0.18822709023952483, 0.19385241717100143, 0.17497235238552095, 0.1666829526424408, 0.17079866528511048, 0.1500590682029724, 0.14133888930082322, 0.13304940164089202, 0.14865978807210922, 0.15478892773389816, 0.16333172023296355, 0.16097163558006286, 0.1315822884440422, 0.11162858009338379, 0.10285346508026123, 0.09547115862369537, 0.09112591519951821, 0.09008946344256401, 0.08724820390343666, 0.07385869473218917, 0.08794947043061256, 0.10033072978258133, 0.09268952459096909, 0.08355484381318093, 0.07894330769777298, 0.06468973457813262, 0.07203481048345566, 0.0741517685353756, 0.0831620454788208, 0.09403559118509293, 0.10452256798744201, 0.07158178463578224, 0.05801354572176933, 0.04989387728273868, 0.042942491546273234, 0.047982216253876685, 0.03095707967877388, 0.024795030429959296, 0.0235406119376421, 0.01657428704202175, 0.017319516465067863, 0.02249410320073366, 0.030776156671345235, 0.025672498252242805, 0.024478644458577038, 0.023285614768974484, 0.015593550959601998, 0.01350569233763963, 0.010618001408874988, 0.006884177483152598, 0.005471451254561543, 0.00494459435576573, 0.0053880396764725445, 0.00446301803458482, 0.0032484713708981873, 0.0036872765514999626, 0.0033907254924997686, 0.00281069764168933, 0.0028130609076470136, 0.0026120156864635645, 0.002446582488482818, 0.002400245552416891, 0.002010660688392818, 0.0026928703242447226, 0.0026351310196332635, 0.002443463267991319, 0.0024263343075290322, 0.002016220596851781, 0.002024380583316088, 0.003549749916419387, 0.003305306064430624, 0.0028598372940905393, 0.0026690667669754474, 0.0018833181529771537, 0.0018229699227958918, 0.002009494387311861], "val_curve": [0.8407252788543701, 0.8044983625411988, 0.6385901570320129, 1.014183509349823, 1.6634049773216248, 3.105704092979431, 3.9146819710731506, 5.146868693828583, 6.723199307918549, 7.962107539176941, 7.921781992912292, 8.167707824707032, 8.24281440973282, 8.024729990959168, 7.455068564414978, 7.290733528137207, 8.751613521575928, 9.485804176330566, 9.493850994110108, 8.33347795009613, 7.886163187026978, 7.84559166431427, 8.273443269729615, 7.410972213745117, 9.10308108329773, 8.327624416351318, 7.396860361099243, 7.327732419967651, 4.513237452507019, 5.775447940826416, 6.356346273422242, 5.157944536209106, 3.5756407022476195, 4.422116470336914, 3.226073122024536, 2.18687424659729, 2.543182039260864, 3.460414505004883, 2.3991187453269958, 2.751665771007538, 1.2325422883033752, 1.2513249158859252, 1.815814745426178, 1.7588683485984802, 2.3293735504150392, 1.2194450139999389, 2.606095623970032, 1.3745024085044861, 1.4916515827178956, 1.8011044979095459, 1.21751708984375, 0.9244526147842407, 0.9709489464759826, 0.8625816702842712, 1.870004153251648, 1.3070896744728089, 1.1159857392311097, 0.8531083941459656, 0.82916738986969, 0.7389508843421936, 0.9781933784484863, 0.9617010712623596, 0.8291449069976806, 0.7773855447769165, 0.6941258907318115, 0.9924184799194335, 0.7751951575279236, 1.955527627468109, 1.2893206238746644, 0.7044657707214356, 0.7723231554031372, 0.7777405023574829, 1.0430403470993042, 0.8149591684341431, 0.8086025238037109, 0.7397979140281677, 0.7121687650680542, 0.741493821144104, 0.7053937911987305, 0.6848530173301697, 0.7096939206123352, 0.6952174067497253, 0.6888328194618225, 0.6708094477653503, 0.68208749294281, 0.6754154086112976, 0.6769848585128784, 0.6720982551574707, 0.6705897212028503, 0.6938461065292358, 0.6781057476997375, 0.6774472832679749, 0.6729742288589478, 0.6753213167190552, 0.6839288711547852, 0.7155367493629455, 0.6845003008842468, 0.6878472924232483, 0.6868744373321534, 0.6861374258995057, 0.6884044408798218]}
{"dataset": "PhalangesOutlinesCorrect", "depth": 9, "nb_filters": 16, "batch_size": 128, "kernel_size": 32, "use_residual": "True", "use_bottleneck": "True", "acc": 0.8194143550967816, "precision": 0.8086182571201348, "recall": 0.796995572441021, "budget_ran": 1500, "train_curve": [0.6766343235969543, 0.5552124857902527, 0.5088002741336822, 0.4818987727165222, 0.4410873591899872, 0.41941770911216736, 0.4096307814121246, 0.38599222898483276, 0.36657131314277647, 0.3648873925209045, 0.3394744873046875, 0.33313079476356505, 0.3240167677402496, 0.31464203596115115, 0.2976061463356018, 0.28798874020576476, 0.2843770682811737, 0.2714210212230682, 0.2631300687789917, 0.2623890578746796, 0.26557970643043516, 0.24299692511558532, 0.2399016410112381, 0.22041405439376832, 0.21864233613014222, 0.22685225009918214, 0.20406630039215087, 0.22163745760917664, 0.20065574944019318, 0.19304568767547609, 0.16686412394046785, 0.1609648197889328, 0.16858040988445283, 0.15894867926836015, 0.1545181930065155, 0.15435404181480408, 0.15252656489610672, 0.15027229487895966, 0.1729949951171875, 0.16028379797935485, 0.13704029619693756, 0.12124966531991958, 0.11310831606388091, 0.09639952629804611, 0.10849067568778992, 0.1146041288971901, 0.12188501209020615, 0.1102849781513214, 0.09932695031166076, 0.0764999583363533, 0.08294062912464142, 0.07145812064409256, 0.06413232684135436, 0.05414247065782547, 0.06777217462658883, 0.06805171221494674, 0.05800704061985016, 0.054741693288087846, 0.055351850017905234, 0.05490490384399891, 0.04563526064157486, 0.06220696233212948, 0.06989102959632873, 0.06974208876490592, 0.05730910673737526, 0.056096861511468886, 0.060181609354913235, 0.04666708093136549, 0.03812800981104374, 0.03547087106853723, 0.029139368887990715, 0.02651190562173724, 0.016222616378217935, 0.013486066088080405, 0.010188664868474006, 0.00818243408575654, 0.00702128647826612, 0.005464228149503469, 0.005378391733393073, 0.004388867039233446, 0.004095236351713538, 0.0034190298058092592, 0.0036074403207749127, 0.00434913975186646, 0.0036284077912569048, 0.0029811820946633815, 0.006387829827144742, 0.012388148251920939, 0.020490848645567893, 0.017260026279836894, 0.014133395068347454, 0.01373767436016351, 0.006687288661487401, 0.004012532415799797, 0.0038158285431563856, 0.002789440588094294, 0.0023756436072289943, 0.002158802188932896, 0.002282391092739999, 0.001999119808897376, 0.0018909536302089691, 0.0021484809229150416, 0.0018129097297787666, 0.0030128157697618006, 0.001975186401978135, 0.0018326446413993835, 0.002279183710925281, 0.001806229678913951, 0.0015197701519355177, 0.0016105735441669822, 0.001501944661140442, 0.00351092629134655, 0.003584700752981007, 0.0020489074289798737, 0.001784219080582261, 0.0015892636496573687, 0.001462839194573462, 0.0013203511014580726, 0.001828982774168253, 0.0013736940105445682, 0.001767532667145133, 0.0012006558710709215, 0.0013341175974346698],