{"dataset": "wafer", "depth": 9, "nb_filters": 16, "batch_size": 128, "kernel_size": 32, "use_residual": "True", "use_bottleneck": "True", "acc": 0.9998604326587579, "precision": 0.9993288590604028, "recall": 0.9999221789883268, "budget_ran": 1500, "train_curve": [0.1301030546426773, 0.014654435869306325, 0.013483650051057339, 0.005631426116451621, 0.003179309156257659, 0.004053304123226553, 0.005411960557103157, 0.0021815207321196793, 0.0009083927667234093, 0.0007154788647312671, 0.0005715474719181657, 0.0011808518844190984, 0.0005195025878492743, 0.0014054588595172391, 0.0023570752469822764, 0.004610694455914199, 0.00351075348444283, 0.0030220012820791455, 0.0022455301659647375, 0.004556886659702286, 0.0014929656317690387, 0.000598105660174042, 0.00045337558549363166, 0.0007810155424522236, 0.00025662725092843173, 0.00019439252646407111, 0.0001926396827911958, 0.0001542344718473032, 0.00018622926145326347, 0.00015195483283605426, 0.00013435444270726293, 0.00011222447064938024, 0.00011587836852413602, 0.00011595776668400503, 0.0006101094128098339, 0.005417675479839091, 0.0022905071251443586, 0.0004463259167096112, 0.00030721454095328227, 0.0006846956530353054, 0.00025583321912563405, 0.00012931830206071028, 0.00012965954665560274, 0.00012056834748364054, 0.00012994468925171533, 0.00011315982483210974, 0.00013985910118208267, 0.00011391498410375788, 0.000116425019223243, 0.00010559873553575016, 9.943091718014329e-05, 0.00010082315202453174, 8.527903410140424e-05, 0.00010028632750618272, 8.872547186911106e-05, 0.00010946833281195722, 9.064896439667792e-05, 8.002606919035315e-05, 9.110043320106342e-05, 9.028764688991941e-05, 7.560212179669179e-05, 8.193520261556841e-05, 7.118923022062518e-05, 8.831867235130631e-05, 7.894198206486181e-05, 9.477517305640503e-05, 7.84497256972827e-05, 7.784550325595774e-05, 6.935710916877724e-05, 8.375528559554369e-05, 6.73388029099442e-05, 6.636638281634077e-05, 9.305920466431416e-05, 7.267889086506329e-05, 6.786325720895548e-05, 6.466741688200272e-05, 6.315771388472058e-05, 5.5645931570325044e-05, 6.720961864630226e-05, 7.683712028665468e-05, 5.504298424057197e-05, 5.370883081923239e-05, 6.307288422249257e-05, 5.761168722528964e-05, 5.570591165451333e-05, 4.920860519632697e-05, 6.857579755887855e-05, 6.397614779416472e-05, 5.2114757636445574e-05, 4.4018845801474524e-05, 5.5170507403090595e-05, 4.8977386177284644e-05, 5.998032429488376e-05, 4.181785079708789e-05, 4.950117181579117e-05, 5.044762110628653e-05, 4.804687414434738e-05, 5.183268840482924e-05, 4.6856407789164225e-05, 4.251036989444401e-05, 4.473008884815499e-05, 4.226899436616804e-05, 5.5693222748232074e-05], "val_curve": [0.7386579424142837, 0.21210984587669374, 0.1209689661860466, 0.14707337692379951, 0.1110393762588501, 0.08282703161239624, 0.0812869492918253, 0.03762388955801725, 0.010070235002785921, 0.014062951039522886, 0.007898902124725281, 0.04795766628812999, 0.003464497439563274, 1.28675245041959, 1.6183655440807343, 0.1277533208951354, 0.21130125594791024, 1.2351320019515697, 0.8678684550395701, 0.014662578143179417, 0.046659283371991475, 0.001592619644361548, 0.021413054541335443, 0.0010584059462416917, 0.001760518189985305, 0.0008029119780985638, 0.0006970927846850827, 0.000997864454984665, 0.000779312195663806, 0.0005803318941616453, 0.0008326999930432066, 0.0006170806853333488, 0.0004940293845720589, 0.00048203160113189367, 5.99230973947706, 0.6744447994729853, 3.0945347697990657, 0.01107683813679614, 0.0004814445550437085, 0.0006596665079996455, 0.0004545410934952088, 0.0004580867287586443, 0.0003932965228159446, 0.0004140965531405527, 0.0004125687191844918, 0.0003587438965041656, 0.00040319646504940467, 0.0004170790678472258, 0.0004465428872208577, 0.0004235492706357036, 0.0003649853228125721, 0.00038851913486723786, 0.00038542284091818145, 0.00036584522458724675, 0.000311008879361907, 0.0002826603689754847, 0.0002722269695368595, 0.00030199529574019833, 0.0003106179821770638, 0.0002755540786893107, 0.00029215264803497123, 0.00030931238434277474, 0.00028108131446060727, 0.0002488767247996293, 0.0002436991038848646, 0.0002036085606960114, 0.00020561944620567374, 0.00021318261788110248, 0.00021424722217489034, 0.00022568068161490373, 0.00021930572038399986, 0.00021920871804468334, 0.00022308234110823832, 0.00021914756071055307, 0.00019808125507552176, 0.0001898800561320968, 0.0001828815591579769, 0.00018169105678680352, 0.00019318138074595482, 0.00019281413988210262, 0.00019901963241863996, 0.00020955545114702544, 0.0001968517950444948, 0.00019598534054239282, 0.00020552361675072462, 0.0002145685997675173, 0.00022079081390984355, 0.00019332975352881476, 0.00019175096604158172, 0.0001846687613578979, 0.00017519107277621515, 0.00019853002959280275, 0.00020524329811451026, 0.00018684535316424445, 0.00018376173684373499, 0.00019023612985620276, 0.00020592193541233428, 0.00021910088034928776, 0.0001891430678369943, 0.00017928369125002063, 0.00016361019588657656, 0.00015816577069927007, 0.00016939367851591668]}
{"dataset": "wafer", "depth": 9, "nb_filters": 16, "batch_size": 128, "kernel_size": 32, "use_residual": "True", "use_bottleneck": "True", "acc": 0.9998603351955306, "precision": 0.999390243902439, "recall": 0.9999211977935382, "budget_ran": 1500, "train_curve": [0.11641759872436523, 0.015814909152686595, 0.009639623295515775, 0.005585252563469112, 0.003596747887786478, 0.0018611266510561108, 0.001844281400553882, 0.0023914742341730744, 0.0006667446519713849, 0.005645308629027568, 0.0022748051851522177, 0.0015237602638080716, 0.0022721827976056375, 0.001253777914098464, 0.00167161684948951, 0.002024838970100973, 0.0005962583920336329, 0.0006139315271866507, 0.00048253169952658934, 0.0020214983305777423, 0.004125179289258085, 0.004630591491877567, 0.005338149944145698, 0.000997942657704698, 0.00046192031077225694, 0.00031946636008797216, 0.0002517762412026059, 0.00030201914414647036, 0.00025157210766337814, 0.00036135566188022494, 0.00024699121568119156, 0.0001878095979918726, 0.00020212515009916389, 0.00018493866191420237, 0.00017118666728492825, 0.00033014280488714577, 0.00032956651484710163, 0.00019947217115259263, 0.00017097473682952112, 0.00020548512147797738, 0.0001678562843153486, 0.0001360317812213907, 0.0001581283398991218, 0.00013597746365121566, 0.0001133154935814673, 0.0001352684703306295, 0.0001221252041432308, 0.00011503199057187885, 0.0001239049688592786, 0.00013126766571076588, 0.00012608776523848064, 0.00010219313808192964, 0.0001094453124096617, 0.00010831788495124783, 0.00011081748016295023, 0.00010011150916398038, 0.00010415726574137807, 0.00011880570200446527, 9.25653690501349e-05, 9.477270432398655e-05, 9.148635836027097e-05, 9.391439380124211e-05, 0.00011799500061897561, 0.00010442224629514385, 8.896231774997432e-05, 7.79919184424216e-05, 8.294596227642614e-05, 8.06897285656305e-05, 8.064299472607673e-05, 8.05065777967684e-05, 7.712657316005789e-05, 8.122793697111775e-05, 7.443861322826706e-05, 7.259786689246539e-05, 6.753058660251554e-05, 8.710869515198283e-05, 6.422404585464392e-05, 7.107495766831562e-05, 5.999999448249582e-05, 5.9326676273485644e-05, 7.499948042095639e-05, 7.707527747697895e-05, 6.68192147713853e-05, 6.393460243998561e-05, 6.572331258212217e-05, 8.320699926116504e-05, 7.376461217063479e-05, 5.75269488763297e-05, 5.982567527098581e-05, 5.595116763288388e-05, 5.495393015735317e-05, 6.316492417681729e-05, 5.287764870445244e-05, 5.2557206436176786e-05, 5.162932247912977e-05, 6.552267532242695e-05, 6.583051326742861e-05, 4.534301751846215e-05, 4.311509037506767e-05, 4.5025525287201164e-05, 4.37691518527572e-05, 4.449667940207291e-05, 4.56932008091826e-05, 3.759151150006801e-05, 4.3376038229325785e-05],