{"dataset": "ToeSegmentation1", "depth": 9, "nb_filters": 16, "batch_size": 128, "kernel_size": 32, "use_residual": "True", "use_bottleneck": "True", "acc": 0.9024458420684836, "precision": 0.9201960408684547, "recall": 0.9020172413793104, "budget_ran": 1500, "train_curve": [0.7698109030723572, 0.30500710308551787, 0.1524050086736679, 0.09647274538874626, 0.06826021671295165, 0.05243970304727554, 0.045607239753007886, 0.030121155083179474, 0.02487122844904661, 0.025070712342858313, 0.019387107342481613, 0.016047759912908077, 0.017192151211202145, 0.012228591553866863, 0.0130396225489676, 0.009517855010926723, 0.012648945860564708, 0.011191343097016216, 0.007288765162229538, 0.008700107177719473, 0.006881525926291943, 0.008742139441892505, 0.012539812596514821, 0.006040674634277821, 0.0128730051452294, 0.006757313455455005, 0.0062521976651623845, 0.005102839833125472, 0.006110401614569128, 0.0040595191298052665, 0.003426640061661601, 0.0036226577358320355, 0.003274066734593362, 0.0039458329323679205, 0.0033762499573640526, 0.0021587462164461614, 0.0020964939380064608, 0.0019485443830490113, 0.0023352581076323984, 0.0018466166919097304, 0.0017186127486638724, 0.0018375303770881146, 0.0015068024047650396, 0.0024502288084477185, 0.002118476410396397, 0.00231454661116004, 0.0014323216280899941, 0.0020588028826750817, 0.0012922435125801712, 0.0014052827784325928, 0.0012917203595861793, 0.00174784081755206, 0.001990522787673399, 0.001812958437949419, 0.0012563983211293817, 0.0018207941728178411, 0.0010189237946178764, 0.0008964463137090206, 0.0008520605450030416, 0.0008770914690103381, 0.0010681669285986573, 0.0008036505256313831, 0.0009337336174212396, 0.000850252399686724, 0.0010994163167197257, 0.0008025700924918055, 0.0010808439110405743, 0.0007141150825191289, 0.0007605338993016631, 0.000740010995650664, 0.001046220975695178, 0.0013531515724025667, 0.0006903377070557326, 0.0005564263730775565, 0.0005662787065375596, 0.0005874185997527092, 0.0006610126001760364, 0.000603531819069758, 0.0005530829366762191, 0.0005582930520176887, 0.0005948580452241004, 0.0005280967860016971, 0.0006192605884280056, 0.0005626724741887301, 0.0004555169667582959, 0.0005083593598101289, 0.0005410325364209711, 0.0005497885518707335, 0.0005788490583654493, 0.0007126330659957602, 0.0008106664317892864, 0.0005075530818430707, 0.0007488971576094627, 0.0009722983319079504, 0.00048285726516041907, 0.0007295879884622991, 0.0004537291883025318, 0.0004322364227846265, 0.00043182228691875937, 0.0006652388750808313, 0.0004111289599677548, 0.0004934772325213999, 0.001127591243130155], "val_curve": [0.7300637722015381, 0.7498143911361694, 0.7489784359931946, 0.6763193011283875, 0.7079273819923401, 0.907897537946701, 0.9738479256629944, 1.0286610186100007, 1.2436338424682618, 1.4151620626449586, 1.4240828424692153, 1.5131962180137635, 1.610605788230896, 1.7067121386528015, 1.8588293433189391, 2.0805093169212343, 2.3282854557037354, 2.466191840171814, 2.417021465301514, 2.3615351736545565, 2.237189695239067, 1.960434091091156, 1.6705146521329879, 1.4279249370098115, 1.416930902004242, 1.5669222235679627, 1.7592280983924866, 1.9081126689910888, 1.9917925655841828, 2.060979199409485, 2.1099649906158446, 2.122499632835388, 2.103551095724106, 2.0510468542575837, 1.9596485912799835, 1.8413641989231109, 1.6998231828212738, 1.5731400907039643, 1.4749589264392853, 1.3917188346385956, 1.3381412506103516, 1.320277589559555, 1.3275627613067627, 1.361063051223755, 1.40871062874794, 1.4128095865249635, 1.3983476161956787, 1.393813568353653, 1.394380435347557, 1.4033431634306908, 1.4092309892177581, 1.4039747551083566, 1.4106606878340244, 1.3833150707185269, 1.3554218016564845, 1.3290320366621018, 1.2976830184459687, 1.2653659358620644, 1.2371533587574959, 1.21583860963583, 1.1979430422186852, 1.1810677275061607, 1.1640636622905731, 1.153339521586895, 1.1436513110995292, 1.1374045401811599, 1.1263752564787866, 1.1105234652757645, 1.0971313640475273, 1.0801516771316528, 1.062185747921467, 1.046678152680397, 1.0268451265990735, 1.010419724881649, 0.9967952363193036, 0.9875789277255536, 0.9786609888076783, 0.9752060107886791, 0.9694515004754066, 0.9633218072354793, 0.9558899283409119, 0.9490375973284244, 0.9418975926935673, 0.9325665898621083, 0.9241669200360775, 0.9169830545783043, 0.9105233825743199, 0.9040836229920387, 0.8997628927230835, 0.8957102134823799, 0.8917880609631539, 0.8869402900338172, 0.8838488832116127, 0.880502387881279, 0.8745344132184982, 0.8702245250344276, 0.8637172766029835, 0.8572868965566158, 0.8496644459664822, 0.8425472781062127, 0.837492061406374, 0.8324683971703053, 0.8265581399202346]}
{"dataset": "ToeSegmentation1", "depth": 9, "nb_filters": 16, "batch_size": 128, "kernel_size": 32, "use_residual": "True", "use_bottleneck": "True", "acc": 0.9513626834381551, "precision": 0.9529546212508052, "recall": 0.9515472620586852, "budget_ran": 1500, "train_curve": [0.8674179673194885, 0.3380946934223175, 0.17144137173891066, 0.11069772243499756, 0.07911889925599098, 0.06000240221619606, 0.04496790692210197, 0.03758084997534752, 0.030111045576632023, 0.023881062306463717, 0.019767491705715658, 0.01567147821187973, 0.01503613479435444, 0.012558010406792164, 0.010506363399326802, 0.013734337128698825, 0.009203284047544003, 0.009201008174568415, 0.008417428424581885, 0.011283912509679795, 0.006505344063043594, 0.011748068034648895, 0.007122472720220685, 0.007043171650730073, 0.0047726109623909, 0.004957390995696187, 0.005875943205319345, 0.005934778717346489, 0.003316448302939534, 0.004756930796429515, 0.0031720698811113835, 0.004210073570720852, 0.0031698472099378704, 0.0021670483169145883, 0.0021282548550516367, 0.00383583998773247, 0.0023792289895936845, 0.0033238302450627087, 0.0029139946680516006, 0.0026725151110440493, 0.0022186258574947715, 0.002198829932603985, 0.0015585807850584388, 0.0013881425722502172, 0.001891663984861225, 0.0023807656252756715, 0.001598168956115842, 0.0013043376966379583, 0.0013745595701038838, 0.0010819658753462135, 0.0025890720600727944, 0.0010123769170604646, 0.002000907016918063, 0.0013475807558279485, 0.001457554555963725, 0.0033007258491124956, 0.0014941055385861545, 0.003960380743956193, 0.001798994542332366, 0.0016115042846649886, 0.0014509448781609535, 0.0017477941466495395, 0.0017130617692600937, 0.002790576929692179, 0.001072599325561896, 0.001046865154057741, 0.0013578831276390702, 0.0009385391953401267, 0.0008987388340756297, 0.000860026478767395, 0.0007697492546867579, 0.0009367268183268606, 0.0010806022910401225, 0.0029213576344773173, 0.0007346733356826008, 0.0009980780421756208, 0.0008496465627104044, 0.0011164049501530826, 0.0008320944849401713, 0.0010262591647915542, 0.0009619767777621746, 0.0008567740384023637, 0.0010222036740742623, 0.0006870722922030836, 0.0006642414722591638, 0.0007824871630873531, 0.0006579813198186457, 0.0006677245546597987, 0.0007487844326533377, 0.0009988223726395517, 0.0006053630786482245, 0.000669080376974307, 0.0010555148619459942, 0.0006899121566675603, 0.001003505801782012, 0.0007722200738498941, 0.0005693797837011516, 0.0007814714423147962, 0.0007370436913333833, 0.0006176247261464596, 0.0006111658847657963, 0.0008020666980883106, 0.0006112482020398602, 0.0006986230029724539, 0.0005758310784585774, 0.0006385185959516093],