{"dataset": "Plane", "depth": 9, "nb_filters": 16, "batch_size": 128, "kernel_size": 32, "use_residual": "True", "use_bottleneck": "True", "acc": 0.5285714285714286, "precision": 0.4491163514847726, "recall": 0.5282312925170067, "budget_ran": 1500, "train_curve": [2.30295672416687, 1.6332321166992188, 1.2307605504989625, 0.9559685230255127, 0.7483385801315308, 0.5868166863918305, 0.46408720016479493, 0.36815114319324493, 0.2919698506593704, 0.2328535258769989, 0.18736142218112944, 0.15210555791854857, 0.12450804710388183, 0.10276281088590622, 0.08547784611582757, 0.07160832434892654, 0.060446273535490036, 0.05142822414636612, 0.04411696679890156, 0.03815888911485672, 0.03324371837079525, 0.029175418242812157, 0.025814112462103366, 0.02302215714007616, 0.02068033367395401, 0.018701763078570365, 0.01701939571648836, 0.015571539849042892, 0.014312588796019553, 0.013210762850940227, 0.012242615222930908, 0.011388515774160623, 0.010632284544408321, 0.00996056580916047, 0.009361568558961152, 0.008825648762285709, 0.008343849517405032, 0.007909085135906935, 0.00751583706587553, 0.007159181777387858, 0.006835099123418331, 0.00653974786400795, 0.006269725132733583, 0.006022144109010696, 0.005794561468064785, 0.005584696680307389, 0.0053906274959445, 0.005210932577028871, 0.0050439942628145214, 0.004888553358614445, 0.004743419587612152, 0.004607641231268644, 0.004480380425229668, 0.004360849969089031, 0.004248374933376908, 0.004142265906557441, 0.004041942767798901, 0.003947007283568382, 0.0038569784257560967, 0.003771466203033924, 0.0036901654209941627, 0.003612721571698785, 0.0035388811491429807, 0.003468390740454197, 0.003400977374985814, 0.0033364221919327973, 0.0032745259813964367, 0.0032151023857295512, 0.003157980879768729, 0.003103023301810026, 0.0030500865541398525, 0.002999036526307464, 0.0029497704934328796, 0.00290216370485723, 0.0028561479412019253, 0.0028116128407418726, 0.0027684934437274935, 0.002726711006835103, 0.0026861899066716434, 0.0026468739612028, 0.0026086873840540648, 0.002571577881462872, 0.0025354862213134766, 0.002500363369472325, 0.002466155402362347, 0.0024328216910362243, 0.002400310663506389, 0.002368606929667294, 0.002337665599770844, 0.0023074568016454577, 0.0022779671708121896, 0.0022491504671052097, 0.0022209868766367435, 0.002193448133766651, 0.0021665087901055814, 0.0021401388570666314, 0.002114324225112796, 0.0020890560699626803, 0.0020643000723794104, 0.0020400516223162413, 0.0020162864355370404, 0.0019930064678192138, 0.0019701786572113634, 0.0019477854715660215, 0.0019258317537605763, 0.0019042807165533305, 0.0018831415800377727, 0.0018623847281560302, 0.0018420105101540686, 0.0018220033962279558, 0.0018023567739874125, 0.0017830524127930402, 0.0017640926176682114, 0.0017454651882871986, 0.0017271561780944466, 0.0017091661458835006, 0.0016914796316996217, 0.001674089953303337, 0.0016569924540817738, 0.0016401835717260837, 0.0016236402560025453, 0.0016073795035481454, 0.0015913803363218904, 0.001575643685646355, 0.0015601596562191844, 0.0015449145575985312, 0.0015299139311537146, 0.0015151397325098514], "val_curve": [2.0195515871047975, 2.0251521110534667, 2.0385823488235473, 2.056863880157471, 2.0746594190597536, 2.087142252922058, 2.0942595958709718, 2.097382640838623, 2.0996760606765745, 2.1028714895248415, 2.109427809715271, 2.1208434104919434, 2.1369542360305784, 2.1564212799072267, 2.1761658906936647, 2.191873002052307, 2.198844838142395, 2.192730498313904, 2.1711592435836793, 2.133727860450745, 2.0811744213104246, 2.016053009033203, 1.9419373273849487, 1.8626029729843139, 1.780887246131897, 1.6994982481002807, 1.6208181858062745, 1.5462553739547729, 1.4769478559494018, 1.4149780988693237, 1.3618626832962035, 1.3183651924133302, 1.2844248771667481, 1.2597726345062257, 1.2442146778106689, 1.2369509577751159, 1.2370390057563783, 1.2437494158744813, 1.2566083550453186, 1.2749347805976867, 1.297842764854431, 1.3248687982559204, 1.3550376892089844, 1.3879009246826173, 1.422821009159088, 1.4593583822250367, 1.497174572944641, 1.535976231098175, 1.5754209160804749, 1.615015983581543, 1.65446617603302, 1.6942458152770996, 1.7340774536132812, 1.7738840103149414, 1.8137787580490112, 1.8537530660629273, 1.8934890270233153, 1.9328554630279542, 1.9718770503997802, 2.010068440437317, 2.0475969314575195, 2.084374284744263, 2.1202377796173097, 2.155344295501709, 2.189564824104309, 2.222794508934021, 2.255152440071106, 2.286880302429199, 2.317736864089966, 2.347785544395447, 2.377026081085205, 2.4056257963180543, 2.4335216522216796, 2.4606225967407225, 2.486953616142273, 2.512788271903992, 2.5380823850631713, 2.562835359573364, 2.587076950073242, 2.610800290107727, 2.6340469121932983, 2.6569783210754396, 2.679609251022339, 2.7019122838974, 2.7239094972610474, 2.745619034767151, 2.7669785976409913, 2.788014626502991, 2.808698058128357, 2.829032874107361, 2.8490709543228148, 2.868828225135803, 2.888290214538574, 2.9074939489364624, 2.926412582397461, 2.9450557470321654, 2.9634526014328, 2.9816113471984864, 2.9995418787002563, 3.0172190427780152, 3.034648084640503, 3.0517921924591063, 3.068668174743652, 3.085300922393799, 3.1016790866851807, 3.1177428722381593, 3.1335052490234374, 3.1489672660827637, 3.1641430377960207, 3.178993988037109, 3.1935336589813232, 3.207769536972046, 3.2216874599456786, 3.2352983951568604, 3.2485700607299806, 3.261483907699585, 3.274023723602295, 3.2862176418304445, 3.2980706691741943, 3.3095633029937743, 3.3207139015197753, 3.331513500213623, 3.341948652267456, 3.3520126342773438, 3.361708402633667, 3.371054172515869, 3.38004150390625, 3.3886651039123534]}
{"dataset": "Plane", "depth": 9, "nb_filters": 16, "batch_size": 128, "kernel_size": 32, "use_residual": "True", "use_bottleneck": "True", "acc": 0.7047619047619047, "precision": 0.670965859537288, "recall": 0.7280045351473923, "budget_ran": 1500,