{"dataset": "Worms", "depth": 9, "nb_filters": 16, "batch_size": 128, "kernel_size": 32, "use_residual": "True", "use_bottleneck": "True", "acc": 0.4377073906485672, "precision": 0.340673110629767, "recall": 0.33378847117794486, "budget_ran": 1500, "train_curve": [2.052665424346924, 1.4401628017425536, 1.2325207948684693, 1.105178952217102, 1.0064441561698914, 0.9431340098381042, 0.9029976010322571, 0.8593778967857361, 0.8325162887573242, 0.8117849469184876, 0.7833984732627869, 0.761807119846344, 0.7350805044174195, 0.7158309817314148, 0.6953652620315551, 0.6802425503730773, 0.6751447916030884, 0.6463932633399964, 0.6336082220077515, 0.614645141363144, 0.593676608800888, 0.5900201261043548, 0.5750536918640137, 0.5618737876415253, 0.5511677026748657, 0.5361007869243621, 0.5194919645786286, 0.50228933095932, 0.49471651315689086, 0.4792168796062469, 0.48169965147972105, 0.4664155423641205, 0.45318385362625124, 0.42999339699745176, 0.43399364948272706, 0.4077319324016571, 0.4031152307987213, 0.393352735042572, 0.37898929715156554, 0.3670629024505615, 0.37328089475631715, 0.37855006456375123, 0.3651374340057373, 0.35431853532791135, 0.34712445735931396, 0.33979105949401855, 0.3402107298374176, 0.33674303293228147, 0.3449515521526337, 0.3078283965587616, 0.29906004667282104, 0.29156426787376405, 0.28761966824531554, 0.27276419699192045, 0.26659484803676603, 0.24481754004955292, 0.25872630178928374, 0.2487896889448166, 0.24901335537433625, 0.23611800074577333, 0.2299989104270935, 0.23123396039009095, 0.22516685724258423, 0.2297426462173462, 0.212063068151474, 0.21159298717975616, 0.20525971055030823, 0.20010775327682495, 0.20417455732822418, 0.2102767050266266, 0.18719156980514526, 0.19469458758831024, 0.18704845607280732, 0.18399063050746917, 0.1831543415784836, 0.1997681349515915, 0.18097625970840453, 0.17215654999017715, 0.1637215256690979, 0.16774676442146302, 0.16302452981472015, 0.16842130124568938, 0.15207960456609726, 0.1548185333609581, 0.14179173707962037, 0.14087255150079728, 0.1360119804739952, 0.1342442438006401, 0.12162384986877442, 0.1197974681854248, 0.11484873443841934, 0.11650512814521789, 0.11795848757028579, 0.10798048377037048, 0.1054943785071373, 0.09649752825498581, 0.10071901232004166, 0.10548333972692489, 0.10462194681167603, 0.09758613258600235, 0.10674130469560623], "val_curve": [1.7819474935531616, 1.9733476638793945, 2.3015912532806397, 2.5911997318267823, 2.8064478397369386, 2.9073092222213743, 2.9000304460525514, 2.739068388938904, 2.5119302034378053, 2.4040061712265013, 2.3782545804977415, 2.3955857038497923, 2.422836923599243, 2.4256515741348266, 2.18893563747406, 1.99304301738739, 1.887164306640625, 1.895349144935608, 1.9533886909484863, 2.0633477926254273, 2.2542067050933836, 2.3572060823440553, 2.5318297863006594, 2.667424964904785, 2.657988405227661, 2.4262384176254272, 2.438729500770569, 2.4575769662857057, 2.3499749422073366, 2.2987001657485964, 2.406160831451416, 2.5840945720672606, 2.6420412063598633, 2.654161882400513, 2.8079966068267823, 2.781221532821655, 2.8150405168533323, 3.0511965274810793, 3.0299855947494505, 2.7969993591308593, 2.6780343294143676, 2.834203267097473, 2.938426375389099, 3.1621337890625, 3.4084014892578125, 3.715607476234436, 4.120908498764038, 4.076007509231568, 3.6457361698150637, 3.445341777801514, 3.236707329750061, 3.1432246208190917, 3.075019359588623, 3.0758928775787355, 3.2952152252197267, 3.4329967498779297, 3.392607593536377, 3.3777672290802, 3.264174699783325, 3.4121201038360596, 3.6825703620910644, 3.6235326290130616, 3.538922929763794, 3.6550470352172852, 4.053529834747314, 4.03855710029602, 3.9748567581176757, 4.048300123214721, 3.9454227447509767, 3.912809944152832, 3.941413688659668, 4.171698474884034, 4.431844472885132, 4.466599941253662, 3.7829050064086913, 3.0557645320892335, 2.7799022674560545, 2.6647003412246706, 2.636582851409912, 2.7365639448165893, 2.7786575317382813, 2.861163020133972, 3.06094377040863, 3.2532241106033326, 3.3639665126800535, 3.2759262561798095, 3.093380856513977, 3.053854537010193, 3.232893967628479, 3.305861163139343, 3.3360742330551147, 3.404757356643677, 3.56868257522583, 3.664656734466553, 3.560492444038391, 3.4750051259994508, 3.451878881454468, 3.398738670349121, 3.63702597618103, 4.167765092849732, 4.290899562835693]}
{"dataset": "Worms", "depth": 9, "nb_filters": 16, "batch_size": 128, "kernel_size": 32, "use_residual": "True", "use_bottleneck": "True", "acc": 0.42239819004524887, "precision": 0.2921207909943411, "recall": 0.3225627329192547, "budget_ran": 1500, "train_curve": [1.819033718109131, 1.2927053451538086, 1.1118515729904175, 1.032917857170105, 0.9716176986694336, 0.9220911979675293, 0.8849424362182617, 0.8429957270622254, 0.8129790425300598, 0.7854807019233704, 0.7484023571014404, 0.7275068640708924, 0.6945080637931824, 0.6690356731414795, 0.6550071835517883, 0.6331997275352478, 0.6165145874023438, 0.6078656792640686, 0.5860720753669739, 0.5685994148254394, 0.5646878600120544, 0.5481120884418488, 0.5408622801303864, 0.5391103148460388, 0.5226693630218506, 0.5168222606182098, 0.48319263458251954, 0.4789460003376007, 0.46102107763290406, 0.446854954957962, 0.4367733299732208, 0.41965934038162234, 0.4051396012306213, 0.4218008995056152, 0.3943581938743591, 0.4045800507068634, 0.3820995450019836, 0.3734528124332428, 0.36590094566345216, 0.3606643795967102, 0.3434815645217896, 0.3402589619159698, 0.3184498518705368, 0.321440190076828, 0.31800264716148374, 0.31441291272640226, 0.31012438535690307, 0.30013328790664673, 0.2991750627756119, 0.3098476409912109, 0.29595345854759214, 0.28340319991111756, 0.2661562293767929, 0.2559081643819809, 0.2604590475559235, 0.23585099279880523, 0.2341684639453888, 0.2259295254945755, 0.21932705044746398, 0.2188003182411194, 0.22067503035068511, 0.21424619257450103, 0.20342045724391938, 0.2040114313364029, 0.20680050551891327, 0.2163590371608734, 0.19924078583717347, 0.1954851269721985, 0.19349322617053985, 0.18379298448562623, 0.16936552077531813, 0.17085497528314592, 0.16161796301603318, 0.1574607864022255, 0.14618887305259703, 0.15055940598249434, 0.15140778720378875, 0.14314816445112227, 0.14833950251340866, 0.14597075134515763, 0.14585437178611754, 0.13263990432024003, 0.13789751827716829, 0.13318525552749633, 0.1267159216105938, 0.12671792432665824, 0.12203369960188866, 0.12477743849158288, 0.11413503438234329, 0.117085000872612, 0.11687158346176148, 0.11488316208124161, 0.1118081457912922, 0.11130969747900962, 0.11362974122166633, 0.09802381917834282, 0.11007115244865417, 0.10856366083025933, 0.09906206503510476, 0.09491262584924698, 0.09442672654986381, 0.09221464470028877, 0.09217913672327996, 0.08130422160029412, 0.0810054387897253, 0.08033838458359241, 0.08027916066348553, 0.07962063737213612, 0.07323469258844853, 0.07407628037035466],