{"dataset": "FISH", "depth": 9, "nb_filters": 16, "batch_size": 128, "kernel_size": 32, "use_residual": "True", "use_bottleneck": "True", "acc": 0.21142857142857144, "precision": 0.1179257622953723, "recall": 0.19574592074592073, "budget_ran": 1500, "train_curve": [2.1491179943084715, 1.8857325315475464, 1.7039623260498047, 1.5375708103179933, 1.3938904523849487, 1.2516785860061646, 1.119806694984436, 1.0060107588768006, 0.9011991500854493, 0.8133566498756408, 0.7314443707466125, 0.6574820637702942, 0.5914914190769196, 0.5360881328582764, 0.480243444442749, 0.4377188742160797, 0.39031544923782346, 0.35511913895606995, 0.32299764454364777, 0.2858589172363281, 0.25828043520450594, 0.2412133038043976, 0.21907382011413573, 0.1952899843454361, 0.1873483896255493, 0.17219530045986176, 0.1529820054769516, 0.13660817146301268, 0.1255168840289116, 0.11200289875268936, 0.10053111314773559, 0.09762036204338073, 0.08512133210897446, 0.08085746392607689, 0.0726581133902073, 0.06446160823106765, 0.060543905943632126, 0.057014574855566026, 0.05399874374270439, 0.05400129333138466, 0.04760139435529709, 0.042343586683273315, 0.041377699375152587, 0.03679942488670349, 0.0358343094587326, 0.031298492848873136, 0.0291633952409029, 0.026883691549301147, 0.024417084455490113, 0.023544557765126227, 0.022033874318003653, 0.021744198724627496, 0.02113143466413021, 0.018579292669892312, 0.018700536340475082, 0.016910771653056145, 0.016096176393330098, 0.015589700639247894, 0.014706560783088208, 0.015202344954013824, 0.014441036991775036, 0.013775057345628738, 0.012565498426556587, 0.01300907377153635, 0.012391549348831177, 0.011462466418743133, 0.011170867271721363, 0.011034569516777993, 0.011149614676833152, 0.009855309315025807, 0.009886850789189338, 0.01009577363729477, 0.009870126843452454, 0.009003029577434063, 0.00880638686940074, 0.00835744058713317, 0.008186978287994862, 0.008324076142162084, 0.0077025084756314754, 0.007941741682589053, 0.007508847024291753, 0.0072873768396675585, 0.007163732498884201, 0.006789582036435604, 0.006832566298544407, 0.006381506007164717, 0.006502106599509716, 0.006200984586030245, 0.007069887965917588, 0.006768501922488212, 0.006326791550964117, 0.005947760213166476, 0.005778535176068545, 0.005558750778436661, 0.005473976209759712, 0.006047485675662756, 0.005406127963215113, 0.0055555770173668865, 0.0050290897488594055, 0.005098431091755629, 0.0049703620374202725], "val_curve": [2.0107828855514525, 2.0416134119033815, 2.0748236894607546, 2.1013200759887694, 2.1043123483657835, 2.132792615890503, 2.1400800943374634, 2.1442703723907472, 2.175302338600159, 2.2163482666015626, 2.341442346572876, 2.423979163169861, 2.5685563564300535, 2.603722906112671, 2.6957586765289308, 2.6569813966751097, 2.7257251262664797, 2.724863815307617, 2.7071534633636474, 2.6084468603134154, 2.7738309860229493, 2.840461993217468, 2.8763161659240724, 2.788218069076538, 2.737242817878723, 2.9659565925598144, 3.0360713243484496, 2.9569321632385255, 2.907068943977356, 2.913062238693237, 2.997346544265747, 3.1283545017242433, 3.1586791038513184, 3.205071496963501, 3.191456508636475, 3.2517623901367188, 3.270669174194336, 3.320884132385254, 3.3712273597717286, 3.3859103679656983, 3.571319341659546, 3.843978452682495, 3.897185468673706, 3.8632205963134765, 3.801737594604492, 3.8901445388793947, 3.909222650527954, 3.871111822128296, 3.9320613384246825, 4.0279285430908205, 4.2054283618927, 4.30986442565918, 4.273579788208008, 4.412388658523559, 4.499374532699585, 4.488999366760254, 4.443549871444702, 4.394142913818359, 4.414563846588135, 4.4732325077056885, 4.420228433609009, 4.427904796600342, 4.519905948638916, 4.481802320480346, 4.573255443572998, 4.764030170440674, 4.780747604370117, 4.725252628326416, 4.677274894714356, 4.667061901092529, 4.71710786819458, 4.718580627441407, 4.7261237621307375, 4.746542501449585, 4.703887701034546, 4.6716543674469, 4.644536256790161, 4.646126127243042, 4.746707582473755, 4.897040843963623, 4.909435844421386, 4.860068368911743, 4.822866535186767, 4.773253297805786, 4.71344404220581, 4.700248765945434, 4.809644746780395, 4.920186948776245, 5.007768011093139, 5.075005388259887, 5.127766275405884, 5.218240785598755, 5.220985269546508, 5.080099201202392, 4.994233179092407, 5.035876703262329, 5.106011152267456, 5.21632080078125, 5.289112854003906, 5.261521339416504, 5.229833459854126]}
{"dataset": "FISH", "depth": 9, "nb_filters": 16, "batch_size": 128, "kernel_size": 32, "use_residual": "True", "use_bottleneck": "True", "acc": 0.17142857142857143, "precision": 0.14224889638955532, "recall": 0.19547619047619044, "budget_ran": 1500, "train_curve": [2.2378195762634276, 1.9443487882614137, 1.7637032508850097, 1.6028851985931396, 1.464893627166748, 1.3330496788024901, 1.2203099489212037, 1.119970178604126, 1.0129961729049684, 0.9225466251373291, 0.8412712693214417, 0.7751503586769104, 0.7008776783943176, 0.6296161711215973, 0.5778335988521576, 0.5339406490325928, 0.48237000703811644, 0.4530912101268768, 0.4064269185066223, 0.3703188538551331, 0.34070129990577697, 0.31826944649219513, 0.2914325088262558, 0.26935939490795135, 0.2416066884994507, 0.22335501611232758, 0.19800761342048645, 0.18372756838798524, 0.1655683383345604, 0.15046830624341964, 0.1378567934036255, 0.1280037969350815, 0.11427098661661148, 0.10578567683696746, 0.10004706233739853, 0.09230733215808869, 0.08249964490532875, 0.08064799308776856, 0.06835562884807586, 0.0648590937256813, 0.05942669808864594, 0.056331408023834226, 0.05300226807594299, 0.04849013015627861, 0.04639570042490959, 0.04461800456047058, 0.04523254707455635, 0.04199809581041336, 0.03805151134729386, 0.03651160821318626, 0.032249268516898154, 0.03295680657029152, 0.029119212180376053, 0.027844497561454774, 0.025546895712614058, 0.02585906982421875, 0.027269676327705383, 0.025981079414486886, 0.023472891189157963, 0.02207484468817711, 0.020806663297116758, 0.01935153268277645, 0.019325157441198827, 0.017910156212747098, 0.016614674776792526, 0.01623714603483677, 0.015381195954978466, 0.014545814134180546, 0.014455490186810494, 0.013102662190794945, 0.013261666335165501, 0.012128161452710628, 0.012018268369138241, 0.011666041240096093, 0.01101264301687479, 0.011109813861548901, 0.010562757961452007, 0.010010089352726936, 0.00963850151747465, 0.009643520042300225, 0.00989063922315836, 0.009340610541403293, 0.009372517839074135, 0.008584324363619089, 0.008736453391611576, 0.008102627377957106, 0.008003884926438332, 0.007606465835124254, 0.0074055099859833716, 0.007702698651701212, 0.0069614116102457045, 0.007365390378981829, 0.006910795904695987, 0.007287186477333308, 0.006463781092315912, 0.006359545327723026, 0.007024560123682022, 0.006480820663273335, 0.006468702666461467, 0.006859345082193613, 0.006028876639902592],