{"dataset": "CinC_ECG_torso", "depth": 9, "nb_filters": 16, "batch_size": 128, "kernel_size": 32, "use_residual": "True", "use_bottleneck": "True", "acc": 0.997887323943662, "precision": 0.9977241594022417, "recall": 0.9978879429870778, "budget_ran": 1500, "train_curve": [1.1799260139465333, 0.7843282341957092, 0.6290324926376343, 0.5299083292484283, 0.45700960159301757, 0.4000809550285339, 0.34235839247703553, 0.2855531215667725, 0.24912900626659393, 0.22129071056842803, 0.19682596623897552, 0.16762971580028535, 0.1418219178915024, 0.12380456030368805, 0.11804765462875366, 0.09622274488210678, 0.07116292938590049, 0.05620326101779938, 0.05490871146321297, 0.04900983162224293, 0.038141680881381035, 0.032248005643486975, 0.03665997050702572, 0.06717228703200817, 0.06703118812292815, 0.06024443916976452, 0.050290925428271294, 0.036131618358194825, 0.03241211716085672, 0.027822741493582725, 0.02254811506718397, 0.02003872999921441, 0.015892166551202534, 0.014138637110590935, 0.012712044361978769, 0.011981456819921733, 0.010723976884037256, 0.009312506858259439, 0.008689299505203963, 0.007426726724952459, 0.0070268372539430855, 0.006835958128795028, 0.006506653688848019, 0.005938156461343169, 0.007311243051663041, 0.007185349892824888, 0.006529350811615586, 0.007923753745853902, 0.07047221134416759, 0.07999392219353467, 0.05800831636879593, 0.04060432349797338, 0.034660810814239086, 0.03243316859006882, 0.027301128767430783, 0.02181430784985423, 0.020325849181972444, 0.01909129407722503, 0.015359454578720034, 0.014076483924873174, 0.01333254154305905, 0.012304586451500654, 0.011508066556416452, 0.011083120782859623, 0.010914532071910798, 0.009874304698314518, 0.009779585746582598, 0.009387436148244888, 0.00970581070287153, 0.00898674107156694, 0.00814863508567214, 0.008231054432690144, 0.008004137722309679, 0.007803003548178822, 0.007295469322707504, 0.00682106448803097, 0.0071732789860107, 0.006959084491245449, 0.006388486782088876, 0.006833552615717053, 0.005863778537604958, 0.005903733684681356, 0.006473310978617519, 0.005036577221471816, 0.005623315519187599, 0.005189694545697421, 0.0052236918127164245, 0.004570759617490694, 0.005390036903554574, 0.005306557437870651, 0.00444757214281708, 0.00420210100710392, 0.004851329082157463, 0.004347288270946592, 0.004759273480158299, 0.0051566194160841405, 0.004506335535552353, 0.0041379107511602346, 0.004263690963853151, 0.003621885261964053, 0.0038099153432995083, 0.0035077341133728625, 0.003210547554772347, 0.0035548339947126806, 0.003472177998628467, 0.003404823539312929, 0.003630121483001858, 0.0032129103958141057, 0.003114351601107046, 0.0031337077147327364, 0.00288398606935516, 0.0029496591654606164, 0.0030387642094865442, 0.0031829025014303625, 0.0027127408888190986, 0.0025855419225990772, 0.002825044107157737, 0.0026127559365704657, 0.0029681978630833328, 0.0027038906468078495, 0.002540020883316174, 0.0022682377020828426, 0.0024214912322349847, 0.002816371608059853, 0.0028192117111757397, 0.0024132861173711715, 0.002077422698494047, 0.0021823809714987875, 0.0022723428497556596, 0.002413125883322209, 0.002244338335003704, 0.002208878973033279, 0.0019436905276961625, 0.0020841763238422573, 0.0018716115679126232, 0.002272179373539984, 0.0019393937778659164, 0.002145443006884307, 0.002148771518841386, 0.002047671563923359, 0.002173870737897232, 0.002063621277920902, 0.0021791159291751684, 0.002003121341113001, 0.0015951041190419347, 0.0020072749466635287, 0.001632261066697538, 0.001854746910976246, 0.0017253613099455834, 0.0018257940886542202, 0.0017402361845597625, 0.0017366656917147338, 0.0017629614565521478, 0.001737393089570105, 0.0020398344960995017, 0.002001309813931584, 0.0016861245851032436, 0.0016153904085513203, 0.0017679327283985913, 0.0016436524805612863, 0.0017524480004794895, 0.00148299653083086, 0.001500556233804673, 0.0017091277753934265, 0.0017833631136454642, 0.001641633070539683, 0.0017294789489824326, 0.0023181762313470244, 0.002432998578296974, 0.0023039486375637354, 0.0017127903818618506, 0.0016027276986278593, 0.0016674914513714612, 0.001586407603463158, 0.0014949930133298039, 0.0015851490024942905], "val_curve": [1.545011305809021, 1.6286828517913818, 1.6641811847686767, 1.5226331233978272, 2.0738457679748534, 1.8914448499679566, 1.747366976737976, 1.7078281402587892, 1.9510525941848755, 2.012595462799072, 2.4774327754974363, 3.022320818901062, 3.4412073373794554, 3.2267378330230714, 3.1415180206298827, 3.1348088502883913, 3.9692619323730467, 4.260595083236694, 4.379574990272522, 4.384263491630554, 4.320309162139893, 4.431896662712097, 4.765854239463806, 3.79216787815094, 3.8937862396240233, 3.828667664527893, 4.096513414382935, 4.183899831771851, 4.356516742706299, 3.522352433204651, 3.114718794822693, 3.2433263778686525, 3.501437544822693, 3.837227487564087, 3.893143081665039, 3.6682647705078124, 3.8376588821411133, 3.9930073738098146, 4.032884430885315, 4.008633732795715, 4.066628861427307, 3.8003551959991455, 3.770879292488098, 4.004596519470215, 3.9244551420211793, 3.590045666694641, 3.2364523649215697, 3.4396783351898192, 7.402002692222595, 9.31062309741974, 5.8192460298538204, 4.123408150672913, 3.517318773269653, 3.3895114421844483, 3.321794164180756, 3.2444138884544373, 3.0540857195854185, 2.870991039276123, 2.4994431853294374, 2.304493618011475, 2.222740578651428, 2.0788731813430785, 1.924242478609085, 1.8324149787425994, 1.752208450436592, 1.6254624664783477, 1.4859595090150832, 1.4118588656187057, 1.3969474881887436, 1.3019079312682151, 1.145242229104042, 1.0493754908442496, 1.0284799091517924, 0.9809251725673676, 0.8956667102873326, 0.7849163305014372, 0.6770963426679373, 0.6787700846791267, 0.5802710767835378, 0.515218735486269, 0.5154794098809361, 0.37406279854476454, 0.32072313092648985, 0.27745815301314, 0.24287189552560448, 0.14882173631340265, 0.19741669110953808, 0.11626766473054886, 0.16833116533234715, 0.12124899020418525, 0.08487331187352538, 0.07386979078873993, 0.04924985719844699, 0.04009869792498648, 0.037779489625245334, 0.04714316837489605, 0.03298419015482068, 0.030340075958520174, 0.022080178000032903, 0.025086583476513623, 0.020280031580477954, 0.017404799768701195, 0.016055750055238606, 0.01471450123935938, 0.014673172822222113, 0.013896724302321672, 0.012619253993034363, 0.012590627279132604, 0.013088998803868889, 0.013516237773001195, 0.012963499501347541, 0.011981642339378595, 0.013200352340936661, 0.011658020922914148, 0.010868466878309845, 0.010009269928559661, 0.011504263198003174, 0.01087513379752636, 0.01080802115611732, 0.01035774489864707, 0.010288522066548466, 0.009927935339510441, 0.00946154328994453, 0.009419444343075156, 0.009993596514686943, 0.009230125462636352, 0.00934204775840044, 0.008999558631330729, 0.009174914890900254, 0.009153763949871063, 0.009726668102666735, 0.008795971143990755, 0.008882198296487332, 0.008685318427160383, 0.008891269797459245, 0.00907990988343954, 0.009085232391953468, 0.009515887545421719, 0.008868021005764604, 0.009139269730076194, 0.009186733001843094, 0.008844803087413311, 0.00937806274741888, 0.008844079310074448, 0.008872280549257993, 0.009078692598268389, 0.008902465412393212, 0.009720499254763126, 0.00887926877476275, 0.009065717505291105, 0.008649601973593235, 0.008125574514269828, 0.008321179309859872, 0.00837344848550856, 0.008757987851276993, 0.00952275600284338, 0.008416114281862975, 0.00843843468464911, 0.008699866663664579, 0.009372641518712043, 0.008495261520147323, 0.008642717590555548, 0.008264719229191541, 0.008290626294910907, 0.008746336726471782, 0.008258892456069589, 0.008852830436080695, 0.012569822487421334, 0.01271277260966599, 0.011697471421211959, 0.011194111267104744, 0.011535358615219593, 0.008761202916502953, 0.009787705494090915, 0.010140062589198352, 0.008212637901306153]}
{"dataset": "CinC_ECG_torso", "depth": 9, "nb_filters": 16, "batch_size": 128, "kernel_size": 32, "use_residual": "True", "use_bottleneck": "True", "acc": 0.9985915492957746,