{"dataset": "ScreenType", "depth": 9, "nb_filters": 16, "batch_size": 128, "kernel_size": 32, "use_residual": "True", "use_bottleneck": "True", "acc": 0.4533333333333333, "precision": 0.4481466206038249, "recall": 0.4574266184138548, "budget_ran": 1500, "train_curve": [1.1440877199172974, 1.0277607440948486, 0.9820821642875671, 0.9497514009475708, 0.9179784059524536, 0.8811450362205505, 0.8644363045692444, 0.8353752493858337, 0.8063986659049988, 0.7741568207740783, 0.7307215094566345, 0.7181747317314148, 0.7009992957115173, 0.6577276706695556, 0.6446793913841248, 0.6326650738716125, 0.6171332359313965, 0.6046520113945008, 0.5801514625549317, 0.5832142949104309, 0.5640856504440308, 0.5580798387527466, 0.5342039406299591, 0.5065440654754638, 0.49580333232879636, 0.49225217700004575, 0.46946342587471007, 0.45948362350463867, 0.42710694670677185, 0.4183983027935028, 0.4282827377319336, 0.41482279896736146, 0.40119617581367495, 0.39288932681083677, 0.37141786217689515, 0.3542911410331726, 0.355055159330368, 0.3360047310590744, 0.32153360843658446, 0.29651322960853577, 0.28134248554706576, 0.27826254069805145, 0.24226898550987244, 0.2387119263410568, 0.23617581725120546, 0.22422041594982148, 0.2078726589679718, 0.21941856145858765, 0.22036176919937134, 0.21193817853927613, 0.209525403380394, 0.1860562026500702, 0.1700210303068161, 0.14727925658226013, 0.162986221909523, 0.1603887990117073, 0.1370560884475708, 0.1327282726764679, 0.11644725650548934, 0.11647631898522377, 0.11331894919276238, 0.12236965075135231, 0.10209253951907157, 0.10446656495332718, 0.09831400848925113, 0.09954286105930805, 0.09830021560192108, 0.0847983792424202, 0.07766394540667534, 0.08303521685302258, 0.10202705562114715, 0.12862945348024368, 0.12253419868648052, 0.11659541130065917, 0.10410143323242664, 0.09510093089193106, 0.07375360205769539, 0.07338269222527742, 0.05679413117468357, 0.05101854354143143, 0.05442731250077486, 0.04607107397168875, 0.03513721600174904, 0.032410301454365256, 0.03147630374878645, 0.031115776300430296, 0.03367529474198818, 0.030785406567156316, 0.029582067299634217, 0.028344600833952426, 0.020649428199976682, 0.020355767011642455, 0.021233759820461273, 0.01898254416882992, 0.017550557851791382, 0.015031202882528304, 0.02034841924905777, 0.014410283695906401, 0.015341498330235482, 0.013857026677578687, 0.014261813648045064, 0.019464644230902196, 0.016658874601125716, 0.020881732739508153, 0.02020863825455308, 0.017949827667325734], "val_curve": [1.2760166883468629, 1.52383451461792, 1.6029322624206543, 1.5172764539718628, 1.3852507829666139, 1.2635426282882691, 1.1815250635147094, 1.1465902090072633, 1.1266093254089355, 1.1004353046417237, 1.1316988706588744, 1.1136699199676514, 1.1182579278945923, 1.1685094118118287, 1.1586090564727782, 1.1844677448272705, 1.3115478515625, 1.3303826332092286, 1.3341360330581664, 1.3105178117752074, 1.4461838245391845, 1.3428255796432496, 1.4093677282333374, 1.4781580686569213, 1.418248987197876, 1.4466833353042603, 1.5578764915466308, 1.6597040176391602, 1.7777706861495972, 1.6885021448135376, 1.6080262660980225, 1.679810357093811, 1.8720434427261352, 1.9871586322784425, 2.0411413669586183, 2.1327552795410156, 2.1820045709609985, 2.4859562158584594, 2.416861128807068, 2.3606622219085693, 2.5696595430374147, 2.629512405395508, 2.6967028856277464, 2.4145700216293333, 2.412798619270325, 2.406097483634949, 2.2672892093658445, 2.4596056222915648, 2.6576373100280763, 2.5930426120758057, 2.6365979433059694, 2.5872345685958864, 3.0374054431915285, 2.8640363216400146, 3.024826192855835, 2.855234217643738, 2.884352779388428, 2.8722795248031616, 2.887421131134033, 2.920142483711243, 3.090194487571716, 2.990787982940674, 2.6722018718719482, 2.834148907661438, 2.3509817361831664, 2.709039044380188, 2.9407652378082276, 2.7518375873565675, 2.8106013774871825, 3.1164709329605103, 2.583677577972412, 2.769529032707214, 2.6550626277923586, 2.808731698989868, 2.7404085636138915, 2.554026389122009, 3.023856997489929, 3.0634453296661377, 3.534491205215454, 3.7284807205200194, 3.7192471504211424, 3.737510013580322, 3.443334722518921, 3.4047054290771483, 2.9901617527008058, 2.896402096748352, 2.8015583992004394, 4.023106527328491, 3.5784226655960083, 3.3303738117218016, 2.8477384567260744, 2.5083414554595946, 3.085079479217529, 3.6055305004119873, 2.780729961395264, 2.509781742095947, 2.771466875076294, 2.6017828702926638, 2.3695383071899414, 2.240744924545288, 3.3717491388320924, 2.675054430961609, 2.2365863800048826, 2.2752026081085206, 2.156806302070618, 2.641085124015808]}
{"dataset": "ScreenType", "depth": 9, "nb_filters": 16, "batch_size": 128, "kernel_size": 32, "use_residual": "True", "use_bottleneck": "True", "acc": 0.508, "precision": 0.5256496870936048, "recall": 0.5044510601389864, "budget_ran": 1500, "train_curve": [1.1496111631393433, 1.0208974123001098, 0.9711811900138855, 0.9257087945938111, 0.8899507880210876, 0.860820209980011, 0.8303942918777466, 0.8017679333686829, 0.7731977462768554, 0.7382839441299438, 0.712042224407196, 0.6965568542480469, 0.6802383899688721, 0.6753922224044799, 0.6694923758506774, 0.6491451621055603, 0.6225773453712463, 0.6005167007446289, 0.5967968940734864, 0.5630721688270569, 0.568574321269989, 0.5326907157897949, 0.5245722711086274, 0.4919571578502655, 0.4751249670982361, 0.4759221374988556, 0.4641853988170624, 0.4433430016040802, 0.4264357626438141, 0.4348217248916626, 0.3976202070713043, 0.39164326190948484, 0.3929061830043793, 0.39210718870162964, 0.3617770314216614, 0.3352600336074829, 0.328017258644104, 0.31269184947013856, 0.321214097738266, 0.28652278184890745, 0.26918878257274625, 0.2522680550813675, 0.2446864664554596, 0.24633718132972718, 0.23440717160701752, 0.22613999545574187, 0.21973280757665634, 0.2120709791779518, 0.1870722234249115, 0.19539726823568343, 0.1807522416114807, 0.16664530485868453, 0.17284883707761764, 0.16456958204507827, 0.15171946734189987, 0.1644662395119667, 0.15433926433324813, 0.1362561821937561, 0.1418923020362854, 0.1285935692489147, 0.1253884568810463, 0.11481374427676201, 0.09727599695324898, 0.08477030470967292, 0.078258915245533, 0.07826378345489501, 0.06828227713704109, 0.0707676887512207, 0.07104548737406731, 0.057464127987623216, 0.056237059831619265, 0.04709238819777965, 0.048210214078426364, 0.04574796818196773, 0.04358130097389221, 0.04419746957719326, 0.048756974563002584, 0.06806259267032147, 0.06423374451696873, 0.08969956748187542, 0.07406696174293756, 0.06136167366057634, 0.05248684976249933, 0.05015683602541685, 0.04794769212603569, 0.04901631623506546, 0.04008499756455421, 0.03969403617084026, 0.03853221572935581, 0.02813352271914482, 0.02535228952765465, 0.02612403854727745, 0.027963012084364892, 0.021692673303186895, 0.02195986146107316, 0.01721181971952319, 0.0157683577388525, 0.01539573259651661, 0.013628133293241262, 0.013955332804471254, 0.012706166412681342, 0.01291590379551053, 0.012009178381413221, 0.011985341273248195, 0.010696858167648315],