{"dataset": "Coffee", "depth": 9, "nb_filters": 16, "batch_size": 128, "kernel_size": 32, "use_residual": "True", "use_bottleneck": "True", "acc": 0.8, "precision": 0.7806818181818181, "recall": 0.8625, "budget_ran": 1500, "train_curve": [0.8526008009910584, 0.6016803622245789, 0.41211187839508057, 0.2622591257095337, 0.16744082123041154, 0.11010594069957733, 0.07981235682964324, 0.05850563272833824, 0.045356232672929764, 0.03656934201717377, 0.029546646401286125, 0.024422429874539374, 0.020689028315246105, 0.01765859145671129, 0.015179986134171486, 0.013195441663265228, 0.01158777354285121, 0.010235839802771807, 0.009067507460713387, 0.008065917622298002, 0.00722992904484272, 0.006544432090595365, 0.005975394509732723, 0.005479637905955315, 0.005029987450689078, 0.004615767579525709, 0.004241869505494833, 0.003913982398808002, 0.003632900258526206, 0.0033918934175744654, 0.0031802295707166195, 0.0029900770634412764, 0.002816475019790232, 0.002656481880694628, 0.0025096816010773183, 0.0023765083169564605, 0.002256914577446878, 0.002149198343977332, 0.0020516656804829836, 0.001962016639299691, 0.0018783475970849395, 0.0018000545678660274, 0.001726926490664482, 0.001659156021196395, 0.0015964675927534699, 0.0015386060113087296, 0.0014851630316115917, 0.001435462839435786, 0.0013889758614823223, 0.0013452839804813266, 0.0013040989404544234, 0.0012652247329242527, 0.0012286413926631211, 0.0011942704557441175, 0.001161990175023675, 0.0011316010961309076, 0.001102947909384966, 0.0010759355500340462, 0.0010503723635338247, 0.0010260238545015455, 0.0010027531185187399, 0.000980456720571965, 0.0009591330192051828, 0.000938750442583114, 0.0009192850382532924, 0.0009006461419630796, 0.0008827742363791913, 0.0008656542806420476, 0.000849191244924441, 0.0008333338191732764, 0.0008180665143299847, 0.0008033236779738217, 0.0007902424433268607, 0.0007776083482895046, 0.0007653819571714848, 0.0007535642886068672, 0.0007421406335197389, 0.0007311064342502505, 0.0007204459921922535, 0.0007101144234184176, 0.0007000942481681704, 0.0006903576897457242, 0.0006809002603404224, 0.0006718322285450995, 0.0006630271614994854, 0.0006544673058670014, 0.0006461492739617825, 0.0006380376464221627, 0.0006310677796136588, 0.0006242621806450188, 0.0006176096270792186, 0.0006111165974289178, 0.0006047824397683143, 0.0005985751457046717, 0.0005925142031628639, 0.0005891392997000366, 0.0005858203337993472, 0.0005825632018968463, 0.0005794707860331983, 0.0005764357803855092, 0.0005734624690376222], "val_curve": [0.6838482737541198, 0.7319428563117981, 0.8549816608428955, 1.0732025504112244, 1.4161535620689392, 1.727618944644928, 2.014793848991394, 2.2401792764663697, 2.3536122322082518, 2.350772190093994, 2.27137553691864, 2.1935824751853943, 2.1494087755680082, 2.1080802202224733, 2.04030704498291, 1.9401874899864198, 1.8654983550310136, 1.8635692179203034, 1.944603967666626, 2.0724921941757204, 2.196363365650177, 2.2895563006401063, 2.3467374444007874, 2.3674641013145448, 2.3570993065834047, 2.3245306611061096, 2.277864956855774, 2.2231592655181887, 2.1647529006004333, 2.1078997373580934, 2.055430030822754, 2.0085155963897705, 1.9676918268203736, 1.9328644394874572, 1.9037080883979798, 1.8798639535903932, 1.8602280735969543, 1.8425246596336364, 1.8246374368667602, 1.8065772652626038, 1.7881599903106689, 1.7689431071281434, 1.7492358803749084, 1.7292424321174622, 1.7093116641044617, 1.6893537998199464, 1.6695343613624574, 1.6495227694511414, 1.6291876316070557, 1.6084348797798156, 1.5873049736022948, 1.5656405925750732, 1.5432224035263062, 1.5201013565063477, 1.4967361688613892, 1.4727320909500121, 1.447744083404541, 1.4215729475021361, 1.3945660591125488, 1.3670335173606873, 1.3392930507659913, 1.3113548755645752, 1.2833722472190856, 1.2556519627571106, 1.2284878134727477, 1.2019662618637086, 1.1761783599853515, 1.1512771368026733, 1.1271127343177796, 1.1038042902946472, 1.0812140822410583, 1.0611025810241699, 1.0418114185333252, 1.023121428489685, 1.0050446748733521, 0.9874960780143738, 0.9703387260437012, 0.9536961555480957, 0.937590217590332, 0.9220867276191711, 0.9071858942508697, 0.8928424060344696, 0.8793071448802948, 0.8663281857967376, 0.8539237380027771, 0.8421682000160218, 0.8310526430606842, 0.8206928908824921, 0.8108544170856475, 0.8015425860881805, 0.7927470684051514, 0.7844621419906617, 0.7766388773918151, 0.7692577719688416, 0.7622124135494233, 0.7556718230247498, 0.7496113955974579, 0.7439360320568085, 0.7386721551418305, 0.7338319420814514, 0.7293079793453217]}
{"dataset": "Coffee", "depth": 9, "nb_filters": 16, "batch_size": 128, "kernel_size": 32, "use_residual": "True", "use_bottleneck": "True", "acc": 0.6257575757575758, "precision": 0.6031060606060605, "recall": 0.6875, "budget_ran": 1500, "train_curve": [0.9865611910820007, 0.7084839582443238, 0.4861953556537628, 0.3167344182729721, 0.20738970935344697, 0.13957236409187318, 0.09774885177612305, 0.07096907962113619, 0.05317022614181042, 0.04140059500932693, 0.03315194770693779, 0.026950130797922613, 0.022190226800739767, 0.018476252909749746, 0.015518579632043839, 0.013256584107875825, 0.011498822923749685, 0.010060503706336021, 0.008874260331504047, 0.007902415934950113, 0.0070951764937490225, 0.0064126458950340744, 0.0058247404871508476, 0.00530626536346972, 0.0048551713582128285, 0.004473129566758871, 0.004151829530019313, 0.0038703899946995078, 0.0036138939205557106, 0.0033832982764579354, 0.0031817813054658473, 0.0030058239004574715, 0.0028472487698309123, 0.0026979080750606952, 0.0025553972111083565, 0.0024219201295636594, 0.0023020224529318512, 0.0021970843023154884, 0.002103951992467046, 0.0020174243079964073, 0.0019354305579327047, 0.001858986495062709, 0.0017899518890772015, 0.0017277840874157847, 0.0016703364730346949, 0.0016157275123987347, 0.0015634306939318777, 0.0015141050505917519, 0.00146825987030752, 0.0014258491981308907, 0.0013862232968676834, 0.0013486138253938408, 0.0013125612982548772, 0.0012783249199856072, 0.001247044955380261, 0.0012177332362625747, 0.001190096791833639, 0.001163744297809899, 0.0011384857760276645, 0.0011143132287543267, 0.0010912656784057618, 0.0010693992022424935, 0.0010485404054634273, 0.0010285037162248046, 0.0010091711475979537, 0.0009906812687404455, 0.0009729446843266487, 0.0009559450089000165, 0.000939659884897992, 0.0009239841368980706, 0.0009087902726605535, 0.0008940630534198136, 0.0008798037597443908, 0.0008660635270643979, 0.0008528444974217564, 0.0008400498190894723, 0.00082765479455702, 0.0008155774266924709, 0.0008038532047066838, 0.0007935983478091658, 0.0007836615026462823, 0.0007740246423054486, 0.0007646318525075912, 0.0007554825861006975, 0.0007465635717380792, 0.0007379059039521963, 0.0007294937851838768, 0.0007212736585643142, 0.0007132485858164728, 0.0007053897541482001, 0.0006977257318794728, 0.000690225517610088, 0.0006839533976744861, 0.0006779390329029411, 0.0006720531673636287, 0.000666285480838269, 0.0006606416194699704, 0.0006551026075612753, 0.0006496770132798701, 0.0006443684746045619, 0.0006391494593117386, 0.0006340361956972629, 0.0006291437486652285],