{"dataset": "FordA", "depth": 9, "nb_filters": 16, "batch_size": 128, "kernel_size": 32, "use_residual": "True", "use_bottleneck": "True", "acc": 0.9538727250216665, "precision": 0.9541087056600495, "recall": 0.953771979327288, "budget_ran": 1500, "train_curve": [0.26151860058307647, 0.18342403471469879, 0.1599930316209793, 0.15393805205821992, 0.1570083349943161, 0.13766837269067764, 0.12960704416036606, 0.13386097103357314, 0.12426615357398987, 0.1237875446677208, 0.1357975035905838, 0.12039747238159179, 0.11251089572906495, 0.09972122460603713, 0.09620569497346879, 0.09755374640226364, 0.08821470364928245, 0.10391099750995636, 0.10046211034059524, 0.09695691466331482, 0.08374202698469162, 0.11001254767179489, 0.10277267098426819, 0.09254398941993713, 0.09219538569450378, 0.08408074826002121, 0.07915367260575294, 0.0758317917585373, 0.07336389943957329, 0.06714069619774818, 0.06197868213057518, 0.05086653977632523, 0.0663869857788086, 0.08282919004559516, 0.07202386036515236, 0.06450022794306279, 0.05179017260670662, 0.05648809596896172, 0.06706367693841457, 0.05826763734221459, 0.049359146505594254, 0.03457902930676937, 0.05229129046201706, 0.041306962817907335, 0.030519801750779153, 0.029453974962234498, 0.027558633685112, 0.04472658094018698, 0.05993008129298687, 0.03998414315283298, 0.04143595583736896, 0.027753907442092895, 0.02924988828599453, 0.0345360929146409, 0.0396433487534523, 0.030559468269348144, 0.02388935349881649, 0.02552786823362112, 0.02651076540350914, 0.017220315523445606, 0.014124722220003605, 0.013165750168263912, 0.017834677919745447, 0.016111360117793082, 0.013346332125365734, 0.013410435896366835, 0.011296228785067797, 0.011811366025358438, 0.015147259365767241, 0.013353420421481133, 0.013087625801563262, 0.016036638338118792, 0.01297154026106, 0.009739174321293832, 0.011778216995298862, 0.019753674697130918, 0.012274117209017277, 0.010741662979125977, 0.010554710682481528, 0.013674083910882474, 0.015407930687069893, 0.013358548190444708, 0.015015379525721073, 0.01352018490433693, 0.010967077501118184, 0.009309555031359195, 0.009207633044570684, 0.01315420875325799, 0.008042086474597454, 0.007161528803408146, 0.01006378186866641, 0.009488494973629713, 0.012194474693387747, 0.00872045075520873, 0.007205863017588854, 0.00885867765173316, 0.007425681315362453, 0.009155418584123253, 0.00694928988814354, 0.006228665541857481, 0.006378814857453108, 0.007031774986535311, 0.006789913633838296, 0.005242638802155852, 0.0051271514501422645, 0.004689569771289826, 0.004481823230162263, 0.007768343342468143], "val_curve": [0.6075425982475281, 0.5821592152118683, 0.473943954706192, 0.6229397535324097, 0.45830571055412295, 0.41983376145362855, 0.6424284666776657, 0.5914421617984772, 0.5501393735408783, 0.7735859841108322, 0.4506791114807129, 1.079232582449913, 0.37533754110336304, 0.47421169877052305, 0.3821989595890045, 0.35693278908729553, 0.24419665038585664, 0.3355707198381424, 0.2533897578716278, 0.8468134462833404, 0.20181095600128174, 0.5290589928627014, 0.37433037757873533, 0.20933661758899688, 0.19331853985786437, 0.2553952783346176, 0.35181250274181364, 0.3493898630142212, 0.23730128705501558, 0.40824246406555176, 0.1959688365459442, 0.1863778293132782, 2.5425523996353148, 2.396900674700737, 0.3577373206615448, 0.1788319855928421, 0.21709536612033845, 0.37958305776119233, 0.3243379145860672, 0.33803524971008303, 0.3668863207101822, 0.2273101508617401, 0.1932161867618561, 0.16110433340072633, 0.1525181233882904, 0.2265174627304077, 0.21872232854366302, 0.24992154240608216, 0.3290165841579437, 0.2797841906547546, 0.28412264585494995, 0.17083532512187957, 0.18551215529441833, 0.24567247331142425, 1.1138139754533767, 0.217694228887558, 0.1846074253320694, 0.1817951798439026, 0.21052158772945403, 0.15886911749839783, 0.15911985337734222, 0.16197180151939392, 0.15930201709270478, 0.15402508080005645, 0.1684099555015564, 0.16548436284065246, 0.1684014081954956, 0.16893599033355713, 0.1855902522802353, 0.18397220075130463, 0.17623387575149535, 0.18168458938598633, 0.1628779798746109, 0.1598722130060196, 0.1800231397151947, 0.1991472452878952, 0.1788792759180069, 0.2010374218225479, 0.17142563164234162, 0.16465204060077668, 0.17375206351280212, 0.22538762986660005, 0.19882635176181793, 0.19006401896476746, 0.17223720252513885, 0.17337290644645692, 0.16823212206363677, 0.1644359529018402, 0.16432303190231323, 0.17176015973091124, 0.19619421064853668, 0.17237037122249604, 0.19047789573669432, 0.1900225520133972, 0.1726795643568039, 0.17018887102603913, 0.1705010086297989, 0.2260069042444229, 0.19955951869487762, 0.17622315585613252, 0.1740846186876297, 0.17466384172439575, 0.20522569715976716, 0.18364534080028533, 0.17420923709869385, 0.1686919003725052, 0.16626197695732117, 0.20960926115512848]}
{"dataset": "FordA", "depth": 9, "nb_filters": 16, "batch_size": 128, "kernel_size": 32, "use_residual": "True", "use_bottleneck": "True", "acc": 0.9496031942552927, "precision": 0.9496234397928746, "recall": 0.9496601150623156, "budget_ran": 1500, "train_curve": [0.28854034543037416, 0.18152204751968384, 0.16067959666252135, 0.15961906015872956, 0.14987672567367555, 0.14586594104766845, 0.13695303201675416, 0.13370180428028106, 0.12854662388563157, 0.13036462664604187, 0.12381260246038436, 0.1359049677848816, 0.11087562143802643, 0.10429015457630157, 0.09696712344884872, 0.1108759418129921, 0.10241106897592545, 0.1165428027510643, 0.11388268619775772, 0.09828501641750335, 0.1019851729273796, 0.0898127630352974, 0.0949553370475769, 0.08338670283555985, 0.08395442068576812, 0.07884686887264251, 0.08086229115724564, 0.08750837072730064, 0.07761605679988862, 0.06296605616807938, 0.07678040489554405, 0.10176160931587219, 0.07906007394194603, 0.06721996441483498, 0.05729136317968368, 0.05497167818248272, 0.07502010688185692, 0.06323033720254898, 0.05598638206720352, 0.04864573404192925, 0.05052401907742023, 0.058713778480887414, 0.0490935780107975, 0.0746019933372736, 0.06731774434447288, 0.049789822101593016, 0.04810583740472794, 0.03619603402912617, 0.029486429318785666, 0.024987246841192245, 0.02328225187957287, 0.039153801091015336, 0.07538128569722176, 0.062235555797815326, 0.04491292275488377, 0.03617047891020775, 0.029849015548825263, 0.02415908332914114, 0.028948910534381866, 0.041176028363406655, 0.032163725793361665, 0.04381392188370228, 0.030952440574765205, 0.0252911776304245, 0.020918313041329385, 0.018221097253262996, 0.02417518962174654, 0.025702665187418462, 0.027753508649766445, 0.018596233893185855, 0.01514066243544221, 0.02214959291741252, 0.016200181283056735, 0.014754985552281141, 0.011554456409066915, 0.010759246069937944, 0.01669641528278589, 0.016797112300992012, 0.011193344090133905, 0.009702552109956741, 0.00922023355960846, 0.008721136581152677, 0.01803330909460783, 0.012196683976799249, 0.00975684281438589, 0.010496287699788808, 0.00904825869947672, 0.00854644300416112, 0.008240139298141002, 0.00666197962127626, 0.008468686789274215, 0.010240799328312278, 0.009787412546575069, 0.012500810250639916, 0.007924664579331876, 0.008814438711851835, 0.007658739853650331, 0.013265168014913797, 0.008264218783006072, 0.007930365530773998, 0.008078501140698791, 0.009662398276850582, 0.008624562015756964, 0.016710760677233337, 0.007556445291265845, 0.006826711539179087, 0.007524136919528246, 0.006337137054651975, 0.005003649881109596],