{"dataset": "DistalPhalanxOutlineCorrect", "depth": 9, "nb_filters": 16, "batch_size": 128, "kernel_size": 32, "use_residual": "True", "use_bottleneck": "True", "acc": 0.7570064935064934, "precision": 0.8099667117090419, "recall": 0.724514785823005, "budget_ran": 1500, "train_curve": [0.6583516597747803, 0.5283591687679291, 0.45669475197792053, 0.434397292137146, 0.42460434436798095, 0.39010443091392516, 0.3926857829093933, 0.36355244517326357, 0.3546487629413605, 0.38274267315864563, 0.35251825451850893, 0.3487634718418121, 0.330958753824234, 0.30809174180030824, 0.3117342174053192, 0.2904857397079468, 0.29578198194503785, 0.27144811749458314, 0.2839191734790802, 0.27961779236793516, 0.2541444957256317, 0.25429545938968656, 0.30300507247447966, 0.2591573029756546, 0.26386334002017975, 0.25347272753715516, 0.27011288404464723, 0.26705363392829895, 0.2890147417783737, 0.25251637399196625, 0.23910053968429565, 0.2276980310678482, 0.22514255940914155, 0.21715534329414368, 0.20999592244625093, 0.22297599017620087, 0.20485811531543732, 0.18854554891586303, 0.19610195457935334, 0.19351003170013428, 0.18291135728359223, 0.17482035756111144, 0.16030555069446564, 0.15545872151851653, 0.1550738513469696, 0.14571484327316284, 0.13623991161584853, 0.12531056255102158, 0.12570488899946214, 0.11438415944576263, 0.12315472215414047, 0.11508563607931137, 0.10947691947221756, 0.09316127300262451, 0.09545786380767822, 0.1025029480457306, 0.10357433259487152, 0.11239428371191025, 0.11771597862243652, 0.11072371527552605, 0.09460973963141442, 0.09691944643855095, 0.09755605459213257, 0.1141656443476677, 0.13468022868037224, 0.13341874927282332, 0.14538086503744124, 0.1300278313457966, 0.11442758589982986, 0.10234915167093277, 0.08634385913610458, 0.08063023388385773, 0.07436148002743721, 0.06052539609372616, 0.06191101223230362, 0.05900672115385532, 0.05171191170811653, 0.05729800462722778, 0.046711225807666776, 0.04725560694932938, 0.045596391707658765, 0.04978567659854889, 0.04925288707017898, 0.04408565610647201, 0.036205243319272995, 0.04236585758626461, 0.03988473191857338, 0.05605230554938316, 0.04981556497514248, 0.04960486628115177, 0.06007303223013878, 0.057710252702236176, 0.04420967400074005, 0.0488044124096632, 0.04388380534946919, 0.03722150176763535, 0.03471937701106072, 0.034647229686379434, 0.03700521513819695, 0.04055803753435612, 0.03873647563159466, 0.04427020810544491, 0.04477803148329258, 0.03658917471766472], "val_curve": [0.8618648648262024, 1.1519538402557372, 1.2946285843849181, 1.1415372014045715, 0.8048243761062622, 0.7004964828491211, 0.7654582858085632, 0.7189077854156494, 0.7343432426452636, 0.6781577825546264, 0.6534671783447266, 0.815660011768341, 0.9768222212791443, 1.1240278124809264, 1.2391721487045289, 1.5977719664573669, 1.9571942567825318, 2.212287497520447, 2.598622274398804, 3.2744478225708007, 3.933957207202911, 4.757505321502686, 6.36941556930542, 6.047595119476318, 6.300830507278443, 6.459504127502441, 6.243915987014771, 5.450723314285279, 4.456516695022583, 3.8257565975189207, 3.605348014831543, 3.5243915557861327, 3.3719887256622316, 3.7090413570404053, 4.446139192581176, 4.14604344367981, 4.236904954910278, 4.60645866394043, 4.854109621047973, 4.474974250793457, 4.044968843460083, 3.9612757205963134, 4.374228477478027, 4.703692030906677, 4.326676225662231, 4.141269302368164, 4.21287431716919, 4.102186393737793, 4.3498002052307125, 4.414244866371154, 3.7802194356918335, 3.686225247383118, 4.019809556007385, 4.0043981075286865, 4.053349018096924, 4.487407779693603, 4.221791434288025, 2.8821905136108397, 2.763604736328125, 2.8491764307022094, 3.209027576446533, 2.5766976475715637, 2.510150909423828, 2.106178891658783, 2.2213565826416017, 2.9510166883468627, 2.212642514705658, 2.1831461429595946, 2.0306047201156616, 1.7480898737907409, 1.698595368862152, 1.633837676048279, 1.6023074746131898, 1.69553040266037, 1.760361659526825, 1.7756312131881713, 1.7881667613983154, 1.5740088939666748, 1.285171639919281, 1.213056707382202, 1.2415493965148925, 1.3195536613464356, 1.2846293687820434, 1.3584471821784974, 1.3324889719486237, 1.3622583031654358, 1.5477314114570617, 1.5585570216178894, 1.1148789167404174, 0.9161240458488464, 0.9178295731544495, 0.9456780076026916, 0.9171724557876587, 0.8054628789424896, 0.8036198198795319, 0.8702615976333619, 0.8720767199993134, 0.8149348855018616, 0.7672141492366791, 0.8285887777805329, 1.0736560344696044, 1.0305935561656951, 0.9756796360015869, 1.0909505605697631]}
{"dataset": "DistalPhalanxOutlineCorrect", "depth": 9, "nb_filters": 16, "batch_size": 128, "kernel_size": 32, "use_residual": "True", "use_bottleneck": "True", "acc": 0.7259415584415585, "precision": 0.6802424401764945, "recall": 0.716233037215541, "budget_ran": 1500, "train_curve": [0.8651738166809082, 0.5297224283218384, 0.4755216360092163, 0.42192248702049256, 0.38798023462295533, 0.3920436501502991, 0.3869680941104889, 0.366302078962326, 0.34547210335731504, 0.35362139344215393, 0.33841174840927124, 0.3768517017364502, 0.3379437029361725, 0.32596415281295776, 0.29519822895526887, 0.307013738155365, 0.335577130317688, 0.33434762954711916, 0.3096646130084991, 0.3738682806491852, 0.33014069199562074, 0.3224522113800049, 0.3058210849761963, 0.2682901740074158, 0.2534321337938309, 0.28064368963241576, 0.2639408469200134, 0.255054971575737, 0.25219481289386747, 0.26988578736782076, 0.2578395873308182, 0.225825634598732, 0.216631156206131, 0.2132064402103424, 0.23522113561630248, 0.21581740081310272, 0.2295757442712784, 0.21473552286624908, 0.21271535158157348, 0.20497748255729675, 0.19505568444728852, 0.18160822093486786, 0.17653203308582305, 0.1798317551612854, 0.19654207825660705, 0.20214270949363708, 0.18354614824056625, 0.17514894008636475, 0.16281763911247255, 0.1599125847220421, 0.15153298228979112, 0.14717957824468614, 0.1322766050696373, 0.12098204046487808, 0.1472784087061882, 0.13549817055463792, 0.1502358615398407, 0.14895808845758438, 0.1407162681221962, 0.13703470975160598, 0.13431387543678283, 0.12987278029322624, 0.13001561760902405, 0.11753363832831383, 0.10687920451164246, 0.09985304847359658, 0.09624360501766205, 0.09118484929203988, 0.08376783728599549, 0.08681851625442505, 0.0757464274764061, 0.0798510767519474, 0.07350785583257675, 0.06886582300066948, 0.06608565524220467, 0.07048513069748878, 0.06440055295825005, 0.061172652244567874, 0.0634493000805378, 0.058830675482749936, 0.05890955254435539, 0.065518319606781, 0.058967775851488116, 0.06089399456977844, 0.05892592743039131, 0.054710279777646066, 0.04379288516938686, 0.04150792397558689, 0.03886516690254212, 0.0404305599629879, 0.0513354130089283, 0.04342958182096481, 0.039273688569664955, 0.03669813722372055, 0.04353843405842781, 0.045735526084899905, 0.042828821763396266, 0.04694150649011135, 0.04448231235146523, 0.037251027300953865, 0.03568588197231293],