{"dataset": "Cricket_Z", "depth": 9, "nb_filters": 16, "batch_size": 128, "kernel_size": 32, "use_residual": "True", "use_bottleneck": "True", "acc": 0.826923076923077, "precision": 0.8412564920459656, "recall": 0.830368452282152, "budget_ran": 1500, "train_curve": [2.3900938510894774, 1.9101093292236329, 1.6745347261428833, 1.4949915409088135, 1.3398410558700562, 1.2022716522216796, 1.0795076370239258, 0.9763828158378601, 0.8889905571937561, 0.8065444707870484, 0.7393287062644959, 0.6723527669906616, 0.6159031867980957, 0.5655372619628907, 0.5175671935081482, 0.4694675087928772, 0.43543241620063783, 0.404052609205246, 0.36809922456741334, 0.33803982138633726, 0.3146489143371582, 0.27696737051010134, 0.25048776865005495, 0.2248884916305542, 0.20038399696350098, 0.18768245875835418, 0.17150505185127257, 0.14581721723079683, 0.12593744397163392, 0.10661483258008957, 0.094986891746521, 0.08460151478648185, 0.07619014531373977, 0.07945272698998451, 0.06549349799752235, 0.05587702766060829, 0.0486357569694519, 0.04709867611527443, 0.04635660052299499, 0.046110103651881215, 0.04440795257687569, 0.041736521571874616, 0.03430903255939484, 0.031140394881367682, 0.026048657670617103, 0.022499821707606317, 0.02074838671833277, 0.019415480457246302, 0.01659613475203514, 0.015194313786923885, 0.014691883139312268, 0.01457320675253868, 0.016777300648391245, 0.014545009098947048, 0.013666842505335808, 0.012103543058037758, 0.011725249141454697, 0.010930038057267666, 0.010300115123391152, 0.010149744898080825, 0.00934663787484169, 0.008612034562975168, 0.008354724012315273, 0.007766849361360073, 0.007869908027350903, 0.007485390920192003, 0.007355904113501311, 0.0071947709657251835, 0.006917377281934023, 0.006312331184744835, 0.0063970151357352735, 0.006163850240409374, 0.005810666736215353, 0.005878400616347789, 0.0057305323891341685, 0.0056288250721991066, 0.005207084864377975, 0.005323924869298935, 0.005057200323790312, 0.005238423775881529, 0.004859169619157911, 0.004950052779167891, 0.004354124516248703, 0.004558486817404628, 0.004377294471487403, 0.00466611422598362, 0.004343305015936494, 0.004285323666408658, 0.0040161475539207455, 0.004091014666482806, 0.004054075479507447, 0.003929334692656994, 0.00393204721622169, 0.004009472578763962, 0.003849652223289013, 0.0035421598702669145, 0.003708465909585357, 0.003393791988492012, 0.003455281909555197, 0.00332223204895854, 0.003386739082634449, 0.0032313295174390077, 0.0032084627076983453, 0.003155575366690755, 0.003192365635186434, 0.003088213736191392, 0.0029519305564463137, 0.0028569896705448626, 0.0030369752086699007, 0.002976408088579774, 0.0028357656672596933, 0.002782685123383999, 0.00276875258423388, 0.002840999746695161, 0.002743809390813112, 0.002844415232539177, 0.0026916525792330505, 0.0027012277860194445, 0.0025445743463933467, 0.0025856296997517347, 0.002595688821747899, 0.0024837489239871503, 0.0025016536470502614, 0.00246665826998651, 0.0023846330121159555, 0.002375247050076723, 0.002420848561450839, 0.002447812119498849, 0.0023947779554873705, 0.002318822080269456, 0.002446235530078411, 0.002268538670614362, 0.002366305282339454, 0.0023476523347198963, 0.0021153018344193695, 0.0021435569738969206, 0.00230014871340245, 0.0021520711947232486, 0.0022655788576230406, 0.00230495126452297, 0.0021736529655754567, 0.002021792787127197, 0.002179395128041506, 0.0019615095807239413, 0.0020133614307269454, 0.001969930832274258, 0.002018411597236991, 0.0019421967677772044, 0.0019504961324855684, 0.0018749798648059369, 0.001992553798481822, 0.001991620101034641, 0.0021489292848855257, 0.0019522607792168856, 0.0019774920074269176, 0.002038126951083541, 0.0018638976849615573, 0.0018638449488207697, 0.001992405392229557, 0.0019421386532485485, 0.001964232907630503, 0.0019496950088068842, 0.0018290446838364004, 0.0017640291713178157, 0.0018263147212564945, 0.001868051360361278, 0.001788802002556622, 0.0017777448985725642, 0.0017260322347283363, 0.00203624926507473, 0.0017468990525230765, 0.0017679683398455382, 0.0018744460307061673, 0.0018195369280874728, 0.0019467480946332217, 0.0017805257812142372, 0.0017449411563575268, 0.0018135545309633017, 0.0017904073232784868, 0.0018990031443536282, 0.001762566901743412, 0.0016610929276794195, 0.0017747170524671674, 0.001704911340493709, 0.0017966364743188024, 0.0017119362484663725, 0.0015880158636718989, 0.0016975629841908813, 0.0017071457579731942, 0.0017042857594788074, 0.001797363650985062, 0.0016437694430351257, 0.0017542884452268481, 0.0016679026186466217, 0.00179929924197495, 0.0016388288117013873, 0.0016499754274263978, 0.0017305362620390953, 0.0017268983414396645, 0.001674594427458942, 0.0016327885910868644, 0.0017314161290414632, 0.0016309465165250004, 0.0016156355384737253, 0.0016552546876482666, 0.0017917325720191001, 0.0016413888777606189, 0.0016478190198540687, 0.0016006491612643003, 0.0016956678824499249, 0.0016612591920420528, 0.0015880492399446666, 0.0019297070801258087, 0.0017721634358167648, 0.0017127165338024497, 0.0016766556305810808, 0.0015899586724117398, 0.0016033390304073692, 0.001577535574324429, 0.0018121869070455432, 0.001808743830770254, 0.0015508914832025767, 0.001657385635189712, 0.0016034215572290123, 0.001580648892559111, 0.001509371481370181, 0.0015939111704938113, 0.0015723426011390984, 0.001557189063169062, 0.0016346038784831763, 0.0015503501519560814, 0.0016325067495927214, 0.001628923323005438, 0.0015764145180583, 0.0015565364737994969, 0.0017208745470270515, 0.0016527486499398948, 0.0016598115442320704, 0.0015589941060170532, 0.0015566373011097312],