{"dataset": "FordB", "depth": 9, "nb_filters": 16, "batch_size": 128, "kernel_size": 32, "use_residual": "True", "use_bottleneck": "True", "acc": 0.9228518345319194, "precision": 0.9229650453670832, "recall": 0.9231991863305836, "budget_ran": 1500, "train_curve": [0.29667592644691465, 0.2034064531326294, 0.18193546831607818, 0.1702096492052078, 0.16030642092227937, 0.1530163109302521, 0.1405795395374298, 0.1342451572418213, 0.1305243879556656, 0.12566833943128586, 0.12015225142240524, 0.10823480188846588, 0.09928082674741745, 0.08970859944820404, 0.0846650019288063, 0.08313874155282974, 0.07921450361609458, 0.07443428710103035, 0.0516460470855236, 0.048909631371498105, 0.04653723761439323, 0.04683443196117878, 0.04348021075129509, 0.033800439722836015, 0.026648475602269173, 0.02804341949522495, 0.030720844119787215, 0.029035018756985664, 0.020972687751054764, 0.023957344889640807, 0.027120155841112138, 0.02436443567276001, 0.01818903721868992, 0.017587774619460105, 0.019051776081323624, 0.014609142066910863, 0.00863447687588632, 0.00707251038402319, 0.008215051947627217, 0.011667352984659374, 0.006179197772871703, 0.0035373313119634988, 0.002952721109613776, 0.0017578932456672192, 0.001317284326069057, 0.0009332612331490964, 0.00068991468870081, 0.0005841976555529982, 0.0005476536345668138, 0.0005213014723267406, 0.0005082127114292234, 0.0004616814607288688, 0.00042484807199798523, 0.0004453919013030827, 0.00041919711511582134, 0.000359276111703366, 0.00038352555129677056, 0.00036679837794508787, 0.00024395974178332837, 0.0002495803433703259, 0.0002321466716239229, 0.0002856631006579846, 0.00020594139641616493, 0.0002481968724168837, 0.00039317722839768974, 0.00029878690256737175, 0.00020483644038904458, 0.00021168664097785949, 0.0002468312042765319, 0.00019277817918919026, 0.00022322839649859815, 0.00019917816389352082, 0.00020519195531960578, 0.00027035785897169264, 0.00021640928171109408, 0.00020071119361091404, 0.00019619998638518155, 0.00018184031068813056, 0.00019666681764647366, 0.00018370304896961898, 0.00016982017550617456, 0.00018670058925636114, 0.0002084391700918786, 0.00018111052922904493, 0.0001672775295446627, 0.00019029019167646766, 0.00019279580301372333, 0.00020416755869518967, 0.00022226986766327173, 0.00016037130844779313, 0.0001550150045659393, 0.0001458473110687919, 0.00019674634386319668, 0.00017560291453264654, 0.00015958041476551443, 0.0001526233507320285, 0.00017764684453140943, 0.00022294750378932805, 0.00015753422194393353, 0.00014965166628826408, 0.00016854355781106278, 0.00017117262614192442, 0.00018020061834249644, 0.00017125282902270557, 0.0001505838052253239, 0.0001828393229516223, 0.0001719175575999543], "val_curve": [2.0924139440059664, 1.1058875560760497, 0.9198998093605042, 0.5847225248813629, 0.7253197759389878, 0.5607414186000824, 0.30370248258113863, 0.5891815453767777, 0.719453489780426, 0.4461336374282837, 0.38166611194610595, 0.5460309743881225, 0.7431674838066101, 0.37228658199310305, 0.46800597906112673, 1.5142069429159164, 0.296668267250061, 0.3703143000602722, 0.3162356823682785, 0.3727707743644714, 0.2945991396903992, 0.34407502710819243, 0.3269870787858963, 0.5135680586099625, 0.32423934042453767, 0.3348953306674957, 0.6637740671634674, 0.4091577887535095, 0.8210658758878708, 0.5463473290205002, 1.454975241422653, 0.6312407612800598, 0.3031478554010391, 0.257555228471756, 1.4683218777179718, 0.2981625348329544, 0.37736396193504335, 0.3702235519886017, 0.42876834571361544, 0.419632750749588, 0.2802986800670624, 0.34727070331573484, 0.2693547487258911, 0.2583143562078476, 0.27945502400398253, 0.30399292409420015, 0.2699748367071152, 0.2695172429084778, 0.26795274317264556, 0.2687568455934525, 0.26625114381313325, 0.26933360397815703, 0.2678718537092209, 0.27661165595054626, 0.27535431981086733, 0.26767276525497435, 0.2714902341365814, 0.2696065068244934, 0.27137055397033694, 0.27754761576652526, 0.2746136784553528, 0.27422070503234863, 0.27438574433326723, 0.27408080697059634, 0.28443398475646975, 0.27863856554031374, 0.2772979915142059, 0.27668678760528564, 0.2758043110370636, 0.27440282702445984, 0.2763614594936371, 0.27731422781944276, 0.2770705699920654, 0.2770754933357239, 0.2755395233631134, 0.27623569369316103, 0.2757260322570801, 0.2756337344646454, 0.27622159719467165, 0.2759230315685272, 0.2751410484313965, 0.2752181887626648, 0.2755266189575195, 0.27575514316558836, 0.27579444646835327, 0.2757900834083557, 0.2756054878234863, 0.27573463320732117, 0.275009948015213, 0.2753691256046295, 0.2756385922431946, 0.2759502112865448, 0.27608617544174197, 0.27618173956871034, 0.2757923185825348, 0.2757291913032532, 0.27558717131614685, 0.27626957297325133, 0.27687783241271974, 0.27657030820846557, 0.27634276151657106, 0.2767393052577972, 0.2769373834133148, 0.2772271692752838, 0.27743021845817567, 0.2773512303829193, 0.27715405225753786]}
{"dataset": "FordB", "depth": 9, "nb_filters": 16, "batch_size": 128, "kernel_size": 32, "use_residual": "True", "use_bottleneck": "True", "acc": 0.9269028450095422, "precision": 0.9280417878114532, "recall": 0.9268257889068009, "budget_ran": 1500, "train_curve": [0.31854893565177916, 0.20491616129875184, 0.18598321080207825, 0.17593068778514862, 0.16928096115589142, 0.16259973347187043, 0.15733957290649414, 0.14341701567173004, 0.1378261923789978, 0.13027926087379454, 0.12486614882946015, 0.11759557723999023, 0.10857042372226715, 0.10144377052783966, 0.09918536990880966, 0.09332087635993958, 0.08064414113759995, 0.07186716422438622, 0.0703243836760521, 0.0665331356227398, 0.063597372174263, 0.05330331102013588, 0.0454269990324974, 0.04270001761615276, 0.0409949816763401, 0.040360990166664126, 0.03573502078652382, 0.027752692624926568, 0.02271503582596779, 0.024139177426695822, 0.025617648288607596, 0.02135163974016905, 0.017582018673419953, 0.017318570893257855, 0.013772507850080728, 0.014756525587290525, 0.016738541657105088, 0.011501220380887389, 0.007993111293762923, 0.006246323487721384, 0.00589651670306921, 0.004885708028450608, 0.005690779420547187, 0.00597916318802163, 0.0055686320294626055, 0.0072777325753122565, 0.004823815100826323, 0.003250925336033106, 0.0024578007170930503, 0.0014578847505617887, 0.0008674312906805426, 0.0006328017334453762, 0.0005291029170621187, 0.0005380594811867923, 0.0004979049961548298, 0.0003528193570673466, 0.0004435818234924227, 0.00037311144405975937, 0.00031251087202690544, 0.00038156695081852375, 0.00036241272755432874, 0.0002897266618674621, 0.0003353449399583042, 0.0002758025104412809, 0.0002146096871001646, 0.0002153962355805561, 0.0001934819854795933, 0.00020194293465465308, 0.00021022291912231594, 0.00019878579187206923, 0.00017740195035003125, 0.00023002084635663777, 0.00019827280193567275, 0.00017404065292794257, 0.00017661229358054698, 0.00019076455937465652, 0.00039424013812094927, 0.00020416613260749729, 0.00018552486144471914, 0.00023456895723938942, 0.00018372498161625117, 0.0001779782003723085, 0.00021627343667205424, 0.0001819886500015855, 0.0001731835611280985, 0.00018525385530665517, 0.00017566003953106701, 0.00018089729564962909, 0.00017271444376092403, 0.0002111119028995745, 0.00020687876967713238, 0.00014894323976477608, 0.00018273567548021674, 0.00018390011100564153, 0.0001672055630479008, 0.00016445904620923101, 0.00017934655479621143, 0.00014461115060839801, 0.0001699830056168139, 0.0001901755400467664, 0.00014075820654397831, 0.0001595144480234012, 0.0001854341709986329, 0.00017788906407076866, 0.00013806520437356084, 0.00013005556829739361, 0.0001699532920611091, 0.0001662117399973795, 0.00015470935904886572, 0.00015280497318599374, 0.00012984177737962455],