{"dataset": "ElectricDevices", "depth": 9, "nb_filters": 16, "batch_size": 128, "kernel_size": 32, "use_residual": "True", "use_bottleneck": "True", "acc": 0.8716101397944556, "precision": 0.8554016644179019, "recall": 0.8381100547755571, "budget_ran": 1500, "train_curve": [0.7441183209419251, 0.48168516159057617, 0.4040614187717438, 0.36688225865364077, 0.33984590172767637, 0.31972835659980775, 0.3068945646286011, 0.2851152360439301, 0.2730758786201477, 0.26453166306018827, 0.251433989405632, 0.24004315435886384, 0.2246035873889923, 0.2189165860414505, 0.21477903425693512, 0.20403448343276978, 0.1961120218038559, 0.1880045473575592, 0.18742978870868682, 0.17754503786563874, 0.1669948071241379, 0.15980331897735595, 0.15706554055213928, 0.15448037087917327, 0.14928000569343566, 0.14744267761707305, 0.1441899687051773, 0.13917517364025117, 0.1338309332728386, 0.12886351644992827, 0.13304991126060486, 0.12772580683231355, 0.12439778000116349, 0.12006858438253402, 0.12219769209623337, 0.11506854891777038, 0.11087583750486374, 0.10778062492609024, 0.10706417113542557, 0.1066097378730774, 0.10519004017114639, 0.10779672414064408, 0.10951049774885177, 0.10102192908525467, 0.09791254848241807, 0.09719865769147873, 0.09801938384771347, 0.10005539953708649, 0.0969178706407547, 0.10007831454277039, 0.0910447284579277, 0.08841038942337036, 0.0862792819738388, 0.08080538064241409, 0.08390388935804367, 0.08954972475767135, 0.08376937061548233, 0.08321481943130493, 0.08556172251701355, 0.08291342258453369, 0.08189371228218079, 0.08070269078016282, 0.0797481283545494, 0.07996124178171157, 0.0799336701631546, 0.08228708058595657, 0.07570340782403946, 0.07185917049646377, 0.06856179758906364, 0.06697035059332848, 0.07016534507274627, 0.07034346461296082, 0.0700102224946022, 0.06961590349674225, 0.07125191539525985, 0.06729695126414299, 0.06273330599069596, 0.06018793433904648, 0.06072581335902214, 0.058711540699005124, 0.06565224453806877, 0.06758634299039841, 0.06762640103697777, 0.06909584328532219, 0.06359675265848637, 0.06324299983680248, 0.05479440614581108, 0.05229340456426144, 0.05228296741843223, 0.04613907262682915, 0.04321948066353798, 0.04406608901917934, 0.045028652623295785, 0.04386142715811729, 0.04147373773157596, 0.04092913717031479, 0.041866406425833703, 0.04213584698736668, 0.04286671057343483, 0.0438202116638422, 0.038996458798646924, 0.035527806356549264, 0.033464622870087626, 0.03399253524839878, 0.03254363052546978], "val_curve": [1.6514439105987548, 1.6129839420318604, 0.90992830991745, 0.8010489463806152, 0.5660728454589844, 0.5729270339012146, 0.5559645354747772, 0.5052362442016601, 0.5062801301479339, 0.4615460455417633, 0.5619249880313874, 0.4589511096477509, 0.4775622487068176, 0.5338160574436188, 0.4781755208969116, 0.47721115946769715, 0.6001352846622467, 0.501529198884964, 0.6375670850276947, 0.5482074558734894, 0.4281298637390137, 0.4907389461994171, 0.5079562425613403, 0.5917680025100708, 0.4998588919639587, 0.5254257559776306, 0.5418216228485108, 0.450038743019104, 0.5005307197570801, 0.4906695246696472, 0.46956132650375365, 0.6643846213817597, 0.46641570925712583, 0.7477133870124817, 0.5437143981456757, 0.5212318539619446, 0.5435660898685455, 0.6486748993396759, 0.6537581324577332, 0.5481351256370545, 0.625004631280899, 0.6402221500873566, 0.5627032518386841, 0.6313270151615142, 0.565563303232193, 0.6493528366088868, 0.6650159180164337, 0.5759056627750396, 0.7229615807533264, 0.6301972091197967, 0.7264984250068665, 0.6242847800254822, 0.6441633939743042, 0.6986496448516846, 0.726157796382904, 0.938624095916748, 0.6401029706001282, 0.5907188057899475, 0.6282534778118134, 0.7534418702125549, 0.6248566389083863, 0.6237163543701172, 0.6057784795761109, 0.6423244118690491, 0.6538443088531494, 0.5633219718933106, 0.5593760013580322, 0.5226058006286621, 0.6852123498916626, 0.5667090713977814, 0.6161155462265014, 0.6780137777328491, 0.6647533059120179, 0.6853498637676239, 0.792238962650299, 0.7640806913375855, 0.5723849952220916, 0.5801980495452881, 0.6484864950180054, 0.7063964307308197, 0.9344515144824982, 0.7407013714313507, 0.9656231045722962, 0.7202604174613952, 0.7208589553833008, 0.7586962461471558, 0.5752759277820587, 0.5640543282032013, 0.6314824879169464, 0.5386392891407012, 0.5301839053630829, 0.580707722902298, 0.6904258370399475, 0.5373309075832366, 0.5395909488201142, 0.6275499343872071, 0.6174954295158386, 0.5842795252799988, 0.6230477809906005, 0.571049964427948, 0.5491805911064148, 0.5361453473567963, 0.5527841806411743, 0.6001338243484498, 0.5439563691616058]}
{"dataset": "ElectricDevices", "depth": 9, "nb_filters": 16, "batch_size": 128, "kernel_size": 32, "use_residual": "True", "use_bottleneck": "True", "acc": 0.8729349827171626, "precision": 0.8443188075903784, "recall": 0.8516473758540501, "budget_ran": 1500, "train_curve": [0.8085024952888489, 0.4956501066684723, 0.42091140151023865, 0.37577680945396424, 0.34624873995780947, 0.3247174143791199, 0.302579528093338, 0.2913483798503876, 0.28102917671203614, 0.2638331770896912, 0.2509580492973328, 0.24067152440547943, 0.22620660662651063, 0.22232617437839508, 0.2090289145708084, 0.20391229689121246, 0.19413475394248964, 0.18879250884056092, 0.18148001432418823, 0.17452702224254607, 0.17145070433616638, 0.16310847997665406, 0.15871078073978423, 0.15021893084049226, 0.14738566875457765, 0.15060921907424926, 0.1455442190170288, 0.13369572758674622, 0.13582466542720795, 0.12611325085163116, 0.12788859456777574, 0.12375845909118652, 0.12213430106639862, 0.12128826975822449, 0.11804372668266297, 0.11475261747837066, 0.11141796857118606, 0.11065670102834702, 0.1058609277009964, 0.10598989129066468, 0.0982095941901207, 0.10295380502939225, 0.10653584897518158, 0.10135648846626281, 0.09809539318084717, 0.09479354918003083, 0.08935747295618057, 0.09024945944547653, 0.08758862018585205, 0.08674858957529068, 0.08571839332580566, 0.0887793704867363, 0.09537249952554702, 0.08991584479808808, 0.08657352328300476, 0.08389686495065689, 0.08157176673412322, 0.07550961375236512, 0.07572679817676545, 0.07556836903095246, 0.07777342051267624, 0.0773215040564537, 0.0730390802025795, 0.07432045340538025, 0.07468884885311126, 0.0773994728922844, 0.07269933000206948, 0.06994616389274597, 0.07355361506342888, 0.08346972987055779, 0.07387288585305214, 0.06514782086014748, 0.06693588718771934, 0.06563645303249359, 0.0596074178814888, 0.05566372275352478, 0.054449735581874846, 0.05615004897117615, 0.0577213428914547, 0.05953049510717392, 0.0639759749174118, 0.061714424192905425, 0.05919241234660148, 0.05390368103981018, 0.050185123831033705, 0.04990818351507187, 0.041105324402451515, 0.03579956591129303, 0.03351211994886398, 0.033183907717466356, 0.03230635710060596, 0.031520337983965876, 0.03081429861485958, 0.030914592370390893, 0.030888471379876138, 0.03002609424293041, 0.03042588345706463, 0.0303450383245945, 0.02971637099981308, 0.029558488726615907, 0.029805913940072058, 0.029044536128640174, 0.02982323430478573, 0.029030441492795944, 0.02935319021344185],