{"dataset": "BeetleFly", "depth": 9, "nb_filters": 16, "batch_size": 128, "kernel_size": 32, "use_residual": "True", "use_bottleneck": "True", "acc": 0.725, "precision": 0.6822619047619047, "recall": 0.69, "budget_ran": 1500, "train_curve": [0.7527968406677246, 0.4555994689464569, 0.3026754558086395, 0.2148384317755699, 0.14996449053287506, 0.10659045353531837, 0.07868121266365051, 0.05873772613704205, 0.04514721743762493, 0.03561138808727264, 0.02895824648439884, 0.023716247268021108, 0.019366960041224957, 0.016107386164367198, 0.013733169343322516, 0.011839298624545335, 0.010284415446221828, 0.008945235330611468, 0.007778671663254499, 0.00683249905705452, 0.006080757733434439, 0.005447082687169313, 0.004888805840164423, 0.0043973146937787535, 0.003973214561119676, 0.003607768286019564, 0.0032951658824458717, 0.003030973160639405, 0.0028049272485077383, 0.002600132441148162, 0.00240933180321008, 0.0022379051893949508, 0.0020912580192089083, 0.0019667531829327344, 0.0018575086258351802, 0.0017573082470335067, 0.0016637405729852616, 0.001577056327369064, 0.0014984914567321538, 0.0014278522576205432, 0.0013640726101584733, 0.0013053026283159851, 0.0012510680360719561, 0.0012014272389933467, 0.0011559471255168318, 0.001113794802222401, 0.0010744418716058135, 0.001037627796176821, 0.001003440434578806, 0.0009717878652736545, 0.0009423153707757593, 0.000914544309489429, 0.0008881625661160796, 0.0008632071607280522, 0.000839781214017421, 0.0008179751050192863, 0.0007976303051691503, 0.0007784791232552379, 0.0007603660400491208, 0.000743115512887016, 0.0007266830769367516, 0.0007110996870324015, 0.0006963038526009768, 0.0006821835995651782, 0.0006686161155812443, 0.0006555626052431763, 0.0006430479174014181, 0.0006310908182058483, 0.0006197100330609829, 0.0006088074354920536, 0.000598309509223327, 0.0005881726450752467, 0.0005792070995084941, 0.0005705411604139954, 0.0005632152722682803, 0.0005561423778999597, 0.0005493046017363667, 0.0005426821007858962, 0.0005362204043194652, 0.0005299362353980541, 0.0005248702073004097, 0.0005199530045501888, 0.0005152690457180143, 0.0005106951808556915, 0.0005062532552983611, 0.0005019105796236545, 0.0004988166387192905, 0.000495793140726164, 0.0004928222449962049, 0.000489907874725759, 0.00048716524033807216, 0.0004844761802814901, 0.00048195587587542834, 0.00047949115978553893, 0.00047707202611491084, 0.00047469462151639163, 0.00047236282262019813, 0.0004700776597019285, 0.00046783119323663415, 0.0004656333243474364, 0.00046344836009666325], "val_curve": [0.7273551106452942, 0.874536395072937, 1.1362734317779541, 1.531471836566925, 1.9587576270103455, 2.369204783439636, 2.7893207550048826, 3.222312307357788, 3.6101054787635802, 3.8743202328681945, 3.9852351188659667, 3.9763118028640747, 3.9068315029144287, 3.8225168943405152, 3.730885624885559, 3.624611794948578, 3.490445685386658, 3.3177934885025024, 3.10892835855484, 2.8799195170402525, 2.6454432129859926, 2.4163421392440796, 2.19788453578949, 1.99364315867424, 1.8064394354820252, 1.6410375833511353, 1.4991634607315063, 1.3802636742591858, 1.2849230647087098, 1.2136042356491088, 1.1649846315383912, 1.1375881791114808, 1.1275891065597534, 1.1296787858009338, 1.13907852768898, 1.1522515296936036, 1.1666802763938904, 1.1827393114566802, 1.2018693089485168, 1.225927972793579, 1.2562482357025146, 1.293469524383545, 1.336758518218994, 1.3833358526229858, 1.4310705661773682, 1.4785324335098267, 1.524377131462097, 1.5674386501312256, 1.6073725938796997, 1.645121455192566, 1.6804000735282898, 1.7142039656639099, 1.747154951095581, 1.7793760418891906, 1.81206933259964, 1.8451603651046753, 1.8785374402999877, 1.912063479423523, 1.9454570651054381, 1.9781129240989686, 2.0096403121948243, 2.039938974380493, 2.068701386451721, 2.0958379745483398, 2.1211220026016235, 2.1445109009742738, 2.166238307952881, 2.1864494562149046, 2.2053056597709655, 2.222790479660034, 2.239241051673889, 2.255823183059692, 2.2717892289161683, 2.285990822315216, 2.2997565627098084, 2.3129465341567994, 2.3253745675086974, 2.3369310975074766, 2.347585654258728, 2.3578989267349244, 2.3677065849304197, 2.377281069755554, 2.3866826772689818, 2.396005654335022, 2.4051932215690615, 2.4160940885543822, 2.4265843629837036, 2.4367432832717895, 2.4466424703598024, 2.4563984632492066, 2.466054177284241, 2.475454878807068, 2.484677457809448, 2.4937880516052244, 2.5027069807052613, 2.5113971710205076, 2.5197434425354004, 2.5276996374130247, 2.535212254524231, 2.542218041419983, 2.548754644393921]}
{"dataset": "BeetleFly", "depth": 9, "nb_filters": 16, "batch_size": 128, "kernel_size": 32, "use_residual": "True", "use_bottleneck": "True", "acc": 0.8, "precision": 0.8514285714285714, "recall": 0.7916666666666666, "budget_ran": 1500, "train_curve": [0.879290235042572, 0.5221822440624238, 0.34880554378032685, 0.23787098824977876, 0.16553642302751542, 0.11755451411008835, 0.08448685109615325, 0.06279594972729682, 0.04923033304512501, 0.039077621698379514, 0.031090609170496462, 0.025293090753257273, 0.02080157436430454, 0.017235265113413334, 0.014548286981880664, 0.012462384812533856, 0.010722976364195346, 0.009285351447761058, 0.008114379644393922, 0.007136955391615629, 0.006309813819825649, 0.005618201848119497, 0.005046539148315788, 0.0045741548296064135, 0.004164423095062375, 0.0037975418381392956, 0.0034750036895275114, 0.0031967276940122248, 0.002956154174171388, 0.002747228997759521, 0.002562228310853243, 0.00239475320558995, 0.002242614980787039, 0.0021065473789349197, 0.0019850963493809105, 0.001876704697497189, 0.0017793876118957996, 0.0016917066415771842, 0.001611819607205689, 0.00153815959347412, 0.0014694909099489451, 0.0014057220076210796, 0.001347390771843493, 0.0012949646916240454, 0.0012473327689804137, 0.0012029365170747042, 0.0011611444409936667, 0.0011219839216209948, 0.0010853867861442268, 0.0010510526015423238, 0.0010187995037995278, 0.0009888133383356035, 0.0009609673405066132, 0.0009349135565571487, 0.000910342438146472, 0.0008871511090546846, 0.0008652890450321138, 0.0008446216466836632, 0.0008249495993368327, 0.0008061888511292636, 0.0007883265265263617, 0.0007713568513281644, 0.0007552500523161143, 0.0007399030379019678, 0.0007252561568748206, 0.0007112966559361666, 0.0006979441095609218, 0.0006851043726783246, 0.0006727228581439703, 0.000660777767188847, 0.0006493008753750473, 0.0006382842664606869, 0.0006277061300352215, 0.0006175188755150884, 0.0006086230569053441, 0.0006000239169225097, 0.0005917015601880849, 0.0005836322321556509, 0.0005768165690824389, 0.0005701953719835729, 0.0005637735361233353, 0.0005575342162046582, 0.000551454589003697, 0.0005455386301036925, 0.0005408775759860873, 0.000536335533251986, 0.0005319046555086971, 0.0005275709496345371, 0.0005234526877757161, 0.0005194296361878514, 0.000515502830967307, 0.0005116613581776619, 0.0005078942980617285, 0.0005042294564191252, 0.0005007373401895165, 0.0004973265517037362, 0.0004939852165989578, 0.0004907093767542392, 0.00048750004498288035, 0.00048435021890327337, 0.00048346271505579353, 0.00048258117167279126, 0.00048170157824642954, 0.00048083195579238234, 0.0004799672809895128, 0.0004790986014995724, 0.00047823493951000274, 0.0004773861262947321, 0.00047652641660533845],