{"dataset": "Trace", "depth": 9, "nb_filters": 16, "batch_size": 128, "kernel_size": 32, "use_residual": "True", "use_bottleneck": "True", "acc": 0.57, "precision": 0.5223592257415787, "recall": 0.5663961038961038, "budget_ran": 1500, "train_curve": [1.5399572610855103, 1.035751211643219, 0.8013390064239502, 0.6443587183952332, 0.5226908564567566, 0.43341872096061707, 0.36205055117607116, 0.2997965693473816, 0.24423103630542756, 0.19709018766880035, 0.15923301875591278, 0.1280740424990654, 0.10416757166385651, 0.08352217078208923, 0.07628816217184067, 0.07185087949037552, 0.054005542397499086, 0.05420605093240738, 0.05346131026744842, 0.04019756242632866, 0.039808617904782295, 0.03683102913200855, 0.02953645996749401, 0.025261142291128635, 0.022780838049948217, 0.020733694918453692, 0.01865672804415226, 0.016552114859223366, 0.014885913580656052, 0.01364585068076849, 0.012526231352239847, 0.011288812290877104, 0.01024093283340335, 0.009581337589770556, 0.008979383669793606, 0.008237311244010925, 0.007647186517715454, 0.007252894155681133, 0.0068846714682877065, 0.006431933306157589, 0.0060014501214027405, 0.005681724147871136, 0.005423276266083121, 0.005151676805689931, 0.004884301079437136, 0.004666963312774897, 0.004492153180763125, 0.004319604905322194, 0.004131969530135393, 0.003952281782403588, 0.0037978391628712416, 0.0036617778707295654, 0.0035357806365936993, 0.0034143135882914065, 0.003296787338331342, 0.0031884150113910435, 0.0030929116532206536, 0.003008116502314806, 0.002927092649042606, 0.0028452624566853045, 0.002764232363551855, 0.0026877644238993527, 0.0026194278383627535, 0.002558679971843958, 0.002500408538617194, 0.00244168892968446, 0.002384235220961273, 0.0023303039837628604, 0.002280531683936715, 0.0022341551957651973, 0.0021896923193708063, 0.002146152453497052, 0.0021036162273958326, 0.002062762132845819, 0.002023929776623845, 0.0019871250027790666, 0.0019517329288646578, 0.0019169994397088886, 0.0018829275853931905, 0.0018501421436667442, 0.0018190206959843636, 0.0017893659183755516, 0.0017606633249670268, 0.0017324065091088414, 0.001704664109274745, 0.001677898340858519, 0.0016522609628736972, 0.0016275014029815793, 0.0016033185180276631, 0.001579649862833321, 0.0015565378358587622, 0.0015341307036578656, 0.001512462366372347, 0.0014913999941200018, 0.0014708009781315922, 0.0014506382634863258, 0.0014309144346043468, 0.0014116801554337143, 0.0013929909327998757, 0.001374811853747815, 0.001357049506623298], "val_curve": [1.586075758934021, 1.7437305450439453, 1.9820833683013916, 2.2173409461975098, 2.4380041360855103, 2.6151585817337035, 2.7022326231002807, 2.7322887420654296, 2.7402706146240234, 2.7263369083404543, 2.667021083831787, 2.6042568683624268, 2.5189524412155153, 2.4181348085403442, 2.4033971071243285, 2.3995216369628904, 2.3683097124099732, 2.3329556703567507, 2.3506115674972534, 2.4153659105300904, 2.458222246170044, 2.493639278411865, 2.593374419212341, 2.708581972122192, 2.719572114944458, 2.665954351425171, 2.6139944553375245, 2.5968897581100463, 2.6178746104240416, 2.6452656030654906, 2.6707537174224854, 2.703623914718628, 2.738637828826904, 2.7480010986328125, 2.709311866760254, 2.6423885107040403, 2.573693943023682, 2.5225216150283813, 2.4990660905838014, 2.4924482822418215, 2.4851054906845094, 2.4693792343139647, 2.446642220020294, 2.421503520011902, 2.3957470893859862, 2.369467258453369, 2.339579474925995, 2.306112790107727, 2.273973524570465, 2.249938118457794, 2.235605263710022, 2.2267117857933045, 2.217173624038696, 2.202445721626282, 2.181840980052948, 2.1572456836700438, 2.131533443927765, 2.10709228515625, 2.084623086452484, 2.06383672952652, 2.0439377546310427, 2.0244603753089905, 2.0052736401557922, 1.9868367552757262, 1.9694815754890442, 1.953774380683899, 1.9401166915893555, 1.9286776065826416, 1.919874656200409, 1.9132981657981873, 1.9081263303756715, 1.9035252571105956, 1.898791766166687, 1.893699860572815, 1.8885781407356261, 1.8837538480758667, 1.8797248482704163, 1.8768436074256898, 1.8753095984458923, 1.8751238584518433, 1.8762435555458068, 1.8784788608551026, 1.8817216753959656, 1.8858899831771851, 1.8906942367553712, 1.8959388256072998, 1.9014337539672852, 1.9070281267166138, 1.9127862453460693, 1.9186976909637452, 1.924901056289673, 1.9315661430358886, 1.9390148639678955, 1.9474681615829468, 1.9569781303405762, 1.9674349784851075, 1.9786166429519654, 1.9902541637420654, 2.0021442651748655, 2.01411395072937, 2.0260209798812867]}
{"dataset": "Trace", "depth": 9, "nb_filters": 16, "batch_size": 128, "kernel_size": 32, "use_residual": "True", "use_bottleneck": "True", "acc": 0.5650000000000001, "precision": 0.4496031746031746, "recall": 0.5671717171717171, "budget_ran": 1500, "train_curve": [1.6516719579696655, 1.110064721107483, 0.8466180205345154, 0.6776203513145447, 0.5618051886558533, 0.4760978937149048, 0.41302218437194826, 0.3620634078979492, 0.3173738241195679, 0.27486334145069125, 0.23442422449588776, 0.20041047781705856, 0.17301619723439216, 0.14833932667970656, 0.12465335056185722, 0.10665370747447014, 0.08755048289895058, 0.07423919141292572, 0.06110613122582435, 0.05166901014745236, 0.04385510832071304, 0.03900500684976578, 0.040679721906781194, 0.0322583394125104, 0.03187768217176199, 0.028243287280201913, 0.024858255125582217, 0.022479600459337234, 0.02027107235044241, 0.01791610550135374, 0.016161708906292916, 0.014525299333035946, 0.013835627771914005, 0.012837723828852177, 0.01147277159616351, 0.010647507477551698, 0.009897258225828409, 0.009249494969844818, 0.008703586366027593, 0.00821052137762308, 0.0077701685018837455, 0.007282746396958828, 0.006899000611156225, 0.006613608170300722, 0.006244365684688091, 0.005921477917581797, 0.005665197037160397, 0.005438975803554058, 0.005205298308283091, 0.004972723685204983, 0.004775138664990663, 0.004613680858165025, 0.004454655339941382, 0.004287168849259615, 0.004140502819791436, 0.004015977680683136, 0.0038895188830792905, 0.0037619239650666715, 0.0036470778752118347, 0.0035480271093547345, 0.0034565134439617394, 0.0033610171638429167, 0.003265070589259267, 0.003180001024156809, 0.003102956851944327, 0.003026550728827715, 0.0029513657558709384, 0.002883292268961668, 0.0028218644205480815, 0.0027608811389654873, 0.002700292086228728, 0.002643280103802681, 0.002589655062183738, 0.002537502534687519, 0.0024861340411007405, 0.002437684708274901, 0.0023925506742671133, 0.0023476765723899006, 0.002302902773953974, 0.0022611813386902214, 0.0022220513317734005, 0.0021831782069057226, 0.0021449007093906403, 0.002108206902630627, 0.002072989521548152, 0.002038596500642598, 0.0020047781290486455, 0.0019722751108929514, 0.0019412181107327342, 0.0019107147818431258, 0.0018807535292580725, 0.0018519368954002858, 0.001823999034240842, 0.0017965421313419939, 0.0017697788076475262, 0.0017439144430682063, 0.0017187740653753282, 0.001694137789309025, 0.0016699871513992548, 0.0016465704888105393, 0.0016238838201388718],