{"dataset": "Beef", "depth": 9, "nb_filters": 16, "batch_size": 128, "kernel_size": 32, "use_residual": "True", "use_bottleneck": "True", "acc": 0.2833333333333333, "precision": 0.18473304473304478, "recall": 0.27666666666666667, "budget_ran": 1500, "train_curve": [1.8585545778274537, 1.5880249738693237, 1.4135149478912354, 1.3071617364883423, 1.23382887840271, 1.1795010566711426, 1.1334354639053346, 1.0909090042114258, 1.0504074454307557, 1.012389099597931, 0.9735856294631958, 0.9333824753761292, 0.8973026037216186, 0.8588449358940125, 0.8193786025047303, 0.7896320700645447, 0.7685736179351806, 0.7272464871406555, 0.7133337616920471, 0.6670865058898926, 0.6335758864879608, 0.6098571956157685, 0.581007570028305, 0.5418121576309204, 0.5107426404953003, 0.48052799701690674, 0.4675301253795624, 0.4404565215110779, 0.4256940186023712, 0.3915511190891266, 0.37433428764343263, 0.3464665859937668, 0.32617109417915346, 0.30772444903850554, 0.2845586448907852, 0.2685034155845642, 0.2446603834629059, 0.2252492606639862, 0.21786390841007233, 0.20994450896978378, 0.1913662612438202, 0.1637876510620117, 0.1579802393913269, 0.143385112285614, 0.12769133150577544, 0.11825445592403412, 0.10711314827203751, 0.10586995780467987, 0.12235463708639145, 0.0956301286816597, 0.10487395897507668, 0.08722276762127876, 0.07717608511447907, 0.07289765700697899, 0.06511395499110222, 0.05977993980050087, 0.05840757489204407, 0.04895234331488609, 0.04447041451931, 0.04078307002782822, 0.03800026327371597, 0.0354753602296114, 0.03347975872457028, 0.028835629299283027, 0.027256092056632042, 0.025388342328369617, 0.02341227140277624, 0.021820944920182227, 0.0200125640258193, 0.0186118233948946, 0.017402000539004803, 0.016635974310338496, 0.015706925839185714, 0.01467500701546669, 0.013787553645670414, 0.013131985068321228, 0.012481983006000518, 0.01183659750968218, 0.011245629470795392, 0.010704908985644579, 0.010198118072003126, 0.009837844502180814, 0.009440604597330093, 0.009001542162150145, 0.008703753910958767, 0.008404836989939213, 0.008087822981178761, 0.007764182519167662, 0.007508065365254879, 0.0072838753461837765, 0.007037845626473427, 0.006821493525058031, 0.006616370938718319, 0.006427690666168928, 0.006249561905860901, 0.006073890440165997, 0.005925156548619271, 0.005772208049893379, 0.0056199334561824795, 0.005486474838107824, 0.0053554619662463665], "val_curve": [1.6564353466033936, 1.8156887531280517, 2.047799825668335, 2.4050445556640625, 2.7585188865661623, 2.9708683490753174, 2.966279721260071, 2.855695962905884, 2.7188557147979737, 2.4786160230636596, 2.3489574909210207, 2.2675199270248414, 2.2044730186462402, 2.2346794843673705, 2.216422200202942, 2.0730575561523437, 2.0115293741226195, 1.981130886077881, 2.0486886501312256, 1.9763210535049438, 1.8781808376312257, 1.8155766487121583, 1.8153317451477051, 1.840019202232361, 1.8245500802993775, 1.8154403209686278, 1.799167513847351, 1.8310086727142334, 1.831063938140869, 1.9118038177490235, 1.9665532112121582, 1.8895441532135009, 1.9890628576278686, 2.109572649002075, 2.1936471223831178, 2.128240633010864, 2.1186095237731934, 2.2484286546707155, 2.2436831474304197, 2.4418220996856688, 2.622637152671814, 2.6030592918395996, 2.7242144107818604, 2.792716121673584, 2.95458984375, 3.017819142341614, 3.023275089263916, 3.2070298910140993, 3.145204186439514, 3.2006627559661864, 3.228674602508545, 3.285045289993286, 3.517196464538574, 3.6156736850738525, 3.626403331756592, 3.6350693702697754, 3.5532617807388305, 3.5815035104751587, 3.5816200017929076, 3.6168436765670777, 3.6138277769088747, 3.590877556800842, 3.6654480934143066, 3.8351850509643555, 3.951709580421448, 3.9693538904190064, 3.9733793258666994, 4.0698137283325195, 4.223216032981872, 4.300261712074279, 4.266395878791809, 4.206623554229736, 4.203151416778565, 4.219962334632873, 4.203553986549378, 4.166523909568786, 4.167454528808594, 4.2249451875686646, 4.284813475608826, 4.303405833244324, 4.295754456520081, 4.296843719482422, 4.312793636322022, 4.323790287971496, 4.323516869544983, 4.33300302028656, 4.370362567901611, 4.418289756774902, 4.444576406478882, 4.440872406959533, 4.428022027015686, 4.428289294242859, 4.436938977241516, 4.433245849609375, 4.413102650642395, 4.396892070770264, 4.402940392494202, 4.427128696441651, 4.4476828336715695, 4.451006770133972, 4.445368146896362]}
{"dataset": "Beef", "depth": 9, "nb_filters": 16, "batch_size": 128, "kernel_size": 32, "use_residual": "True", "use_bottleneck": "True", "acc": 0.21666666666666665, "precision": 0.10787878787878788, "recall": 0.22000000000000003, "budget_ran": 1500, "train_curve": [1.985142183303833, 1.6709616661071778, 1.4740618228912354, 1.3535682439804078, 1.2689131259918214, 1.202842116355896, 1.1498655796051025, 1.102675199508667, 1.059389305114746, 1.0179966688156128, 0.978365695476532, 0.9380269646644592, 0.8994375348091126, 0.8663726925849915, 0.8464003324508667, 0.8117946863174439, 0.7860894322395324, 0.7575213551521301, 0.7436907052993774, 0.7005274057388305, 0.6692629933357239, 0.64325430393219, 0.6102315306663513, 0.6001646995544434, 0.5726344347000122, 0.5369504213333129, 0.5142644166946411, 0.47942121624946593, 0.4515609383583069, 0.43076115250587466, 0.4095485031604767, 0.4030374944210052, 0.40951701402664187, 0.3608095049858093, 0.3498144268989563, 0.32811846137046813, 0.3121868848800659, 0.2774387031793594, 0.26705518960952757, 0.24170523285865783, 0.2279111474752426, 0.21104007661342622, 0.20400105118751527, 0.18564242720603943, 0.17165711373090745, 0.17132742404937745, 0.16474736779928206, 0.13853193074464798, 0.135259211063385, 0.12906985580921174, 0.12091863006353379, 0.12336722537875175, 0.11965797692537308, 0.10432229340076446, 0.10476302057504654, 0.08957125917077065, 0.08904420733451843, 0.07410013750195503, 0.0753710363060236, 0.06545659936964512, 0.06136685311794281, 0.057234708964824674, 0.052784676849842074, 0.048144664242863656, 0.044726858288049696, 0.04229416027665138, 0.038019776716828345, 0.035232871770858765, 0.033214954659342766, 0.03074594456702471, 0.028039290197193624, 0.026445949263870717, 0.02536141313612461, 0.02311898171901703, 0.021793637424707413, 0.02051087487488985, 0.019074760004878046, 0.018227495439350604, 0.01711198128759861, 0.016399327106773852, 0.01534755453467369, 0.01473133396357298, 0.013817603886127471, 0.013268586248159409, 0.012650887295603753, 0.011983846500515937, 0.011600826773792506, 0.011089636571705341, 0.01060680067166686, 0.010207122471183539, 0.009827849362045527, 0.009533724375069141, 0.00912364637479186, 0.008856266271322966, 0.008564660511910915, 0.008312526810914277, 0.008050925470888615, 0.0077980258502066135, 0.007566357869654894, 0.007367088459432125, 0.007162748649716377],