{"dataset": "synthetic_control", "depth": 9, "nb_filters": 16, "batch_size": 128, "kernel_size": 32, "use_residual": "True", "use_bottleneck": "True", "acc": 0.9333333333333332, "precision": 0.9531397338042075, "recall": 0.935448849396218, "budget_ran": 1500, "train_curve": [1.5062828540802002, 0.4820825159549713, 0.18473472446203232, 0.08376767784357071, 0.051279309391975406, 0.03518207296729088, 0.0231118680909276, 0.017316636443138123, 0.014309236034750938, 0.010607436671853066, 0.009316873643547297, 0.007601436227560043, 0.007266786321997643, 0.005421054270118475, 0.004842496803030371, 0.004751430545002222, 0.003939668787643314, 0.003970359824597836, 0.003468429669737816, 0.0032364314422011374, 0.002952346671372652, 0.0034581738989800217, 0.0027961719781160353, 0.0025405608117580413, 0.0023555668303743005, 0.0022153190802782774, 0.0023071064846590162, 0.0022054890636354686, 0.0018691868986934423, 0.00200114157050848, 0.0020043332828208805, 0.0017090986482799053, 0.0017421429976820946, 0.001848517288453877, 0.001600395585410297, 0.001813024957664311, 0.0017550088465213775, 0.001766696712002158, 0.0013946515507996082, 0.0013448515674099326, 0.0013366173254325986, 0.0013790506869554519, 0.0014415191952139139, 0.00136036635376513, 0.0013124285149388015, 0.001196011935826391, 0.0011969827697612344, 0.0011882514343596994, 0.0011600459460169078, 0.0010979768820106983, 0.0010310760233551263, 0.001033748802728951, 0.001069225906394422, 0.0009754626546055079, 0.0009148001088760793, 0.0009054493624716997, 0.0009523517452180386, 0.0010289939818903804, 0.0008395032258704304, 0.0010736679192632436, 0.0009236029000021517, 0.0008620782289654016, 0.0007576635573059321, 0.0007815317832864821, 0.0007780078332871199, 0.0008088807458989322, 0.0008372687036171556, 0.0008054647711105645, 0.0007116106804460287, 0.0008665995323099196, 0.0007843034458346665, 0.0008947237860411405, 0.0008255229564383626, 0.0008718013297766448, 0.0009184445021674037, 0.0007856965879909694, 0.0008305921568535268, 0.0008881496149115264, 0.0008310545468702913, 0.0007759233587421477, 0.0007331290398724377, 0.0007439387030899524, 0.0007138017914257944, 0.0007053117849864065, 0.0008438031654804945, 0.0006811698898673057, 0.0008511696709319949, 0.0008327734540216625, 0.0008070023963227868, 0.0007431706762872636, 0.0007088452111929655, 0.000742657936643809, 0.0007545680389739573, 0.0011696524801664055, 0.0007425535470247269, 0.0007271998445503413, 0.000819445529486984, 0.0008294111234135926, 0.0009691706974990666, 0.0009334941045381129, 0.0006885955110192299, 0.0007295700488612056, 0.0006743594422005117, 0.0007205510628409684, 0.0007185295689851046, 0.0007551949704065919, 0.0007617537048645318, 0.000669332465622574, 0.0007409463869407773, 0.0007168223964981735, 0.0007146987365558744, 0.0008093166048638523, 0.0007840602076612413, 0.0006857814965769649, 0.0007613511988893151], "val_curve": [2.2162609338760375, 3.1073999881744383, 4.230536103248596, 6.08725597858429, 7.968049001693726, 8.994889831542968, 8.964390349388122, 8.198109865188599, 7.172582697868347, 6.073387193679809, 5.044040417671203, 4.042204713821411, 3.1491048455238344, 2.432593822479248, 1.8834909439086913, 1.4672693014144897, 1.123470139503479, 0.8409602820873261, 0.6763900339603424, 0.6337370216846466, 0.6831232905387878, 0.771099191904068, 0.8688629865646362, 0.9754177451133728, 1.0856557071208954, 1.1900174021720886, 1.2884641289710999, 1.383734440803528, 1.4801346898078918, 1.5684762477874756, 1.6536317586898803, 1.7296976804733277, 1.8025789380073547, 1.8694992303848266, 1.9311209201812745, 1.9899133920669556, 2.038437104225159, 2.0755261182785034, 2.1009618520736693, 2.122237944602966, 2.1400901317596435, 2.151336598396301, 2.1619489908218386, 2.1730819225311278, 2.1871832609176636, 2.197689747810364, 2.2068947553634644, 2.210354471206665, 2.212731623649597, 2.2144407510757445, 2.2090537548065186, 2.2030638217926026, 2.1945047616958617, 2.184149718284607, 2.1718035697937013, 2.1564965724945067, 2.1430524349212647, 2.1304614305496217, 2.1140258073806764, 2.091402554512024, 2.068400239944458, 2.040078115463257, 2.0183406829833985, 1.9937715530395508, 1.965628981590271, 1.9364449024200439, 1.9074570894241334, 1.8781738519668578, 1.8487292766571044, 1.8185824513435365, 1.7878999590873719, 1.75717431306839, 1.7294533729553223, 1.696911096572876, 1.6612532496452332, 1.628077745437622, 1.5963226318359376, 1.5627419352531433, 1.5279428958892822, 1.4928583264350892, 1.456676685810089, 1.4210076570510863, 1.385010290145874, 1.3484535217285156, 1.312273108959198, 1.2752684116363526, 1.237724506855011, 1.200114095211029, 1.1636821985244752, 1.1266427040100098, 1.089077353477478, 1.0514521241188048, 1.014632558822632, 0.9746713519096375, 0.9320125222206116, 0.8925669074058533, 0.8552076935768127, 0.8193299174308777, 0.7846722900867462, 0.7514701068401337, 0.7182968139648438, 0.6857950568199158, 0.6544778227806092, 0.6240977823734284, 0.5947556018829345, 0.5660769999027252, 0.5380549907684327, 0.5104909539222717, 0.48434625566005707, 0.45859165489673615, 0.43435021340847013, 0.4107356995344162, 0.3885422110557556, 0.3671764522790909, 0.3468901127576828]}
{"dataset": "synthetic_control", "depth": 9, "nb_filters": 16, "batch_size": 128, "kernel_size": 32, "use_residual": "True", "use_bottleneck": "True", "acc": 0.9983333333333334, "precision": 0.9984848484848484, "recall": 0.9982456140350877, "budget_ran": 1500,