{"dataset": "TwoLeadECG", "depth": 9, "nb_filters": 16, "batch_size": 128, "kernel_size": 32, "use_residual": "True", "use_bottleneck": "True", "acc": 1.0, "precision": 1.0, "recall": 1.0, "budget_ran": 1500, "train_curve": [0.3710572004318237, 0.03639204390347004, 0.011687636189162732, 0.005355725344270468, 0.002958168089389801, 0.0019102222518995403, 0.0017182488227263093, 0.0011936934664845467, 0.001079520967323333, 0.0008766495622694493, 0.0007393759558908641, 0.0007932092878036201, 0.00062479815678671, 0.0005468188435770571, 0.0005002880410756916, 0.0004685631487518549, 0.0004540078341960907, 0.0005597322597168386, 0.0003842833481030539, 0.0004126654006540775, 0.00035947090364061294, 0.0003496124962111935, 0.0003060390299651772, 0.00031309602200053633, 0.0003124976705294102, 0.0002764320670394227, 0.0002691875328309834, 0.0002479591785231605, 0.00026837054174393414, 0.00023561090929433704, 0.0002162623219192028, 0.00024159125750884415, 0.00020915000350214542, 0.0001921961666084826, 0.0002468667196808383, 0.00019505632517393678, 0.0002499996917322278, 0.00020243796170689167, 0.00018309605657123028, 0.00020416827755980193, 0.00019716089009307324, 0.00018286334816366434, 0.0001850800559623167, 0.0002055860764812678, 0.00017640758014749735, 0.0001983870315598324, 0.00020182304724585264, 0.00019875162106473, 0.00016886800876818596, 0.00018444102897774428, 0.00018301911477465184, 0.00017183005111292004, 0.00016522002988494933, 0.00015384326397906988, 0.0001781829196261242, 0.00018479277205187827, 0.00018167255911976098, 0.0001749056827975437, 0.00019663744606077672, 0.0001760698651196435, 0.00017562577268108724, 0.00016538255731575192, 0.0001815139694372192, 0.00016034127911552788, 0.00016629575984552502, 0.00018056703265756369, 0.00015692331071477384, 0.0001388430071529001, 0.00016298542032018305, 0.00017096390365622938, 0.00016941104258876293, 0.00016254476213362068, 0.00016426074726041406, 0.00016515126335434616, 0.0001929845311678946, 0.00015185540542006493, 0.00016103774250950665, 0.00015891999064479023, 0.00016146676207426936, 0.00016227720479946583, 0.00015352152404375375, 0.00016594544285908341, 0.00015635800082236528, 0.00015249504358507692, 0.00016679777472745628, 0.00014423945685848594, 0.00015641513891750947, 0.0001797631790395826, 0.00015539049345534295, 0.00013979316863697023, 0.00015315174532588572, 0.00014515412185573951, 0.00015418426191899927, 0.00014067024312680587, 0.00013499577762559055, 0.0001401579676894471, 0.00014976007514633238, 0.00017310026159975678, 0.0001313362387008965, 0.0001482959050917998, 0.00013542828528443352, 0.00014311575796455145, 0.00015474627871299164, 0.000141493184491992, 0.000146514005609788, 0.00014470362511929125, 0.00012113092670915649, 0.0001354148902464658, 0.0001441976783098653, 0.00011276145232841372, 0.00013534225436160341, 0.0001341008610324934, 0.00012396454985719174, 0.00012589750986080617, 0.0001458039667340927, 0.00013653046335093677, 0.00011897504446096718, 0.0001187309593660757, 0.00012897390115540475, 0.0001477200712542981, 0.00014146188041195274, 0.00012576968438224868, 0.0001289410545723513, 0.00014429226430365816, 0.00011871773313032463, 0.00011385200486984104, 0.00010913071455433964, 0.00013061432691756635, 0.0001156297919806093, 0.00011850122391479089, 0.00011977747199125588, 0.0001092487626010552, 0.00013160871749278157, 0.00011830182193079963, 0.0001230765221407637, 0.00013007952802581712, 0.0001344437332591042, 0.00011740469635697081, 0.000122152800031472, 0.00012210938875796274, 0.0001451795396860689, 0.00012316398060647772, 0.00010454875882714987, 0.00012837963440688328, 0.00011048790911445394, 0.00011017838405678049, 0.00011685940844472498, 0.00011301797785563394, 0.00011662016768241302, 0.0001168319970020093, 0.00016161419043783098], "val_curve": [0.7580133199691772, 0.8334503412246704, 1.0858004927635192, 1.229194277524948, 1.2070149779319763, 0.9940069794654847, 0.76678187251091, 0.5391207039356232, 0.37147740721702577, 0.3565343588590622, 0.39945551156997683, 0.4196969658136368, 0.4789788812398911, 0.5515129864215851, 0.6066770792007447, 0.6460038781166076, 0.6757599472999573, 0.7082606196403504, 0.7470044791698456, 0.8067606270313263, 0.8990206062793732, 0.8461743474006653, 0.8206452250480651, 0.8485314190387726, 0.8943699955940246, 0.924248069524765, 0.9390305697917938, 0.9656069934368133, 0.9807779908180236, 0.982376879453659, 0.9743037611246109, 0.9641234338283539, 0.962928181886673, 0.9717639863491059, 0.9606829464435578, 0.9390633642673493, 0.9015139251947403, 0.8822557702660561, 0.880315937101841, 0.8818968504667282, 0.8614569649100303, 0.8388366356492043, 0.8084916181862354, 0.7760535992681981, 0.7423878841102123, 0.7041969142854214, 0.6709502197802066, 0.6343419164419174, 0.5852109115570784, 0.5425853800028563, 0.5012240465730429, 0.4651046061888337, 0.428925359621644, 0.3945733800530434, 0.364350738376379, 0.33571589943021535, 0.3079118005931377, 0.28097964227199557, 0.25612042369320986, 0.23445864040404557, 0.2136260000988841, 0.19207891831174492, 0.17449369197711348, 0.15541644459590315, 0.1371974521316588, 0.11924706553108991, 0.10533646526746451, 0.09222939391620458, 0.0807127560954541, 0.07007915587164462, 0.05986820310354233, 0.05216049663722515, 0.0458183875773102, 0.03912116275168955, 0.03355982755310834, 0.028195490571670236, 0.023511049128137528, 0.019699223223142326, 0.01644999939016998, 0.013862228812649846, 0.011732599488459528, 0.009902180056087673, 0.008061724295839668, 0.006900170561857521, 0.005647700116969645, 0.004592212015995756, 0.003913290234049782, 0.0033808650565333664, 0.0030230557662434877, 0.0026236429053824394, 0.0023081263469066473, 0.002057234989479184, 0.0018087120784912258, 0.0016405667178332807, 0.0015147687023272737, 0.0014110201969742774, 0.0013180300389649346, 0.0012533510831417515, 0.0012001958210021257, 0.0011537977523403242, 0.0011046938103390857, 0.001068420591764152, 0.0010140874073840678, 0.0009373847191454842, 0.0009232302225427702, 0.0009095605404581874, 0.0009188805270241573, 0.0009286580141633749, 0.0009390982275363057, 0.000959954020800069, 0.0009834255266468971, 0.0010414274904178456, 0.0011019548575859517, 0.0011387048318283633, 0.0010886025469517336, 0.0010904312453931197, 0.0011218906671274453, 0.0011375875561498105, 0.001203507001628168, 0.001240688402322121, 0.001284513196151238, 0.001307406646083109, 0.001272882461489644, 0.0012732993709505536, 0.0011629541811998933, 0.0012024429292068818, 0.0012542379481601529, 0.0012917117477627472, 0.0013785159462713636, 0.0014262117736507207, 0.0014660543442005292, 0.0014665597846033052, 0.0014406019501620904, 0.001496509184653405, 0.0015558985876850783, 0.0015441700685187242, 0.0016295764304231851, 0.0016413820150773973, 0.0016641362919472158, 0.0017325962267932481, 0.001904812510474585, 0.002006863019778393, 0.002058875093644019, 0.002066523324174341, 0.0020357134446385315, 0.0020126952294958755, 0.001938806970429141, 0.0019012420059880241, 0.0018579143958049825, 0.0019142173958243802, 0.001877982306177728]}
{"dataset": "TwoLeadECG", "depth": 9, "nb_filters": 16, "batch_size": 128, "kernel_size": 32, "use_residual": "True", "use_bottleneck": "True", "acc": 1.0, "precision": 1.0, "recall": 1.0, "budget_ran": 1500,