{"dataset": "SonyAIBORobotSurface", "depth": 9, "nb_filters": 16, "batch_size": 128, "kernel_size": 32, "use_residual": "True", "use_bottleneck": "True", "acc": 0.9903225806451612, "precision": 0.988753076721655, "recall": 0.9916248715934497, "budget_ran": 1500, "train_curve": [0.509193354845047, 0.10676174610853195, 0.040080878883600235, 0.02172216773033142, 0.012852763384580612, 0.007936680596321822, 0.005152049008756876, 0.004120569583028555, 0.0026411295169964434, 0.002400439721532166, 0.0018801135011017323, 0.001585715194232762, 0.0020581827964633705, 0.0011798059800639748, 0.0010635290294885636, 0.0010760699049569666, 0.00094708485994488, 0.0008566670469008387, 0.0007439123000949621, 0.000832823640666902, 0.0006331424054224044, 0.000716402183752507, 0.0006066903297323734, 0.0005619605828542263, 0.0005733276077080518, 0.0006485775113105774, 0.0006030688586179167, 0.0004634381621144712, 0.0005107773293275386, 0.0004114704090170562, 0.0004982938407920301, 0.0004585988470353186, 0.0004377627046778798, 0.00048073740326799453, 0.0004823319090064615, 0.00037328861944843086, 0.00035942214890383184, 0.00035018656344618646, 0.00038211611099541186, 0.0003309486171929166, 0.0003707112336996943, 0.0005470973701449111, 0.0003200229752110317, 0.0003367785160662606, 0.00030259527266025544, 0.00031470624962821604, 0.00034270539181306957, 0.000334223810932599, 0.00047198465035762637, 0.00029724876512773337, 0.00036401624674908817, 0.00031066752853803337, 0.0003174594632582739, 0.0002965476014651358, 0.0003098236978985369, 0.0003117877175100148, 0.00027162114856764673, 0.0002955602714791894, 0.00030496002291329204, 0.00028476146690081805, 0.0003175100369844586, 0.0002862066321540624, 0.0003152240125928074, 0.0002632804273162037, 0.00027492552471812813, 0.00029983371787238865, 0.0002939223893918097, 0.00040191554580815136, 0.000336848315782845, 0.0003470201219897717, 0.0002740624884609133, 0.00026248951617162674, 0.0003268099535489455, 0.0002628327521961182, 0.00024352858017664402, 0.0002704431797610596, 0.0002578952466137707, 0.00030096280679572376, 0.0002754108514636755, 0.0003051278879866004, 0.000255485373781994, 0.0002427799510769546, 0.00024432326608803123, 0.0003022923425305635, 0.00025973712909035387, 0.0002437160350382328, 0.0002676674543181434, 0.000270397393614985, 0.00030302779632620516, 0.00028438362351153047, 0.0002830765530234203, 0.0002968323155073449, 0.00030805257265456023, 0.0002523642819141969, 0.00026782811037264766, 0.00026768074894789606, 0.00025312513462267817, 0.000277907054987736, 0.0002879438688978553, 0.00030734280589967967, 0.0002593527548015118, 0.0002605854155262932, 0.0003287285682745278, 0.0002817871718434617, 0.0002238049462903291, 0.0002858630585251376, 0.00027777242939919233, 0.0002807005890645087], "val_curve": [0.9654027938842773, 1.5385967254638673, 1.985074770450592, 2.087604856491089, 1.849588191509247, 1.40568705201149, 0.957874882221222, 0.6428950667381287, 0.4334836184978485, 0.31754093170166015, 0.2991608068346977, 0.3700542688369751, 0.5003729104995728, 0.6261328130960464, 0.744240652024746, 0.8350157380104065, 0.8845732271671295, 0.9245833605527878, 0.9500286012887955, 0.9679487079381943, 0.9825570434331894, 1.0024928897619247, 1.0122368276119231, 1.0232495933771133, 1.0270374119281769, 1.0057809412479402, 0.9923318386077881, 0.9805494904518127, 0.9679116129875183, 0.9495794415473938, 0.9310648739337921, 0.9146059095859528, 0.8911308884620667, 0.8686396062374115, 0.8325701773166656, 0.809063321352005, 0.7855478167533875, 0.7600654423236847, 0.735076242685318, 0.7097202003002167, 0.6872507750988006, 0.6559403002262115, 0.6254116058349609, 0.6006983160972595, 0.578007984161377, 0.5572938442230224, 0.5367559969425202, 0.5171974480152131, 0.49886258840560915, 0.48098843097686766, 0.46263347268104554, 0.4451077222824097, 0.42870075404644015, 0.4123886913061142, 0.3967838168144226, 0.382066136598587, 0.3676664412021637, 0.3539894223213196, 0.3407295882701874, 0.32812308967113496, 0.31559252738952637, 0.3033689856529236, 0.29147491455078123, 0.2802035629749298, 0.26938762068748473, 0.25894505679607394, 0.24911053776741027, 0.23893160820007325, 0.22931911945343017, 0.21978374421596528, 0.2105724573135376, 0.20189863443374634, 0.19359338730573655, 0.1857832834124565, 0.1783398747444153, 0.17140747904777526, 0.1647378295660019, 0.15845682322978974, 0.1522821828722954, 0.14624883532524108, 0.14054656773805618, 0.13502053171396255, 0.1298227548599243, 0.1247713640332222, 0.1198592208325863, 0.1152439333498478, 0.11078450009226799, 0.10645346865057945, 0.10232510268688202, 0.09831929579377174, 0.09446334913372993, 0.09084807187318802, 0.08769788444042206, 0.08467972502112389, 0.08172494173049927, 0.07879472859203815, 0.07596942372620105, 0.07332318052649497, 0.07069319076836109, 0.06808630228042603, 0.06575718894600868, 0.06348838731646538, 0.061292343959212306, 0.059195756912231445, 0.0571941789239645, 0.055251276306808, 0.053652995824813844, 0.051942192018032074]}
{"dataset": "SonyAIBORobotSurface", "depth": 9, "nb_filters": 16, "batch_size": 128, "kernel_size": 32, "use_residual": "True", "use_bottleneck": "True", "acc": 0.9919354838709677, "precision": 0.9915026306240928, "recall": 0.9924793433355077, "budget_ran": 1500, "train_curve": [0.44851242899894717, 0.09107364416122436, 0.03708295449614525, 0.01726579889655113, 0.010301712900400162, 0.0066525226458907126, 0.00577819598838687, 0.0033696139231324195, 0.002714124135673046, 0.0023988977307453753, 0.001707052648998797, 0.0014703786931931973, 0.0012854012311436236, 0.0010553718893788755, 0.0012471851776354014, 0.0009199262247420847, 0.0007518883794546127, 0.000939448841381818, 0.0006725533748976886, 0.0006786270590964705, 0.0005749109608586877, 0.0006693140661809593, 0.0005136620893608779, 0.0004658676218241453, 0.0004730745917186141, 0.00045323227532207967, 0.0005198751285206526, 0.0004622054286301136, 0.0004652355622965842, 0.00043190295109525324, 0.00037261213874444364, 0.0003883407625835389, 0.00037119207554496824, 0.0004048124013934284, 0.00040718953823670745, 0.00044429335393942894, 0.0003402395057491958, 0.0003474428376648575, 0.00048016272485256194, 0.0003371072089066729, 0.0003312036977149546, 0.00028662683616857975, 0.0002957143791718408, 0.00029047194984741507, 0.0003407408687053248, 0.00027491349901538343, 0.0003644811687991023, 0.00036221195477992296, 0.00028660123643931, 0.0003132521494990215, 0.00030469462217297405, 0.00032323007471859457, 0.00037414593680296093, 0.00031433913100045177, 0.00036510874633677304, 0.00024113660329021512, 0.00023720336612313985, 0.0003069528582273051, 0.0002673883951501921, 0.0002297336352057755, 0.00029029751021880656, 0.00024337710347026585, 0.00031142046500463037, 0.0002936238131951541, 0.0002906038629589602, 0.00029815550951752814, 0.0002278922125697136, 0.00026228861534036694, 0.0002913661126513034, 0.00023815414169803262, 0.0002541084366384894, 0.00023791121784597636, 0.0002770493243588135, 0.0002487940015271306, 0.00028900556790176777, 0.000270610602456145, 0.0002375572774326429, 0.00024703081580810247, 0.0002397937176283449, 0.0002715573005843908, 0.0002678961434867233, 0.00027648451505228876, 0.0002646178938448429, 0.0002672790229553357, 0.0002693903777981177, 0.00028553686279337854, 0.00022813511022832245, 0.00024599778407718986, 0.0002505059557734057, 0.00028677647933363917, 0.0002700642216950655, 0.0002321967825992033, 0.00030604829953517765, 0.00022836694261059166, 0.00030505965114571156, 0.0002332462405320257, 0.0002949398069176823, 0.00030213177087716757, 0.00022035826987121254, 0.00021449019550345838, 0.00023887022107373923, 0.00020733149140141904, 0.0002473167201969773, 0.00021981616446282716, 0.00023038741492200642, 0.0002196233515860513, 0.0002692881360417232],