{"dataset": "Wine", "depth": 9, "nb_filters": 16, "batch_size": 128, "kernel_size": 32, "use_residual": "True", "use_bottleneck": "True", "acc": 0.5237154150197628, "precision": 0.5272186147186148, "recall": 0.5693722943722943, "budget_ran": 1500, "train_curve": [0.8588536024093628, 0.7353726267814636, 0.6963189959526062, 0.689214563369751, 0.6879150748252869, 0.6846277117729187, 0.6812886953353882, 0.6772034406661988, 0.6725351810455322, 0.6695697069168091, 0.6707939505577087, 0.6615591883659363, 0.6614897727966309, 0.6531196236610413, 0.6496202230453492, 0.6465346693992615, 0.6414258599281311, 0.6366814374923706, 0.6291328430175781, 0.6165079355239869, 0.6073957741260528, 0.6291000723838807, 0.6062625169754028, 0.6024439454078674, 0.5899870157241821, 0.58440101146698, 0.5633555710315704, 0.568034964799881, 0.5777225255966186, 0.5548539876937866, 0.5622837781906128, 0.5293335378170013, 0.5503289997577667, 0.5397293508052826, 0.5434794247150421, 0.5208217859268188, 0.5318719923496247, 0.5191361367702484, 0.5099194288253784, 0.4896112620830536, 0.48706846237182616, 0.47597182989120485, 0.4740840017795563, 0.4496767818927765, 0.46242421865463257, 0.4524169087409973, 0.442048180103302, 0.4616115868091583, 0.44406628608703613, 0.4561742842197418, 0.46283002495765685, 0.47312197685241697, 0.4641384303569794, 0.43811646699905393, 0.4351590573787689, 0.41581412553787234, 0.4287287652492523, 0.397850501537323, 0.4025629758834839, 0.4325936496257782, 0.4309023439884186, 0.411604505777359, 0.4286582589149475, 0.4143202304840088, 0.4016601324081421, 0.3856413722038269, 0.37030735015869143, 0.37609903216362, 0.3687807202339172, 0.36128822565078733, 0.3463451087474823, 0.3506628215312958, 0.3459462642669678, 0.34487099647521974, 0.3339169681072235, 0.3334231019020081, 0.32801271677017213, 0.3257529139518738, 0.32023919820785524, 0.3172765076160431, 0.3120476961135864, 0.3070770025253296, 0.3086353361606598, 0.32048411965370177, 0.3163702726364136, 0.3129113733768463, 0.2977235674858093, 0.2972856342792511, 0.29732125997543335, 0.2908908426761627, 0.2868973195552826, 0.2762050122022629, 0.2916139155626297, 0.29645613133907317, 0.29440702199935914, 0.2936641454696655, 0.2838544934988022, 0.2820656418800354, 0.27413213849067686, 0.2800006181001663, 0.26406524181365965], "val_curve": [0.7231074929237366, 0.7275766015052796, 0.7390531897544861, 0.7544211149215698, 0.7720954418182373, 0.7879086256027221, 0.7992934942245483, 0.8101270318031311, 0.8155145525932312, 0.8232680439949036, 0.8233583927154541, 0.816037404537201, 0.819140100479126, 0.8178679943084717, 0.8042177200317383, 0.7916283369064331, 0.783307957649231, 0.7636760592460632, 0.7333872437477111, 0.7238993406295776, 0.7178781032562256, 0.7230059623718261, 0.7586722135543823, 0.766547966003418, 0.7498593807220459, 0.749164628982544, 0.7613901853561401, 0.7344624757766723, 0.8112135171890259, 0.8683001399040222, 0.8923823237419128, 0.926367974281311, 0.9508201241493225, 0.9569841623306274, 1.0237757444381714, 1.022688376903534, 1.1293104648590089, 1.2640220403671265, 1.2984001517295838, 1.2425410628318787, 1.381817924976349, 1.624212372303009, 1.7464077949523926, 1.8728163242340088, 2.043794059753418, 2.288729393482208, 2.757051706314087, 2.839720618724823, 2.9260814666748045, 2.748185169696808, 2.621935224533081, 2.782625699043274, 3.075764787197113, 3.3456769466400145, 3.9082409858703615, 4.853530073165894, 5.319476699829101, 5.677330207824707, 6.194721984863281, 6.208697986602783, 6.331626319885254, 6.668050837516785, 6.989209055900574, 7.05111837387085, 6.929421865940094, 7.0092391014099125, 7.138487792015075, 7.225469076633454, 7.367582559585571, 7.769241154193878, 7.977040088176727, 8.145617508888245, 8.226803636550903, 8.269347858428954, 8.424205446243286, 8.651678991317748, 8.899981260299683, 9.015385007858276, 9.06248893737793, 9.189074373245239, 9.343101930618285, 9.689450693130492, 10.050145626068115, 10.153116607666016, 10.281119918823242, 10.28101463317871, 10.086989212036134, 9.950101089477538, 9.79801139831543, 9.615758371353149, 9.458359479904175, 9.442881727218628, 9.527813386917114, 9.24268946647644, 9.179399824142456, 9.228780794143677, 9.414753913879395, 9.536427235603332, 9.693042755126953, 9.908279418945312, 10.116542172431945]}
{"dataset": "Wine", "depth": 9, "nb_filters": 16, "batch_size": 128, "kernel_size": 32, "use_residual": "True", "use_bottleneck": "True", "acc": 0.49565217391304345, "precision": 0.4154180782985131, "recall": 0.5346969696969698, "budget_ran": 1500, "train_curve": [0.7434210062026978, 0.7047750353813171, 0.6938917398452759, 0.6849975824356079, 0.6808720707893372, 0.6761497616767883, 0.6698472738265991, 0.6697539329528809, 0.663457715511322, 0.6586421966552735, 0.6508132338523864, 0.6401625990867614, 0.6283063411712646, 0.6164340853691102, 0.599194324016571, 0.6030915379524231, 0.5929428339004517, 0.6105476975440979, 0.5825939416885376, 0.5644990801811218, 0.5592349529266357, 0.5614596009254456, 0.5374088823795319, 0.5363600373268127, 0.5427333116531372, 0.5318553864955902, 0.533880078792572, 0.5279394090175629, 0.5116394639015198, 0.5024098455905914, 0.4869111835956573, 0.49487672448158265, 0.49014186263084414, 0.4888533651828766, 0.4681316137313843, 0.47568737268447875, 0.4741768479347229, 0.47117374539375306, 0.4707940757274628, 0.4480393767356873, 0.4588020622730255, 0.44245522022247313, 0.4364182710647583, 0.43397353291511537, 0.426505845785141, 0.4449805557727814, 0.4425454556941986, 0.4398447096347809, 0.4388395130634308, 0.43056715130805967, 0.42990910410881045, 0.4362556219100952, 0.4120122969150543, 0.4179141640663147, 0.40840389728546145, 0.39483714699745176, 0.38962326049804685, 0.384217643737793, 0.4047159612178802, 0.39754451513290406, 0.39750905632972716, 0.4004052758216858, 0.3783062160015106, 0.40041579604148864, 0.37609937191009524, 0.3794786334037781, 0.3611163318157196, 0.37005123496055603, 0.35245307385921476, 0.3878573000431061, 0.3401619136333466, 0.3734391212463379, 0.3469332277774811, 0.36940060257911683, 0.3567936956882477, 0.36294496059417725, 0.34870227575302126, 0.34296042323112486, 0.3343606948852539, 0.32759287357330324, 0.3213650643825531, 0.317152726650238, 0.3115865349769592, 0.3020642250776291, 0.298616087436676, 0.30081256330013273, 0.2946818441152573, 0.28847587406635283, 0.2857895761728287, 0.28031987845897677, 0.27845255136489866, 0.2788418740034103, 0.2717803865671158, 0.274893718957901, 0.26653377413749696, 0.2642851710319519, 0.2589733749628067, 0.26112022399902346, 0.26138764917850493, 0.2603553354740143, 0.2525058776140213],