{"dataset": "yoga", "depth": 9, "nb_filters": 16, "batch_size": 128, "kernel_size": 32, "use_residual": "True", "use_bottleneck": "True", "acc": 0.9793939393939395, "precision": 0.9797340251807032, "recall": 0.9788649305220798, "budget_ran": 1500, "train_curve": [0.6074048638343811, 0.47327264547348025, 0.3863746106624603, 0.3377962470054626, 0.28168667256832125, 0.23807249665260316, 0.2055800586938858, 0.18746490478515626, 0.1628526508808136, 0.14955625534057618, 0.13236168324947356, 0.10046137124300003, 0.09000889211893082, 0.08265842944383621, 0.06861275658011437, 0.05965946838259697, 0.058618543297052385, 0.05087054558098316, 0.044850004836916924, 0.035679692029953004, 0.026003248617053033, 0.024301331117749216, 0.027573863975703716, 0.031085839681327342, 0.02364766178652644, 0.022477207519114018, 0.019718019291758537, 0.02125109303742647, 0.025749846175312997, 0.032621639966964724, 0.03921706285327673, 0.03301447965204716, 0.024722838215529917, 0.028268290124833582, 0.0184505145996809, 0.0153322234749794, 0.009322826378047466, 0.00751011366955936, 0.005338931968435645, 0.008226089971140027, 0.006809267261996865, 0.0063324141781777145, 0.017324778623878954, 0.020641920785419644, 0.01861608331091702, 0.01622910473961383, 0.010846956411842256, 0.009410583472345024, 0.0037384483846835794, 0.0027314518811181188, 0.0023054137593135236, 0.0021764273173175753, 0.001875102985650301, 0.0019562145927920936, 0.0017414877016562968, 0.0016930821817368268, 0.0017442951444536447, 0.0016159563791006803, 0.0015355977579019965, 0.0014753363269846887, 0.0014225831022486092, 0.001996052963659167, 0.0015728677855804563, 0.0015068322652950882, 0.001299357519019395, 0.0013307607965543865, 0.0012250484840478748, 0.0011786842136643828, 0.0011264227679930628, 0.0012003755546174943, 0.0010487313847988844, 0.0009762730682268739, 0.0010330445365980268, 0.0010644201538525522, 0.001046956138452515, 0.0010448541841469705, 0.000989871472120285, 0.0010519546107389034, 0.0009228864277247339, 0.0009069166088011115, 0.0008209010818973183, 0.0008930304378736764, 0.0008768601401243359, 0.0007990559446625411, 0.000851689901901409, 0.0008626878086943179, 0.0008836101624183357, 0.0008537657733540982, 0.0008278350403998047, 0.0008286510070320219, 0.000817653932608664, 0.0007306498475372792, 0.0006733184040058404, 0.000897768494905904, 0.0007322418852709234, 0.0007638295239303261, 0.0007678272901102901, 0.0007006332976743579, 0.0007128375640604645, 0.0008225398429203779, 0.0006747462612111121, 0.0006945605447981507, 0.000646308925934136, 0.0007316266361158341, 0.0006560803798492998, 0.0006713982846122235, 0.0006288742821197957, 0.0006768496241420507, 0.0007659538125153631, 0.0005763009423390031, 0.0006250982114579529, 0.0005973258754238487, 0.0006546519580297172, 0.0006262164155486971, 0.0005558125034440309, 0.0006418671633582562, 0.000650176772614941, 0.0006190792366396636, 0.0005946531658992171, 0.000555729860207066, 0.0005789553339127451, 0.0005695705709513277, 0.0005527407163754105, 0.0005812743911519647, 0.0005438587570097298, 0.0005582113459240645, 0.0005872945650480688, 0.0005386676610214635, 0.00055607715039514, 0.00052076680585742, 0.0004937288176734, 0.000553606275934726, 0.0005146467068698257, 0.00047553848708048463, 0.0006764614372514188, 0.0005215305194724351, 0.0005430063523817807, 0.0005104745156131685], "val_curve": [1.1720136165618897, 0.95723637342453, 1.014671754837036, 1.0100502252578736, 1.4373166799545287, 2.0769580006599426, 2.3950886845588686, 1.786383056640625, 3.3502752661705015, 3.24465126991272, 3.6366209506988527, 2.8881846189498903, 4.687175607681274, 4.380194044113159, 3.0836095571517945, 3.386971139907837, 2.324916124343872, 3.831712079048157, 3.3204038739204407, 2.7046471118927, 3.6294410586357118, 3.8482696294784544, 3.5989893436431886, 3.4760645627975464, 4.485393118858338, 2.5475345134735106, 2.028906542062759, 1.763701006770134, 1.2540252923965454, 2.256888270378113, 2.132700562477112, 1.7904279768466949, 1.3650412380695343, 1.077198725938797, 0.7690098345279693, 0.5241563498973847, 0.61774562895298, 0.33832285553216934, 0.2921161025762558, 0.26066711395978925, 0.246561698615551, 0.18051588982343675, 0.27271103858947754, 0.6251675248146057, 0.1556757591664791, 0.21392394602298737, 0.39046597480773926, 0.09427586644887924, 0.11036123409867286, 0.08886030688881874, 0.08534640297293664, 0.08169354349374772, 0.07957230433821678, 0.077984319627285, 0.07616886124014854, 0.0753004640340805, 0.07432621940970421, 0.07285452857613564, 0.07320881560444832, 0.07343107163906097, 0.07426589354872704, 0.09653447419404984, 0.0765402652323246, 0.0852038286626339, 0.07816987559199333, 0.07513183951377869, 0.07366578578948975, 0.07333264350891114, 0.07270517125725746, 0.07202003970742225, 0.07150533571839332, 0.07107553854584694, 0.07119559794664383, 0.0693470910191536, 0.07056876122951508, 0.07006034031510353, 0.07065396830439567, 0.07091237679123878, 0.0706686407327652, 0.07051312997937202, 0.07002835497260093, 0.0700876884162426, 0.06973396092653275, 0.06959195733070374, 0.06948002353310585, 0.06945444270968437, 0.06989038437604904, 0.06979590579867363, 0.06967726424336433, 0.06949120685458184, 0.06981743946671486, 0.069268349558115, 0.06915290281176567, 0.0693492278456688, 0.06927708238363266, 0.0694725640118122, 0.06951294168829918, 0.06933265328407287, 0.06902194693684578, 0.0693358913064003, 0.06934217438101768, 0.06930427476763726, 0.06881888881325722, 0.06849011257290841, 0.06928370967507362, 0.06933347508311272, 0.06900215148925781, 0.06930003240704537, 0.06927371025085449, 0.06940278708934784, 0.06951543688774109, 0.06979640796780587, 0.07034777998924255, 0.06962966918945312, 0.06896201372146607, 0.06855441406369209, 0.06855517104268075, 0.06884741708636284, 0.069126545637846, 0.06901639699935913, 0.06861328184604645, 0.06897192224860191, 0.06910994052886962, 0.0686096005141735, 0.06851946488022805, 0.06846572011709214, 0.06858258843421935, 0.06842385381460189, 0.06847079619765281, 0.06832743063569069, 0.06838706582784652, 0.06835057213902473, 0.06823156699538231, 0.06823730245232582, 0.06859927773475646, 0.06827520057559014, 0.06819991618394852, 0.06800220832228661]}
{"dataset": "yoga", "depth": 9, "nb_filters": 16, "batch_size": 128, "kernel_size": 32, "use_residual": "True", "use_bottleneck": "True", "acc": 0.9800000000000001, "precision": 0.980311576278174, "recall": 0.9795680134635688, "budget_ran": 1500,