{"dataset": "ItalyPowerDemand", "depth": 9, "nb_filters": 16, "batch_size": 128, "kernel_size": 32, "use_residual": "True", "use_bottleneck": "True", "acc": 0.9653217102532171, "precision": 0.9651661714791775, "recall": 0.9661909360952643, "budget_ran": 1500, "train_curve": [0.3584128677845001, 0.10413770079612732, 0.09684423506259918, 0.08920637369155884, 0.07518163099884986, 0.07299812585115432, 0.06767804846167565, 0.05832331702113151, 0.06002769395709038, 0.05287333875894547, 0.050458754599094394, 0.042007673904299735, 0.04006129279732704, 0.037008431553840634, 0.05266486294567585, 0.060634613037109375, 0.06594171598553658, 0.05164529457688331, 0.04378083571791649, 0.0359013982117176, 0.035577578097581865, 0.04035579394549131, 0.03813744708895683, 0.03444921188056469, 0.031011897325515746, 0.03374328538775444, 0.027265276201069354, 0.03075537160038948, 0.046611574664711955, 0.05490127336233854, 0.03465389786288142, 0.034844689257442954, 0.029056131094694137, 0.0269556678365916, 0.02345483945682645, 0.024806826282292603, 0.026912783831357957, 0.022880699299275876, 0.021555422991514205, 0.02576320627704263, 0.03707501590251923, 0.022678440436720848, 0.022123956494033335, 0.024231140688061713, 0.02031820863485336, 0.019452360086143018, 0.01458179261535406, 0.012628492712974549, 0.012416880019009114, 0.013252804055809975, 0.01130742123350501, 0.010585579369217158, 0.009737343527376652, 0.009324931353330613, 0.010271162074059249, 0.010610959492623806, 0.010559424757957458, 0.010893576452508569, 0.008849854115396738, 0.007429164159111679, 0.00839053075760603, 0.00683337349910289, 0.00660267760977149, 0.007136195152997971, 0.0067092680372297766, 0.00647298158146441, 0.008986453991383314, 0.008593418914824725, 0.007720834016799927, 0.008299289410933853, 0.008565576793625952, 0.008380016288720071, 0.010318951960653067, 0.006495432322844863, 0.004708164278417826, 0.00475400141440332, 0.005594415846280754, 0.004719456122256815, 0.004148749820888043, 0.00433588344603777, 0.004052622988820076, 0.0031369721284136174, 0.003173887566663325, 0.002817378588952124, 0.002467257110401988, 0.0024391946848481894, 0.0023061004118062555, 0.0021312286844477057, 0.0020208902540616693, 0.002211757900658995, 0.0024907739832997324, 0.0026767540839500725, 0.0017655797302722931, 0.0015860772226005792, 0.0018146865186281502, 0.0017213011044077576, 0.0022562358644790947, 0.0018309237901121378, 0.004215707385446877, 0.004179062554612756, 0.0020722421584650876, 0.0018169174203649164, 0.0015530405682511628, 0.0018488052999600768, 0.0030258876038715245, 0.00166862205369398, 0.006819643173366785, 0.003740480775013566, 0.0033660576213151217, 0.002506208058912307, 0.0023322409484535455, 0.0016759678488597273, 0.002908276650123298, 0.0019617586862295867, 0.0016999417217448353, 0.0017943629063665867, 0.0012460937374271452, 0.0014335986692458392, 0.0013079800410196185, 0.0014869539299979806, 0.0010858201188966633, 0.0012380593456327916, 0.0013268069131299853, 0.0010686184861697257, 0.0012392276665195822, 0.0011021745158359408, 0.0011745673720724881, 0.0019707248779013754, 0.002468733489513397], "val_curve": [0.7132213830947876, 0.643830418586731, 0.5517153143882751, 0.4089910268783569, 0.32525815069675446, 0.3004086345434189, 0.2952007442712784, 0.3360461950302124, 0.418660569190979, 0.4576732307672501, 0.5323498964309692, 0.5670604914426803, 0.6497775852680207, 0.6915548354387283, 0.6518313139677048, 0.6869522631168365, 0.44308925569057467, 0.49935835897922515, 0.3723675698041916, 0.4036650210618973, 0.461032634973526, 0.44918317049741746, 0.5227035626769065, 0.5623522356152535, 0.6426422342658042, 0.6827925503253937, 0.6756195038557052, 0.6596037775278092, 0.6020050883293152, 0.6425841182470322, 0.6336899757385254, 0.580919337272644, 0.5871103942394257, 0.5548366263508797, 0.5518572457134724, 0.5385122820734978, 0.5226435765624047, 0.47217420637607577, 0.4500038519501686, 0.40774005800485613, 0.4162536233663559, 0.3399524584412575, 0.3324815645813942, 0.3079348631203175, 0.34987120106816294, 0.3521801307797432, 0.34748569428920745, 0.3096392720937729, 0.2675274260342121, 0.23745753094553948, 0.27681744694709776, 0.3153561092913151, 0.32131308019161225, 0.2951430544257164, 0.2859131842851639, 0.2803547479212284, 0.24964782521128653, 0.226796855032444, 0.21198751777410507, 0.2117791511118412, 0.1974163219332695, 0.18363128304481507, 0.17411912381649017, 0.1688777059316635, 0.15553699880838395, 0.14689399674534798, 0.1443634659051895, 0.14811792597174644, 0.14766866713762283, 0.15357593894004823, 0.12664750590920448, 0.13095710724592208, 0.13135838583111764, 0.12170030549168587, 0.116147430986166, 0.12324606329202652, 0.12324083372950553, 0.12117543891072273, 0.12074146792292595, 0.12459735572338104, 0.12528582513332367, 0.125703327357769, 0.12640730962157248, 0.12719930782914163, 0.12881503254175186, 0.13028914332389832, 0.13112712278962135, 0.1319997325539589, 0.1311155788600445, 0.12932992354035378, 0.12460881918668747, 0.12760968133807182, 0.1315764956176281, 0.13480111658573152, 0.13695728331804274, 0.13670766800642015, 0.13388848975300788, 0.13295491859316827, 0.13431400209665298, 0.1366364300251007, 0.14152469635009765, 0.14479735344648362, 0.14564176350831987, 0.1513156220316887, 0.14799615889787673, 0.1712184026837349, 0.15605839639902114, 0.15001958310604097, 0.1542036235332489, 0.154527685046196, 0.1561713382601738, 0.16519723683595658, 0.16928821951150894, 0.1671664074063301, 0.16394429355859758, 0.1623521238565445, 0.16170480102300644, 0.1615494966506958, 0.15837113708257675, 0.15780055820941924, 0.16501962393522263, 0.16703437119722367, 0.1652461752295494, 0.1645522728562355, 0.16126284897327423, 0.155989770591259, 0.1548369288444519, 0.16148243695497513, 0.19866776913404466]}
{"dataset": "ItalyPowerDemand", "depth": 9, "nb_filters": 16, "batch_size": 128, "kernel_size": 32, "use_residual": "True", "use_bottleneck": "True", "acc": 0.967148194271482, "precision": 0.96734484389395, "recall": 0.9668333190398692, "budget_ran": 1500,