{"dataset": "ProximalPhalanxOutlineAgeGroup", "depth": 9, "nb_filters": 16, "batch_size": 128, "kernel_size": 32, "use_residual": "True", "use_bottleneck": "True", "acc": 0.5537190082644627, "precision": 0.3446646234990367, "recall": 0.4508951723183222, "budget_ran": 1500, "train_curve": [1.1952266335487365, 0.6263118922710419, 0.5380003690719605, 0.4849863886833191, 0.45765206813812254, 0.42204557061195375, 0.39530702233314513, 0.385374653339386, 0.36482170820236204, 0.35263278484344485, 0.3442003667354584, 0.33090111017227175, 0.3324436187744141, 0.31693748831748964, 0.3154959440231323, 0.31605169773101804, 0.3050603747367859, 0.2984044373035431, 0.2874720454216003, 0.28159841895103455, 0.2904376327991486, 0.2756604999303818, 0.27653817236423495, 0.29428474605083466, 0.27839855551719667, 0.2776766538619995, 0.280452287197113, 0.2624131828546524, 0.26975877285003663, 0.26809642314910886, 0.24440956711769105, 0.24008756279945373, 0.22875610888004302, 0.23132303059101106, 0.2118844836950302, 0.21421439647674562, 0.23924586176872253, 0.23084143698215484, 0.2278168797492981, 0.21223704516887665, 0.2095324367284775, 0.18922160267829896, 0.1795226067304611, 0.17493753135204315, 0.15815979540348052, 0.16414529383182525, 0.15414922684431076, 0.16765109747648238, 0.16527994871139526, 0.16656972467899323, 0.14778040051460267, 0.15352889150381088, 0.1576850086450577, 0.1443758115172386, 0.13200341165065765, 0.13279731422662736, 0.1389909029006958, 0.13053093552589418, 0.13195663839578628, 0.14343785047531127, 0.11847392171621322, 0.12240571230649948, 0.10983156710863114, 0.09939372837543488, 0.08584707304835319, 0.08314998745918274, 0.08023102805018426, 0.07932303249835967, 0.07949510961771011, 0.06930735036730766, 0.05851711854338646, 0.06182340458035469, 0.0620989128947258, 0.05653855428099632, 0.04856080487370491, 0.04354023523628712, 0.03995751366019249, 0.035492827743291856, 0.03795076347887516, 0.038665613159537315, 0.028251824900507927, 0.029627162963151932, 0.03702065460383892, 0.02621659282594919, 0.02584052998572588, 0.023782915249466897, 0.022278647311031817, 0.019249273277819157, 0.01859947443008423, 0.01689448468387127, 0.01538991080597043, 0.01379253463819623, 0.013684633281081915, 0.0115182938054204, 0.009677314851433038, 0.008559875562787056, 0.008198506245389581, 0.007824151357635856, 0.007052376889623702, 0.005899195885285735, 0.006790248490869999, 0.005313884723000229, 0.00499425632879138, 0.0048594895983114835, 0.004906468512490392, 0.004791053291410208], "val_curve": [1.2899095296859742, 1.5356081962585448, 1.683939516544342, 1.706707763671875, 1.624488389492035, 1.5329947590827941, 1.40818133354187, 1.3863701343536377, 1.3599940419197083, 1.2207152128219605, 1.4039436459541321, 1.6558805584907532, 1.8380624532699585, 1.7504328846931458, 1.8467036962509156, 2.0158244132995606, 2.186984670162201, 2.088727903366089, 2.070671546459198, 2.3760425806045533, 2.789045000076294, 3.0384759187698362, 3.26693913936615, 3.8000022888183596, 3.7403682470321655, 4.231771540641785, 4.343305850028992, 4.656779503822326, 4.650195789337158, 4.455937170982361, 4.6224390983581545, 4.712813830375671, 4.946760034561157, 5.427700543403626, 6.157997751235962, 5.942625164985657, 5.683409690856934, 6.159920668601989, 8.27179765701294, 8.193446111679076, 7.729689407348633, 7.736775875091553, 7.6802935123443605, 7.330221462249756, 7.745737028121948, 8.957413244247437, 6.439628934860229, 5.911419677734375, 7.863037776947022, 9.317761278152465, 9.637622976303101, 10.185416173934936, 10.625290536880494, 8.389701986312867, 8.12707290649414, 7.804759454727173, 5.959260940551758, 5.033766365051269, 5.840710210800171, 6.355761528015137, 5.964685678482056, 6.1088563919067385, 5.339755249023438, 8.2028657913208, 9.508384895324706, 11.49766273498535, 12.188356399536133, 11.727652168273925, 10.97870225906372, 11.128397560119629, 12.799263191223144, 14.04536075592041, 16.115200328826905, 15.292631053924561, 12.807198333740235, 11.262743854522705, 11.105356121063233, 11.629947757720947, 10.886420154571534, 10.170948505401611, 12.10325117111206, 12.752199363708495, 12.352786207199097, 11.312775659561158, 10.532175636291504, 10.229774761199952, 9.63291621208191, 9.551087188720704, 10.32276463508606, 11.366452741622926, 11.568719863891602, 11.295615911483765, 10.949827480316163, 10.931843471527099, 11.093985319137573, 10.77182912826538, 10.335402393341065, 10.193676328659057, 10.213499927520752, 10.248437118530273, 10.283252382278443, 10.26044602394104, 10.187672901153565, 10.110009670257568, 10.025520706176758, 9.903328895568848]}
{"dataset": "ProximalPhalanxOutlineAgeGroup", "depth": 9, "nb_filters": 16, "batch_size": 128, "kernel_size": 32, "use_residual": "True", "use_bottleneck": "True", "acc": 0.6528925619834711, "precision": 0.4989219245589804, "recall": 0.5155766273395519, "budget_ran": 1500, "train_curve": [1.1046270251274108, 0.6106542468070983, 0.5249760687351227, 0.4850788235664368, 0.4395254135131836, 0.4080383002758026, 0.3813505172729492, 0.3601167559623718, 0.3587677896022797, 0.34061269760131835, 0.32770663499832153, 0.320062530040741, 0.32687658071517944, 0.32416039109230044, 0.31558271646499636, 0.3048343896865845, 0.29198651313781737, 0.282145619392395, 0.28007875084877015, 0.2623871862888336, 0.27955498099327086, 0.27334886193275454, 0.2643304169178009, 0.2581076264381409, 0.2711811900138855, 0.25338158905506136, 0.2589232176542282, 0.24922259747982026, 0.24980199038982392, 0.237158927321434, 0.24460918605327606, 0.23444377779960632, 0.2333791047334671, 0.2305069625377655, 0.21998417377471924, 0.22348848581314087, 0.19910116791725158, 0.19689420163631438, 0.18402075469493867, 0.16377161145210267, 0.1736917346715927, 0.16792066395282745, 0.16775597333908082, 0.17630494832992555, 0.170438352227211, 0.16469885110855104, 0.16686885356903075, 0.15207827389240264, 0.15117896497249603, 0.1339372843503952, 0.11559211760759354, 0.10853372067213059, 0.10379742532968521, 0.10938198268413543, 0.11220986396074295, 0.11678335443139076, 0.13429339081048966, 0.12385026589035988, 0.11109535992145539, 0.11238952353596687, 0.0941754549741745, 0.10816843658685685, 0.09539786875247955, 0.0923687219619751, 0.08154393583536149, 0.09227987974882126, 0.09831996783614158, 0.1026750661432743, 0.08938801288604736, 0.0768094502389431, 0.08134137466549873, 0.07219789773225785, 0.09035373330116273, 0.07950735613703727, 0.0659461922943592, 0.0578893780708313, 0.05138402134180069, 0.06450925841927528, 0.04587971270084381, 0.04596529975533485, 0.04317174293100834, 0.04247163161635399, 0.03318458981812, 0.031163310259580614, 0.028215472027659415, 0.030280531942844392, 0.023105655796825886, 0.02204379513859749, 0.02115060705691576, 0.01937462706118822, 0.017670232430100442, 0.017087683826684952, 0.017055618949234484, 0.015321099013090134, 0.01543008629232645, 0.013736069947481156, 0.014388412795960903, 0.013920640759170055, 0.011775767896324396, 0.01432498376816511, 0.011501144338399171, 0.011013281531631947, 0.010723124537616969, 0.009749445132911205, 0.010028642322868108, 0.008907151408493519, 0.009805001132190228, 0.009168901108205318],