{"dataset": "Car", "depth": 9, "nb_filters": 16, "batch_size": 128, "kernel_size": 32, "use_residual": "True", "use_bottleneck": "True", "acc": 0.25000000000000006, "precision": 0.07863095238095238, "recall": 0.2833333333333333, "budget_ran": 1500, "train_curve": [1.6321328401565551, 1.4118258953094482, 1.2593112230300902, 1.1475013494491577, 1.045945906639099, 0.9556639075279236, 0.8777114152908325, 0.8133326649665833, 0.7512047410011291, 0.69412761926651, 0.6381832599639893, 0.5851381123065948, 0.5442663848400116, 0.5009431064128875, 0.4603376805782318, 0.42987481951713563, 0.39312082529067993, 0.3662593364715576, 0.3340640962123871, 0.30945285260677335, 0.28197854161262514, 0.25636261105537417, 0.2374469146132469, 0.21405152678489686, 0.19982755333185195, 0.17987214922904968, 0.168030846118927, 0.15195207446813583, 0.1412074536085129, 0.1310412459075451, 0.11915034353733063, 0.11039839535951615, 0.10155050233006477, 0.09303764402866363, 0.08576447144150734, 0.07932307720184326, 0.07504973411560059, 0.06815234646201133, 0.06356455050408841, 0.0576437022536993, 0.05372970663011074, 0.04948757775127888, 0.04646355770528317, 0.0455340351909399, 0.04470352791249752, 0.03963431045413017, 0.03661886304616928, 0.03480822946876287, 0.031938552111387256, 0.029660246893763544, 0.02749033421278, 0.02651658169925213, 0.02369213495403528, 0.022724366374313833, 0.021285552904009818, 0.019803615845739843, 0.018417386524379253, 0.017692965175956487, 0.016321613732725383, 0.01548491483554244, 0.014703769423067569, 0.013874199707061052, 0.013044076226651668, 0.012545675039291382, 0.011893762182444334, 0.011160824820399285, 0.010702489409595728, 0.010226644575595856, 0.009693070594221354, 0.009341191872954369, 0.008927789609879255, 0.008517196867614985, 0.008206245442852377, 0.007903346605598927, 0.007577025797218084, 0.007293345127254725, 0.007094636466354132, 0.006798483710736036, 0.006582514569163323, 0.006364446552470327, 0.0061556721106171605, 0.005959683610126376, 0.005796265322715044, 0.0056299295276403425, 0.005454211356118321, 0.005322433449327946, 0.005168016767129302, 0.005038145557045936, 0.00490801022388041, 0.004786010133102536, 0.004671197943389415, 0.0045569024980068205, 0.0044552517589181665, 0.004349726485088468, 0.004260292556136846, 0.004161082068458199, 0.0040773977525532246, 0.00399117530323565, 0.003907190822064877, 0.0038321001920849085, 0.0037556643597781657], "val_curve": [1.47136652469635, 1.5114667177200318, 1.5695870161056518, 1.6221008777618409, 1.7148081541061402, 1.8474397659301758, 2.0001877784729003, 2.0381804704666138, 2.101900815963745, 2.0569033145904543, 2.0102277755737306, 2.010088586807251, 1.9671628713607787, 2.0536542654037477, 2.222157287597656, 2.2538779735565186, 2.2350216150283813, 2.348588252067566, 2.4209552526474, 2.451669454574585, 2.482992696762085, 2.5155664443969727, 2.5421393632888796, 2.4484584093093873, 2.4294657468795777, 2.5552646636962892, 2.638358998298645, 2.6617066860198975, 2.5047314882278444, 2.4583211183547973, 2.482962965965271, 2.5449296951293947, 2.742269730567932, 2.7720155477523805, 2.611221194267273, 2.5161526679992674, 2.554259753227234, 2.5556145191192625, 2.523527646064758, 2.5005239248275757, 2.475919413566589, 2.504893183708191, 2.470371675491333, 2.4199450492858885, 2.437066745758057, 2.4939300298690794, 2.505481648445129, 2.4499467611312866, 2.4205255270004273, 2.4417850255966185, 2.493489909172058, 2.5776013135910034, 2.634359622001648, 2.620507550239563, 2.637870168685913, 2.7113033533096313, 2.7697950124740602, 2.7689359903335573, 2.794091987609863, 2.855364203453064, 2.920181703567505, 2.9927694320678713, 3.0733090162277223, 3.1252702713012694, 3.1472753047943116, 3.169859504699707, 3.207133936882019, 3.2495071649551392, 3.2799147605895995, 3.303367352485657, 3.342556190490723, 3.4123592138290406, 3.5035229921340942, 3.5979367971420286, 3.6808051824569703, 3.746886682510376, 3.791918087005615, 3.8329849004745484, 3.8810720205307008, 3.939669394493103, 4.01217110157013, 4.088945412635804, 4.1591148853302, 4.225883340835571, 4.292157483100891, 4.358681988716126, 4.428669667243957, 4.499485969543457, 4.571029949188232, 4.647612929344177, 4.726763081550598, 4.802412128448486, 4.874862885475158, 4.9468238115310665, 5.019458961486817, 5.095988392829895, 5.17256441116333, 5.245536255836487, 5.315900492668152, 5.38506429195404, 5.454291653633118]}
{"dataset": "Car", "depth": 9, "nb_filters": 16, "batch_size": 128, "kernel_size": 32, "use_residual": "True", "use_bottleneck": "True", "acc": 0.2833333333333333, "precision": 0.09259209992905645, "recall": 0.2833333333333333, "budget_ran": 1500, "train_curve": [1.873553705215454, 1.5846636056900025, 1.3930448293685913, 1.2552481174468995, 1.1512954831123352, 1.0626001477241516, 0.9799187421798706, 0.9062358736991882, 0.8424683332443237, 0.7825237870216369, 0.725908362865448, 0.6808102011680603, 0.6377613425254822, 0.5892931997776032, 0.5470478892326355, 0.5099593997001648, 0.4730567216873169, 0.4399089992046356, 0.40977758169174194, 0.37827961444854735, 0.34530494213104246, 0.3215724974870682, 0.2972526431083679, 0.27618867754936216, 0.2644839584827423, 0.24348358809947968, 0.22849597185850143, 0.20658911764621735, 0.19239280074834825, 0.17985002994537352, 0.16762845516204833, 0.1606738641858101, 0.14356834143400193, 0.1357577547430992, 0.12632613703608514, 0.11815937981009483, 0.11377762705087661, 0.10791198834776879, 0.09666858650743962, 0.09237937219440936, 0.08434464558959007, 0.08048209808766842, 0.07309745661914349, 0.06991726867854595, 0.0643282700330019, 0.05980372913181782, 0.0589597912505269, 0.06477989442646503, 0.06655260417610406, 0.051067376509308815, 0.052600106410682204, 0.04633116517215967, 0.042938762344419956, 0.04224080611020327, 0.039142254181206225, 0.035348516702651975, 0.03475289177149534, 0.03088353592902422, 0.028783442825078963, 0.0282862501218915, 0.026491531822830438, 0.024128125235438346, 0.02287979908287525, 0.021164311654865743, 0.020000114105641842, 0.019335325434803964, 0.017822521086782218, 0.01655836319550872, 0.01579723609611392, 0.015112571232020856, 0.014527716394513845, 0.013527288381010295, 0.012773055024445057, 0.012287980783730746, 0.011508666351437569, 0.01102024046704173, 0.010601422283798456, 0.010008195135742425, 0.009559886436909438, 0.00920174950733781, 0.008750580251216888, 0.008463255129754543, 0.008121228963136672, 0.007836367888376116, 0.007567141996696591, 0.0073170258663594724, 0.007089251326397062, 0.006833916390314698, 0.0066549890674650666, 0.00642077811062336, 0.006231705518439412, 0.006062526209279895, 0.005897971242666245, 0.005742111615836621, 0.005574359418824315, 0.0054432280827313665, 0.005305513693019748, 0.005174304824322462, 0.005052401078864932, 0.004933338239789009, 0.004826249368488788],