{"dataset": "Earthquakes", "depth": 9, "nb_filters": 16, "batch_size": 128, "kernel_size": 32, "use_residual": "True", "use_bottleneck": "True", "acc": 0.7960495558672276, "precision": 0.3988847874892755, "recall": 0.49863013698630143, "budget_ran": 1500, "train_curve": [1.516621994972229, 0.89931920170784, 0.6035074949264526, 0.49524274468421936, 0.45179123282432554, 0.42896769046783445, 0.4113632082939148, 0.39738028943538667, 0.37534742057323456, 0.3600901156663895, 0.33379180952906606, 0.3198283016681671, 0.2896475628018379, 0.27111798971891404, 0.24684393033385277, 0.22389257177710534, 0.20113919377326966, 0.1871248096227646, 0.17012763693928717, 0.15464523881673814, 0.1411340579390526, 0.12670368291437625, 0.10797968087717891, 0.09394973143935204, 0.07713652653619647, 0.06983140986412764, 0.06414208039641381, 0.054340874403715135, 0.041063660569489, 0.042272045742720366, 0.046511828014627096, 0.030583274178206922, 0.030622701067477463, 0.02712151766754687, 0.02306992085650563, 0.024329256801865994, 0.020560278953053058, 0.016854802169837056, 0.014800705597735941, 0.014581349585205317, 0.014291650149971247, 0.013039316702634095, 0.011023942078463734, 0.010835464636329561, 0.01123506030999124, 0.013739173451904207, 0.019432137697003783, 0.01824739049188793, 0.018055377656128257, 0.009253712522331625, 0.010811585874762386, 0.010331548936665057, 0.009774975501932204, 0.008387296041473747, 0.007480621500872075, 0.00899078967049718, 0.006555096432566643, 0.013029281597118825, 0.008744372718501836, 0.00833071320084855, 0.007762623811140656, 0.0073179868049919605, 0.008573082834482193, 0.008861067448742687, 0.007930597057566047, 0.015331964509095996, 0.01609409785596654, 0.011481049784924835, 0.0074630495510064065, 0.006150893296580762, 0.008449321810621769, 0.0057800935814157125, 0.006612968386616558, 0.009468831808771939, 0.007312560069840402, 0.00568650052882731, 0.005083199648652226, 0.005254193651489913, 0.005285114713478834, 0.0053226449992507694, 0.005111985572148115, 0.00473081402014941, 0.00450468510389328, 0.004616269934922456, 0.005084482580423355, 0.004348678444512188, 0.004752403986640274, 0.004679440916515887, 0.004747152666095644, 0.004788083431776613, 0.004170593933667988, 0.0038440935080870987, 0.003995266917627305, 0.004426769423298537, 0.0036112848087213934, 0.005605827574618161, 0.003738676512148231, 0.004382493195589632, 0.003693031508009881, 0.0044490327243693175, 0.0037717155646532774, 0.0037117611500434577, 0.0034794888459146025, 0.0037272341665811836, 0.0035595187335275115], "val_curve": [1.7502476930618287, 37.903101086616516, 152.23052225112914, 260.68700473308564, 286.4831272721291, 240.4157802939415, 165.4499103784561, 102.0997561454773, 63.13225717544556, 39.6889927148819, 26.56011927127838, 14.240210449695587, 6.8025107145309445, 2.6391310572624205, 0.8524240612983703, 0.8674824714660645, 1.3883267641067505, 1.8261726260185243, 1.1018330931663514, 0.8696076512336731, 0.7841261029243469, 1.1564637660980224, 1.1792696177959443, 1.1266881227493286, 1.0192917823791503, 0.8550919771194458, 0.791194212436676, 0.7674115061759949, 0.8251706480979919, 0.7456867337226868, 0.8017251133918762, 0.9078924417495727, 0.7624230682849884, 0.7460688352584839, 0.7492793560028076, 0.7439002275466919, 0.7504918217658997, 0.781615698337555, 0.8115470230579376, 0.8170054197311402, 0.8215854287147522, 0.8264687836170197, 0.8242614924907684, 0.8270119667053223, 0.8540740489959717, 0.8926845908164978, 1.156106948852539, 0.9717187881469727, 1.0427009463310242, 1.1659968614578247, 1.1374858498573304, 1.072707188129425, 1.0155751585960389, 1.0008210062980651, 1.0237340688705445, 0.9913734078407288, 1.129138433933258, 0.9314034342765808, 0.9650629758834839, 0.9820421695709228, 0.9923449397087097, 0.9621025919914246, 0.9399572134017944, 0.9114641070365905, 0.8672094702720642, 0.8600259304046631, 0.7900137186050415, 0.7826331734657288, 0.8208214998245239, 0.8448081254959107, 0.8346574664115906, 0.816956353187561, 0.8123645186424255, 0.8199241518974304, 0.8347924828529358, 0.8469125151634216, 0.8505656719207764, 0.8532429814338685, 0.8559991359710694, 0.8584925651550293, 0.8577331185340882, 0.8624816536903381, 0.8720498085021973, 0.8870031714439393, 0.903299880027771, 0.9216897368431092, 0.9422783493995667, 0.9647556185722351, 0.9890976309776306, 1.0084275245666503, 1.0223921060562133, 1.0353548526763916, 1.0422030091285706, 1.0445704698562621, 1.0418056011199952, 1.0391822338104248, 1.0341904044151307, 1.03334721326828, 1.0379070878028869, 1.0424505114555358, 1.0443052530288697, 1.0429819822311401, 1.0429980039596558, 1.0427557349205017, 1.0436260104179382]}
{"dataset": "Earthquakes", "depth": 9, "nb_filters": 16, "batch_size": 128, "kernel_size": 32, "use_residual": "True", "use_bottleneck": "True", "acc": 0.7982000935016363, "precision": 0.39910004675081817, "recall": 0.5, "budget_ran": 1500, "train_curve": [0.696833336353302, 0.4905489444732666, 0.4350261926651001, 0.4101027727127075, 0.3791084289550781, 0.33450116515159606, 0.27590973377227784, 0.22840858101844788, 0.18858575820922852, 0.15695803314447404, 0.13843292593955994, 0.10820427015423775, 0.09449301064014434, 0.0824899848550558, 0.06391844227910042, 0.052251357957720755, 0.03769855238497257, 0.03272390868514776, 0.03296997752040624, 0.024311610497534275, 0.022722842637449503, 0.015652352012693882, 0.01425006240606308, 0.01124208802357316, 0.00936065586283803, 0.009240128472447396, 0.008834159281104804, 0.008416592562571167, 0.007723289448767901, 0.008348839962854982, 0.007490448001772165, 0.006013297708705068, 0.0056915078312158585, 0.0058361191768199205, 0.00735441674478352, 0.0042966768145561215, 0.0066189848817884925, 0.004035357944667339, 0.004760529892519116, 0.004948664316907525, 0.005563385784626007, 0.018735466850921513, 0.007565983338281512, 0.006924371467903256, 0.006083319848403335, 0.0045259066857397555, 0.0045666601974517105, 0.0035431794822216034, 0.0037748339585959912, 0.004175453260540962, 0.0033784989267587663, 0.0032285776687785983, 0.002714927517808974, 0.0030366894323378803, 0.0036638724384829404, 0.0025018747663125398, 0.0030739756766706705, 0.002545768045820296, 0.002518186718225479, 0.0023852842627093197, 0.002268678299151361, 0.0028334284201264382, 0.002192048169672489, 0.0020122668938711286, 0.002154554310254753, 0.002033857675269246, 0.001962148817256093, 0.001918509346432984, 0.0019393914146348834, 0.0018163790926337242, 0.0033655147068202495, 0.010245469096116722, 0.021064503584057093, 0.017287666886113585, 0.012493476457893848, 0.008530483162030578, 0.007492390926927328, 0.0045900641242042186, 0.004685359308496118, 0.005685940920375288, 0.004111005528829992, 0.005220229481346905, 0.0039001481374725698, 0.003115128609351814, 0.0035181523067876696, 0.0030721640214323997, 0.0031091941753402354, 0.0026501336367800834, 0.002867020317353308, 0.002353038056753576, 0.0024700087727978826, 0.002493096329271793, 0.0023471735883504154, 0.0021309884497895835, 0.002166028064675629, 0.0022245419910177588, 0.002283912315033376, 0.002184361545369029, 0.002096755080856383, 0.002440596674568951, 0.001936127245426178],