{"dataset": "Herring", "depth": 9, "nb_filters": 16, "batch_size": 128, "kernel_size": 32, "use_residual": "True", "use_bottleneck": "True", "acc": 0.5778461538461539, "precision": 0.44026573426573423, "recall": 0.5179166666666666, "budget_ran": 1500, "train_curve": [0.9636519074440002, 0.7794436812400818, 0.6787288546562195, 0.6302015662193299, 0.605790376663208, 0.5835551798343659, 0.5590228736400604, 0.5360556840896606, 0.5111797332763672, 0.4911904215812683, 0.46621874570846555, 0.44267770648002625, 0.4338911950588226, 0.4083981901407242, 0.3815331131219864, 0.3641255795955658, 0.34375195801258085, 0.3143314987421036, 0.2892703369259834, 0.27801250368356706, 0.26855098605155947, 0.25089301317930224, 0.2266709700226784, 0.2184802308678627, 0.19682100042700768, 0.18384095802903175, 0.17802546694874763, 0.15747029855847358, 0.15354349836707115, 0.13753110878169536, 0.1321112487465143, 0.11713073886930943, 0.10614524632692338, 0.09865211043506861, 0.09861546922475099, 0.0903681492432952, 0.09039962086826563, 0.08189145866781473, 0.0683871353045106, 0.067998390737921, 0.06113394172862172, 0.054444906767457724, 0.04720396837219596, 0.040360032580792904, 0.0410214226692915, 0.038310964778065684, 0.028420925419777632, 0.035879298206418754, 0.029351618513464926, 0.029233972122892738, 0.022862110985442996, 0.021457714214920997, 0.0195347280241549, 0.01760354535654187, 0.016857232758775355, 0.014553912123665214, 0.012090833205729724, 0.013109967205673456, 0.010147379082627594, 0.010022730613127352, 0.010135571099817752, 0.008136988850310445, 0.007848131470382214, 0.007844305993057788, 0.006491537531837821, 0.006290138373151422, 0.006151873269118369, 0.00575159122236073, 0.005007994757033884, 0.004898909805342555, 0.004721218929626047, 0.004479506448842585, 0.004098842642270029, 0.003986635315231979, 0.003824837342835963, 0.0036567062605172397, 0.0034576136618852614, 0.003319629770703614, 0.003227452654391527, 0.0030847407877445223, 0.0029617095366120338, 0.0028339950484223666, 0.0027279127738438548, 0.0026662727119401096, 0.00258240228286013, 0.0025019663851708175, 0.0024138881475664676, 0.0023445612518116833, 0.002287303248886019, 0.002213358844164759, 0.002148970332928002, 0.0020937779918313026, 0.0020517100929282606, 0.002015781158115715, 0.0019650097005069257, 0.0019115992239676417, 0.0018666554242372513, 0.0018257116782478989, 0.001793731132056564, 0.0017576981917954981, 0.0017201371141709388], "val_curve": [0.7253901720046997, 0.7290756821632385, 0.733576500415802, 0.7309743523597717, 0.728578758239746, 0.732342803478241, 0.7415515303611755, 0.7641549825668335, 0.7934410095214843, 0.8354958891868591, 0.9015057325363159, 0.929451334476471, 1.0264381289482116, 1.0589521408081055, 1.1146384358406067, 1.2024517059326172, 1.1895879626274108, 1.1851724863052369, 1.2063986778259277, 1.3255180716514587, 1.1776570916175841, 1.0812684535980224, 1.0496501088142396, 1.0218489170074463, 1.0446502208709716, 1.1526936054229737, 1.2928929686546327, 1.419280505180359, 1.6453254342079162, 1.7970249652862549, 1.8750244855880738, 2.0869431495666504, 2.3238831043243406, 2.5268683195114137, 2.674373006820679, 2.9596930503845216, 3.1581472396850585, 3.2707892656326294, 3.3915511846542357, 3.67239396572113, 3.8085909843444825, 3.870750164985657, 3.9807952642440796, 4.103973186016082, 4.208526921272278, 4.27856752872467, 4.360488379001618, 4.45061764717102, 4.549226212501526, 4.646455490589142, 4.7300694465637205, 4.768379473686219, 4.7874840259552, 4.8268697500228885, 4.8652151226997375, 4.909789752960205, 4.98313924074173, 5.077951419353485, 5.190111470222473, 5.289354825019837, 5.362840223312378, 5.442152667045593, 5.54623122215271, 5.667128121852874, 5.7964636325836185, 5.912866163253784, 6.0032225251197815, 6.071848392486572, 6.134492623806, 6.201563704013824, 6.270752632617951, 6.331256771087647, 6.379541516304016, 6.414515542984009, 6.435224509239196, 6.445340800285339, 6.457926511764526, 6.481877088546753, 6.516235780715943, 6.556691682338714, 6.598421549797058, 6.635188555717468, 6.663673007488251, 6.684969711303711, 6.7036083221435545, 6.723929607868195, 6.748109900951386, 6.776667988300323, 6.809731078147888, 6.846473610401153, 6.882824432849884, 6.915632748603821, 6.944133234024048, 6.9718525290489195, 7.001964581012726, 7.033383238315582, 7.06351625919342, 7.090985500812531, 7.1171844601631165, 7.143195605278015, 7.16772780418396]}
{"dataset": "Herring", "depth": 9, "nb_filters": 16, "batch_size": 128, "kernel_size": 32, "use_residual": "True", "use_bottleneck": "True", "acc": 0.6012307692307692, "precision": 0.3006153846153846, "recall": 0.5, "budget_ran": 1500, "train_curve": [0.859399950504303, 0.7121236085891723, 0.6490888357162475, 0.6116027116775513, 0.5827852249145508, 0.5556997179985046, 0.5302111566066742, 0.5036388576030731, 0.4743887007236481, 0.45774140357971194, 0.44205252528190614, 0.40644278526306155, 0.39286004900932314, 0.3731621265411377, 0.34132871925830843, 0.31353462040424346, 0.2922770082950592, 0.27298158407211304, 0.24515321254730224, 0.23541711866855622, 0.20445457845926285, 0.18637680560350417, 0.17383464574813842, 0.1590023308992386, 0.1462962195277214, 0.12862589955329895, 0.12286067605018616, 0.11598548591136933, 0.10086099207401275, 0.09725201949477195, 0.08275104314088821, 0.07919647172093391, 0.06874926798045636, 0.06278017051517963, 0.059777193889021876, 0.054765155911445616, 0.04807566218078137, 0.04271773137152195, 0.03749636076390743, 0.03427679762244225, 0.03092727456241846, 0.028001164086163044, 0.02494310401380062, 0.022824000380933285, 0.020781628135591746, 0.019199777208268643, 0.01717668306082487, 0.015600598324090243, 0.014479207620024682, 0.012981806136667728, 0.011887589283287526, 0.010942472144961357, 0.010377176292240619, 0.009389269817620515, 0.008597109653055667, 0.008101975126191974, 0.0075922037940472364, 0.007005001837387681, 0.006649138452485204, 0.006243736296892166, 0.005884125921875238, 0.0055690380744636055, 0.005347236897796393, 0.005017726914957166, 0.004802975244820118, 0.004561561020091176, 0.004386400990188122, 0.004194201435893774, 0.004015353368595242, 0.003833425184711814, 0.0037315776105970146, 0.003588292677886784, 0.0034552595810964704, 0.003325547860004008, 0.0032308708177879453, 0.003130039433017373, 0.0030367557192221284, 0.002937399549409747, 0.0028634830145165325, 0.002779764425940812, 0.002706124191172421, 0.00263469866476953, 0.002566927042789757, 0.00250035310164094, 0.002440715581178665, 0.0023827988654375075, 0.0023257108172401787, 0.0022761760279536246, 0.0022295501781627535, 0.0021833352046087386, 0.002136162202805281, 0.0020919651724398136, 0.002050280198454857, 0.0020110835321247578, 0.0019733640365302563, 0.0019371396163478493, 0.0019012497505173087, 0.0018674119841307403, 0.001834942738059908, 0.001804278325289488, 0.0017737657064571977],