{"dataset": "ProximalPhalanxTW", "depth": 9, "nb_filters": 16, "batch_size": 128, "kernel_size": 32, "use_residual": "True", "use_bottleneck": "True", "acc": 0.5619834710743802, "precision": 0.18844585420816332, "recall": 0.25088483620398516, "budget_ran": 1500, "train_curve": [1.587717342376709, 0.9218437314033509, 0.7327548742294312, 0.6400689721107483, 0.5872538805007934, 0.5444728136062622, 0.5314068675041199, 0.4799308955669403, 0.4722988963127136, 0.45175551176071166, 0.4250983655452728, 0.42450361847877505, 0.4104976773262024, 0.41282218098640444, 0.3937495768070221, 0.39938279390335085, 0.37920222878456117, 0.3764923334121704, 0.3627527952194214, 0.35731686353683473, 0.3467534840106964, 0.3420663058757782, 0.33302488923072815, 0.3336288571357727, 0.34018259644508364, 0.317998480796814, 0.2945235580205917, 0.2970771700143814, 0.30255739390850067, 0.2765825390815735, 0.2725421339273453, 0.2449768900871277, 0.26232574284076693, 0.26079246401786804, 0.24260476231575012, 0.25028275847435, 0.2351193368434906, 0.21795053780078888, 0.2062115639448166, 0.19874102771282195, 0.2047922730445862, 0.2062973290681839, 0.18926289528608323, 0.1944609224796295, 0.18219607472419738, 0.18055087924003602, 0.17935166954994203, 0.17659328281879424, 0.15478497445583345, 0.15363956838846207, 0.13460197001695634, 0.1532762736082077, 0.1679015651345253, 0.15859342664480208, 0.1465717077255249, 0.12663060575723648, 0.1214410498738289, 0.1425183579325676, 0.11358646154403687, 0.12482230216264725, 0.10506813079118729, 0.09894689768552781, 0.094210085272789, 0.0890870563685894, 0.08015664592385292, 0.08050229698419571, 0.07597853988409042, 0.06727274805307389, 0.05645127221941948, 0.06261033900082111, 0.05030665509402752, 0.05525783635675907, 0.051839790865778924, 0.044448267109692095, 0.0425486646592617, 0.03929929323494434, 0.03358215093612671, 0.04661059621721506, 0.05386241041123867, 0.050901627726852895, 0.0423796420916915, 0.05210817102342844, 0.04086505062878132, 0.03951330129057169, 0.038432464189827445, 0.03833079654723406, 0.04069884642958641, 0.02440808657556772, 0.021901392191648484, 0.02206294648349285, 0.01608856040984392, 0.014729392901062965, 0.014606179483234883, 0.013091048039495946, 0.013999272603541613, 0.010941115114837885, 0.011681652627885342, 0.015144986007362604, 0.015219599194824695, 0.01160311521962285, 0.012224203255027533, 0.011178621836006642, 0.009300739970058203, 0.008605895377695561, 0.008652383089065551, 0.008639103267341852, 0.007228203117847443, 0.008018457051366567, 0.007825029827654362, 0.0076898282393813135, 0.006342979893088341], "val_curve": [2.086853361129761, 2.5680988311767576, 3.0369269609451295, 3.4404824495315554, 3.6283374071121215, 3.853129482269287, 3.5487191915512084, 2.903367757797241, 2.434079313278198, 2.0006280660629274, 1.7391697883605957, 1.739132297039032, 1.6040128707885741, 1.9214977979660035, 2.2026352882385254, 1.8397948265075683, 1.9570308208465577, 2.031152606010437, 2.0522531270980835, 2.2383500576019286, 2.215353989601135, 2.279313564300537, 2.534420967102051, 2.5156322002410887, 2.5627602100372315, 2.782013702392578, 2.917243146896362, 2.9695843696594237, 2.947834348678589, 3.149866533279419, 3.3374019145965574, 3.278443431854248, 3.6029946327209474, 3.8297292232513427, 4.003756046295166, 4.434654235839844, 4.64582142829895, 5.12167387008667, 5.09467191696167, 5.7395641803741455, 6.204842042922974, 6.367737674713135, 6.525586652755737, 6.654293727874756, 6.951445007324219, 7.494027948379516, 7.732459688186646, 8.08575873374939, 8.180021333694459, 8.911182117462157, 8.731585693359374, 8.355181026458741, 9.39399013519287, 9.795801305770874, 9.939132499694825, 10.230178165435792, 10.274559593200683, 10.25536150932312, 10.519227933883666, 10.591903257369996, 10.354227828979493, 9.917802429199218, 9.741164541244506, 10.368064165115356, 10.779678535461425, 10.516935062408447, 10.231051301956176, 10.387706756591797, 10.41731538772583, 10.370301723480225, 10.584944438934325, 10.07668752670288, 9.615925502777099, 9.97159833908081, 9.943780612945556, 9.904927349090576, 10.024697494506835, 10.005655860900879, 9.29600248336792, 9.250932025909425, 9.526165962219238, 9.751190090179444, 9.533432388305664, 9.993211841583252, 9.787407684326173, 9.075579071044922, 9.486152362823486, 9.295792388916016, 9.361325550079346, 9.245631504058839, 8.962507343292236, 8.736954689025879, 8.393962717056274, 8.240013885498048, 8.167877912521362, 8.040693187713623, 8.135853099822999, 7.9028887271881105, 7.777048063278198, 7.788650941848755, 7.458764457702637, 7.624513435363769, 7.714442491531372, 7.511438941955566, 7.344489049911499, 7.3211465835571286, 7.271199750900268, 7.155153036117554, 7.087031984329224, 6.961949634552002, 6.814490461349488]}
{"dataset": "ProximalPhalanxTW", "depth": 9, "nb_filters": 16, "batch_size": 128, "kernel_size": 32, "use_residual": "True", "use_bottleneck": "True", "acc": 0.6462809917355371, "precision": 0.26611886999951484, "recall": 0.3139638754189838, "budget_ran": 1500, "train_curve": [1.9411048889160156, 1.0562250733375549, 0.8014143347740174, 0.6979292869567871, 0.6228376865386963, 0.5799236178398133, 0.5452829360961914, 0.523271518945694, 0.49385196566581724, 0.46745205521583555, 0.4604671061038971, 0.4323483943939209, 0.4230907917022705, 0.41607174277305603, 0.41292046904563906, 0.4047720551490784, 0.3911533713340759, 0.37548192143440245, 0.3774309277534485, 0.3588208854198456, 0.3463025867938995, 0.3380822777748108, 0.3326188504695892, 0.3220128297805786, 0.31997633576393125, 0.31411343812942505, 0.31678578853607176, 0.30273640155792236, 0.29639427065849305, 0.29521355628967283, 0.2800646096467972, 0.29209679961204527, 0.2734702616930008, 0.27658961713314056, 0.28129817843437194, 0.2563290923833847, 0.24694303870201112, 0.23894923329353332, 0.2310876101255417, 0.26615974605083464, 0.22052285373210906, 0.21731728613376616, 0.2153894066810608, 0.20502498745918274, 0.22437016069889068, 0.21796157360076904, 0.22556866109371185, 0.19222648739814757, 0.18004560768604277, 0.1695284366607666, 0.16739071905612946, 0.16483548432588577, 0.15305012464523315, 0.14399003833532334, 0.16032223105430604, 0.15906402915716172, 0.14987617880105972, 0.14833212196826934, 0.12801818400621415, 0.14669275134801865, 0.12082390189170837, 0.12323803454637527, 0.12507871985435487, 0.12128735780715942, 0.11327172815799713, 0.1020495668053627, 0.11257485449314117, 0.11231578588485717, 0.10397030934691429, 0.10643363744020462, 0.10085264667868614, 0.11747429519891739, 0.0833497978746891, 0.08274985328316689, 0.0811993308365345, 0.07130234986543656, 0.06910441145300865, 0.06987490877509117, 0.0771634466946125, 0.057766152918338774, 0.06077185496687889, 0.05566277615725994, 0.054240401834249496, 0.049146609753370284, 0.04570045545697212, 0.042365722358226776, 0.04219253920018673, 0.03611801080405712, 0.02970498502254486, 0.02670267764478922, 0.030102331750094892, 0.024483655765652656, 0.02361854203045368, 0.02017789650708437, 0.027091642282903193, 0.02906854134052992, 0.031109051872044803, 0.030537967197597028, 0.027413836680352688, 0.0294091047719121, 0.029269054345786572, 0.02674845075234771, 0.028865299373865127, 0.02665922623127699, 0.040862942859530446, 0.03673528265208006, 0.05777345756068826, 0.04340200265869498, 0.03265472203493118, 0.034001680091023445, 0.03213594760745764, 0.02185447681695223],