{"dataset": "ShapeletSim", "depth": 9, "nb_filters": 16, "batch_size": 128, "kernel_size": 32, "use_residual": "True", "use_bottleneck": "True", "acc": 0.7150000000000001, "precision": 0.6085338345864661, "recall": 0.7057442557442558, "budget_ran": 1500, "train_curve": [0.8030695915222168, 0.6213502168655396, 0.45962451696395873, 0.3315485894680023, 0.2458639472723007, 0.18895996510982513, 0.14906760007143022, 0.12025109976530075, 0.09871736168861389, 0.08171510845422744, 0.06756099388003349, 0.055513692647218706, 0.04549354799091816, 0.03717411905527115, 0.030226173251867293, 0.024473846703767777, 0.019840124063193798, 0.016169985197484492, 0.013373216055333615, 0.011206040624529123, 0.009458867833018303, 0.008005171176046133, 0.006799396593123674, 0.00584150105714798, 0.0051037531811743975, 0.00452231583185494, 0.004039629129692912, 0.0036202366463840008, 0.0032537969294935466, 0.002940845349803567, 0.0026763022877275945, 0.0024497573729604484, 0.0022517763543874027, 0.002076826663687825, 0.0019223878392949701, 0.0017871272750198842, 0.0016690741758793592, 0.0015648847445845604, 0.0014712712727487087, 0.0013858754886314274, 0.0013075378956273198, 0.0012360453489236533, 0.0011715529952198267, 0.0011138768517412246, 0.001062062056735158, 0.0010148982517421245, 0.0009712782455608248, 0.0009304930572398007, 0.0008923137327656149, 0.0008567695040255785, 0.0008239759015850722, 0.0007938966387882829, 0.0007663263299036771, 0.0007409377081785351, 0.0007173706486355514, 0.0006953774951398373, 0.000674790347693488, 0.0006555022206157446, 0.0006374269491061568, 0.0006204514531418682, 0.0006044315290637314, 0.0005892405577469617, 0.0005747722985688597, 0.000560984230833128, 0.0005478771810885519, 0.0005354324181098491, 0.0005236331198830158, 0.0005124281044118107, 0.0005017321615014225, 0.0004914900055155158, 0.0004816457978449762, 0.00047218179679475725, 0.0004630985320545733, 0.00045549331116490066, 0.00044822413474321365, 0.00044125472486484797, 0.00043457201099954544, 0.0004281348519725725, 0.0004230517341056839, 0.00041879127093125135, 0.00041464893438387663, 0.00041061956144403664, 0.0004067130561452359, 0.0004029133706353605, 0.000399338616989553, 0.0003982052905485034, 0.0003970781457610428, 0.0003959654684877023, 0.0003948655154090375, 0.00039384721021633594, 0.0003928370075300336, 0.0003919686074368656, 0.00039110297802835703, 0.0003902441036188975, 0.00038938901561778037, 0.00038854105514474213, 0.0003878408228047192, 0.0003871477674692869, 0.00038645528838969766, 0.00038576796650886537, 0.0003850792709272355], "val_curve": [0.8709169030189514, 1.2326445817947387, 2.2983529567718506, 4.68615893125534, 8.638999891281127, 14.166423082351685, 20.81635453701019, 27.944011878967284, 34.909092378616336, 41.323398637771604, 46.873981952667236, 51.00839929580688, 52.68318119049072, 51.104023170471194, 46.13544492721557, 39.75119419097901, 34.35598011016846, 27.827617931365968, 22.22081391811371, 18.103526878356934, 14.636378002166747, 11.660819053649902, 9.317570304870605, 7.833916759490966, 7.372535160183906, 7.468062618374825, 7.772613120079041, 8.039617085456848, 8.137024855613708, 8.436254705488683, 8.770863485336303, 9.177632808685303, 9.40375862121582, 9.397440528869629, 9.2066885471344, 8.887061500549317, 8.489995384216309, 8.06076340675354, 7.635690927505493, 7.244147396087646, 6.910925436019897, 6.650781774520874, 6.456672859191895, 6.311556339263916, 6.19343318939209, 6.078601455688476, 5.950255870819092, 5.800609302520752, 5.62791121006012, 5.437781524658203, 5.2400475025177, 5.045581197738647, 4.863434839248657, 4.701865172386169, 4.5646045207977295, 4.449367594718933, 4.352514374256134, 4.266529297828674, 4.182987761497498, 4.09513418674469, 3.9992782950401304, 3.8954341053962707, 3.7850433707237245, 3.671353042125702, 3.5577933192253113, 3.447939145565033, 3.344500207901001, 3.249374747276306, 3.1640642881393433, 3.0889544010162355, 3.0244266867637633, 2.969680595397949, 2.9247265458106995, 2.886773180961609, 2.854683744907379, 2.8270052671432495, 2.8028074383735655, 2.7765188932418825, 2.750014626979828, 2.7255491495132445, 2.70331848859787, 2.6835048675537108, 2.666319394111633, 2.6514651775360107, 2.637961220741272, 2.6260894656181337, 2.6156128525733946, 2.606490135192871, 2.598448431491852, 2.5916064977645874, 2.585332715511322, 2.579981291294098, 2.5755455255508424, 2.5719877600669863, 2.569310390949249, 2.5670541882514955, 2.565503466129303, 2.564610457420349, 2.5643458008766173, 2.564705491065979, 2.5656195282936096]}
{"dataset": "ShapeletSim", "depth": 9, "nb_filters": 16, "batch_size": 128, "kernel_size": 32, "use_residual": "True", "use_bottleneck": "True", "acc": 0.775, "precision": 0.7259360473834159, "recall": 0.7636363636363637, "budget_ran": 1500, "train_curve": [0.835754644870758, 0.6508334159851075, 0.4758297801017761, 0.3288110375404358, 0.22947465181350707, 0.16515737473964692, 0.12157935798168182, 0.09207115694880486, 0.07222366780042648, 0.05736290141940117, 0.04653442427515984, 0.038676869682967664, 0.03214337360113859, 0.026713605783879758, 0.022317543160170317, 0.01885770820081234, 0.01634820271283388, 0.014359706174582243, 0.012322971411049367, 0.010483441455289722, 0.009019250515848398, 0.00779690439812839, 0.006761488667689264, 0.0059215185232460495, 0.00524972784332931, 0.004695719038136303, 0.004212786839343607, 0.003777953586541116, 0.0033794339979067445, 0.00301509517012164, 0.002698541688732803, 0.0024333192268386483, 0.002208765991963446, 0.002014130668248981, 0.0018449915573000909, 0.001698959176428616, 0.0015729773440398276, 0.0014614399056881665, 0.0013603044848423452, 0.0012690132134594023, 0.0011889787681866437, 0.0011196825304068624, 0.0010585017793346197, 0.0010028672346379607, 0.0009512209973763675, 0.0009035286493599415, 0.0008601720619481057, 0.0008212379354517907, 0.0007862906146328897, 0.0007546006352640688, 0.0007253174961078912, 0.0006978411111049354, 0.0006719042314216495, 0.0006476013397332281, 0.0006251693121157587, 0.0006047338247299194, 0.0005862079589860514, 0.0005693340994184837, 0.0005536962446058169, 0.0005389376863604411, 0.0005248261557426303, 0.0005112919257953763, 0.0004990767309209331, 0.0004875043436186388, 0.00047661451098974795, 0.00046637424384243786, 0.000456697290064767, 0.00044748244108632206, 0.0004386629589134827, 0.00043126431410200894, 0.0004241830523824319, 0.0004174429806880653, 0.00041111024329438807, 0.0004051009105751291, 0.00039937996480148285, 0.00039391051686834546, 0.0003886507445713505, 0.00038357145094778387, 0.0003786420391406864, 0.0003738573839655146, 0.0003692148660775274, 0.00036471212515607474, 0.0003615676861954853, 0.00035851338470820336, 0.0003565026127034798, 0.00035454225726425646, 0.0003526297572534531, 0.0003507663117488846, 0.00034894037526100874, 0.00034804412571247666, 0.00034715122892521323, 0.0003462682740064338, 0.000345393072348088, 0.0003445233916863799, 0.0003437713050516322, 0.00034302138665225356, 0.0003422800044063479, 0.0003415412182221189, 0.00034092873102054, 0.0003404179238714278, 0.00033991049567703155],