{"dataset": "FacesUCR", "depth": 9, "nb_filters": 16, "batch_size": 128, "kernel_size": 32, "use_residual": "True", "use_bottleneck": "True", "acc": 0.9911111111111112, "precision": 0.9894612476758985, "recall": 0.9887863796483151, "budget_ran": 1500, "train_curve": [2.074404239654541, 0.9416834235191345, 0.46921226382255554, 0.2484716773033142, 0.14395614564418793, 0.0893964096903801, 0.05999907031655312, 0.04173980131745338, 0.029940762743353843, 0.02193935737013817, 0.016843608394265176, 0.013381708785891533, 0.010900838486850261, 0.00914095425978303, 0.0080368896946311, 0.0072569839656353, 0.006529008131474256, 0.005807544197887182, 0.005179408472031355, 0.004838544642552733, 0.004788872133940458, 0.0049187079537659885, 0.004217644175514579, 0.004129445925354957, 0.003965102043002844, 0.0036376694682985545, 0.003116747597232461, 0.0028925845865160225, 0.0026982365176081657, 0.0025178014766424894, 0.0022720834240317345, 0.002219140250235796, 0.0020709173288196324, 0.0019514099694788456, 0.0019079453079029918, 0.0018431894714012742, 0.0017175271175801754, 0.0016504674451425672, 0.0016603153897449374, 0.0015216893749311565, 0.0014907302567735315, 0.0014447118388488888, 0.001359555753879249, 0.001342980470508337, 0.001282853470183909, 0.0011937179835513235, 0.0011730614467523992, 0.0011716784443706273, 0.0010813543107360602, 0.0010634114034473896, 0.001069648051634431, 0.0009655910078436136, 0.0009858250501565634, 0.0009023629827424884, 0.0009272654890082777, 0.0008717489661648869, 0.0008399628917686641, 0.000852050760295242, 0.0007897459669038654, 0.0007566475542262197, 0.0007062297896482051, 0.0007200757274404169, 0.0006974147283472121, 0.0006903207744471729, 0.0006829978665336967, 0.0006581195164471864, 0.0006825154763646424, 0.0006241646711714566, 0.0005980463814921677, 0.0006059022736735642, 0.0005594450980424881, 0.000552426220383495, 0.0005539908306673169, 0.0005628286628052593, 0.0005751250020693988, 0.0005282286962028593, 0.0004901385807897895, 0.0004898427694570273, 0.0005027828854508698, 0.0004804830066859722, 0.0004317651211749762, 0.0004584792128298432, 0.00044943165266886353, 0.0004715513496194035, 0.0004519109963439405, 0.0004268002056051046, 0.00041531792958267034, 0.0004346853005699813, 0.00045004194835200905, 0.00041384273790754376, 0.000414951256243512, 0.00040551412384957073, 0.00040387530461885037, 0.0004224652249831706, 0.00040677377255633474, 0.00041383959469385443, 0.0004070003458764404, 0.00038360966718755665, 0.00038651151699014007, 0.0003695491061080247, 0.0003988064650911838, 0.0003849630302283913, 0.0004074940457940102, 0.0003824496699962765, 0.0003706022398546338, 0.00041031413129530845, 0.00038277993444353343, 0.00038338880403898656, 0.0003677175962366164, 0.00037152131553739307, 0.00038689326029270885, 0.00038666503969579934, 0.0003825010673608631, 0.0003821947902906686, 0.0003899526025634259, 0.0003963331808336079, 0.0003776806523092091, 0.0003645811229944229, 0.0003665312775410712, 0.0003673420054838061, 0.00037297577946446834, 0.00036715256283059716, 0.0003768699651118368, 0.0003771761083044112, 0.0003788652131333947, 0.0003858662967104465, 0.0003748407238163054, 0.0003546111343894154, 0.00034608285059221087, 0.000383155228337273, 0.00036814495106227694, 0.0003972196427639574, 0.000360442470991984, 0.0003420772904064506, 0.00035348748206160964, 0.0003693063743412495, 0.00033811026369221506], "val_curve": [3.496255302429199, 3.091773176193237, 2.1855952024459837, 1.8258994579315186, 1.719287061691284, 1.9084257364273072, 1.6700025796890259, 1.8426982641220093, 1.723489022254944, 1.7589428901672364, 1.544330608844757, 1.6356292724609376, 1.5687050819396973, 1.5247596621513366, 1.4495375752449036, 1.341856265068054, 1.2531530737876893, 1.0290850520133972, 0.9636801719665528, 0.8652156829833985, 0.8053370237350463, 0.6477557957172394, 0.5911278784275055, 0.47641195058822633, 0.5072674751281738, 0.3972878932952881, 0.3014070451259613, 0.2756796270608902, 0.24559448063373565, 0.18997156918048858, 0.17715590447187424, 0.14887018650770187, 0.13434005603194238, 0.11554151326417923, 0.10532172098755836, 0.10081205666065216, 0.08991714045405388, 0.0763154573738575, 0.0749667152762413, 0.06934193186461926, 0.07059845104813575, 0.0637688733637333, 0.061614323779940604, 0.05363360941410065, 0.06193918362259865, 0.048977287113666536, 0.048868055641651156, 0.04638376086950302, 0.044531171396374705, 0.0466638121753931, 0.04212667681276798, 0.04158656373620033, 0.041462496295571326, 0.04093442559242248, 0.04040626771748066, 0.03856372311711311, 0.03841267302632332, 0.03772053271532059, 0.03844720274209976, 0.03481416031718254, 0.03438919745385647, 0.035084813460707666, 0.035674556344747546, 0.03498142696917057, 0.03468675538897514, 0.03438519462943077, 0.03428229615092278, 0.03543333075940609, 0.03344474770128727, 0.03318500816822052, 0.03356128633022308, 0.032480984553694726, 0.033244981244206426, 0.03385087475180626, 0.03252502828836441, 0.032833215221762656, 0.03349655345082283, 0.03259482868015766, 0.03221903704106808, 0.032086482644081114, 0.03245959766209126, 0.032410641014575955, 0.03207741193473339, 0.03160051815211773, 0.03249763399362564, 0.03290291205048561, 0.032326183095574376, 0.03192932680249214, 0.033397440984845164, 0.03282344825565815, 0.03194135054945946, 0.03170873299241066, 0.03195582702755928, 0.03174518197774887, 0.03240873739123344, 0.03224811479449272, 0.03205318413674831, 0.03180220648646355, 0.031837395206093785, 0.03187988065183163, 0.03201591968536377, 0.03208902031183243, 0.03179120756685734, 0.031568368151783946, 0.03153984621167183, 0.03161640986800194, 0.03155216239392757, 0.03142255656421185, 0.031447242200374606, 0.03148157112300396, 0.031416463851928714, 0.03141804225742817, 0.031355124339461325, 0.031421395018696785, 0.03135129176080227, 0.031570914387702945, 0.03187128417193889, 0.031774891540408134, 0.03163350187242031, 0.03155422657728195, 0.03146101832389832, 0.031440982967615126, 0.03151208348572254, 0.03138424046337605, 0.031274964287877086, 0.03147617466747761, 0.0313150268048048, 0.031180869042873382, 0.03119390718638897, 0.03131953403353691, 0.03145233057439327, 0.03136107474565506, 0.03129932843148708, 0.031268402189016345, 0.03133048452436924, 0.03134322129189968, 0.03150024265050888]}
{"dataset": "FacesUCR", "depth": 9, "nb_filters": 16, "batch_size": 128, "kernel_size": 32, "use_residual": "True", "use_bottleneck": "True", "acc": 0.9911111111111112, "precision": 0.9918160129491957, "recall": 0.986510765381967, "budget_ran": 1500,