{"dataset": "Ham", "depth": 9, "nb_filters": 16, "batch_size": 128, "kernel_size": 32, "use_residual": "True", "use_bottleneck": "True", "acc": 0.7199335548172756, "precision": 0.7333105366084464, "recall": 0.7162109655050832, "budget_ran": 1500, "train_curve": [0.8120506167411804, 0.6445237278938294, 0.5908909320831299, 0.553451657295227, 0.5123725593090057, 0.4729420840740204, 0.4383674025535583, 0.4099770486354828, 0.38256837129592897, 0.34816662073135374, 0.31289380192756655, 0.2890094965696335, 0.2719427928328514, 0.24858126491308213, 0.240793476998806, 0.22887001633644105, 0.2032363846898079, 0.18972636237740517, 0.17321618497371674, 0.1620487540960312, 0.1479892011731863, 0.13646000847220421, 0.13680133149027823, 0.1383036846294999, 0.14542598687112332, 0.14457949474453927, 0.1340796599164605, 0.11799975465983152, 0.11317651253193617, 0.1087006543762982, 0.10600469261407852, 0.10701521020382643, 0.09552173363044858, 0.0921290747821331, 0.08861490446142853, 0.10071865012869238, 0.08645846545696259, 0.0933093534782529, 0.09953192546963692, 0.09520153580233455, 0.09648414785042406, 0.1005104701500386, 0.11336787678301334, 0.11336961190681905, 0.10444676573388278, 0.09558517299592495, 0.08862991437781602, 0.0876421149354428, 0.08620008737780153, 0.08687693818937987, 0.08731163500342518, 0.08452366427518428, 0.07955150867346675, 0.07561103124171495, 0.07401856263168156, 0.07276183667127042, 0.07161987274885177, 0.0698553322115913, 0.06815174478106201, 0.06855446369154379, 0.06717260043369606, 0.06564175090752541, 0.06517396972049028, 0.06398461337666958, 0.06230226862244308, 0.060067461268045005, 0.05761615156661719, 0.05537214108044282, 0.0536337984027341, 0.052657464309595524, 0.05042232524137944, 0.04955665671732277, 0.04848702496383339, 0.04954730977769941, 0.051630272704642266, 0.052520491951145234, 0.05072380614001304, 0.04831967629725113, 0.047869586502201855, 0.04737908488605171, 0.046228530793450774, 0.04584643169073388, 0.04623172966530546, 0.04575530810980126, 0.046239184972364455, 0.04369759320979938, 0.04259840148733929, 0.0429261370212771, 0.04343115701340139, 0.044762708549387756, 0.04595352714532055, 0.04474987793946639, 0.04416017124895007, 0.04366969169350341, 0.042392922146245834, 0.04212363036349416, 0.04206180135370232, 0.04234702686080709, 0.04315940879750997, 0.04349016416817904, 0.04410529654705897, 0.04358547275187448, 0.04253330333158374, 0.042807669518515466, 0.04358597880927846, 0.04584506482351571, 0.04561139775905758, 0.041788669559173285, 0.038655468088109046, 0.036755272466689345, 0.03781464034691453, 0.040177611238323155, 0.041011340136174114], "val_curve": [0.70816730260849, 0.7249995350837708, 0.7424417972564697, 0.7429208278656005, 0.7520861864089966, 0.7807304739952088, 0.8263975501060485, 0.9432389378547669, 1.1061088502407075, 1.183443409204483, 1.3250170707702638, 1.7085792899131775, 1.6727918267250061, 1.901584768295288, 2.151939308643341, 2.788475012779236, 3.131620967388153, 3.2847002387046813, 3.111853873729706, 3.1257630467414854, 2.8942537188529966, 3.738540029525757, 5.093841278553009, 4.963124740123749, 4.277594673633575, 4.236326038837433, 4.608510076999664, 5.3637414336204525, 5.017480432987213, 4.883801412582398, 5.266329288482666, 5.452078413963318, 4.899469721317291, 4.420654058456421, 4.337361669540405, 5.5585914850234985, 6.733943855762481, 6.883053314685822, 6.65479543209076, 6.091126108169556, 5.564269113540649, 5.241498875617981, 4.999207854270935, 4.9678637981414795, 4.99277777671814, 4.838574552536011, 4.6794400930404665, 4.537246799468994, 4.320645129680633, 4.114797127246857, 3.96989266872406, 3.886973190307617, 3.885476815700531, 3.950073742866516, 4.035173863172531, 4.091551327705384, 4.100381273031235, 4.066069179773331, 4.012377905845642, 3.964328849315643, 3.9282957911491394, 3.901791143417358, 3.867436891794205, 3.815243524312973, 3.760307651758194, 3.7078960061073305, 3.6761133670806885, 3.6796213388442993, 3.721230411529541, 3.7827692925930023, 3.838970112800598, 3.8679634034633636, 3.863604837656021, 3.8235998332500456, 3.7622967958450317, 3.693746381998062, 3.633176988363266, 3.5880175709724424, 3.5692661583423613, 3.575981265306473, 3.6083105325698854, 3.6471110045909882, 3.6681714177131655, 3.6810932397842406, 3.66909943819046, 3.638026738166809, 3.5914854645729064, 3.544010078907013, 3.494820547103882, 3.454077845811844, 3.435396546125412, 3.419775331020355, 3.4125450193881988, 3.41872980594635, 3.431012970209122, 3.435633438825607, 3.4288982152938843, 3.4012030720710755, 3.3687352359294893, 3.3434202909469604, 3.33500856757164, 3.3446540951728823, 3.3598417043685913, 3.379521203041077, 3.3888985395431517, 3.364357900619507, 3.3202032446861267, 3.2738749563694, 3.2262419044971464, 3.1910271048545837, 3.1790756821632384, 3.177728033065796, 3.170463979244232]}
{"dataset": "Ham", "depth": 9, "nb_filters": 16, "batch_size": 128, "kernel_size": 32, "use_residual": "True", "use_bottleneck": "True", "acc": 0.7059800664451827, "precision": 0.7204181602711015, "recall": 0.7053742310321257, "budget_ran": 1500, "train_curve": [0.7889889478683472, 0.6340673327445984, 0.5923317313194275, 0.5636953949928284, 0.4974901795387268, 0.4342395067214966, 0.4011664748191833, 0.3730915278196335, 0.3381166338920593, 0.30663361251354215, 0.2898415267467499, 0.26733753383159636, 0.24806097894906998, 0.24592286199331284, 0.22840229496359826, 0.2095838502049446, 0.19331130385398865, 0.18246610462665558, 0.17234381660819054, 0.1608091898262501, 0.15134485326707364, 0.14811402671039103, 0.1485795397311449, 0.146426647529006, 0.1421208769083023, 0.1407054064795375, 0.14103760235011578, 0.1405948281288147, 0.12975974902510642, 0.12280633365735412, 0.1302034637890756, 0.13081731032580138, 0.13165035764686764, 0.13309528082609176, 0.13185444599948823, 0.1271621669176966, 0.12069540685042739, 0.1139018403366208, 0.11131269256584346, 0.10985746127553284, 0.10421369054820388, 0.10016348268836736, 0.1099907749099657, 0.1244396697729826, 0.12698266999796032, 0.12936981632374228, 0.12316172181162983, 0.11151587502099573, 0.11012936579063534, 0.106985169777181, 0.09363131145946682, 0.08624302087118849, 0.08431169914547354, 0.08298723394982517, 0.07663471500854939, 0.07780152773484587, 0.07950903753517195, 0.0774338381132111, 0.08209607093594969, 0.08306314348010346, 0.07387279989197851, 0.07293669311329723, 0.07874651768943294, 0.07744732715655119, 0.08207361929817125, 0.0912137714563869, 0.09134126507560722, 0.09083671296248212, 0.08342930099461228, 0.08764721568441018, 0.09121898002922535, 0.09096101676113903, 0.08801632238319143, 0.0867400712100789, 0.0825017447641585, 0.07654443448409438, 0.07219763267203234, 0.06774564630468376, 0.0638649005908519, 0.060943902301369236, 0.05984480568440631, 0.05790661385981366, 0.056206591852242124, 0.05541020684759133, 0.0570185037329793, 0.054811687133042145, 0.05626718032872304, 0.055002711713314056, 0.052617260202532636, 0.053220445016631854, 0.05528441185015254, 0.05835269276285544, 0.05506789789069444, 0.05195400881348178, 0.05062212251359597, 0.04965528899338097, 0.04937168700853363, 0.048184946627588945, 0.04677908848971128, 0.045802493952214716, 0.04626841612625867, 0.045444387581665066, 0.045610985904932025, 0.045596531563205644, 0.04495882546179928, 0.04535824852064252, 0.04345178349176422, 0.042521182494238016, 0.042368704819818956, 0.042026440519839524, 0.040015497454442085, 0.040340032463427634, 0.038909776357468215, 0.039101065893191844],