{"dataset": "InsectWingbeatSound", "depth": 9, "nb_filters": 16, "batch_size": 128, "kernel_size": 32, "use_residual": "True", "use_bottleneck": "True", "acc": 0.62, "precision": 0.6714115511923643, "recall": 0.6217706004994692, "budget_ran": 1500, "train_curve": [2.13944149017334, 1.459906005859375, 1.1811686038970948, 1.0426555156707764, 0.9503397822380066, 0.8937117338180542, 0.8480563402175904, 0.8189134716987609, 0.804382061958313, 0.7739773988723755, 0.7544169425964355, 0.7134283542633056, 0.6942633390426636, 0.678827440738678, 0.6702969431877136, 0.652803373336792, 0.6314030885696411, 0.6236867427825927, 0.601245105266571, 0.5945717334747315, 0.573384702205658, 0.559260082244873, 0.5494330525398254, 0.5270921230316162, 0.5156502604484559, 0.490517383813858, 0.47739641070365907, 0.48142491579055785, 0.46845457553863523, 0.46259286999702454, 0.4320280849933624, 0.42778403759002687, 0.39508768916130066, 0.3850059688091278, 0.3867536962032318, 0.3493733465671539, 0.33487465381622317, 0.32700304985046386, 0.3348205804824829, 0.32688573002815247, 0.30338059067726136, 0.2867806971073151, 0.2545537680387497, 0.258576300740242, 0.2402330994606018, 0.24393216371536255, 0.23379981517791748, 0.22805414199829102, 0.21270449459552765, 0.20209154188632966, 0.19317867755889892, 0.21618540287017823, 0.1981895387172699, 0.19426170587539673, 0.18472992479801179, 0.1577620953321457, 0.152751125395298, 0.14210674315690994, 0.13261494189500808, 0.12966090738773345, 0.12796871960163117, 0.10774166733026505, 0.10415155589580535, 0.10910833328962326, 0.10355647504329682, 0.1024139329791069, 0.09260528087615967, 0.09445957988500595, 0.09018974304199219, 0.0789192721247673, 0.08204913139343262, 0.08153502270579338, 0.07440270110964775, 0.07436984926462173, 0.06640854254364967, 0.06381531246006489, 0.05472923070192337, 0.05148665457963943, 0.04808985181152821, 0.058155208453536035, 0.05735176093876362, 0.0612017821520567, 0.05145898349583149, 0.05592399425804615, 0.052094540745019915, 0.029776034504175188, 0.022115656919777394, 0.01908369343727827, 0.016080810129642485, 0.014305193163454532, 0.017683862894773483, 0.015369504690170288, 0.015406231954693794, 0.018340924941003322, 0.026327423937618732, 0.03194562420248985, 0.041545393876731396, 0.037293273769319055, 0.03378258664160967, 0.030301609076559544, 0.01907435357570648, 0.018799518048763276, 0.015331770665943623, 0.013218241184949875, 0.011527560651302338, 0.009663307387381793, 0.010025295708328486, 0.00941312089562416, 0.009088521637022496, 0.009009402245283127, 0.008310969360172749, 0.008115382213145495, 0.008556318655610084, 0.008045541401952506, 0.00820696698501706, 0.007759655825793743, 0.0075973963364958765, 0.0072137207724154, 0.007256510946899652], "val_curve": [2.317113161087036, 2.0862879514694215, 1.7874532461166381, 1.7838120698928832, 1.6532385349273682, 1.6980119228363038, 1.5941081047058105, 1.4816481828689576, 1.4946839332580566, 1.3378684043884277, 1.536604905128479, 1.4585588216781615, 1.3497735738754273, 1.45480375289917, 1.6295514822006225, 1.3773846864700316, 1.4506727695465087, 1.506212043762207, 1.5077499747276306, 1.5100418090820313, 1.585337233543396, 1.4516143321990966, 1.5186083793640137, 1.4864399909973145, 1.380242681503296, 1.33538761138916, 1.417200255393982, 1.203000247478485, 1.484885573387146, 1.3235477685928345, 1.514284372329712, 1.4167773485183717, 1.282621717453003, 1.644607663154602, 1.3679561853408813, 1.4214948654174804, 1.5133147239685059, 1.5124085903167725, 1.5425260066986084, 1.5244980573654174, 1.8441652297973632, 1.53760507106781, 1.475455904006958, 1.535157561302185, 1.5005670547485352, 1.4579944372177125, 1.4238036394119262, 1.2807642221450806, 1.3907379627227783, 1.4913797616958617, 1.356266701221466, 1.4700354933738708, 1.4841151118278504, 1.3384762763977052, 1.2701820611953736, 1.3977733373641967, 1.4272711515426635, 1.408448052406311, 1.5613138198852539, 1.455348801612854, 1.2447659254074097, 1.319452691078186, 1.318746852874756, 1.3069543361663818, 1.4637091159820557, 1.2553057670593262, 1.1919822216033935, 1.4565569400787353, 1.5675302505493165, 1.452717411518097, 1.2392701864242555, 1.4628698825836182, 1.3989574909210205, 1.4165895938873292, 1.3200902462005615, 1.600341558456421, 1.4807993412017821, 1.3434727668762207, 1.4507044315338136, 1.4049670696258545, 1.4164366245269775, 1.3304952144622804, 1.428453540802002, 1.4689833402633667, 1.3383938074111938, 1.2288084030151367, 1.2031707048416138, 1.2149534463882445, 1.1788349628448487, 1.1526030063629151, 1.2289711713790894, 1.1940950155258179, 1.210233497619629, 1.242101216316223, 1.2774118900299072, 1.420309829711914, 1.2725059032440185, 1.4187620401382446, 1.2916990518569946, 1.263085675239563, 1.2441314458847046, 1.2501996278762817, 1.2038954496383667, 1.2630892038345336, 1.234957480430603, 1.2110803127288818, 1.1985440015792848, 1.190134596824646, 1.1865788578987122, 1.1920103311538697, 1.1849074602127074, 1.1745600700378418, 1.1744010686874389, 1.1817002296447754, 1.1848991870880128, 1.1873746871948243, 1.1923912525177003, 1.1909968614578248, 1.1893037557601929]}
{"dataset": "InsectWingbeatSound", "depth": 9, "nb_filters": 16, "batch_size": 128, "kernel_size": 32, "use_residual": "True", "use_bottleneck": "True", "acc": 0.655, "precision": 0.6743953136482592, "recall": 0.6599395976317364, "budget_ran": 1500, "train_curve": [2.1369836807250975, 1.4730403900146485, 1.18743839263916, 1.034805953502655, 0.9547059059143066, 0.8923593163490295, 0.8517880797386169, 0.8147775530815125, 0.7906200289726257, 0.7624336838722229, 0.732247269153595, 0.7181885480880738, 0.6985713958740234, 0.6809791803359986, 0.6639325022697449, 0.649587893486023, 0.6313616991043091, 0.6161022543907165, 0.594278621673584, 0.5819260478019714, 0.5686295986175537, 0.5519432306289673, 0.5404467463493348, 0.5298856019973754, 0.5109175384044647, 0.4935257792472839, 0.5001344978809357, 0.4818571448326111, 0.45791709423065186, 0.43607552647590636, 0.41278098821640014, 0.40432974696159363, 0.40715073347091674, 0.4023752808570862, 0.3886732280254364, 0.3578730285167694, 0.3435665726661682, 0.3258309602737427, 0.30939823389053345, 0.2932232260704041, 0.300353878736496, 0.2874951660633087, 0.2663382917642593, 0.24994513988494874, 0.2481358230113983, 0.23811682164669037, 0.23455449640750886, 0.24030143022537231, 0.21450251936912537, 0.20250841677188874, 0.1916032612323761, 0.18348954617977142, 0.1748564749956131, 0.18519108593463898, 0.17409354448318481, 0.1564441740512848, 0.14441760182380675, 0.14203912615776063, 0.1326504811644554, 0.11385345607995986, 0.11367456167936325, 0.10763196498155594, 0.09546482115983963, 0.09079455137252808, 0.0989931657910347, 0.11240355968475342, 0.11760122627019882, 0.1080640733242035, 0.10375097095966339, 0.09283532053232194, 0.07587744891643525, 0.0663507416844368, 0.05691656842827797, 0.04899345114827156, 0.05620532780885697, 0.04975909814238548, 0.04061885103583336, 0.040204687416553496, 0.04114210903644562, 0.04789857752621174, 0.045609081909060475, 0.04578867107629776, 0.04784504994750023, 0.04218270070850849, 0.03304975554347038, 0.024954736791551115, 0.023435013182461262, 0.020416506007313727, 0.024753901548683642, 0.022640739381313325, 0.023011601716279983, 0.0320646645501256, 0.050392553396523, 0.05902329459786415, 0.053213384747505185, 0.04902759250253439, 0.03813371378928423, 0.025062003172934055, 0.01868183221668005, 0.01298885066062212, 0.011436225846409798, 0.010529141593724489, 0.010292699374258519, 0.009538642875850201, 0.009749760944396257, 0.008697984833270311, 0.009445977956056595, 0.008860474079847335, 0.008893565461039542, 0.008961936738342047, 0.008444349188357592, 0.008023264911025762, 0.008073822502046824, 0.007932313345372677, 0.007432610169053078, 0.007663067150861025, 0.006924287974834442, 0.00709800636395812, 0.007119410578161478, 0.007118638511747122, 0.006883323471993208, 0.006723625957965851, 0.006529027316719294, 0.006602585408836603, 0.0071267842315137385, 0.006440357211977244],