{"dataset": "ECG5000", "depth": 9, "nb_filters": 16, "batch_size": 128, "kernel_size": 32, "use_residual": "True", "use_bottleneck": "True", "acc": 0.9484, "precision": 0.6897297612905084, "recall": 0.576296841131678, "budget_ran": 1500, "train_curve": [0.48777705430984497, 0.20570178031921388, 0.17684193849563598, 0.16645064651966096, 0.15897750556468965, 0.14933128654956818, 0.14288523346185683, 0.13751474618911744, 0.13223325163125993, 0.13129210025072097, 0.1275092303752899, 0.12353279590606689, 0.11887127757072449, 0.1174142450094223, 0.11263569444417953, 0.11052634418010712, 0.10946055948734283, 0.10590987652540207, 0.1013085424900055, 0.09921765178442002, 0.10011623948812484, 0.09523335695266724, 0.09042144566774368, 0.08644895851612092, 0.09198524951934814, 0.08788379579782486, 0.08799884021282196, 0.08580615222454072, 0.08055085316300392, 0.07535367980599403, 0.07457411959767342, 0.07260981500148773, 0.07625636011362076, 0.07303444072604179, 0.06942413598299027, 0.06862259805202484, 0.06717195063829422, 0.05995107293128967, 0.05927166566252708, 0.07136523649096489, 0.07204102054238319, 0.06153965964913368, 0.06051104217767715, 0.056504927575588226, 0.05108395740389824, 0.048887599259614944, 0.04895270690321922, 0.0445016585290432, 0.053598028421401975, 0.04886979162693024, 0.0477504551410675, 0.04070285409688949, 0.04013221710920334, 0.044721974059939384, 0.03548442982137203, 0.0357139740139246, 0.034171950072050095, 0.029438653960824013, 0.036674408987164495, 0.035063686221837996, 0.03662153631448746, 0.03559201955795288, 0.028683258220553398, 0.022006025537848473, 0.01787919532507658, 0.019959140941500662, 0.020198733545839787, 0.024690887331962584, 0.023051482252776624, 0.01784572685137391, 0.02071464080363512, 0.01903603784739971, 0.01616705283522606, 0.01760956160724163, 0.016766414698213338, 0.02239178465679288, 0.027600003965198995, 0.021535519789904357, 0.020923286117613314, 0.016919837146997452, 0.01539243720471859, 0.017228225897997617, 0.014055125345475972, 0.010143435769714415, 0.006796802091412246, 0.00685344209196046, 0.0038018734077923, 0.0027324080583639443, 0.0019799502682872117, 0.0010625622409861535, 0.0009691777755506337, 0.0007774422119837254, 0.0007084818091243506, 0.000633088790345937, 0.0005561021273024381, 0.0006009539822116495, 0.0005469178024213762, 0.0005440892768092453, 0.0005024447134928777, 0.0004939874546835199, 0.00047054650785867126, 0.0004506416415097192, 0.00040614783356431874, 0.00044078644714318216, 0.0003816873941104859, 0.00037239119701553135, 0.00035446693073026836, 0.00035856483737006783, 0.00034517323365435004, 0.0003147289855405688, 0.00033696783939376476], "val_curve": [1.9363768100738525, 0.49533731341362, 0.5225774347782135, 0.48309361934661865, 0.4630711853504181, 0.41527052521705626, 0.34116928577423095, 0.2941648006439209, 0.4420149028301239, 0.3124064564704895, 0.24824021756649017, 0.2254231572151184, 0.2856243818998337, 0.20888775289058686, 0.23687479496002198, 0.20925851464271544, 0.19391335248947145, 0.22159018516540527, 0.22933342754840852, 0.23646475672721862, 0.24557063579559327, 0.3153019338846207, 0.20442763566970826, 0.24026418030261992, 0.23646403551101686, 0.2046998471021652, 0.3326707720756531, 0.2190147191286087, 0.20284871459007264, 0.21518041789531708, 0.22153277695178986, 0.23692068755626677, 0.2201038271188736, 0.2360784024000168, 0.2984230935573578, 0.37657506167888644, 0.43376782536506653, 0.21476366519927978, 0.2579148679971695, 0.42451749444007875, 0.274243101477623, 0.27257479429244996, 0.3079816162586212, 0.23046742677688598, 0.2710912227630615, 0.24248514473438262, 0.26151074171066285, 0.2736920893192291, 0.31429445147514345, 0.28755988776683805, 0.32370716631412505, 0.28659992218017577, 0.2772117704153061, 0.31277158558368684, 0.34224056005477904, 0.3500262498855591, 0.2530824691057205, 0.29805787205696105, 0.45814343690872195, 0.2893501162528992, 0.298978716135025, 0.37557425498962405, 0.27875050008296964, 0.35835765302181244, 0.33058943748474123, 0.29371569454669955, 0.48390918374061587, 0.42535812258720396, 0.3465375304222107, 0.3110515892505646, 0.3437700390815735, 0.31203503012657163, 0.49667343497276306, 0.3131230354309082, 0.32686409950256345, 0.4436775863170624, 0.5346888929605484, 0.7796525716781616, 0.3251882493495941, 0.437472802400589, 0.5924051165580749, 0.4216934680938721, 0.33168977200984956, 0.35067038536071776, 0.34508763551712035, 0.32905116081237795, 0.30074085891246793, 0.29382668137550355, 0.29929475784301757, 0.3134955823421478, 0.30795488953590394, 0.31677317023277285, 0.3216739594936371, 0.3268131673336029, 0.32761103510856626, 0.3328138589859009, 0.33160967826843263, 0.3321456849575043, 0.3332807719707489, 0.3362544298171997, 0.33607323169708253, 0.34093388319015505, 0.34087073802948, 0.34290661215782164, 0.3416873931884766, 0.34141831994056704, 0.3431848049163818, 0.34529162645339967, 0.345747309923172, 0.3473173320293427, 0.34738325476646426]}
{"dataset": "ECG5000", "depth": 9, "nb_filters": 16, "batch_size": 128, "kernel_size": 32, "use_residual": "True", "use_bottleneck": "True", "acc": 0.9532, "precision": 0.6745281716765568, "recall": 0.5768777866549532, "budget_ran": 1500, "train_curve": [0.5371214509010315, 0.21079572439193725, 0.18162401020526886, 0.16894707083702087, 0.15711770057678223, 0.15126775503158568, 0.14434984624385833, 0.14138222932815553, 0.13616988062858582, 0.1337633788585663, 0.1294615387916565, 0.12436696141958237, 0.12155367583036422, 0.11764806360006333, 0.12095151096582413, 0.11655332446098328, 0.11033709645271302, 0.10858990997076035, 0.10358766615390777, 0.10061568319797516, 0.09954802393913269, 0.09970613867044449, 0.10006651133298874, 0.09912107288837432, 0.09434981346130371, 0.08718451112508774, 0.08668948858976364, 0.08278367668390274, 0.08047814071178436, 0.0799020692706108, 0.07501672506332398, 0.07075498029589652, 0.07619930431246758, 0.07366337776184081, 0.07239946350455284, 0.06771710366010666, 0.0695099763572216, 0.06946121528744698, 0.06909609287977218, 0.06106599196791649, 0.06058492884039879, 0.05628703013062477, 0.05344163253903389, 0.054564811289310455, 0.05428382530808449, 0.050025881826877595, 0.04826034978032112, 0.04959982447326183, 0.050379979982972146, 0.04253966137766838, 0.03446603640913963, 0.03611141853034496, 0.04112330749630928, 0.04085416533052921, 0.04091204442083836, 0.034294174052774906, 0.030802787840366365, 0.033821741864085195, 0.0307219035923481, 0.02462770715355873, 0.020620185323059557, 0.022212914191186428, 0.021990725956857204, 0.02472449541091919, 0.015654344204813243, 0.019769917521625758, 0.020927339466288684, 0.02010390507057309, 0.019162420835345983, 0.016855960991233588, 0.014801434671971947, 0.014642109430860728, 0.022484532056841998, 0.013753176928730682, 0.011091344186570495, 0.009245159546844661, 0.007726996141718701, 0.009448062506271527, 0.013440186157822609, 0.011738352745305746, 0.008711527445120737, 0.006243310676654801, 0.009551784986979329, 0.007651714253006503, 0.004209574620472267, 0.003142586030298844, 0.0026515787467360497, 0.0040104004729073495, 0.012164919136557728, 0.009549490723293275, 0.003579245152650401, 0.002264254569308832, 0.003936694993171841, 0.003583071831963025, 0.005014144233427942, 0.004083284601802006, 0.0037859853648114948, 0.0044267656106967476, 0.002274249622132629, 0.0012389035342494025, 0.0007882406032877042, 0.0004928355585434474, 0.0004958752208040096, 0.0004500912793446332, 0.0004592472789227031, 0.00043254740012343973, 0.0004196353562292643, 0.00039746297406964006, 0.0003799438927671872],