{"dataset": "uWaveGestureLibrary_Z", "depth": 9, "nb_filters": 16, "batch_size": 128, "kernel_size": 32, "use_residual": "True", "use_bottleneck": "True", "acc": 0.7742320929768555, "precision": 0.7790918265340663, "recall": 0.7750498648038893, "budget_ran": 1500, "train_curve": [1.5804499864578248, 0.9887869238853455, 0.7965121746063233, 0.7128599286079407, 0.6583764553070068, 0.6147348523139954, 0.5878382444381713, 0.5632577657699585, 0.5448214173316955, 0.522628802061081, 0.5040522515773773, 0.49187628626823426, 0.4653739869594574, 0.4516484558582306, 0.4357161343097687, 0.4266430616378784, 0.41184881925582884, 0.39843578934669494, 0.37144336104393005, 0.35610913038253783, 0.34935755729675294, 0.33863407373428345, 0.3208174049854279, 0.30764448642730713, 0.3048036217689514, 0.28536696434020997, 0.2647067874670029, 0.2497912585735321, 0.24169162511825562, 0.21859033405780792, 0.21889612972736358, 0.21663150191307068, 0.20388343036174775, 0.19131257832050325, 0.1768590360879898, 0.16855826377868652, 0.15805316269397734, 0.15695231258869172, 0.1474347934126854, 0.1551060825586319, 0.14162850975990296, 0.13200507760047914, 0.12200673371553421, 0.10822357833385468, 0.09851426780223846, 0.0933256834745407, 0.09789842814207077, 0.10397071540355682, 0.09574329406023026, 0.08754535913467407, 0.0785873644053936, 0.07398682087659836, 0.06542987376451492, 0.06317306086421012, 0.05928107276558876, 0.05804066509008408, 0.05573339834809303, 0.048516036570072175, 0.04399268366396427, 0.04097513668239117, 0.03982120342552662, 0.04241427518427372, 0.04588186256587505, 0.044310906901955605, 0.03905416987836361, 0.03495042473077774, 0.03939859271049499, 0.036379710957407954, 0.034550719894468784, 0.03375128265470266, 0.03158902395516634, 0.03387797325849533, 0.03997755292803049, 0.025594371370971203, 0.015593658480793238, 0.014067486859858036, 0.011503905616700649, 0.010623912047594785, 0.010037825256586076, 0.015824296791106463, 0.024659484159201384, 0.03893221719190478, 0.025774678587913512, 0.01080007329583168, 0.008119758497923613, 0.007192499097436666, 0.006198327522724867, 0.006095434771850705, 0.005404967814683914, 0.005199583084322512, 0.005091144423931837, 0.004844021378085017, 0.00491419448517263, 0.004631883837282658, 0.004613851313479245, 0.00413111224770546, 0.00441463568713516, 0.003941389569081366, 0.003984090103767812, 0.003756222198717296, 0.0036978937219828366, 0.003599887597374618, 0.0036590573843568565, 0.003535751043818891, 0.003506938321515918, 0.0033166168024763463, 0.0033539608353748917, 0.0031775605399161576, 0.003152918117120862, 0.003163565800059587, 0.0032966163475066424, 0.0030796992359682918, 0.0031666272087022664, 0.003011015010997653, 0.0030666741775348784, 0.0030117991380393507, 0.003418375318869948, 0.02377246911637485, 0.11036917823366821, 0.0978747499641031, 0.0715079760644585, 0.05148147540166974, 0.043529737880453466, 0.033711872948333624, 0.02821730338037014, 0.022111736331135036, 0.019559238525107502, 0.015528990933671594, 0.015605282690376043, 0.012603461090475322], "val_curve": [2.228191685676575, 2.098305892944336, 2.1793724060058595, 2.111580729484558, 1.9993216037750243, 2.579347825050354, 2.249130940437317, 2.0542216539382934, 1.868008279800415, 2.0931710720062258, 2.329628610610962, 1.771776032447815, 1.6418609619140625, 1.7329156637191772, 1.6873913764953614, 1.4742503404617309, 1.5516042590141297, 1.266563320159912, 1.6188735365867615, 0.9762724757194519, 1.3255161762237548, 1.179402220249176, 1.0134089469909668, 1.2303440809249877, 1.0905439138412476, 0.9611508965492248, 0.9702182292938233, 0.9726378440856933, 1.127846908569336, 1.057969617843628, 1.0942170381546021, 0.7965455174446106, 0.8770205736160278, 1.1573265552520753, 0.765929126739502, 1.1065149545669555, 1.0159928679466248, 0.9968532919883728, 1.0053258061408996, 0.9690914511680603, 0.8960290551185608, 0.8266830444335938, 0.9128374099731446, 0.9234483122825623, 0.9216732382774353, 0.8195890069007874, 0.9472691893577576, 0.9082347631454468, 1.2601719856262208, 0.8554807066917419, 0.94735746383667, 0.9004024386405944, 0.9206197142601014, 0.8938862323760987, 0.9544127464294434, 1.1109832167625426, 0.9683379769325257, 0.932220208644867, 0.9611829161643982, 0.961733055114746, 1.0091833233833314, 0.944359028339386, 0.9834076642990113, 1.2342740654945374, 0.9271257877349853, 0.992818295955658, 0.9812703847885131, 0.9530701875686646, 0.9015400052070618, 0.8567235827445984, 0.8272510409355164, 0.9862770080566406, 1.013683831691742, 0.8829018235206604, 0.7892785191535949, 0.7952129483222962, 0.8324274182319641, 0.799705445766449, 0.8409240961074829, 0.8201963663101196, 1.0917993783950806, 1.023238205909729, 0.8298069357872009, 0.8163783073425293, 0.7821184277534485, 0.773412561416626, 0.7585360884666443, 0.7549285173416138, 0.7496302127838135, 0.7524840712547303, 0.7564391136169434, 0.7534450769424439, 0.7520223379135131, 0.75366770029068, 0.7578744411468505, 0.7557420253753662, 0.7585426330566406, 0.7580873012542725, 0.7685770273208619, 0.7636789917945862, 0.7660859942436218, 0.7652299165725708, 0.7668089509010315, 0.7707311272621155, 0.7700822472572326, 0.7668433666229248, 0.7682173371315002, 0.7758402228355408, 0.777069890499115, 0.7741950631141663, 0.7800974130630494, 0.7771142005920411, 0.7793533563613891, 0.776697325706482, 0.776257860660553, 0.7785715222358703, 0.8022570252418518, 1.07611426115036, 13.031366622447967, 4.222947692871093, 1.410922348499298, 1.023466122150421, 0.8427041411399842, 0.825684130191803, 0.7760866641998291, 0.7796862244606018, 0.7618313312530518, 0.7514294147491455, 0.7484085917472839, 0.7432665467262268]}
{"dataset": "uWaveGestureLibrary_Z", "depth": 9, "nb_filters": 16, "batch_size": 128, "kernel_size": 32, "use_residual": "True", "use_bottleneck": "True", "acc": 0.7865198523543496, "precision": 0.7903874580458946, "recall": 0.7867904784765328, "budget_ran": 1500,