{"dataset": "MiddlePhalanxTW", "depth": 9, "nb_filters": 16, "batch_size": 128, "kernel_size": 32, "use_residual": "True", "use_bottleneck": "True", "acc": 0.4937592137592137, "precision": 0.24171357649883096, "recall": 0.3186089253883372, "budget_ran": 1500, "train_curve": [1.8057400703430175, 1.156674599647522, 1.01167334318161, 0.9608650207519531, 0.9306248307228089, 0.9193751454353333, 0.9010570883750916, 0.8928970456123352, 0.8796740889549255, 0.8680058121681213, 0.8559801578521729, 0.8457563877105713, 0.8305910229682922, 0.8260465025901794, 0.80753413438797, 0.7920268893241882, 0.7922369956970214, 0.7862533092498779, 0.7754051566123963, 0.7696464657783508, 0.7454119920730591, 0.726203727722168, 0.7161828398704528, 0.7001737356185913, 0.7013022541999817, 0.6929266452789307, 0.7089659929275512, 0.704754114151001, 0.6687116861343384, 0.6483534812927246, 0.6347211599349976, 0.6116117715835572, 0.5686770439147949, 0.5578485071659088, 0.5252369701862335, 0.5117147982120513, 0.45348758101463316, 0.4564125955104828, 0.4460844933986664, 0.42973974347114563, 0.4381869971752167, 0.3882356882095337, 0.36775124073028564, 0.3689942717552185, 0.3493585646152496, 0.32742722034454347, 0.29421652257442477, 0.28615657389163973, 0.2642406404018402, 0.2296183317899704, 0.23076469600200653, 0.22458638846874238, 0.19285212606191635, 0.19788973182439804, 0.20116142183542252, 0.1962423264980316, 0.17559907361865043, 0.1628069005906582, 0.14364748522639276, 0.12985421866178512, 0.13583923652768135, 0.11688307225704193, 0.11545429155230522, 0.11917288303375244, 0.08589310720562934, 0.07427782937884331, 0.06662417426705361, 0.07245466001331806, 0.08013057820498944, 0.07372795566916465, 0.07472201846539975, 0.06931229010224342, 0.06873867698013783, 0.05455662067979574, 0.05142264664173126, 0.04129242300987244, 0.043379206024110314, 0.0333800420165062, 0.025480534974485637, 0.022832969669252634, 0.017413437087088823, 0.015825543273240327, 0.015405213553458452, 0.0139446503482759, 0.011979599110782146, 0.011556889396160841, 0.01077664727345109, 0.009645735565572976, 0.009619691083207727, 0.009535374259576202, 0.008995843585580587, 0.008198695443570613, 0.008509482070803643, 0.007742177974432707, 0.007671204814687371, 0.007570501789450646, 0.006815085606649518, 0.006820264970883727, 0.006710706884041429, 0.006584800686687231, 0.008304492011666298, 0.006338094500824809, 0.006306113209575415, 0.005935774138197303, 0.006157387187704444, 0.005688028829172254, 0.005870715668424964, 0.005278341425582767, 0.005487513658590615, 0.005449461564421654, 0.005844188202172518], "val_curve": [1.9651119232177734, 2.169625687599182, 2.413301396369934, 2.5792973756790163, 2.6009698629379274, 2.519711804389954, 2.3824705839157105, 2.211028265953064, 2.0294777870178224, 1.8184115886688232, 1.6652798652648926, 1.5465407133102418, 1.4535279273986816, 1.4041994094848633, 1.4869171857833863, 1.6185248136520385, 1.8308867931365966, 2.1133567333221435, 2.3194491863250732, 2.555030846595764, 2.695167636871338, 3.037961006164551, 3.1494762659072877, 3.32088987827301, 3.4227503061294557, 3.3252644300460816, 3.4799924373626707, 3.9746171474456786, 4.422873067855835, 4.625725936889649, 5.015215826034546, 5.908789253234863, 6.3717567920684814, 6.737624073028565, 6.87873330116272, 7.053209066390991, 7.387894248962402, 7.679726552963257, 7.837386512756348, 7.897099018096924, 8.177268934249877, 7.822201251983643, 8.240042066574096, 9.036678624153136, 9.91393027305603, 10.5872083902359, 10.566318702697753, 10.643191361427307, 10.824997472763062, 11.080875015258789, 11.582822179794311, 12.141373443603516, 13.232169485092163, 12.708570861816407, 12.121395015716553, 11.961685848236083, 11.78251781463623, 12.140671348571777, 12.692161226272583, 13.210328626632691, 13.380248594284058, 13.775324487686158, 14.143699073791504, 13.893129539489745, 13.594503593444824, 13.492671823501587, 13.743619894981384, 14.16420111656189, 13.807128977775573, 13.627727174758911, 13.082393217086793, 13.412100028991699, 13.888086652755737, 14.620289516448974, 14.68991551399231, 14.436173391342162, 14.469025325775146, 14.192377758026122, 14.14412579536438, 13.994464254379272, 13.827525901794434, 13.746088743209839, 13.665444469451904, 13.466579174995422, 13.33948769569397, 13.366424894332885, 13.493014240264893, 13.571215772628785, 13.60174822807312, 13.572259092330933, 13.451038503646851, 13.32670612335205, 13.233427143096923, 13.182222318649291, 13.130825901031494, 13.084091281890869, 12.96056580543518, 12.855266857147218, 12.73051347732544, 12.604298877716065, 12.493716144561768, 12.377147388458251, 12.267324590682984, 12.199139595031738, 12.119716596603393, 12.019899845123291, 11.895529460906982, 11.781560468673707, 11.69257321357727, 11.610741567611694, 11.487175178527831]}
{"dataset": "MiddlePhalanxTW", "depth": 9, "nb_filters": 16, "batch_size": 128, "kernel_size": 32, "use_residual": "True", "use_bottleneck": "True", "acc": 0.4072399672399672, "precision": 0.18906682770717856, "recall": 0.2545604395604396, "budget_ran": 1500, "train_curve": [1.8175150632858277, 1.17871150970459, 1.0290116786956787, 0.9721114754676818, 0.9427681684494018, 0.9291739940643311, 0.9117992401123047, 0.9007843136787415, 0.8902190685272217, 0.8752361178398133, 0.8671004414558411, 0.8509768366813659, 0.8390810012817382, 0.834662926197052, 0.828254234790802, 0.8227611660957337, 0.8126999020576477, 0.7987495064735413, 0.7862125515937806, 0.7682463765144348, 0.7552300214767456, 0.748919415473938, 0.743265974521637, 0.7464375019073486, 0.7319139838218689, 0.7100809454917908, 0.6974725365638733, 0.6852977752685547, 0.6648539185523987, 0.6526935458183288, 0.6368203997612, 0.6154812812805176, 0.617249357700348, 0.5957475066184997, 0.5722598493099212, 0.5732341170310974, 0.5732476234436035, 0.5448257565498352, 0.5380356132984161, 0.5076376736164093, 0.5122399032115936, 0.47629874348640444, 0.46488586664199827, 0.44787827134132385, 0.4113832890987396, 0.4347676932811737, 0.4034091830253601, 0.38475696444511415, 0.38608125448226926, 0.376021546125412, 0.33125820755958557, 0.3043397843837738, 0.29333185851573945, 0.2532347023487091, 0.2411617875099182, 0.22727478742599488, 0.22283363044261933, 0.1991198927164078, 0.17873839437961578, 0.1734931215643883, 0.1760078951716423, 0.14611869007349015, 0.12535611242055894, 0.11914966553449631, 0.12105867564678192, 0.10528336241841316, 0.10394091606140136, 0.09457182437181473, 0.08641621619462966, 0.08605154305696487, 0.08216920644044876, 0.07921118400990963, 0.07096313871443272, 0.06402800790965557, 0.05646208077669144, 0.05010775811970234, 0.034915398620069024, 0.031999319419264795, 0.026785940490663053, 0.02447112388908863, 0.024685049057006837, 0.020457401499152185, 0.018763121217489243, 0.016438799165189266, 0.016119640693068503, 0.0174887552857399, 0.019518074858933688, 0.01805180488154292, 0.016525844298303127, 0.014669799990952016, 0.01569248577579856, 0.013306417502462864, 0.017657181760296226, 0.012178336549550296, 0.01581426910124719, 0.012053109426051378, 0.007967475429177284, 0.008496055193245412, 0.007558232964947819, 0.006984606524929405, 0.00730315619148314, 0.005937389191240072, 0.005531980469822883, 0.005445852968841791, 0.005092559754848481, 0.004982392583042383, 0.0047921011690050365, 0.005006954493001104, 0.004838874051347375],