{"dataset": "DistalPhalanxOutlineAgeGroup", "depth": 9, "nb_filters": 16, "batch_size": 128, "kernel_size": 32, "use_residual": "True", "use_bottleneck": "True", "acc": 0.7030114226375909, "precision": 0.5754165960381383, "recall": 0.5255961214604977, "budget_ran": 1500, "train_curve": [0.9852619886398315, 0.6325023412704468, 0.541690319776535, 0.4834668517112732, 0.4404331147670746, 0.39753206372261046, 0.37859126329422, 0.3697459280490875, 0.3480441153049469, 0.33933457136154177, 0.3280375421047211, 0.3118466317653656, 0.3237588882446289, 0.30250575542449953, 0.2877970427274704, 0.2796779662370682, 0.27026760280132295, 0.25874355137348176, 0.2485149919986725, 0.25083000361919405, 0.23074986934661865, 0.23891161382198334, 0.2174294710159302, 0.21964155733585358, 0.23918399810791016, 0.23711898028850556, 0.2101836010813713, 0.22157853543758393, 0.21204521656036376, 0.18499307334423065, 0.17115531861782074, 0.17921482026576996, 0.16979628056287766, 0.17279516756534577, 0.1520090639591217, 0.14707588851451875, 0.14225372970104216, 0.13930363953113556, 0.13213562965393066, 0.11978871822357177, 0.13352147936820985, 0.11883295923471451, 0.11581451594829559, 0.10216942951083183, 0.10285054072737694, 0.10815109014511108, 0.10242457836866378, 0.09080443382263184, 0.0981204330921173, 0.08802441284060478, 0.07867946252226829, 0.07854032516479492, 0.0851227231323719, 0.07684173360466957, 0.06917707249522209, 0.07640357166528702, 0.08310723826289176, 0.06952884271740914, 0.06343387663364411, 0.06523545607924461, 0.05574939176440239, 0.0560328334569931, 0.05552239343523979, 0.04909200184047222, 0.04910895898938179, 0.046985214203596117, 0.04399925246834755, 0.04222920723259449, 0.03655104786157608, 0.03668022304773331, 0.033735588751733304, 0.032035387493669985, 0.030562550108879805, 0.029297190252691507, 0.026970903761684893, 0.02547108121216297, 0.024135886412113904, 0.023848232347518206, 0.02056768024340272, 0.019706577574834228, 0.018240489857271315, 0.017529649566859005, 0.019056493416428566, 0.0165101136546582, 0.015582978632301092, 0.01823154170997441, 0.013895230321213602, 0.019415619596838952, 0.01219359370879829, 0.011974988179281354, 0.011146597913466394, 0.010884641227312386, 0.010306037147529423, 0.01020267790881917, 0.01045387436170131, 0.009348836867138744, 0.009080728748813272, 0.008657025988213718, 0.008694698824547232, 0.010581005248241127, 0.008518957800697535, 0.008796617714688182, 0.007694606331642717, 0.0075621023657731715, 0.008079903456382454], "val_curve": [1.3810346364974975, 1.4146321535110473, 1.3458406567573546, 1.2993896842002868, 1.271348226070404, 1.1918526530265807, 1.0691391468048095, 1.0126521110534668, 1.0182108283042908, 0.960767662525177, 0.9063420176506043, 0.9976074934005738, 0.9679566502571106, 0.9350696206092834, 0.9268395066261291, 0.9574464678764343, 0.9218955755233764, 0.9875548601150512, 1.1429985642433167, 1.1452250242233277, 1.0819599509239197, 1.0742918729782105, 1.073738932609558, 1.084652578830719, 1.2256588101387025, 1.139012861251831, 1.2105379700660706, 1.333174455165863, 1.4043266415596007, 1.5584434866905212, 1.3546181201934815, 1.3967684030532836, 1.2764244079589844, 1.2603570461273192, 1.2766486883163453, 1.2851653218269348, 1.206132745742798, 1.1960147380828858, 1.2640809059143066, 1.1686830639839172, 1.3302188038825988, 1.425212836265564, 1.645526397228241, 1.7137040734291076, 1.8312510013580323, 1.9856951713562012, 2.102219021320343, 1.8952120423316956, 1.689091145992279, 1.6912036895751954, 1.9236413955688476, 2.2304977655410765, 2.055626332759857, 1.6502716302871705, 1.670059072971344, 1.6485214710235596, 1.678327751159668, 1.6824965476989746, 1.7549013137817382, 1.6713118076324462, 1.6766201734542847, 1.7639092683792115, 1.8288075089454652, 1.9331190884113312, 1.9720390379428863, 1.9112563610076905, 1.7677162826061248, 1.6132405877113343, 1.5286076068878174, 1.4999316215515137, 1.5182960629463196, 1.5113829970359802, 1.4795783400535583, 1.4689696788787843, 1.4404756546020507, 1.375035548210144, 1.3430795192718505, 1.341925823688507, 1.3157979369163513, 1.2590283155441284, 1.221191132068634, 1.2178705930709839, 1.1761502861976623, 1.1319332003593445, 1.1143181204795838, 1.108740746974945, 1.0926507711410522, 1.081380295753479, 1.0426552176475525, 1.0350896000862122, 1.0358093619346618, 1.039773166179657, 1.0414331674575805, 1.0403555154800415, 1.0309449791908265, 1.0320343255996705, 1.0371894359588623, 1.036197006702423, 1.0162880063056945, 1.0159471035003662, 1.0070086598396302, 1.0008245706558228, 1.0101896524429321, 1.0116340398788453, 1.0639620661735534]}
{"dataset": "DistalPhalanxOutlineAgeGroup", "depth": 9, "nb_filters": 16, "batch_size": 128, "kernel_size": 32, "use_residual": "True", "use_bottleneck": "True", "acc": 0.7105572862582208, "precision": 0.42917561070191573, "recall": 0.4816776701257302, "budget_ran": 1500, "train_curve": [0.8879611611366272, 0.5786541223526, 0.5028811275959015, 0.4454167366027832, 0.41056368350982664, 0.39533187747001647, 0.36935082674026487, 0.35049985647201537, 0.3393767595291138, 0.3189262628555298, 0.3085125148296356, 0.3149868130683899, 0.31334158778190613, 0.29036703109741213, 0.3028428256511688, 0.2702364683151245, 0.25836800038814545, 0.237243127822876, 0.23067083954811096, 0.2061866581439972, 0.21124935448169707, 0.20847273468971253, 0.2292228639125824, 0.23748576939105986, 0.21505341827869415, 0.20671182572841645, 0.18820786774158477, 0.18128951489925385, 0.17412504702806472, 0.17418403476476668, 0.1459708333015442, 0.14520516246557236, 0.14434490948915482, 0.13757459223270416, 0.17962141335010529, 0.16769169867038727, 0.1523698091506958, 0.14615109264850618, 0.12704482525587082, 0.12430618554353715, 0.10909215360879898, 0.10710294544696808, 0.09418752044439316, 0.09866390377283096, 0.08509156107902527, 0.07873083800077438, 0.07115601301193238, 0.06392395123839378, 0.06448395326733589, 0.06239747330546379, 0.0604324996471405, 0.06056225597858429, 0.05767773985862732, 0.062112148851156235, 0.07076108008623123, 0.06128476746380329, 0.05354662202298641, 0.05396575145423412, 0.05542020238935948, 0.04737161956727505, 0.04839058592915535, 0.040819548442959784, 0.048294126987457275, 0.05341081432998181, 0.04328799992799759, 0.04159344621002674, 0.04203224256634712, 0.04187167435884476, 0.04301826246082783, 0.031123675033450128, 0.03137974068522453, 0.0292583379894495, 0.026669640839099885, 0.023691351152956487, 0.023074581846594812, 0.020721547491848468, 0.016338513046503068, 0.014133175648748875, 0.015732482820749284, 0.013438159227371215, 0.011458439379930496, 0.010293868184089661, 0.009852170385420323, 0.008735482301563024, 0.008301722072064876, 0.008194735646247864, 0.007162566762417555, 0.009053869731724262, 0.008013511914759875, 0.009157262276858091, 0.008436390617862343, 0.007443993119522929, 0.008402502769604326, 0.007472396362572908, 0.007961964793503284, 0.006046777917072177, 0.0073056788183748726, 0.012837878102436662, 0.024281650315970182, 0.033907706988975404, 0.024058225704357027, 0.01620461056008935, 0.014855896262452007, 0.015165172377601266, 0.014458715775981545],