{"dataset": "ShapesAll", "depth": 9, "nb_filters": 16, "batch_size": 128, "kernel_size": 32, "use_residual": "True", "use_bottleneck": "True", "acc": 0.9216666666666666, "precision": 0.924390948391825, "recall": 0.9243369212286512, "budget_ran": 1500, "train_curve": [4.110444641113281, 3.7962832927703856, 3.6064385414123534, 3.4349172592163084, 3.2655382633209227, 3.103062963485718, 2.9623634815216064, 2.822840118408203, 2.6833807945251467, 2.558913230895996, 2.438936376571655, 2.329125690460205, 2.2125006675720216, 2.1050498485565186, 2.0052289247512816, 1.9128843307495118, 1.8136144876480103, 1.7175087213516236, 1.6268936395645142, 1.546758484840393, 1.471933650970459, 1.3838854789733888, 1.321495819091797, 1.2573246717453004, 1.196863627433777, 1.1295989513397218, 1.0609989643096924, 1.0057817578315735, 0.9681099772453308, 0.9076676607131958, 0.8625182747840882, 0.8216234683990479, 0.7779861688613892, 0.7370285749435425, 0.7007475972175599, 0.6629073858261109, 0.6323418498039246, 0.597429895401001, 0.5702842235565185, 0.5378196477890015, 0.517914068698883, 0.5015687108039856, 0.46985570788383485, 0.4468536376953125, 0.41827996373176574, 0.4000896155834198, 0.3719983398914337, 0.35790963768959044, 0.35122552514076233, 0.3401497781276703, 0.3202661335468292, 0.30861628651618955, 0.2886192202568054, 0.27619951367378237, 0.2608184844255447, 0.2565210431814194, 0.2491232693195343, 0.2319331407546997, 0.2243189334869385, 0.205121710896492, 0.20503620505332948, 0.19577172994613648, 0.18373589515686034, 0.17691248655319214, 0.17010920345783234, 0.17757253646850585, 0.1654069811105728, 0.15115086138248443, 0.14895688891410827, 0.14388135969638824, 0.1395818203687668, 0.1342954605817795, 0.1278912454843521, 0.128662671148777, 0.13162927627563475, 0.12094696611166, 0.11418447643518448, 0.11338045597076415, 0.11029496192932128, 0.10171849727630615, 0.09658227264881133, 0.0878060907125473, 0.08311045318841934, 0.08293445110321045, 0.08588509261608124, 0.08506130874156952, 0.08402916342020035, 0.08384534269571305, 0.07466819882392883, 0.07586065828800201, 0.07093701660633087, 0.07361583188176155, 0.07111661285161971, 0.07344564646482468, 0.06948135867714882, 0.06427197456359864, 0.06437712162733078, 0.06105700433254242, 0.054226621985435486, 0.053367404639720915, 0.05413502380251885, 0.04870041310787201, 0.047116507589817044, 0.04564348831772804, 0.04316285252571106, 0.04201361238956451, 0.04144395664334297, 0.03952896744012833, 0.03891819715499878, 0.03741381540894508, 0.041245249658823015, 0.046472057700157166, 0.04868305549025535, 0.04550218246877193, 0.04281063191592693, 0.04016789011657238, 0.03847226910293102, 0.0384009025990963, 0.044967081397771835, 0.04021437764167786, 0.03612052723765373, 0.03896479420363903, 0.038908247277140616, 0.03748236484825611, 0.03622559942305088, 0.036052332073450086, 0.041652077063918116, 0.03661386072635651, 0.03479765616357326, 0.0314600046724081, 0.030176084116101266, 0.02969074174761772, 0.028004916757345198, 0.026235007867217063, 0.02495865970849991, 0.024361367896199228, 0.02258177809417248, 0.021526416763663292, 0.021483886614441873, 0.019917985051870347, 0.019901229441165923, 0.01886938326060772, 0.01816319804638624, 0.018995154276490213, 0.018257471546530724, 0.018872211501002312, 0.019037443213164806, 0.017807232029736043, 0.018445230461657046, 0.017830211482942105, 0.01755243930965662, 0.017552782036364078, 0.017750253342092036, 0.016970473900437356, 0.0171739537268877, 0.016746357269585132, 0.017138826847076415, 0.016532911732792855, 0.01644952278584242, 0.0152784937992692, 0.016226408444344996, 0.017254554852843284, 0.015943651646375658, 0.01648418288677931, 0.01598081160336733, 0.015666824020445346, 0.015149043686687947, 0.01564559880644083, 0.01531309001147747, 0.015107747539877892, 0.01523562055081129, 0.015625452063977717, 0.014577911794185638, 0.014778353460133075, 0.014362730644643306, 0.014624731987714768, 0.015155130065977573, 0.014669832773506641, 0.014512875117361546, 0.014598656352609396, 0.014426185004413127, 0.014728033170104026, 0.01527264192700386, 0.014666162431240082, 0.014380525052547454, 0.014288850128650665, 0.014176035206764937, 0.01388743296265602, 0.013842010498046875, 0.013422122783958912, 0.013449575472623109, 0.013972317893058061, 0.013991374149918556, 0.02300930693745613, 0.04925338234752417, 0.06565726548433304, 0.06474445406347513, 0.05101930871605873, 0.040042277052998544, 0.029941277764737605, 0.02628914900124073, 0.021973174065351486, 0.021101037226617336, 0.020178186893463134, 0.018723054975271224, 0.017551066167652608, 0.016944563016295433, 0.016597925685346127, 0.016260048374533653, 0.017537298798561095, 0.015693609975278376, 0.01659823562949896, 0.015601292625069619, 0.015755618177354335, 0.016124128922820093, 0.01519546415656805, 0.015331211127340793, 0.015242504514753818, 0.015298742800951004, 0.01601158604025841, 0.016174212284386157, 0.014939089119434357, 0.014945311658084392, 0.014477376081049442, 0.015605306997895241, 0.01472513135522604, 0.014519012533128262, 0.014926459640264511, 0.014350741356611251],