{"dataset": "RefrigerationDevices", "depth": 9, "nb_filters": 16, "batch_size": 128, "kernel_size": 32, "use_residual": "True", "use_bottleneck": "True", "acc": 0.5879999999999999, "precision": 0.6498930849618829, "recall": 0.599329221136533, "budget_ran": 1500, "train_curve": [1.1093836784362794, 0.8443855047225952, 0.7621302962303161, 0.700119948387146, 0.6537703394889831, 0.6249208688735962, 0.5938730359077453, 0.5691672563552856, 0.535828047990799, 0.5132505655288696, 0.49591368436813354, 0.471371728181839, 0.44898768663406374, 0.4311913549900055, 0.41185914874076845, 0.4079170644283295, 0.38652949333190917, 0.3701123476028442, 0.3745364844799042, 0.3691639304161072, 0.3542994439601898, 0.3647178947925568, 0.3415477991104126, 0.34054917097091675, 0.31972241401672363, 0.3013729929924011, 0.27988749742507935, 0.2550495445728302, 0.2651283353567123, 0.24182315170764923, 0.2454712599515915, 0.22552788257598877, 0.2243442267179489, 0.2157958447933197, 0.20793958902359008, 0.21999052166938782, 0.21212003529071807, 0.1973639816045761, 0.19197210669517517, 0.18440696299076081, 0.179199655354023, 0.17988352328538895, 0.15581426918506622, 0.1552538514137268, 0.15965058654546738, 0.15377463325858115, 0.13718900829553604, 0.129734306037426, 0.1359498083591461, 0.12506816983222963, 0.13102348893880844, 0.12612393945455552, 0.12754664123058318, 0.12850369811058043, 0.10658206641674042, 0.11075062155723572, 0.11192801892757416, 0.11844827681779861, 0.10313579514622688, 0.1027434878051281, 0.09255861341953278, 0.08845817819237708, 0.09552687034010887, 0.08260989487171173, 0.07469399683177472, 0.06085466593503952, 0.060170065611600876, 0.055121395736932755, 0.04458187185227871, 0.04278859496116638, 0.0448690727353096, 0.04308836795389652, 0.04117345064878464, 0.0425844244658947, 0.053125474229454996, 0.055843489989638326, 0.04724958911538124, 0.0502918291836977, 0.04042344652116299, 0.04172061868011952, 0.030495664477348326, 0.02874116413295269, 0.026076441258192064, 0.023543301038444042, 0.020882446318864822, 0.02365987319499254, 0.03142668679356575, 0.02236970905214548, 0.02075240798294544, 0.01836695373058319, 0.0198197765275836, 0.020851063169538976, 0.02644947748631239, 0.026860303431749343, 0.02184043303132057, 0.022162508033216, 0.020536095090210437, 0.022798886336386204, 0.024565527215600014, 0.025236492976546288, 0.025979882292449474, 0.03484421260654926, 0.020783383585512637, 0.017596054822206497, 0.015274443104863167, 0.015768546238541604], "val_curve": [1.680509614944458, 3.4099904537200927, 4.13829345703125, 3.760279965400696, 2.8067768096923826, 2.085748529434204, 1.4095485925674438, 1.086001706123352, 0.9962816596031189, 0.9985188126564026, 1.0473975539207458, 1.072498047351837, 1.130761730670929, 1.2104466319084168, 1.3002393960952758, 1.338392186164856, 1.4477938652038573, 1.5489180564880372, 1.650735902786255, 1.7479612350463867, 1.7250155448913573, 1.7576020002365111, 1.876064157485962, 1.876960849761963, 2.0558643102645875, 2.0880512237548827, 2.1855597257614137, 2.5330419301986695, 2.5445629358291626, 2.5011732816696166, 2.6164559602737425, 2.663993239402771, 2.7570626974105834, 2.763178753852844, 2.733734059333801, 2.6777467250823976, 2.414524245262146, 2.3013065814971925, 2.1945837259292604, 2.335161066055298, 2.3635623693466186, 2.359888029098511, 2.489175796508789, 2.5720974922180178, 2.4539684772491457, 2.6058170557022096, 2.633522129058838, 2.7744370460510255, 2.9177479982376098, 2.93615038394928, 3.0785913944244383, 3.2226847410202026, 3.4296725034713744, 3.201634979248047, 3.4897117137908937, 3.634511661529541, 4.23989737033844, 3.8761219501495363, 3.8250546932220457, 3.8428735733032227, 3.836847114562988, 4.098052239418029, 4.922168493270874, 5.101482486724853, 4.316945505142212, 4.137179923057556, 3.7661940097808837, 3.9989613771438597, 3.990047287940979, 3.622261643409729, 3.3428594350814818, 3.3118701219558715, 3.6522634506225584, 3.463144874572754, 3.75665864944458, 3.46217622756958, 3.521234655380249, 3.5019497871398926, 3.478221797943115, 3.451976251602173, 3.441436767578125, 3.3766193866729735, 3.2512802124023437, 3.1029537677764893, 3.0069474458694456, 2.999961423873901, 2.8516603469848634, 2.7618038654327393, 2.6846556425094605, 2.6490957021713255, 2.543271017074585, 2.6399051189422607, 2.8800942659378053, 3.2290205001831054, 3.1849644422531127, 3.111572265625, 2.985242557525635, 2.8044225692749025, 2.5070919513702394, 2.388003396987915, 2.307588887214661, 2.169541800022125, 2.1569494009017944, 2.1297112464904786, 2.073407804965973, 2.0436359882354735]}
{"dataset": "RefrigerationDevices", "depth": 9, "nb_filters": 16, "batch_size": 128, "kernel_size": 32, "use_residual": "True", "use_bottleneck": "True", "acc": 0.596, "precision": 0.6441393137514718, "recall": 0.5937618579929068, "budget_ran": 1500, "train_curve": [1.1623117446899414, 0.8503653764724731, 0.7589505910873413, 0.7113272190093994, 0.6575060367584229, 0.6239219665527344, 0.5968895792961121, 0.581698989868164, 0.5541716694831849, 0.5314704477787018, 0.506182199716568, 0.47917981147766114, 0.4438763976097107, 0.4336054503917694, 0.4116708040237427, 0.4154182493686676, 0.40172553062438965, 0.3853848934173584, 0.37408310174942017, 0.36091384291648865, 0.3509328842163086, 0.3201269328594208, 0.32563785314559934, 0.30572113394737244, 0.2791432082653046, 0.2740917712450027, 0.2569810539484024, 0.26568297743797303, 0.240580815076828, 0.2491858959197998, 0.23811049163341522, 0.23048229217529298, 0.2157466322183609, 0.22093763053417206, 0.19913153648376464, 0.19534050822257995, 0.16691477298736573, 0.17057938724756241, 0.1544687867164612, 0.14976236671209336, 0.14165611416101456, 0.13192204684019088, 0.14070287793874742, 0.14255492389202118, 0.13342759609222413, 0.12289974689483643, 0.11520140767097473, 0.12551029846072198, 0.13121119290590286, 0.13067672699689864, 0.11344754546880723, 0.10153352841734886, 0.10177857801318169, 0.10873252004384995, 0.09760755524039269, 0.0938524842262268, 0.08130948841571808, 0.07267773747444153, 0.0636190041899681, 0.05707312636077404, 0.06101057305932045, 0.05515529103577137, 0.05500632636249066, 0.051796508207917216, 0.05285429023206234, 0.048088795691728595, 0.04988236874341965, 0.061763995885849, 0.06018589213490486, 0.05709700733423233, 0.05614054054021835, 0.05342007577419281, 0.05968677848577499, 0.05815428867936134, 0.06912945695221424, 0.04374098442494869, 0.05730525925755501, 0.045638196542859076, 0.03897702619433403, 0.03657956197857857, 0.05066306814551354, 0.040995647013187406, 0.0317548044025898, 0.033012865111231804, 0.030096154287457468, 0.028034168854355813, 0.021638259291648865, 0.02230712939053774, 0.026272862404584884, 0.0227889446541667, 0.026366423815488815, 0.022150534205138683, 0.020485493913292886, 0.022495782934129238, 0.025822849944233894, 0.02155151329934597, 0.026031366921961306, 0.02221484500914812, 0.01639587413519621, 0.01642623096704483, 0.013380070775747299, 0.012136170081794262, 0.011901191063225269, 0.011750353965908289, 0.011348358727991581, 0.010369273088872432, 0.011180536076426505, 0.010700111277401447, 0.010043198801577091],