{"dataset": "WormsTwoClass", "depth": 9, "nb_filters": 16, "batch_size": 128, "kernel_size": 32, "use_residual": "True", "use_bottleneck": "True", "acc": 0.6749622926093514, "precision": 0.7062548670688205, "recall": 0.6620851161720728, "budget_ran": 1500, "train_curve": [0.9297362327575683, 0.6368420481681824, 0.537946617603302, 0.48520547747612, 0.45406949520111084, 0.4554963707923889, 0.43700855374336245, 0.4356247901916504, 0.4041436851024628, 0.39485586881637574, 0.392419570684433, 0.37708619236946106, 0.370752739906311, 0.3614978909492493, 0.351633220911026, 0.353503143787384, 0.3317128002643585, 0.32333955764770506, 0.2972058057785034, 0.29185070395469664, 0.3024915218353271, 0.2903927892446518, 0.28501851856708527, 0.26164602637290957, 0.27525834441185, 0.25257653892040255, 0.25344322323799134, 0.23957910239696503, 0.23333981037139892, 0.24022574126720428, 0.23869664072990418, 0.21107923686504365, 0.22661346197128296, 0.2018543004989624, 0.21154529750347137, 0.2025652378797531, 0.1928878754377365, 0.18908728957176207, 0.17600765973329544, 0.189652618765831, 0.19192372858524323, 0.15945571810007095, 0.1722293883562088, 0.1517670273780823, 0.1502405434846878, 0.15078941881656646, 0.15910164415836334, 0.14175605475902558, 0.13606383204460143, 0.1368604689836502, 0.1332229569554329, 0.12913486659526824, 0.10398802310228347, 0.126302769780159, 0.11722911298274993, 0.128816094994545, 0.10203892886638641, 0.12111335843801499, 0.10369362235069275, 0.10235628038644791, 0.09720311760902405, 0.0915510468184948, 0.10971083343029023, 0.08518981635570526, 0.08419667929410934, 0.07562891542911529, 0.0803751565515995, 0.069752137362957, 0.06507214307785034, 0.06296810731291771, 0.0599088042974472, 0.060261836647987364, 0.054659326747059825, 0.054614534974098204, 0.05670743882656097, 0.04802215248346329, 0.06308164447546005, 0.05239250287413597, 0.05143016427755356, 0.04495822265744209, 0.0500781811773777, 0.05123252272605896, 0.05041078105568886, 0.048057930916547774, 0.041058465093374255, 0.043473462015390395, 0.04430587850511074, 0.038995466008782384, 0.03571133613586426, 0.038610363751649855, 0.043588871508836745, 0.03644408918917179, 0.03439355418086052, 0.0343701608479023, 0.03246774151921272, 0.029150913655757903, 0.03172200247645378, 0.029717196151614188, 0.028957799449563025, 0.028634192422032356, 0.02720744162797928, 0.026647152751684187, 0.02540956772863865, 0.02482642251998186, 0.024128503911197186, 0.033712813444435594, 0.02803814671933651, 0.03205593675374985, 0.031038909591734408, 0.031009469740092756], "val_curve": [0.8441926836967468, 0.876027250289917, 0.9178577184677124, 0.9129611492156983, 0.8625826954841613, 0.8236325740814209, 0.8226990699768066, 0.8554791569709778, 0.9515645623207092, 0.9875106692314148, 1.0436100244522095, 0.9818982362747193, 0.8458499193191529, 0.856191349029541, 0.9435931205749511, 1.0310070753097533, 1.1140143752098084, 1.0798998117446899, 0.920357096195221, 0.8783115267753601, 0.9290148258209229, 0.9736722588539124, 0.9567970752716064, 1.2383294820785522, 1.4850347638130188, 1.2180391669273376, 1.0410656929016113, 1.05268452167511, 1.2045137882232666, 1.3884360790252686, 1.3643047571182252, 1.2818409204483032, 1.2142782926559448, 1.144545841217041, 1.1182153344154357, 1.2749163150787353, 1.5712056279182434, 1.9375678062438966, 2.4005589365959166, 2.756244921684265, 3.023374927043915, 3.291858410835266, 3.3053494930267333, 3.149365854263306, 2.8724294781684874, 2.882305157184601, 3.0018213391304016, 2.9827167868614195, 2.9064727067947387, 2.753664660453796, 2.9060085296630858, 2.8433598041534425, 2.6902288675308226, 2.7381207227706907, 2.71634064912796, 2.3972975492477415, 2.176766347885132, 2.0130577087402344, 1.9464136600494384, 1.9102994203567505, 1.9626946091651916, 2.25730619430542, 2.4274492144584654, 2.3965253114700316, 2.452657401561737, 2.6150510549545287, 2.6518856287002563, 2.640068697929382, 2.6488777875900267, 2.757034695148468, 2.8859962224960327, 2.912284457683563, 2.989059662818909, 3.057930040359497, 2.867275357246399, 2.6342013359069822, 2.4321523904800415, 2.3005397796630858, 2.2278193712234495, 2.2936001896858214, 2.284089970588684, 2.258155941963196, 2.3449925899505617, 2.4297747373580934, 2.4743382215499876, 2.5003162145614626, 2.502882742881775, 2.473061203956604, 2.452658224105835, 2.393305706977844, 2.326248025894165, 2.283089303970337, 2.2438127756118775, 2.2175727605819704, 2.223121201992035, 2.230901324748993, 2.2333608865737915, 2.2200025081634522, 2.2112719416618347, 2.1663639426231383, 2.253760886192322, 2.2623794078826904, 2.230714726448059, 2.2227372884750367, 2.203031134605408, 2.145815372467041, 2.173285961151123, 2.2225271701812743, 2.161592149734497, 2.1481685638427734]}
{"dataset": "WormsTwoClass", "depth": 9, "nb_filters": 16, "batch_size": 128, "kernel_size": 32, "use_residual": "True", "use_bottleneck": "True", "acc": 0.6315233785822021, "precision": 0.5721767452004687, "recall": 0.6230307573485984, "budget_ran": 1500, "train_curve": [0.9247471332550049, 0.6182624578475953, 0.5491440296173096, 0.4910396099090576, 0.49525288343429563, 0.4546977639198303, 0.4422681391239166, 0.4314868748188019, 0.41802717447280885, 0.4126374423503876, 0.3980490505695343, 0.3880464017391205, 0.3824381649494171, 0.36821975708007815, 0.3530320644378662, 0.34044123291969297, 0.3396770298480988, 0.3251144528388977, 0.3435418367385864, 0.3147684156894684, 0.3195792853832245, 0.3143001139163971, 0.2887394428253174, 0.2815776586532593, 0.27540127336978915, 0.256862735748291, 0.25283291935920715, 0.24585453867912294, 0.23274987936019897, 0.24702687859535216, 0.23021880090236663, 0.229689359664917, 0.22015681564807893, 0.2135842561721802, 0.21147115528583527, 0.19810747504234313, 0.1882479965686798, 0.18759651780128478, 0.16826072782278062, 0.19954832792282104, 0.1874796122312546, 0.17697909474372864, 0.15762455761432648, 0.15703446120023729, 0.16937282979488372, 0.158754301071167, 0.1556405782699585, 0.13327279537916184, 0.12417572289705277, 0.1406807541847229, 0.12926377952098847, 0.12570822089910508, 0.11695354580879211, 0.10900611877441406, 0.09998952746391296, 0.10461368560791015, 0.10035176128149033, 0.09087396264076233, 0.08491700291633605, 0.09338286221027374, 0.09730255454778672, 0.09764209389686584, 0.07899736166000366, 0.08502053767442704, 0.08747564852237702, 0.0978672169148922, 0.08956535533070564, 0.10855633169412612, 0.09382067620754242, 0.10206073373556138, 0.09295105338096618, 0.08621513769030571, 0.0776626780629158, 0.0696666605770588, 0.07956255748867988, 0.0625469483435154, 0.06154197379946709, 0.05610679090023041, 0.054068006575107574, 0.06305555328726768, 0.04813591241836548, 0.045097988843917844, 0.05538838878273964, 0.04103654325008392, 0.051291058957576754, 0.055233828723430634, 0.044651276990771295, 0.05175585597753525, 0.05606079064309597, 0.05101807676255703, 0.05707812905311584, 0.058622748404741284, 0.06032329797744751, 0.049359389767050746, 0.05598888285458088, 0.04979449175298214, 0.05438941717147827, 0.03709135167300701, 0.040627685561776164, 0.03065180629491806, 0.03160996288061142],