{"dataset": "Lighting7", "depth": 9, "nb_filters": 16, "batch_size": 128, "kernel_size": 32, "use_residual": "True", "use_bottleneck": "True", "acc": 0.33029556650246306, "precision": 0.2720393884690308, "recall": 0.35253968253968254, "budget_ran": 1500, "train_curve": [2.0738296031951906, 1.6626234292984008, 1.4468946218490601, 1.290421962738037, 1.1698482990264893, 1.0735866189002992, 0.9923232078552247, 0.918684470653534, 0.8508085489273072, 0.7887891173362732, 0.7318604350090027, 0.6775296807289124, 0.6251850008964539, 0.575490164756775, 0.5288379609584808, 0.4844910800457001, 0.44108394980430604, 0.40076876282691953, 0.36422595381736755, 0.33257474303245543, 0.30575019121170044, 0.273258376121521, 0.24588943421840667, 0.22264123558998108, 0.19963628947734832, 0.17865435779094696, 0.15972174555063248, 0.14305370450019836, 0.1275944635272026, 0.11486860811710357, 0.1029461830854416, 0.09304073750972748, 0.08272412866353988, 0.07454821169376373, 0.06715358644723893, 0.06070213988423347, 0.05504152178764343, 0.04994421601295471, 0.04530362337827683, 0.04154027849435806, 0.03796486668288708, 0.03488774970173836, 0.032196753472089765, 0.029642293974757195, 0.02744390405714512, 0.02546352557837963, 0.023794212937355043, 0.022010946273803712, 0.020734724774956702, 0.01934172585606575, 0.018134316243231297, 0.01713212225586176, 0.01610227059572935, 0.01528732180595398, 0.01443895623087883, 0.013696169666945934, 0.013068505749106406, 0.012426276877522468, 0.011870636977255345, 0.011363174580037595, 0.010878290981054306, 0.010442698933184147, 0.010018284618854522, 0.009652861021459102, 0.00930507928133011, 0.00896152351051569, 0.008654830139130354, 0.00837311875075102, 0.008101898338645696, 0.007855337765067815, 0.007613885588943959, 0.007387980446219444, 0.007184348069131374, 0.00698494091629982, 0.006793544348329306, 0.006617406755685807, 0.006447053607553243, 0.006286801770329475, 0.006136104557663202, 0.005987760238349437, 0.0058497474528849125, 0.005721295531839132, 0.005593344289809466, 0.005471944715827704, 0.00535806380212307, 0.005247236881405115, 0.005142233055084944, 0.005040929187089205, 0.004941723775118589, 0.00484804455190897, 0.004758146777749062, 0.004670366924256086, 0.004586361721158028, 0.004505047854036093, 0.004426193423569202, 0.0043504043947905306, 0.00427721063606441, 0.004205667180940509, 0.004136725794523954, 0.004069991642609239, 0.004005025373771787], "val_curve": [2.0055254220962526, 2.0319136142730714, 2.068983769416809, 2.10586040019989, 2.148732852935791, 2.2085309505462645, 2.2558056831359865, 2.2756826877593994, 2.2821489572525024, 2.273793888092041, 2.2887293100357056, 2.3396455526351927, 2.4311264991760253, 2.549974465370178, 2.6484947681427, 2.7714276552200316, 2.8409411191940306, 2.8600173473358153, 2.9237191438674928, 2.8912113666534425, 3.024122977256775, 2.999838662147522, 3.043077564239502, 3.1875400066375734, 3.1980214357376098, 3.119601917266846, 3.112723779678345, 3.1715447664260865, 3.1935992002487184, 3.135507416725159, 3.1821527242660523, 3.065377044677734, 3.090633249282837, 3.086209750175476, 2.9397796392440796, 2.899346661567688, 2.906722402572632, 2.8909312009811403, 2.9045045614242553, 2.8911606311798095, 2.8783813238143923, 2.9080918788909913, 2.8933756589889525, 2.8280403852462768, 2.786352849006653, 2.7674560546875, 2.728334903717041, 2.699280333518982, 2.719265866279602, 2.7632272720336912, 2.759843134880066, 2.692706990242004, 2.619931626319885, 2.585607481002808, 2.576392483711243, 2.5579734563827516, 2.5249157428741453, 2.4946500062942505, 2.4701794624328612, 2.448983144760132, 2.433514142036438, 2.420463466644287, 2.404768180847168, 2.386638808250427, 2.3724766969680786, 2.3609325170516966, 2.3439904928207396, 2.322751212120056, 2.3051801681518556, 2.2919646739959716, 2.2765470504760743, 2.258466362953186, 2.244289588928223, 2.2376214027404786, 2.234896516799927, 2.231087398529053, 2.223549485206604, 2.2098048448562624, 2.1886916160583496, 2.165268969535828, 2.1468653678894043, 2.1355018854141234, 2.127087688446045, 2.118225264549255, 2.108129954338074, 2.095841097831726, 2.080340361595154, 2.0637784957885743, 2.0497668266296385, 2.0385446548461914, 2.0278650760650634, 2.018436646461487, 2.012086367607117, 2.0069813251495363, 1.9996762990951538, 1.9899810314178468, 1.9804229021072388, 1.9723733425140382, 1.9652251482009888, 1.9585203886032105, 1.9523882389068603]}
{"dataset": "Lighting7", "depth": 9, "nb_filters": 16, "batch_size": 128, "kernel_size": 32, "use_residual": "True", "use_bottleneck": "True", "acc": 0.38448275862068965, "precision": 0.3828592042877757, "recall": 0.46204081632653066, "budget_ran": 1500, "train_curve": [2.176220941543579, 1.7445770740509032, 1.4974061489105224, 1.326057529449463, 1.1988589763641357, 1.096541976928711, 1.0070345759391786, 0.9275555610656738, 0.8572519183158874, 0.7939726948738098, 0.7352611184120178, 0.6817389369010926, 0.632052743434906, 0.5862968325614929, 0.5418076038360595, 0.4987697720527649, 0.4585854530334473, 0.4206921696662903, 0.3847703099250793, 0.35122560858726504, 0.3214895188808441, 0.3028009533882141, 0.270852792263031, 0.24032922983169555, 0.2210575520992279, 0.19441809356212617, 0.17659545242786406, 0.15585156977176667, 0.13973758071660997, 0.12575717270374298, 0.11116784662008286, 0.09841572493314743, 0.08853993564844131, 0.07861717790365219, 0.07108701020479202, 0.06254834607243538, 0.057375026494264604, 0.05163340047001839, 0.046543346345424653, 0.04238068163394928, 0.038665734231472015, 0.03540627881884575, 0.03215522915124893, 0.02982895225286484, 0.027499084547162055, 0.025266696140170096, 0.02351224943995476, 0.021874716505408287, 0.02036546804010868, 0.01907132938504219, 0.01788228638470173, 0.016805927827954294, 0.015791131369769573, 0.014914283156394958, 0.014111505821347237, 0.013360289111733436, 0.01271671149879694, 0.012068082205951213, 0.011472606845200062, 0.010990389809012412, 0.010515446960926055, 0.010052015446126461, 0.00964814480394125, 0.009277265705168247, 0.008915562648326159, 0.008592594228684903, 0.008284717425704002, 0.008003847487270833, 0.007744496501982212, 0.00749762924388051, 0.00726137338206172, 0.0070408030413091184, 0.006834036111831665, 0.006645326502621174, 0.00646228576079011, 0.006285315286368132, 0.006121456995606423, 0.0059702214784920216, 0.005823164619505406, 0.00568253044039011, 0.005550627317279577, 0.0054230296052992346, 0.005301769450306892, 0.005187180265784264, 0.005076480284333229, 0.004971648938953877, 0.004870049376040697, 0.004771772678941489, 0.004679517075419426, 0.004589438298717141, 0.004502490675076842, 0.004419354116544127, 0.004339682031422853, 0.004262917069718241, 0.0041879550088196995, 0.004114976618438959, 0.004045509872958064, 0.0039783531799912454, 0.003912696056067944, 0.003848981624469161, 0.0037875511683523656],