{"dataset": "MALLAT", "depth": 9, "nb_filters": 16, "batch_size": 128, "kernel_size": 32, "use_residual": "True", "use_bottleneck": "True", "acc": 0.99875, "precision": 0.9987903225806452, "recall": 0.9988455988455989, "budget_ran": 1500, "train_curve": [1.6526532173156738, 0.8793359994888306, 0.529011332988739, 0.3432780385017395, 0.2425565928220749, 0.19088693261146544, 0.1528688669204712, 0.13053155243396758, 0.11058706343173981, 0.09590094089508057, 0.09021584838628768, 0.08426431268453598, 0.07336602434515953, 0.0661405436694622, 0.05993417054414749, 0.05624200254678726, 0.05247393101453781, 0.058829077333211896, 0.05176919922232628, 0.047011715546250346, 0.04390268959105015, 0.04086759276688099, 0.03693676851689816, 0.031650172919034956, 0.02786934170871973, 0.030843489430844785, 0.026889901608228683, 0.023067590780556202, 0.021033678203821182, 0.02114850115031004, 0.018585897423326968, 0.020528688095510006, 0.01812289822846651, 0.015974667482078077, 0.014576626010239124, 0.012539243139326573, 0.011756269354373216, 0.01129790572449565, 0.010943511314690114, 0.010885175317525864, 0.010343180689960717, 0.011561802867799998, 0.010230145137757062, 0.0075639824382960795, 0.006110198749229312, 0.005988333001732826, 0.012135332357138396, 0.008830954600125552, 0.006982658989727497, 0.0052674355451017615, 0.004857843462377787, 0.0045774717349559065, 0.009551360132172703, 0.008953377697616815, 0.006997525226324797, 0.005809616949409247, 0.013400069437921047, 0.014973943633958698, 0.01768289185129106, 0.01419283109717071, 0.009588455967605113, 0.007820437313057482, 0.0058881513541564345, 0.005674255592748523, 0.004977077664807439, 0.004987053805962205, 0.005132952565327286, 0.004840198718011379, 0.0043551374692469835, 0.0039541297126561405, 0.0034541316330432893, 0.003167536575347185, 0.0028796989005059003, 0.002866823738440871, 0.002727541048079729, 0.0028116725385189056, 0.0025918229250237344, 0.0026007811073213817, 0.00258809186052531, 0.0029007084667682648, 0.002630556491203606, 0.0028786858543753623, 0.002705574594438076, 0.002817986602894962, 0.0023252686019986867, 0.002276976965367794, 0.0023078884463757277, 0.0021103709004819393, 0.0020946212112903594, 0.0021579335210844875, 0.002147442288696766, 0.0020482500549405813, 0.0019366188440471887, 0.0020114004146307707, 0.0018465389497578145, 0.0019079559715464711, 0.001918549439869821, 0.0019597762962803244, 0.0020208926871418953, 0.00196497761644423, 0.0018601651303470136, 0.0018696859246119858, 0.001738240197300911, 0.0017426665173843503, 0.0017119827913120388, 0.0016957213869318367, 0.0017112797359004617, 0.001745136280078441, 0.0016989784315228462, 0.001722535793669522, 0.0015914069022983312, 0.001647233439143747, 0.0016322680632583797, 0.0016075645573437214, 0.0015393820009194314, 0.0015665507060475647, 0.0015262614586390554, 0.0014921207330189645, 0.0015412460663355887, 0.0015521691413596273, 0.0015670698834583164, 0.0015349074499681592, 0.0014110798132605852, 0.001502420229371637, 0.0015040509053505958, 0.0014807055471464992, 0.0015408677398227155, 0.0017779831658117473, 0.0017613323638215662, 0.0016200496582314372, 0.0015932702925056219, 0.00144256753847003, 0.0015124766854569317, 0.0014427835354581474, 0.0013806565664708614, 0.0013855278375558555, 0.0014099874300882221, 0.001362159731797874, 0.0013536002254113555, 0.0013582322862930596, 0.001330422447063029, 0.0013014856027439236, 0.0013317559962160886, 0.001251891755964607, 0.0013597785611636937, 0.0013706461992114781, 0.001307557336986065, 0.0013083967147395014, 0.0013128953403793275, 0.00117996382759884], "val_curve": [4.383262300491333, 3.6816187381744383, 2.365267443656921, 2.379272961616516, 2.9301875114440916, 3.3074598789215086, 3.9614959239959715, 4.079763031005859, 4.390070962905884, 5.135999298095703, 5.301956272125244, 4.414277601242065, 4.7010777473449705, 4.608647251129151, 4.575823783874512, 4.979498767852784, 4.999146842956543, 5.123997020721435, 5.4197595596313475, 5.709069395065308, 4.575702762603759, 4.484634637832642, 4.873618698120117, 5.1751720905303955, 4.517529630661011, 5.216177272796631, 4.534855794906616, 5.334612941741943, 4.876815748214722, 3.903782343864441, 3.6038755416870116, 3.198436450958252, 2.280844259262085, 2.732426309585571, 2.3695509910583494, 2.1825271606445313, 1.7758497238159179, 2.0042068481445314, 1.3389444470405578, 1.057915246486664, 0.8989032149314881, 0.9112481415271759, 0.7497280955314636, 0.4556856989860535, 0.37505131363868716, 0.28604612201452256, 0.5015077352523803, 0.49496510028839114, 0.15967053920030594, 0.139384663105011, 0.08537311479449272, 0.07954750061035157, 0.2392552573233843, 0.380106420814991, 0.33099869154393674, 0.3239102948457003, 0.8182298976927995, 0.7996523700654506, 4.07746223770082, 2.723031438142061, 2.723658972978592, 1.1816352292895318, 0.43083085473626853, 0.27647157236933706, 0.18334028571844102, 0.10733880065381526, 0.2979449644684792, 0.18603785391896963, 0.7831618538126349, 0.20415687169879676, 0.023295064084231855, 0.020159242302179338, 0.0211804136633873, 0.01626937948167324, 0.021365782897919416, 0.014374653156846762, 0.011964333895593881, 0.011030720733106136, 0.009677897579967976, 0.011093655973672867, 0.012104016169905663, 0.00896759433671832, 0.01098996251821518, 0.010923534724861383, 0.008865575306117535, 0.00956068728119135, 0.00826913733035326, 0.008459968492388725, 0.009272107016295194, 0.00864635081961751, 0.008293782453984022, 0.008190395636484027, 0.00827347901649773, 0.008087560813874007, 0.008688881713896989, 0.00861693532206118, 0.00806989730335772, 0.009710861463099718, 0.009836517833173275, 0.008427065098658204, 0.009043489256873727, 0.010043904418125749, 0.008531597163528203, 0.0076857056003063915, 0.0076169140171259645, 0.007015482941642404, 0.007025847258046269, 0.007705932203680277, 0.009391992865130306, 0.0073915562126785515, 0.0071004557888954874, 0.0069657447282224895, 0.006618380267173052, 0.006924455193802715, 0.006997736776247621, 0.00751439961604774, 0.006827911315485835, 0.0065991705749183895, 0.006637565419077873, 0.007722889631986618, 0.0068506143055856224, 0.007481207465752959, 0.0062595882918685675, 0.006390841072425246, 0.006423289515078067, 0.006649529235437513, 0.00649134973064065, 0.007876201719045638, 0.007649229234084487, 0.006587399076670409, 0.006107183452695608, 0.006368229864165187, 0.006412378000095487, 0.008083930471912026, 0.006087074568495154, 0.006181017262861133, 0.005511743668466807, 0.005336998961865902, 0.005806435598060489, 0.006234430382028222, 0.006457703420892358, 0.006468791561201215, 0.006327196257188916, 0.006257773982360959, 0.006298191240057349, 0.0065027907025068995, 0.006179748848080635, 0.005819028988480568, 0.005467139557003975, 0.00557162556797266]}
{"dataset": "MALLAT", "depth": 9, "nb_filters": 16, "batch_size": 128, "kernel_size": 32, "use_residual": "True", "use_bottleneck": "True", "acc": 1.0, "precision": 1.0, "recall": 1.0, "budget_ran": 1500,