{"dataset": "NonInvasiveFatalECG_Thorax1", "depth": 9, "nb_filters": 16, "batch_size": 128, "kernel_size": 32, "use_residual": "True", "use_bottleneck": "True", "acc": 0.9622841965471448, "precision": 0.9626468063399412, "recall": 0.9610719436218975, "budget_ran": 1500, "train_curve": [3.644660139083862, 3.2140743255615236, 2.8072864055633544, 2.467405986785889, 2.1723010540008545, 1.9179760456085204, 1.6821579456329345, 1.4903716325759888, 1.3201009511947632, 1.1681193590164185, 1.0506315588951112, 0.9519879698753357, 0.8645821332931518, 0.7776051998138428, 0.7134296059608459, 0.6589546203613281, 0.6123438596725463, 0.5602893352508544, 0.5176757156848908, 0.4814400315284729, 0.4493657350540161, 0.417121547460556, 0.40160523653030394, 0.39412115812301635, 0.37160682678222656, 0.34890702962875364, 0.33329734206199646, 0.3198825478553772, 0.2978728890419006, 0.2886434495449066, 0.2766220450401306, 0.2614815175533295, 0.2550164729356766, 0.2408876210451126, 0.22676758766174315, 0.21730242371559144, 0.2116096466779709, 0.20485370755195617, 0.20033263564109802, 0.20253172516822815, 0.19820413291454314, 0.18762608170509337, 0.18250495791435242, 0.1687553346157074, 0.1660105347633362, 0.15432252883911132, 0.1543770670890808, 0.14358888566493988, 0.13971605002880097, 0.1321097046136856, 0.13836975544691085, 0.13499982208013533, 0.12312818318605423, 0.13782525956630706, 0.12969456017017364, 0.13178848028182982, 0.1261568620800972, 0.11978571712970734, 0.11428689807653428, 0.10846767574548721, 0.10555346608161927, 0.10171097815036774, 0.09580966532230377, 0.09643082022666931, 0.09864885210990906, 0.08952471017837524, 0.09675109684467316, 0.08778396397829055, 0.08909487128257751, 0.09160727113485337, 0.08318042606115342, 0.08190605789422989, 0.08757748007774353, 0.0707110345363617, 0.06400933265686035, 0.0656760312616825, 0.06869732290506363, 0.06424467414617538, 0.06146899536252022, 0.06589796617627144, 0.06467714719474316, 0.06401555724442005, 0.06552681140601635, 0.05371462292969227, 0.05325925722718239, 0.061004402860999105, 0.05700318180024624, 0.05654740184545517, 0.05625854954123497, 0.05303669273853302, 0.04160788245499134, 0.04385564923286438, 0.04660969264805317, 0.04176073148846626, 0.03687719628214836, 0.035931526124477385, 0.03948865458369255, 0.04084714911878109, 0.03981141448020935, 0.03508620038628578, 0.041961918398737905, 0.03303210809826851, 0.031133121624588967, 0.033614286407828334, 0.029413922503590584, 0.027532946318387985, 0.03136231563985348, 0.03363093174993992, 0.03747218884527683, 0.0344101332128048, 0.03299693688750267, 0.0315365731716156, 0.03427470363676548, 0.028896188735961913, 0.02979988493025303, 0.030728226900100707, 0.023058006167411806, 0.018774358741939067, 0.017172273062169553, 0.014766994304955006, 0.013819181174039841, 0.012973662558943033, 0.013398143369704485, 0.012299069948494435, 0.01129503846168518, 0.011761923506855964, 0.011947772838175297, 0.01238890029489994, 0.011360888462513685, 0.011814895644783973, 0.011363562382757663, 0.01132086869329214, 0.011718158330768346, 0.0114579395391047, 0.011069258488714696, 0.010180719569325447, 0.010661655105650425, 0.010097283124923705, 0.010024085454642773, 0.009762447141110898, 0.010006841365247965, 0.00939036337658763, 0.009813149645924567, 0.009520582016557455, 0.009308633115142583, 0.009517353773117066, 0.009568858426064253, 0.008666750509291887, 0.008581517823040485, 0.008509461395442485, 0.008577939122915268, 0.008832751959562301, 0.00884693581610918, 0.008997902926057576, 0.008679575100541116, 0.008827068842947483, 0.00906512001529336, 0.009883302357047796, 0.011203176621347666, 0.009863474033772945, 0.008644424751400948, 0.008685457706451415, 0.008551779761910438, 0.007870401814579963, 0.008420804142951965, 0.007951941899955272, 0.00766885383054614, 0.007624733354896307, 0.008635643217712641, 0.0076813362538814545, 0.00779532166197896, 0.007534824684262276, 0.007298705354332924, 0.007668984960764647, 0.008844955172389746, 0.007631147466599941, 0.007250171899795532, 0.007286788057535886, 0.00703665679320693], "val_curve": [4.253870916366577, 5.114045667648315, 6.879179000854492, 6.923638820648193, 7.810759353637695, 7.324753761291504, 8.393481731414795, 9.160593509674072, 9.173122596740722, 9.069970798492431, 9.662347793579102, 9.51056661605835, 10.776396560668946, 10.36250352859497, 10.75206470489502, 10.48416805267334, 9.934029674530029, 9.515933418273926, 9.6352068901062, 8.085037803649902, 7.067318153381348, 6.494504737854004, 6.327869033813476, 5.418772029876709, 4.498745441436768, 4.854623889923095, 3.9101470470428468, 3.3556399822235106, 2.3685025215148925, 1.9263080835342408, 1.9431707382202148, 1.2533074855804442, 1.3348931789398193, 1.1135907769203186, 1.1260234236717224, 1.246790623664856, 1.2159817516803741, 0.6358219981193542, 0.6367238640785218, 1.1122246623039245, 0.9648989915847779, 1.0067366242408753, 0.5912892997264863, 0.6340404987335205, 0.7656674921512604, 0.694103991985321, 0.8091105937957763, 0.6324172616004944, 0.6091950416564942, 0.5067143201828003, 0.8573535203933715, 0.7856251358985901, 0.6155750930309296, 0.5169191300868988, 0.7268321990966797, 0.6114329040050507, 0.5622095227241516, 0.5213252693414688, 0.5349428594112396, 0.6954970240592957, 0.5989322423934936, 0.5325887858867645, 0.43561906814575196, 0.9890998601913452, 0.602098286151886, 0.8753299295902253, 0.7442967593669891, 0.5541083097457886, 0.574116325378418, 0.6143741726875305, 0.49068658947944643, 0.6463696360588074, 0.5647780388593674, 0.32086365222930907, 0.37171960175037383, 0.505180487036705, 0.34029768109321595, 0.4617771118879318, 0.4680092543363571, 0.4086626023054123, 0.37590872645378115, 0.5558654963970184, 0.4096642374992371, 0.5202043563127517, 0.726321816444397, 0.4539212316274643, 0.9003087460994721, 0.473152694106102, 0.36511016488075254, 0.4198699563741684, 0.2671680420637131, 0.3794781893491745, 0.34011219143867494, 0.24884217083454133, 0.24294676780700683, 0.3363590598106384, 0.3154681399464607, 0.331497523188591, 0.3539482161402702, 0.28264014422893524, 0.35548806339502337, 0.21722937524318695, 0.3183891028165817, 0.27841202914714813, 0.25297572314739225, 0.32429881691932677, 0.26177060455083845, 0.31123086959123614, 0.381986229121685, 0.4089967578649521, 0.6089704096317291, 0.4112133949995041, 0.36238492727279664, 0.3445170596241951, 0.44164623916149137, 0.33997127413749695, 0.22122826874256135, 0.1908474564552307, 0.1587895616889, 0.14002272188663484, 0.14298330545425414, 0.14914461523294448, 0.14301617741584777, 0.132560533285141, 0.1377129912376404, 0.13450797647237778, 0.13590793162584305, 0.1333329200744629, 0.1318338230252266, 0.1371238574385643, 0.1287560746073723, 0.12863535732030867, 0.144336599111557, 0.13846906125545502, 0.1449245035648346, 0.13998731523752211, 0.13154456466436387, 0.1272834748029709, 0.1280496522784233, 0.1289400115609169, 0.12848881185054778, 0.13069675713777543, 0.12988342046737672, 0.13391124159097673, 0.13322023451328277, 0.12847863435745238, 0.1300179198384285, 0.13235411196947097, 0.12995895445346833, 0.1265050545334816, 0.13389476537704467, 0.13150683045387268, 0.1287006825208664, 0.12767063081264496, 0.1325777679681778, 0.13438457101583481, 0.13051209449768067, 0.13166046738624573, 0.142258420586586, 0.131426040828228, 0.14164023697376252, 0.13022737056016923, 0.14184327721595763, 0.13376874774694442, 0.13826944530010224, 0.13968252390623093, 0.13304657340049744, 0.12983271032571791, 0.12993356138467788, 0.1309810161590576, 0.12631964683532715, 0.12909094989299774, 0.1299506112933159, 0.1580634221434593, 0.13138162791728974, 0.14059093445539475, 0.12918414771556855, 0.12535297721624375, 0.12875355035066605]}
{"dataset": "NonInvasiveFatalECG_Thorax1", "depth": 9, "nb_filters": 16, "batch_size": 128, "kernel_size": 32, "use_residual": "True", "use_bottleneck": "True", "acc": 0.9590969455511289, "precision": 0.9592811827184006, "recall": 0.9592938239898998, "budget_ran": 1500,