{"dataset": "UWaveGestureLibraryAll", "depth": 9, "nb_filters": 16, "batch_size": 128, "kernel_size": 32, "use_residual": "True", "use_bottleneck": "True", "acc": 0.9660547186751796, "precision": 0.9660766319777417, "recall": 0.9665805719720424, "budget_ran": 1500, "train_curve": [1.6402390480041504, 1.1191973447799684, 0.8861498713493348, 0.7343896985054016, 0.6134638905525207, 0.5205535054206848, 0.45229433178901673, 0.38596025109291077, 0.3356599509716034, 0.3010465681552887, 0.264236980676651, 0.23816018402576447, 0.2184722363948822, 0.20174346566200257, 0.18316305577754974, 0.1675808846950531, 0.15324063301086427, 0.13952339589595794, 0.13131266087293625, 0.12236065566539764, 0.11202820837497711, 0.10576806664466858, 0.09737056493759155, 0.0902173712849617, 0.08449892848730087, 0.07974731624126434, 0.07068494111299514, 0.07021537497639656, 0.06335699707269668, 0.05419418439269066, 0.04934549108147621, 0.05175829529762268, 0.047988228499889374, 0.0428539514541626, 0.03819758966565132, 0.03679548166692257, 0.02858346067368984, 0.02583034001290798, 0.02372317239642143, 0.025169331580400467, 0.02683227024972439, 0.02583547364920378, 0.022159098647534847, 0.017431619949638842, 0.013832429796457291, 0.011659112479537725, 0.010381202213466167, 0.011558343004435302, 0.013757046498358249, 0.011978611536324024, 0.017158683575689792, 0.01646368922665715, 0.01508440268225968, 0.01842670114710927, 0.022642924217507243, 0.02284963889978826, 0.024188531469553708, 0.01769513338804245, 0.0135697556193918, 0.009928378695622086, 0.00723550352267921, 0.005476533807814122, 0.005045522097498178, 0.005586807522922755, 0.012895886134356261, 0.033630075538530944, 0.041103412955999376, 0.043533540330827236, 0.039868615195155145, 0.044044215325266124, 0.06183566693216562, 0.052051727566868065, 0.03661637054756284, 0.025290532596409322, 0.014474134612828492, 0.010102145094424485, 0.009140737447887659, 0.00777010815218091, 0.007224348373711109, 0.006883209617808461, 0.006490514520555735, 0.006270999182015657, 0.00576662477105856, 0.006069203000515699, 0.005688559729605913, 0.005345565872266889, 0.00511610466055572, 0.005303602060303092, 0.004996485961601138, 0.004788923310115933, 0.004585303319618106, 0.004706111177802086, 0.00440004919655621, 0.004333933675661683, 0.004447252349928021, 0.004281537514179945, 0.0044591632205992935, 0.004165271809324622, 0.004140686197206378, 0.004128360748291015, 0.00398582355119288, 0.00389959211461246, 0.003757152473554015, 0.003803191799670458, 0.0038712915033102036, 0.003865841729566455, 0.003629721235483885, 0.0037489281967282295, 0.003594726137816906, 0.003499531792476773, 0.003493042290210724, 0.0034070472698658704, 0.0033867691643536093, 0.0032438768073916437, 0.0032401503529399635, 0.0033415296114981175, 0.003086404595524073, 0.0032118114177137613, 0.0029892349150031803, 0.0029986991081386804, 0.0030972514301538467, 0.002970439987257123, 0.003172118915244937, 0.0028949267230927943, 0.002865443006157875, 0.0028778577223420145, 0.002781514823436737, 0.002777656028047204, 0.002630263357423246, 0.0027896528132259845, 0.0026688665850088, 0.0026519516250118613, 0.002649782714433968, 0.0025660095503553747, 0.00246044818777591, 0.0025865760864689944, 0.002435909933410585, 0.002502910466864705, 0.0024164419854059817, 0.0025412655901163816, 0.002320662094280124, 0.002303331717848778, 0.002248868998140097, 0.002371310000307858, 0.002248374721966684, 0.0022382385563105346], "val_curve": [2.4168859004974363, 3.34368953704834, 3.8065685510635374, 4.047798299789429, 3.0063232421875, 3.84305157661438, 3.346238899230957, 3.732252311706543, 3.4234547138214113, 2.7797369003295898, 3.3044610023498535, 2.9267407655715942, 2.7196553230285643, 2.3297228097915648, 2.2035049200057983, 1.750741147994995, 1.0698988556861877, 1.4799999117851257, 1.0684755086898803, 1.1669814229011535, 1.043144655227661, 0.7653395056724548, 0.6129897475242615, 0.7744877457618713, 0.5978773236274719, 0.6351923644542694, 0.5173867642879486, 0.8106462895870209, 0.5322015225887299, 0.5242963463068009, 0.4317145854234695, 0.6136291474103928, 0.34321179091930387, 0.4117680788040161, 0.46458942294120786, 0.3154435843229294, 0.26702888011932374, 0.3287397980690002, 0.3503165185451508, 0.5037717819213867, 0.41443499028682707, 0.36950374841690065, 0.46401033997535707, 0.30226464569568634, 0.2650167912244797, 0.17414020895957946, 0.20522837042808534, 0.3176232010126114, 0.4967388689517975, 0.32980544567108155, 0.4573276907205582, 0.9584941983222961, 0.47967999130487443, 0.7978811532258987, 0.526522108912468, 0.856025755405426, 0.6787061631679535, 0.3162447527050972, 0.383709055185318, 0.23993994742631913, 0.18969330936670303, 0.1531468838453293, 0.15193464756011962, 0.1605182856321335, 0.35370953381061554, 1.1867130175232887, 2.8527901992201805, 2.54452645778656, 0.9360497981309891, 2.549588331580162, 4.270250192284584, 3.160237196087837, 2.4635238528251646, 1.0609060853719712, 0.4733751446008682, 0.23075079023838044, 0.16761304438114166, 0.14534820318222047, 0.13738820254802703, 0.13353669345378877, 0.13398356437683107, 0.13365313708782195, 0.13448347449302672, 0.12993918657302855, 0.13132937401533126, 0.1308163270354271, 0.1308872878551483, 0.13074978739023208, 0.13144378066062928, 0.13088589608669282, 0.13203897476196289, 0.13040220290422438, 0.13094278872013093, 0.13041707128286362, 0.13105616420507432, 0.13129839152097703, 0.13092241138219834, 0.13228042423725128, 0.12973851412534715, 0.13059234172105788, 0.1313013732433319, 0.12986769378185273, 0.1308112546801567, 0.1314147338271141, 0.13131676465272904, 0.13050661236047745, 0.1306563913822174, 0.13116954863071442, 0.13026583045721055, 0.12986091524362564, 0.13097097277641295, 0.13091721385717392, 0.1296362906694412, 0.1297481030225754, 0.13032003492116928, 0.13134871125221254, 0.13017829656600952, 0.1306402266025543, 0.1306595876812935, 0.13035922050476073, 0.13122930228710175, 0.13115818053483963, 0.13227283209562302, 0.1318359538912773, 0.13089288920164108, 0.13038376867771148, 0.13139703124761581, 0.12994471937417984, 0.13075695037841797, 0.13096602708101274, 0.12968766391277314, 0.1314852237701416, 0.13166927248239518, 0.1313762128353119, 0.13072318583726883, 0.13153330385684966, 0.1308911472558975, 0.13297712951898574, 0.13113030642271042, 0.13179384768009186, 0.13244196325540541, 0.13407894521951674, 0.13049236983060836, 0.12986795157194136, 0.13063945472240449, 0.1305622413754463]}
{"dataset": "UWaveGestureLibraryAll", "depth": 9, "nb_filters": 16, "batch_size": 128, "kernel_size": 32, "use_residual": "True", "use_bottleneck": "True", "acc": 0.9651646049481245, "precision": 0.9654737538015346, "recall": 0.9653269699621175, "budget_ran": 1500,