{"dataset": "SwedishLeaf", "depth": 9, "nb_filters": 16, "batch_size": 128, "kernel_size": 32, "use_residual": "True", "use_bottleneck": "True", "acc": 0.9644444444444444, "precision": 0.964518657245, "recall": 0.9653140127472474, "budget_ran": 1500, "train_curve": [2.454500675201416, 1.678204894065857, 1.2316907405853272, 0.9338797211647034, 0.7323151707649231, 0.5856123924255371, 0.4866137564182281, 0.40930709838867185, 0.36235801577568055, 0.31412217020988464, 0.27364605069160464, 0.24862858951091765, 0.22620672285556792, 0.19293170869350434, 0.18441827595233917, 0.18691903948783875, 0.15554242432117463, 0.13933182060718535, 0.12772802263498306, 0.11720646321773528, 0.10737900286912919, 0.1153746336698532, 0.10509992092847824, 0.09613092392683029, 0.08340195566415787, 0.07213603109121322, 0.06720416843891144, 0.06447229385375977, 0.06545362696051597, 0.07736049070954323, 0.07150347903370857, 0.07400229349732398, 0.07052131220698357, 0.07512169927358628, 0.0736653670668602, 0.06656642556190491, 0.06136876754462719, 0.07039357870817184, 0.05397372916340828, 0.040994827076792716, 0.0426223412156105, 0.03856647126376629, 0.028831555508077145, 0.0290321484208107, 0.023031928390264512, 0.027098051086068154, 0.02520405873656273, 0.02753412686288357, 0.029092149622738362, 0.027429885976016522, 0.020533418655395506, 0.015983539074659346, 0.015291488356888294, 0.015203013829886914, 0.013558783195912838, 0.012870448082685471, 0.011204978451132774, 0.016321424301713704, 0.015863507613539697, 0.015429355949163438, 0.02014460265636444, 0.03839750736951828, 0.03047585804015398, 0.01671101888641715, 0.014103590603917837, 0.016247858852148057, 0.017915204167366028, 0.013797507528215647, 0.010621658805757762, 0.010893894545733928, 0.009534444287419319, 0.008952853828668594, 0.008969085104763509, 0.008013034891337156, 0.007643119897693396, 0.007309584505856037, 0.009081238228827716, 0.007021403592079878, 0.008336305059492588, 0.00732152359560132, 0.0068848514929413795, 0.006151909753680229, 0.005883738957345485, 0.0059099685400724414, 0.006700808089226485, 0.005546870548278094, 0.005644391756504774, 0.006020656693726778, 0.005182439647614956, 0.004988825041800737, 0.004779309220612049, 0.005291781947016716, 0.006098139379173517, 0.005376852676272392, 0.005154256196692586, 0.005433217808604241, 0.004866485670208931, 0.005768443271517753, 0.005035637551918626, 0.0053597456775605675, 0.0053765018004924055, 0.004839910520240664, 0.0051982074044644834, 0.004921320965513587, 0.00491170329041779, 0.00436506406404078, 0.005003221007063985, 0.0043935393914580345, 0.004480162356048823, 0.004799361806362867, 0.006993777304887772, 0.006320893624797463, 0.005362928472459316, 0.005789841990917921, 0.005185344442725182, 0.0045627176761627196, 0.004819710738956928, 0.006764669483527541, 0.005149014759808779, 0.0069961183238774535, 0.0059977230615913864, 0.0054010991007089615, 0.004820747394114732, 0.004928376572206616, 0.004982826439663768, 0.004404686531051994, 0.004178060265257954, 0.004447848256677389, 0.004242076864466071, 0.00490745329298079, 0.004530966654419899, 0.00399713572114706, 0.004820292443037033, 0.004838918149471283, 0.004968682304024696, 0.0038928208407014607, 0.0041748676914721726, 0.0037978994194418194, 0.0042456747498363255, 0.004333989042788744, 0.004847340146079659, 0.004026706004515291, 0.00455948687158525, 0.004146673437207937, 0.0042599030304700134, 0.0049937965348362924, 0.00414441367611289, 0.004845444019883871, 0.004816557141020894, 0.004063810640946031, 0.003746736189350486, 0.003789412742480636, 0.003725955495610833, 0.004235533438622952, 0.004557181941345334, 0.006308882543817162, 0.0058867300394922495, 0.005920037813484669, 0.004737505502998829, 0.004014562210068106, 0.0034042293671518566, 0.004005421604961157, 0.00368921784684062, 0.004001974873244762, 0.003567232098430395, 0.004006938589736819, 0.004021771857514978, 0.0038362170569598677, 0.003656142437830567, 0.005368712544441223, 0.004168740101158619, 0.006899210903793573, 0.004789352277293801, 0.004209828283637762, 0.0036064712796360253, 0.0033755374141037466, 0.003495863638818264, 0.0033253342378884556, 0.00344161344692111, 0.0033752953633666037, 0.003936406457796693, 0.004761629272252321, 0.0038097073789685964, 0.0039308919105678795, 0.0039163488894701, 0.0033327709883451463, 0.0032731502316892145, 0.0033610320184379815, 0.0033077866304665805, 0.003260280983522534, 0.003457483137026429, 0.0036101339850574733, 0.0030106356600299476, 0.0029944435227662325, 0.0026666447753086685, 0.0027438046643510463, 0.0028699559858068823],