{"dataset": "Lighting2", "depth": 9, "nb_filters": 16, "batch_size": 128, "kernel_size": 32, "use_residual": "True", "use_bottleneck": "True", "acc": 0.6036666666666666, "precision": 0.7067471709576972, "recall": 0.6199007936507936, "budget_ran": 1500, "train_curve": [0.7016606569290161, 0.5714753985404968, 0.5119695663452148, 0.46841112375259397, 0.42715501189231875, 0.3894810497760773, 0.3503106117248535, 0.3117944300174713, 0.2759520560503006, 0.24279004633426665, 0.20564526617527007, 0.1917422354221344, 0.16528908908367157, 0.14774712175130844, 0.12938178479671478, 0.10830226093530655, 0.09645060151815414, 0.08151624277234078, 0.07199741676449775, 0.060823126882314685, 0.05284085497260094, 0.046319180727005006, 0.0403619047254324, 0.03433480449020863, 0.03101487271487713, 0.026483624428510665, 0.02353695034980774, 0.020528208650648593, 0.017890892177820205, 0.01636996828019619, 0.013989636301994323, 0.012648597732186318, 0.01107308715581894, 0.010054710786789656, 0.008831273484975099, 0.00812053931877017, 0.007465209532529116, 0.006748340371996164, 0.0062706413678824905, 0.005668370611965656, 0.005330830113962293, 0.004826255887746811, 0.004487254936248064, 0.004242090368643403, 0.003886963380500674, 0.0036863825283944608, 0.003499024361371994, 0.003265417367219925, 0.0031059138476848603, 0.0029439160134643316, 0.0027828636113554238, 0.002665104065090418, 0.0025448700645938514, 0.002428075880743563, 0.0023235366912558674, 0.002221076493151486, 0.002140387799590826, 0.002070769085548818, 0.00198991228826344, 0.0019169783918187022, 0.001858615130186081, 0.0017955337883904577, 0.0017361723585054278, 0.0016872564097866415, 0.0016373650869354606, 0.001590241794474423, 0.0015500449109822512, 0.001508756773546338, 0.001468548853881657, 0.0014336726162582636, 0.0014004268450662494, 0.001367971976287663, 0.0013373292749747634, 0.0013074964983388782, 0.001278595149051398, 0.0012518283096142114, 0.0012269791797734797, 0.0012026884243823588, 0.001179569074884057, 0.0011584642226807774, 0.001137217425275594, 0.0011156681342981757, 0.0010959231178276241, 0.0010770748602226376, 0.0010581973008811473, 0.0010404482949525119, 0.0010235647670924664, 0.0010068379226140678, 0.000990852853283286, 0.000975479872431606, 0.0009602898149751127, 0.0009454905521124601, 0.0009313488728366793, 0.0009176555322483182, 0.0009041574900038541, 0.0008911050506867468, 0.0008785757818259299, 0.0008662259671837092, 0.0008540957001969218, 0.0008424613275565207, 0.0008310852223075927], "val_curve": [0.693098783493042, 0.6880996227264404, 0.6994695425033569, 0.7136722326278686, 0.7128229975700379, 0.7103163003921509, 0.7311476588249206, 0.8341417074203491, 0.8385018467903137, 0.9269200086593627, 1.089308261871338, 1.0219846725463868, 1.235087764263153, 1.3875358343124389, 1.4919957041740417, 1.5845967411994935, 1.6696701049804688, 1.9269898533821106, 1.8995141744613648, 1.8270582914352418, 1.6677146434783936, 1.714704990386963, 1.923082423210144, 2.0251687288284304, 1.8172475695610046, 1.819850754737854, 2.0984159827232363, 2.3490022659301757, 2.441869056224823, 2.568763589859009, 2.750371181964874, 2.86425267457962, 2.8409127831459045, 2.7896200895309446, 2.8033262729644775, 2.845280122756958, 2.88687744140625, 2.9125662088394164, 2.964879810810089, 3.044981133937836, 3.1073581337928773, 3.1064940333366393, 3.045127260684967, 2.987636089324951, 2.9580623269081117, 2.931326985359192, 2.8700921177864074, 2.7778372406959533, 2.7052085757255555, 2.687039005756378, 2.6966308474540712, 2.691297733783722, 2.6590189933776855, 2.621978485584259, 2.60725656747818, 2.6111849427223204, 2.6036805868148805, 2.5636494517326356, 2.5030261397361757, 2.452547085285187, 2.425024628639221, 2.4063497304916384, 2.3776031851768495, 2.336408865451813, 2.2996959567070006, 2.284678280353546, 2.29024361371994, 2.297280287742615, 2.287831735610962, 2.261073637008667, 2.2321200728416444, 2.2163631319999695, 2.215274727344513, 2.217026138305664, 2.209652054309845, 2.1918771862983704, 2.172972309589386, 2.1621238827705382, 2.159802722930908, 2.1590994238853454, 2.1537339806556703, 2.1442299604415895, 2.1353986978530886, 2.1305593848228455, 2.1286031007766724, 2.126676607131958, 2.124093163013458, 2.1223345041275024, 2.1222212076187135, 2.1220762968063354, 2.1190982341766356, 2.1127879500389097, 2.1052159667015076, 2.098727083206177, 2.0938171267509462, 2.088932204246521, 2.082378590106964, 2.0750752210617067, 2.0695983529090882, 2.067415690422058, 2.067374849319458]}
{"dataset": "Lighting2", "depth": 9, "nb_filters": 16, "batch_size": 128, "kernel_size": 32, "use_residual": "True", "use_bottleneck": "True", "acc": 0.7023333333333334, "precision": 0.7111092828739889, "recall": 0.7073863636363636, "budget_ran": 1500, "train_curve": [0.9265831589698792, 0.6888476371765136, 0.5784593880176544, 0.5116670370101929, 0.46461609601974485, 0.4262424647808075, 0.3910608410835266, 0.3562166154384613, 0.32479252219200133, 0.3011991113424301, 0.2818995028734207, 0.24679844677448273, 0.22349937558174132, 0.2043288379907608, 0.1937914565205574, 0.16396846175193786, 0.14541112780570983, 0.13169964104890824, 0.1191942997276783, 0.10264948159456252, 0.09527541399002075, 0.0788781262934208, 0.07292074076831341, 0.06551121212542058, 0.05952503718435764, 0.053743989765644075, 0.04657833017408848, 0.042273787781596184, 0.03560182172805071, 0.034443289041519165, 0.02850121073424816, 0.02685213815420866, 0.02299434095621109, 0.021820912789553403, 0.01988671738654375, 0.017942988499999046, 0.016529229003936052, 0.014888152852654457, 0.01317196823656559, 0.01245349356904626, 0.011813620803877711, 0.01058109081350267, 0.009657253045588732, 0.00902902795933187, 0.008560432493686676, 0.00788179854862392, 0.007341414922848344, 0.006909844418987632, 0.0065441464073956014, 0.006086046062409878, 0.005718379095196724, 0.005433114897459746, 0.005149068683385849, 0.00487584515940398, 0.004617340001277626, 0.004421306774020195, 0.004238017834722996, 0.004053993639536202, 0.0038520003436133265, 0.00366026742849499, 0.0035147724905982614, 0.003400460723787546, 0.003290649433620274, 0.003163502411916852, 0.003037305944599211, 0.002935093408450484, 0.0028450857847929, 0.0027570744743570684, 0.0026694454718381166, 0.0025854391045868398, 0.0025095299817621706, 0.0024407203658483923, 0.002377457497641444, 0.0023156627197749914, 0.002253441151697189, 0.0021940772887319325, 0.0021378006087616084, 0.002084832335822284, 0.0020363998715765773, 0.001990953169297427, 0.0019462794763967395, 0.0019021287327632308, 0.0018602914293296634, 0.0018221944919787347, 0.0017858765088021756, 0.00174952206434682, 0.0017137404880486428, 0.0016793839400634169, 0.00164723030757159, 0.0016170149086974562, 0.0015872722142376006, 0.0015578785445541144, 0.0015296791563741863, 0.00150277802022174, 0.001476789847947657, 0.0014514464884996415, 0.0014268142520450055, 0.0014029646292328835, 0.0013798122061416506, 0.0013574258890002965, 0.0013371413224376738, 0.0013173871673643589, 0.001298192364629358, 0.0012795416638255118],