precision,accuracy,recall,duration
0.49357112598491903,0.4902597402597403,0.48818091199467306,623.529069185257
