precision,accuracy,recall,duration
0.933681224722456,0.9412381951731374,0.946666200726866,685.5790753364563
