precision,accuracy,recall,duration
0.8272195028701705,0.8210144927536231,0.820830025373994,426.4324474334717
