precision,accuracy,recall,duration
0.8012338538654328,0.8,0.8,510.9406840801239
