precision,accuracy,recall,duration
0.7530442927873678,0.7433333333333333,0.775870453219218,83.30263614654541
