precision,accuracy,recall,duration
0.8406719717064545,0.8342857142857143,0.8453194786254672,82.69093656539917
