precision,accuracy,recall,duration
0.8856819656544838,0.88,0.88,549.6599423885345
