precision,accuracy,recall,duration
0.8564485183044902,0.85,0.8500788165326062,203.93831205368042
