precision,accuracy,recall,duration
0.7702270227022703,0.7716666666666666,0.7956380081696168,80.40548062324524
