precision,accuracy,recall,duration
0.96620670995671,0.954248366013072,0.9480174081237911,506.5761966705322
