precision,accuracy,recall,duration
0.7699283154121863,0.848780487804878,0.7280124777183601,194.59236407279968
