precision,accuracy,recall,duration
0.412408916615761,0.6165413533834586,0.4092600444910726,89.5620903968811
