precision,accuracy,recall,duration
0.7004956924079622,0.9346666666666666,0.5726323750892223,675.1712458133698
