precision,accuracy,recall,duration
0.6427561160261277,0.7272727272727273,0.586242846717118,201.84634828567505
