precision,accuracy,recall,duration
0.9922145328719723,0.9920983318700615,0.9921052631578947,303.35032844543457
