precision,accuracy,recall,duration
0.5514825525351841,0.5422077922077922,0.5402103741956494,565.8904159069061
