precision,accuracy,recall,duration
0.8476333476333476,0.8175,0.7085212859979569,145.6797058582306
