precision,accuracy,recall,duration
0.5638664994030438,0.569060773480663,0.5365883850993708,256.9781951904297
