precision,accuracy,recall,duration
0.8112900525311908,0.8154662199888331,0.8138109381924405,635.5124063491821
