precision,accuracy,recall,duration
0.9507419378723727,0.9488,0.9491764389590478,662.6471619606018
