precision,accuracy,recall,duration
0.8403313255404924,0.8307692307692308,0.8367508553631753,486.5281238555908
