precision,accuracy,recall,duration
0.8297343442080285,0.8158567774936062,0.8241051366051365,275.3385212421417
