precision,accuracy,recall,duration
0.8117464158573123,0.8140703517587939,0.8123208991679486,949.6210308074951
