precision,accuracy,recall,duration
0.5938491295938104,0.7732919254658385,0.5792189132706373,802.3354241847992
