precision,accuracy,recall,duration
0.8704172903688029,0.8557971014492753,0.8564940931150711,243.85644507408142
