precision,accuracy,recall,duration
0.9777777777777777,0.9777777777777777,0.9777777777777777,397.8727214336395
