precision,accuracy,recall,duration
0.9641426382067191,0.9634146341463414,0.9470804579537528,638.7972991466522
