precision,accuracy,recall,duration
0.9617744486206842,0.9639024390243902,0.9480596797024766,159.05260920524597
