precision,accuracy,recall,duration
0.7680686255681455,0.768,0.768,627.3922173976898
