precision,accuracy,recall,duration
0.8383034383034381,0.8005115089514067,0.8153423903423903,179.20956420898438
