precision,accuracy,recall,duration
0.9611644249659967,0.9611273080660836,0.9611156444081781,137.02465867996216
