precision,accuracy,recall,duration
0.8396853638880565,0.8461538461538461,0.8381871967975444,1230.2398414611816
