precision,accuracy,recall,duration
0.6924242424242424,0.6666666666666666,0.6666666666666667,68.44612622261047
