precision,accuracy,recall,duration
0.5143418399340504,0.755,0.4979284265540915,190.49773907661438
