precision,accuracy,recall,duration
0.6645880001874204,0.9342222222222222,0.5686767868900877,778.3037822246552
