precision,accuracy,recall,duration
0.8718944099378882,0.8831615120274914,0.8532062486344767,778.893532037735
