precision,accuracy,recall,duration
0.8023352649126644,0.7979539641943734,0.8051223551223551,666.9922621250153
