precision,accuracy,recall,duration
0.5784313725490196,0.6,0.5375,72.4496340751648
