precision,accuracy,recall,duration
0.4655313083768248,0.745,0.47285299029011935,177.28919959068298
