precision,accuracy,recall,duration
0.962324086074328,0.9658536585365853,0.9482338215194416,232.51662707328796
