precision,accuracy,recall,duration
0.9698010631068412,0.9716684155299056,0.970287018917156,143.18210196495056
