precision,accuracy,recall,duration
0.962937565308255,0.9628099173553719,0.9560951126168518,233.3891315460205
