precision,accuracy,recall,duration
0.7995388161270099,0.7960526315789473,0.759834303231259,328.5315749645233
