precision,accuracy,recall,duration
0.9679420233700814,0.9673170731707317,0.9519443531956321,158.56047344207764
