precision,accuracy,recall,duration
0.9658959331478854,0.962046908315565,0.9622057870548475,748.021445274353
