precision,accuracy,recall,duration
0.7790264857057899,0.755,0.6513033297751455,288.2723295688629
