precision,accuracy,recall,duration
0.9033890696891482,0.905,0.8891000883285128,1046.8650422096252
