precision,accuracy,recall,duration
0.6498032975008402,0.7115987460815048,0.5664825970768375,313.47357869148254
