precision,accuracy,recall,duration
0.9029833646996772,0.8189349112426035,0.9168335809737423,567.1908056735992
