precision,accuracy,recall,duration
0.696249165076128,0.7758241758241758,0.6535682509441024,453.08781576156616
