precision,accuracy,recall,duration
0.8883208340528004,0.885,0.8602807461161432,2281.9215359687805
