precision,accuracy,recall,duration
0.9131944444444444,0.92,0.9131944444444444,83.10249257087708
