precision,accuracy,recall,duration
0.8374000889743408,0.8272189349112427,0.9166593837932646,218.59621238708496
