precision,accuracy,recall,duration
0.6026698502279141,0.7732919254658385,0.5926724137931034,218.1235387325287
