precision,accuracy,recall,duration
0.655100027832427,0.78,0.5096505209873327,269.71718096733093
