precision,accuracy,recall,duration
0.8984755652506823,0.896,0.896,525.9136619567871
