precision,accuracy,recall,duration
0.9281102571485526,0.9284525790349417,0.9368375257079575,488.2963535785675
