precision,accuracy,recall,duration
0.728059927400912,0.7934065934065934,0.6707388049686811,1098.660695552826
