precision,accuracy,recall,duration
0.8290893015030946,0.8228571428571428,0.8356576428766749,306.63106322288513
