precision,accuracy,recall,duration
0.9019533159365871,0.8966666666666666,0.8926966595802374,304.45909905433655
