precision,accuracy,recall,duration
0.8407818662871374,0.8461538461538461,0.8377958366223353,1180.266151189804
