precision,accuracy,recall,duration
0.7361111111111112,0.7333333333333333,0.7314814814814814,203.40196800231934
