precision,accuracy,recall,duration
0.9110890527509927,0.9175257731958762,0.8958651955429321,224.19915199279785
