precision,accuracy,recall,duration
0.6027725681420355,0.73,0.5858152552245379,102.95426988601685
