precision,accuracy,recall,duration
0.9576038196638978,0.9570072585147962,0.9571754370290269,2703.672888278961
