precision,accuracy,recall,duration
0.9503103029046426,0.934640522875817,0.8878143133462282,263.8800678253174
