{"dataset": "Lighting2", "depth": 9, "nb_filters": 32, "batch_size": 16, "kernel_size": 64, "use_residual": "False", "use_bottleneck": "True", "acc": 0.8360655737704918, "precision": 0.8349567099567099, "recall": 0.8349567099567099, "budget_ran": 1500, "duration": 7826.923652648926}
{"dataset": "Lighting2", "depth": 3, "nb_filters": 32, "batch_size": 16, "kernel_size": 32, "use_residual": "False", "use_bottleneck": "False", "acc": 0.7868852459016393, "precision": 0.7876344086021505, "recall": 0.7895021645021645, "budget_ran": 1500, "duration": 1181.302017211914}
{"dataset": "Lighting2", "depth": 9, "nb_filters": 16, "batch_size": 64, "kernel_size": 32, "use_residual": "False", "use_bottleneck": "False", "acc": 0.7704918032786885, "precision": 0.7703296703296704, "recall": 0.7662337662337663, "budget_ran": 1500, "duration": 3686.0443584918976}
{"dataset": "Lighting2", "depth": 9, "nb_filters": 16, "batch_size": 16, "kernel_size": 32, "use_residual": "True", "use_bottleneck": "True", "acc": 0.8032786885245902, "precision": 0.801948051948052, "recall": 0.801948051948052, "budget_ran": 1500, "duration": 3278.675896167755}
{"dataset": "Lighting2", "depth": 6, "nb_filters": 32, "batch_size": 16, "kernel_size": 64, "use_residual": "True", "use_bottleneck": "True", "acc": 0.7868852459016393, "precision": 0.7876344086021505, "recall": 0.7895021645021645, "budget_ran": 1500, "duration": 4809.825932502747}
{"dataset": "Lighting2", "depth": 3, "nb_filters": 32, "batch_size": 32, "kernel_size": 64, "use_residual": "True", "use_bottleneck": "False", "acc": 0.8032786885245902, "precision": 0.8026881720430108, "recall": 0.8046536796536796, "budget_ran": 1500, "duration": 2016.3011865615845}
{"dataset": "Lighting2", "depth": 6, "nb_filters": 32, "batch_size": 128, "kernel_size": 64, "use_residual": "True", "use_bottleneck": "True", "acc": 0.819672131147541, "precision": 0.818426724137931, "recall": 0.8198051948051948, "budget_ran": 1500, "duration": 5305.1009786129}
{"dataset": "Lighting2", "depth": 3, "nb_filters": 64, "batch_size": 128, "kernel_size": 64, "use_residual": "False", "use_bottleneck": "True", "acc": 0.7868852459016393, "precision": 0.7876344086021505, "recall": 0.7895021645021645, "budget_ran": 1500, "duration": 3563.4476742744446}
{"dataset": "Lighting2", "depth": 6, "nb_filters": 32, "batch_size": 64, "kernel_size": 64, "use_residual": "True", "use_bottleneck": "True", "acc": 0.7704918032786885, "precision": 0.7689393939393939, "recall": 0.7689393939393939, "budget_ran": 1500, "duration": 5275.204368591309}
{"dataset": "Lighting2", "depth": 9, "nb_filters": 16, "batch_size": 16, "kernel_size": 64, "use_residual": "False", "use_bottleneck": "False", "acc": 0.8360655737704918, "precision": 0.8354838709677419, "recall": 0.8376623376623377, "budget_ran": 1500, "duration": 5692.235408306122}
{"dataset": "Lighting2", "depth": 3, "nb_filters": 32, "batch_size": 64, "kernel_size": 41, "use_residual": "True", "use_bottleneck": "True", "acc": 0.7868852459016393, "precision": 0.7876344086021505, "recall": 0.7895021645021645, "budget_ran": 1500, "duration": 1712.4218196868896}
{"dataset": "Lighting2", "depth": 3, "nb_filters": 16, "batch_size": 64, "kernel_size": 64, "use_residual": "True", "use_bottleneck": "True", "acc": 0.7704918032786885, "precision": 0.7689393939393939, "recall": 0.7689393939393939, "budget_ran": 1500, "duration": 1665.944905281067}
{"dataset": "Lighting2", "depth": 9, "nb_filters": 64, "batch_size": 128, "kernel_size": 32, "use_residual": "True", "use_bottleneck": "False", "acc": 0.819672131147541, "precision": 0.818426724137931, "recall": 0.8198051948051948, "budget_ran": 1500, "duration": 9446.553835630417}
{"dataset": "Lighting2", "depth": 3, "nb_filters": 16, "batch_size": 32, "kernel_size": 41, "use_residual": "True", "use_bottleneck": "True", "acc": 0.8524590163934426, "precision": 0.853225806451613, "recall": 0.8555194805194806, "budget_ran": 1500, "duration": 1187.2151498794556}
{"dataset": "Lighting2", "depth": 3, "nb_filters": 64, "batch_size": 64, "kernel_size": 64, "use_residual": "True", "use_bottleneck": "False", "acc": 0.7704918032786885, "precision": 0.7698924731182795, "recall": 0.7716450216450217, "budget_ran": 1500, "duration": 3570.3833935260773}
{"dataset": "Lighting2", "depth": 3, "nb_filters": 64, "batch_size": 16, "kernel_size": 64, "use_residual": "True", "use_bottleneck": "False", "acc": 0.8032786885245902, "precision": 0.8060344827586207, "recall": 0.8073593073593073, "budget_ran": 1500, "duration": 3061.802618265152}
{"dataset": "Lighting2", "depth": 3, "nb_filters": 16, "batch_size": 128, "kernel_size": 32, "use_residual": "False", "use_bottleneck": "False", "acc": 0.7540983606557377, "precision": 0.7527233115468409, "recall": 0.751082251082251, "budget_ran": 1500, "duration": 1029.1355056762695}
{"dataset": "Lighting2", "depth": 3, "nb_filters": 64, "batch_size": 64, "kernel_size": 32, "use_residual": "True", "use_bottleneck": "False", "acc": 0.8032786885245902, "precision": 0.801948051948052, "recall": 0.801948051948052, "budget_ran": 1500, "duration": 2543.495920419693}
{"dataset": "Lighting2", "depth": 9, "nb_filters": 32, "batch_size": 128, "kernel_size": 32, "use_residual": "True", "use_bottleneck": "True", "acc": 0.7704918032786885, "precision": 0.7731681034482758, "recall": 0.7743506493506493, "budget_ran": 1500, "duration": 5386.152366161346}
{"dataset": "Lighting2", "depth": 3, "nb_filters": 64, "batch_size": 16, "kernel_size": 32, "use_residual": "True", "use_bottleneck": "True", "acc": 0.7868852459016393, "precision": 0.7876344086021505, "recall": 0.7895021645021645, "budget_ran": 1500, "duration": 2049.51211309433}
{"dataset": "Lighting2", "depth": 9, "nb_filters": 16, "batch_size": 128, "kernel_size": 41, "use_residual": "True", "use_bottleneck": "True", "acc": 0.8360655737704918, "precision": 0.8373626373626374, "recall": 0.8322510822510822, "budget_ran": 1500, "duration": 5012.069956064224}
