precision,accuracy,recall,duration
0.9174038730369736,0.9173553719008265,0.8856693879791705,207.06453824043274
