precision,accuracy,recall,duration
0.7730091030930973,0.7618421052631579,0.7105361494719015,188.06508922576904
