precision,accuracy,recall,duration
0.9762999585780364,0.9758793969849247,0.9759322837719436,59.4208550453186
