precision,accuracy,recall,duration
0.8091214241102875,0.805,0.7478010016490096,108.57007598876953
