precision,accuracy,recall,duration
0.6754464285714286,0.7,0.6305555555555555,144.06193327903748
