precision,accuracy,recall,duration
0.8659653236785934,0.877,0.8689490638909576,685.7171370983124
