precision,accuracy,recall,duration
0.7606255301878767,0.8351648351648352,0.7336269837489651,1104.6465249061584
