precision,accuracy,recall,duration
0.6448257463905103,0.7582417582417582,0.6111047537773544,353.99088430404663
