precision,accuracy,recall,duration
0.9336617405582922,0.9318181818181818,0.9370629370629371,599.0001482963562
