precision,accuracy,recall,duration
0.8694368384763989,0.867392518146287,0.8680174905949881,291.4587025642395
