precision,accuracy,recall,duration
0.7514560745065332,0.7725,0.6374485880115852,197.11403608322144
