precision,accuracy,recall,duration
0.8462155966393791,0.841025641025641,0.8467896960985687,536.4883263111115
