precision,accuracy,recall,duration
0.8482956713417774,0.8088757396449704,0.9111108083600901,286.3894326686859
