precision,accuracy,recall,duration
0.9921674560884153,0.9920983318700615,0.9921037215182067,222.99537754058838
