precision,accuracy,recall,duration
0.9269318106956356,0.9173553719008265,0.8949291047117134,347.383008480072
