precision,accuracy,recall,duration
0.9309779780473856,0.9214876033057852,0.895093795093795,477.4612548351288
