precision,accuracy,recall,duration
0.9773303120913437,0.9780233122875183,0.9576894926801941,743.8877348899841
