precision,accuracy,recall,duration
0.9314065332815333,0.9183333333333333,0.9183333333333334,1165.6969754695892
