precision,accuracy,recall,duration
0.9650629037742264,0.9650145772594753,0.965031279749762,508.8684411048889
