precision,accuracy,recall,duration
0.9294826944645346,0.9297520661157025,0.9053704749356922,1019.399393081665
