precision,accuracy,recall,duration
0.9523767898767899,0.9379084967320261,0.8953900709219857,226.83545541763306
