precision,accuracy,recall,duration
0.7739726027397259,0.7875,0.6549418638017516,178.1056203842163
