precision,accuracy,recall,duration
0.7500856798244367,0.848780487804878,0.7745632798573975,481.668954372406
