precision,accuracy,recall,duration
0.962259842214347,0.9648780487804878,0.9494281521978556,266.6652934551239
