precision,accuracy,recall,duration
0.9487480931392707,0.9512195121951219,0.9322323085863277,145.49470567703247
