precision,accuracy,recall,duration
0.6396118721461188,0.8074534161490683,0.5798719958202716,390.730233669281
