precision,accuracy,recall,duration
0.8049092251674178,0.8,0.811958800473977,507.49805545806885
