precision,accuracy,recall,duration
0.8308320245739621,0.8358974358974359,0.8276818517650696,474.6601982116699
