precision,accuracy,recall,duration
0.8598844205187092,0.85,0.8503055331318536,204.30835103988647
