precision,accuracy,recall,duration
0.5841691800519043,0.7608695652173914,0.5783699059561128,190.9281303882599
