precision,accuracy,recall,duration
0.8346976218934333,0.8471354166666667,0.8127972188713111,331.2244086265564
