precision,accuracy,recall,duration
0.8383183467046322,0.8282051282051283,0.8290045927308327,388.47083926200867
