precision,accuracy,recall,duration
0.67730539741228,0.94,0.5785532061457628,1103.4603152275085
