precision,accuracy,recall,duration
0.8458217583975508,0.8384615384615385,0.8448580749109388,443.5239779949188
