precision,accuracy,recall,duration
0.7766666666666667,0.7333333333333333,0.7333333333333334,203.76178169250488
