precision,accuracy,recall,duration
0.883025095261149,0.8029585798816568,0.9075094032266037,386.3564522266388
