precision,accuracy,recall,duration
0.788888888888889,0.8033333333333333,0.7974402974402974,442.55148816108704
