precision,accuracy,recall,duration
0.9266412046559107,0.9166666666666666,0.9166666666666666,1464.4918270111084
