precision,accuracy,recall,duration
0.49235818160375217,0.79,0.48032685252384905,110.8080940246582
