precision,accuracy,recall,duration
0.9267333458685381,0.9262926292629263,0.9259608398721302,881.7951271533966
