precision,accuracy,recall,duration
0.7731681034482758,0.7704918032786885,0.7743506493506493,264.19204592704773
