precision,accuracy,recall,duration
0.7913624466179914,0.7611111111111111,0.7611111111111111,476.38687348365784
