precision,accuracy,recall,duration
0.9464032399534759,0.9461194863204914,0.9462656068307238,1345.3901627063751
