precision,accuracy,recall,duration
0.8274693462992696,0.8158567774936062,0.8247569247569247,1175.6058695316315
