precision,accuracy,recall,duration
0.6144527976856177,0.6106060606060606,0.6106060606060606,186.22051239013672
