precision,accuracy,recall,duration
0.8246495567924139,0.7945205479452054,0.8104010025062657,76.00152206420898
