precision,accuracy,recall,duration
0.9723076923076924,0.9714285714285714,0.9715024630541872,121.4713397026062
