precision,accuracy,recall,duration
0.7948717948717949,0.7333333333333333,0.6361111111111111,470.4615840911865
