precision,accuracy,recall,duration
0.8616849374005462,0.8260869565217391,0.8267461948275006,203.25523400306702
