precision,accuracy,recall,duration
0.9703642644057152,0.9737670514165793,0.9745853135774858,143.31963849067688
