precision,accuracy,recall,duration
0.8868012822012681,0.8849840255591054,0.8820103986135182,507.383367061615
