precision,accuracy,recall,duration
0.3793219396955903,0.6015037593984962,0.3803549450175827,126.24084115028381
