precision,accuracy,recall,duration
0.9313070263070262,0.92,0.9200000000000002,3446.031583547592
