precision,accuracy,recall,duration
0.7674208144796381,0.78,0.7817102817102817,193.45593094825745
