precision,accuracy,recall,duration
0.9609264538859142,0.964110929853181,0.9609264538859142,905.8798282146454
