precision,accuracy,recall,duration
0.6431869213340886,0.700626959247649,0.5826393896040262,123.36336040496826
