precision,accuracy,recall,duration
0.8414723641235042,0.8512820512820513,0.8430744632244913,545.5688483715057
