precision,accuracy,recall,duration
0.6289933673193436,0.7252747252747253,0.5607313254856598,163.63291263580322
