precision,accuracy,recall,duration
0.9064449064449065,0.88,0.8394097222222222,139.9372682571411
