precision,accuracy,recall,duration
0.9470303333587036,0.946677833612507,0.9467949527711496,2072.577324151993
