precision,accuracy,recall,duration
0.9827998088867654,0.9828571428571429,0.9840194698569082,256.1172957420349
