{"config": [3, 16, 32, 32, 0, 0], "accuracy": 0.7591160221000001}
{"config": [6, 32, 16, 41, 1, 1], "accuracy": 0.8154696133}
{"config": [6, 16, 32, 41, 0, 0], "accuracy": 0.7812154696}
{"config": [6, 32, 32, 64, 1, 0], "accuracy": 0.817679558}
{"config": [9, 16, 64, 64, 0, 1], "accuracy": 0.7834254144}
{"config": [9, 16, 64, 64, 0, 0], "accuracy": 0.8022099448000001}
{"config": [9, 64, 128, 32, 0, 0], "accuracy": 0.7955801105}
{"config": [9, 64, 16, 32, 1, 0], "accuracy": 0.8165745856000001}
{"config": [9, 16, 128, 64, 1, 0], "accuracy": 0.8198895028000001}
{"config": [9, 64, 128, 64, 1, 0], "accuracy": 0.8132596685}
{"config": [6, 16, 16, 64, 1, 0], "accuracy": 0.8320441989}
{"config": [6, 64, 16, 64, 1, 0], "accuracy": 0.8243093923}
{"config": [9, 16, 128, 32, 1, 0], "accuracy": 0.7613259669}
{"config": [3, 32, 128, 64, 0, 0], "accuracy": 0.8209944751}
{"config": [9, 64, 64, 64, 1, 0], "accuracy": 0.844198895}
{"config": [3, 64, 64, 41, 1, 0], "accuracy": 0.8022099448000001}
{"config": [9, 32, 64, 32, 1, 0], "accuracy": 0.7878453039000001}
{"config": [6, 32, 16, 64, 0, 0], "accuracy": 0.8298342541}
{"config": [9, 16, 16, 32, 1, 1], "accuracy": 0.7988950276}
{"config": [9, 32, 128, 41, 1, 0], "accuracy": 0.7955801105}
{"config": [3, 64, 128, 32, 1, 0], "accuracy": 0.7701657459}
{"config": [9, 64, 32, 64, 1, 0], "accuracy": 0.8408839779}
{"config": [9, 64, 64, 32, 1, 0], "accuracy": 0.7834254144}
{"config": [3, 64, 32, 41, 0, 0], "accuracy": 0.8044198895}
{"config": [6, 32, 64, 64, 0, 0], "accuracy": 0.8110497238000001}
{"config": [3, 16, 128, 64, 0, 0], "accuracy": 0.7988950276}
{"config": [3, 64, 64, 64, 0, 1], "accuracy": 0.8132596685}
{"config": [9, 32, 32, 32, 1, 0], "accuracy": 0.8011049724}
{"config": [9, 16, 16, 64, 0, 1], "accuracy": 0.8099447514}
{"config": [3, 64, 16, 32, 1, 0], "accuracy": 0.7712707182}
{"config": [6, 16, 64, 32, 1, 0], "accuracy": 0.7502762431000001}
{"config": [9, 64, 16, 41, 1, 0], "accuracy": 0.8397790055000001}
{"config": [3, 64, 128, 64, 0, 0], "accuracy": 0.8287292818}
{"config": [3, 16, 32, 64, 0, 0], "accuracy": 0.8}
{"config": [6, 64, 128, 41, 0, 0], "accuracy": 0.808839779}
{"config": [9, 32, 16, 32, 1, 0], "accuracy": 0.8198895028000001}
{"config": [3, 16, 64, 64, 1, 0], "accuracy": 0.7790055249000001}
{"config": [9, 64, 64, 41, 0, 1], "accuracy": 0.8220994475000001}
{"config": [3, 32, 128, 32, 0, 1], "accuracy": 0.7480662983}
{"config": [6, 16, 16, 41, 0, 0], "accuracy": 0.8011049724}
{"config": [3, 64, 32, 64, 1, 1], "accuracy": 0.835359116}
{"config": [9, 32, 64, 41, 1, 0], "accuracy": 0.8033149171}
{"config": [3, 16, 128, 41, 0, 0], "accuracy": 0.7646408840000001}
{"config": [9, 64, 32, 32, 1, 0], "accuracy": 0.8220994475000001}
{"config": [9, 16, 32, 64, 1, 0], "accuracy": 0.8011049724}
{"config": [9, 32, 128, 64, 1, 1], "accuracy": 0.8209944751}
{"config": [3, 32, 16, 64, 1, 1], "accuracy": 0.8154696133}
{"config": [9, 64, 32, 41, 0, 0], "accuracy": 0.8298342541}
{"config": [3, 32, 32, 41, 1, 0], "accuracy": 0.7922651934}
{"config": [9, 64, 128, 41, 1, 1], "accuracy": 0.8044198895}
