{"config": [3, 16, 32, 32, 0, 0], "accuracy": 0.8284174424}
{"config": [6, 32, 16, 41, 1, 1], "accuracy": 0.8412216234000001}
{"config": [6, 16, 32, 41, 0, 0], "accuracy": 0.8220643475}
{"config": [6, 32, 32, 64, 1, 0], "accuracy": 0.8297403234}
{"config": [9, 16, 64, 64, 0, 1], "accuracy": 0.8258533399}
{"config": [3, 16, 32, 32, 0, 1], "accuracy": 0.8220316838}
{"config": [9, 64, 128, 32, 1, 0], "accuracy": 0.8424791769000001}
{"config": [9, 64, 32, 32, 1, 0], "accuracy": 0.8399314062000001}
{"config": [3, 16, 128, 64, 0, 0], "accuracy": 0.806696064}
{"config": [3, 64, 128, 64, 1, 0], "accuracy": 0.8207414666}
{"config": [6, 64, 16, 64, 1, 0], "accuracy": 0.8206679732000001}
{"config": [3, 32, 64, 32, 1, 0], "accuracy": 0.8335048179000001}
{"config": [3, 64, 16, 32, 0, 0], "accuracy": 0.828352115}
{"config": [9, 64, 64, 64, 1, 0], "accuracy": 0.8309815450000001}
{"config": [9, 16, 128, 32, 1, 0], "accuracy": 0.8450841091}
{"config": [9, 32, 128, 64, 1, 1], "accuracy": 0.8335293157}
{"config": [6, 16, 16, 64, 1, 0], "accuracy": 0.8451167728000001}
{"config": [9, 16, 16, 32, 1, 1], "accuracy": 0.8309652131}
{"config": [3, 32, 128, 32, 0, 1], "accuracy": 0.8182345256}
{"config": [9, 64, 64, 32, 1, 0], "accuracy": 0.8181936959}
{"config": [9, 16, 64, 32, 1, 1], "accuracy": 0.8259023355}
{"config": [9, 64, 128, 64, 1, 0], "accuracy": 0.8117181120000001}
{"config": [3, 64, 32, 41, 0, 0], "accuracy": 0.8169361424}
{"config": [9, 32, 32, 32, 1, 0], "accuracy": 0.843785726}
{"config": [3, 32, 64, 64, 1, 1], "accuracy": 0.8144047036000001}
{"config": [9, 32, 128, 41, 1, 0], "accuracy": 0.8552833578}
{"config": [3, 64, 128, 41, 1, 1], "accuracy": 0.8258288421000001}
{"config": [6, 32, 16, 64, 0, 0], "accuracy": 0.8245631227}
{"config": [9, 64, 16, 41, 1, 0], "accuracy": 0.8143638739}
{"config": [3, 16, 32, 64, 1, 0], "accuracy": 0.8130654908}
{"config": [9, 64, 32, 64, 1, 0], "accuracy": 0.8233790626}
{"config": [9, 32, 64, 41, 1, 0], "accuracy": 0.8220643475}
{"config": [9, 16, 128, 64, 1, 0], "accuracy": 0.8220316838}
{"config": [3, 16, 128, 41, 1, 0], "accuracy": 0.8322880941}
{"config": [3, 32, 16, 32, 1, 0], "accuracy": 0.824522293}
{"config": [3, 64, 64, 64, 0, 1], "accuracy": 0.8028989058}
{"config": [3, 16, 16, 41, 1, 1], "accuracy": 0.8181610322}
{"config": [9, 16, 32, 64, 1, 0], "accuracy": 0.8361424138}
{"config": [3, 64, 128, 32, 1, 0], "accuracy": 0.8489220970000001}
{"config": [3, 64, 64, 41, 1, 0], "accuracy": 0.8322146007000001}
{"config": [3, 16, 64, 64, 1, 0], "accuracy": 0.8002694757000001}
{"config": [3, 64, 32, 32, 1, 1], "accuracy": 0.8386411890000001}
{"config": [6, 16, 64, 41, 0, 0], "accuracy": 0.8323125919000001}
{"config": [3, 64, 64, 32, 0, 0], "accuracy": 0.8309325494}
{"config": [3, 32, 32, 41, 1, 0], "accuracy": 0.8386085252000001}
{"config": [9, 16, 16, 64, 0, 1], "accuracy": 0.8310142087}
{"config": [9, 16, 128, 41, 1, 0], "accuracy": 0.8335129838}
{"config": [3, 32, 128, 64, 0, 0], "accuracy": 0.8143148783}
{"config": [3, 64, 32, 64, 1, 1], "accuracy": 0.8156132615}
{"config": [9, 16, 32, 32, 1, 0], "accuracy": 0.8386575208}
