{"config": [3, 16, 32, 32, 0, 0], "accuracy": 0.7755970924000001}
{"config": [6, 32, 16, 41, 1, 1], "accuracy": 0.7607303565}
{"config": [6, 16, 32, 41, 0, 0], "accuracy": 0.7180512288}
{"config": [6, 32, 32, 64, 1, 0], "accuracy": 0.7234510211}
{"config": [9, 16, 64, 64, 0, 1], "accuracy": 0.7662859121000001}
{"config": [3, 16, 32, 32, 0, 1], "accuracy": 0.7607476636}
{"config": [3, 64, 128, 32, 1, 0], "accuracy": 0.7754932503}
{"config": [3, 64, 64, 32, 0, 0], "accuracy": 0.7476981655}
{"config": [3, 16, 128, 64, 0, 0], "accuracy": 0.6976981655000001}
{"config": [3, 64, 16, 32, 1, 0], "accuracy": 0.7588785047000001}
{"config": [3, 32, 64, 32, 1, 0], "accuracy": 0.7718241606}
{"config": [3, 64, 128, 64, 1, 0], "accuracy": 0.5473174109}
{"config": [9, 16, 128, 32, 1, 0], "accuracy": 0.7550190377}
{"config": [3, 32, 16, 32, 1, 0], "accuracy": 0.7772585670000001}
{"config": [6, 64, 16, 64, 1, 0], "accuracy": 0.7439598477}
{"config": [9, 64, 64, 64, 1, 0], "accuracy": 0.7494807892}
{"config": [3, 32, 128, 32, 0, 1], "accuracy": 0.7532537210000001}
{"config": [6, 16, 64, 32, 1, 0], "accuracy": 0.7754759432}
{"config": [9, 64, 32, 41, 0, 0], "accuracy": 0.7420041537000001}
{"config": [3, 32, 64, 64, 1, 1], "accuracy": 0.7494115611000001}
{"config": [9, 64, 128, 32, 0, 0], "accuracy": 0.5306507442}
{"config": [3, 16, 128, 32, 0, 0], "accuracy": 0.7366043614000001}
{"config": [3, 64, 32, 64, 1, 1], "accuracy": 0.7643475251}
{"config": [9, 32, 32, 32, 1, 0], "accuracy": 0.7328314296}
{"config": [6, 16, 16, 64, 1, 0], "accuracy": 0.7476635514000001}
{"config": [6, 16, 16, 32, 1, 0], "accuracy": 0.7347352025}
{"config": [3, 64, 64, 64, 0, 1], "accuracy": 0.7587919695}
{"config": [3, 16, 64, 64, 1, 0], "accuracy": 0.7419868467}
{"config": [3, 32, 16, 64, 1, 0], "accuracy": 0.7439425407}
{"config": [3, 64, 32, 32, 1, 0], "accuracy": 0.7255105573}
{"config": [3, 32, 128, 41, 1, 0], "accuracy": 0.7198511596}
{"config": [3, 64, 16, 41, 1, 0], "accuracy": 0.7551574939}
{"config": [9, 64, 32, 64, 1, 0], "accuracy": 0.7438213915}
{"config": [3, 64, 64, 41, 1, 0], "accuracy": 0.7718241606}
{"config": [9, 32, 64, 41, 1, 0], "accuracy": 0.7459155417000001}
{"config": [9, 64, 16, 32, 1, 0], "accuracy": 0.7292142610000001}
{"config": [3, 32, 32, 41, 1, 0], "accuracy": 0.7588438906}
{"config": [6, 16, 64, 41, 0, 0], "accuracy": 0.7495500173}
{"config": [9, 16, 128, 64, 1, 0], "accuracy": 0.7123918311}
{"config": [3, 16, 32, 64, 0, 0], "accuracy": 0.7643475251}
{"config": [3, 32, 16, 41, 0, 0], "accuracy": 0.7755797854}
{"config": [3, 32, 128, 64, 0, 0], "accuracy": 0.6418310834000001}
{"config": [9, 16, 32, 64, 1, 0], "accuracy": 0.744132918}
{"config": [3, 64, 128, 41, 1, 1], "accuracy": 0.6754067151}
{"config": [9, 64, 64, 41, 0, 1], "accuracy": 0.7364659052}
{"config": [9, 32, 64, 64, 0, 1], "accuracy": 0.7438906196}
{"config": [6, 16, 128, 41, 1, 1], "accuracy": 0.7235202492}
{"config": [3, 16, 16, 41, 1, 1], "accuracy": 0.7830391139}
{"config": [9, 32, 64, 32, 1, 0], "accuracy": 0.7587919695}
{"config": [3, 32, 32, 32, 0, 0], "accuracy": 0.7457424714}
