{"config": [3, 16, 32, 32, 0, 0], "accuracy": 0.8230389610000001}
{"config": [6, 32, 16, 41, 1, 1], "accuracy": 0.8241818182}
{"config": [6, 16, 32, 41, 0, 0], "accuracy": 0.8207857143}
{"config": [6, 32, 32, 64, 1, 0], "accuracy": 0.8082142857}
{"config": [9, 16, 64, 64, 0, 1], "accuracy": 0.7681883117}
{"config": [3, 16, 32, 32, 0, 1], "accuracy": 0.8218766234}
{"config": [3, 16, 16, 64, 1, 1], "accuracy": 0.8116948052}
{"config": [9, 64, 128, 32, 0, 0], "accuracy": 0.7512727273}
{"config": [9, 64, 32, 32, 1, 0], "accuracy": 0.8037012987000001}
{"config": [3, 16, 128, 32, 0, 0], "accuracy": 0.8481688312000001}
{"config": [3, 64, 16, 64, 0, 1], "accuracy": 0.8299090909}
{"config": [3, 16, 128, 64, 0, 0], "accuracy": 0.8276688312}
{"config": [3, 64, 128, 64, 1, 0], "accuracy": 0.8378766234}
{"config": [3, 64, 64, 64, 0, 1], "accuracy": 0.8196558442}
{"config": [9, 16, 128, 32, 1, 0], "accuracy": 0.7923181818}
{"config": [3, 32, 64, 32, 1, 0], "accuracy": 0.8310844156}
{"config": [3, 32, 128, 41, 1, 0], "accuracy": 0.8310844156}
{"config": [3, 64, 16, 32, 0, 0], "accuracy": 0.8185519481}
{"config": [3, 64, 64, 32, 0, 0], "accuracy": 0.8162012987}
{"config": [9, 16, 16, 32, 1, 1], "accuracy": 0.8218831169}
{"config": [3, 32, 128, 64, 0, 0], "accuracy": 0.8207532468000001}
{"config": [6, 16, 64, 32, 1, 0], "accuracy": 0.7751038961000001}
{"config": [3, 64, 32, 41, 0, 0], "accuracy": 0.8105324675000001}
{"config": [3, 32, 64, 64, 1, 1], "accuracy": 0.8230389610000001}
{"config": [9, 64, 16, 41, 1, 0], "accuracy": 0.7923116883}
{"config": [3, 16, 128, 41, 0, 1], "accuracy": 0.8298766234}
{"config": [3, 32, 128, 32, 0, 1], "accuracy": 0.8288116883000001}
{"config": [9, 32, 32, 32, 1, 0], "accuracy": 0.8162987013}
{"config": [3, 64, 128, 32, 1, 0], "accuracy": 0.8344805195}
{"config": [3, 64, 32, 64, 1, 1], "accuracy": 0.8071363636000001}
{"config": [3, 16, 32, 64, 1, 0], "accuracy": 0.8127662338}
{"config": [3, 64, 128, 41, 0, 1], "accuracy": 0.8207792208}
{"config": [3, 16, 16, 41, 1, 1], "accuracy": 0.8151168831000001}
{"config": [9, 16, 16, 64, 0, 1], "accuracy": 0.8071168831000001}
{"config": [3, 32, 16, 64, 1, 0], "accuracy": 0.8390389610000001}
{"config": [9, 64, 64, 41, 1, 0], "accuracy": 0.7979935065}
{"config": [6, 32, 16, 32, 0, 0], "accuracy": 0.8162012987}
{"config": [3, 16, 64, 64, 1, 0], "accuracy": 0.8241948052}
{"config": [3, 64, 64, 41, 1, 1], "accuracy": 0.8264675325}
{"config": [3, 32, 32, 41, 1, 0], "accuracy": 0.818461039}
{"config": [9, 64, 128, 64, 1, 1], "accuracy": 0.7967597403000001}
{"config": [9, 16, 128, 64, 1, 0], "accuracy": 0.7854350649}
{"config": [9, 64, 64, 64, 1, 0], "accuracy": 0.7670714286}
{"config": [6, 32, 64, 41, 0, 1], "accuracy": 0.7830844156000001}
{"config": [3, 16, 128, 64, 1, 1], "accuracy": 0.8265}
{"config": [3, 64, 16, 41, 1, 1], "accuracy": 0.8276168831}
{"config": [3, 64, 32, 32, 1, 1], "accuracy": 0.8242077922000001}
{"config": [3, 32, 32, 64, 0, 1], "accuracy": 0.8059675325000001}
{"config": [9, 32, 64, 32, 1, 0], "accuracy": 0.7453376623}
{"config": [9, 64, 32, 64, 0, 1], "accuracy": 0.8104935065000001}
