{"config": [3, 16, 32, 32, 0, 0], "accuracy": 0.9275734634}
{"config": [9, 16, 128, 41, 1, 0], "accuracy": 0.9307261031}
{"config": [6, 16, 32, 41, 0, 0], "accuracy": 0.9590609320000001}
{"config": [6, 32, 32, 64, 1, 0], "accuracy": 0.9392722539}
{"config": [9, 64, 128, 32, 1, 0], "accuracy": 0.9284748676000001}
{"config": [6, 16, 32, 41, 0, 1], "accuracy": 0.9311717496}
{"config": [9, 32, 64, 41, 1, 0], "accuracy": 0.9295994742}
{"config": [3, 64, 128, 64, 0, 0], "accuracy": 0.9406198102000001}
{"config": [9, 64, 16, 32, 1, 0], "accuracy": 0.9374714678}
{"config": [9, 16, 16, 41, 0, 0], "accuracy": 0.9394957091}
{"config": [9, 16, 64, 64, 0, 0], "accuracy": 0.9390442487}
{"config": [9, 64, 32, 64, 1, 0], "accuracy": 0.9329710191}
{"config": [9, 16, 128, 64, 0, 0], "accuracy": 0.9338749510000001}
{"config": [3, 64, 64, 32, 0, 0], "accuracy": 0.9318466652}
{"config": [6, 16, 16, 64, 0, 0], "accuracy": 0.9383708497000001}
{"config": [9, 64, 128, 64, 1, 0], "accuracy": 0.9289253169}
{"config": [3, 64, 16, 41, 1, 0], "accuracy": 0.9322976201000001}
{"config": [9, 64, 32, 41, 0, 0], "accuracy": 0.9356719455}
{"config": [3, 32, 128, 41, 1, 0], "accuracy": 0.9313989965}
{"config": [9, 16, 32, 64, 1, 0], "accuracy": 0.9354457097000001}
{"config": [6, 64, 64, 64, 0, 0], "accuracy": 0.9298272267000001}
{"config": [3, 16, 128, 32, 0, 0], "accuracy": 0.9302741371000001}
{"config": [3, 16, 64, 64, 1, 0], "accuracy": 0.9331980132000001}
{"config": [6, 64, 16, 64, 1, 0], "accuracy": 0.9385943049000001}
{"config": [6, 16, 64, 41, 0, 0], "accuracy": 0.9349952604}
{"config": [9, 32, 128, 32, 0, 0], "accuracy": 0.9313977326}
{"config": [3, 32, 16, 41, 0, 0], "accuracy": 0.9372467487}
{"config": [3, 32, 128, 64, 0, 0], "accuracy": 0.9361203726}
{"config": [9, 32, 32, 32, 1, 0], "accuracy": 0.9338741927}
{"config": [9, 64, 64, 41, 1, 0], "accuracy": 0.9298236878}
{"config": [6, 64, 128, 41, 0, 0], "accuracy": 0.9284748676000001}
{"config": [3, 16, 32, 64, 0, 0], "accuracy": 0.9349945021}
{"config": [3, 64, 32, 32, 1, 0], "accuracy": 0.9302738843}
{"config": [3, 64, 128, 32, 1, 0], "accuracy": 0.9300489124}
{"config": [6, 32, 64, 64, 0, 0], "accuracy": 0.9293742496}
{"config": [3, 16, 128, 64, 0, 0], "accuracy": 0.9349975354000001}
{"config": [3, 32, 16, 64, 1, 0], "accuracy": 0.9394967202000001}
{"config": [3, 64, 16, 32, 0, 0], "accuracy": 0.9338749510000001}
{"config": [3, 64, 32, 64, 1, 1], "accuracy": 0.9406198102000001}
{"config": [9, 16, 64, 32, 1, 1], "accuracy": 0.9302728732000001}
{"config": [3, 32, 64, 32, 1, 0], "accuracy": 0.9363498945000001}
{"config": [9, 64, 64, 32, 1, 0], "accuracy": 0.9298241933}
{"config": [3, 32, 32, 41, 1, 0], "accuracy": 0.9354484903}
{"config": [9, 16, 128, 32, 1, 1], "accuracy": 0.9264503735}
{"config": [3, 16, 16, 32, 1, 0], "accuracy": 0.9349985465}
{"config": [9, 32, 16, 32, 1, 0], "accuracy": 0.9295989687}
{"config": [9, 16, 32, 32, 1, 0], "accuracy": 0.9307245864}
{"config": [9, 32, 128, 64, 1, 1], "accuracy": 0.932075176}
{"config": [3, 16, 128, 41, 0, 1], "accuracy": 0.9314035465}
{"config": [3, 16, 32, 41, 1, 0], "accuracy": 0.9361208781}
