{"config": [3, 16, 32, 32, 0, 0], "accuracy": 0.5899018233000001}
{"config": [6, 32, 16, 41, 1, 1], "accuracy": 0.49663394110000003}
{"config": [6, 16, 32, 41, 0, 0], "accuracy": 0.5487377279}
{"config": [6, 32, 32, 64, 1, 0], "accuracy": 0.5550490884}
{"config": [9, 16, 64, 64, 0, 1], "accuracy": 0.4773959794}
{"config": [3, 16, 32, 32, 0, 1], "accuracy": 0.5356708742}
{"config": [3, 32, 32, 41, 1, 0], "accuracy": 0.538055166}
{"config": [6, 16, 64, 32, 1, 0], "accuracy": 0.5266012155}
{"config": [9, 32, 64, 41, 1, 0], "accuracy": 0.4835904628}
{"config": [3, 64, 128, 64, 0, 0], "accuracy": 0.5704067321}
{"config": [3, 16, 128, 64, 0, 0], "accuracy": 0.5355773726}
{"config": [6, 64, 16, 64, 1, 0], "accuracy": 0.5141421225}
{"config": [3, 64, 128, 32, 1, 0], "accuracy": 0.5725338943}
{"config": [3, 16, 16, 32, 1, 0], "accuracy": 0.5830995792}
{"config": [3, 16, 128, 32, 0, 0], "accuracy": 0.6025946704}
{"config": [6, 16, 16, 64, 0, 0], "accuracy": 0.4924731183}
{"config": [9, 32, 128, 32, 0, 0], "accuracy": 0.5271856007}
{"config": [9, 64, 16, 32, 1, 0], "accuracy": 0.5097007948}
{"config": [6, 64, 64, 64, 0, 0], "accuracy": 0.4032959327}
{"config": [3, 32, 128, 41, 1, 0], "accuracy": 0.5377279102}
{"config": [9, 16, 32, 32, 1, 0], "accuracy": 0.5118045816}
{"config": [9, 64, 128, 64, 1, 0], "accuracy": 0.4096072931}
{"config": [3, 64, 16, 32, 0, 0], "accuracy": 0.5396680692}
{"config": [3, 64, 64, 32, 0, 0], "accuracy": 0.5466105657}
{"config": [3, 16, 64, 64, 1, 0], "accuracy": 0.563487611}
{"config": [6, 32, 16, 32, 0, 0], "accuracy": 0.5638148668}
{"config": [3, 32, 128, 64, 0, 0], "accuracy": 0.6025712950000001}
{"config": [3, 32, 128, 32, 0, 1], "accuracy": 0.5657784011}
{"config": [6, 32, 64, 64, 0, 0], "accuracy": 0.526741468}
{"config": [3, 32, 16, 64, 1, 0], "accuracy": 0.5052828424}
{"config": [3, 64, 32, 41, 0, 0], "accuracy": 0.5271154745000001}
{"config": [3, 16, 32, 64, 0, 0], "accuracy": 0.5053529687}
{"config": [3, 32, 64, 32, 1, 0], "accuracy": 0.5465404395}
{"config": [3, 64, 128, 41, 0, 1], "accuracy": 0.5658719028}
{"config": [6, 64, 32, 64, 0, 0], "accuracy": 0.4920289855}
{"config": [9, 64, 128, 32, 0, 0], "accuracy": 0.3667601683}
{"config": [9, 16, 128, 32, 1, 0], "accuracy": 0.5681626928}
{"config": [3, 64, 32, 32, 1, 0], "accuracy": 0.507713885}
{"config": [9, 16, 128, 64, 0, 0], "accuracy": 0.5528985507}
{"config": [9, 16, 16, 41, 0, 0], "accuracy": 0.5334034596}
{"config": [3, 64, 64, 41, 1, 0], "accuracy": 0.5940626461}
{"config": [6, 16, 64, 41, 0, 0], "accuracy": 0.5398784479000001}
{"config": [9, 32, 128, 64, 1, 1], "accuracy": 0.5315801777}
{"config": [3, 64, 16, 41, 1, 0], "accuracy": 0.5593735390000001}
{"config": [9, 64, 64, 41, 1, 0], "accuracy": 0.45551659650000004}
{"config": [3, 16, 128, 41, 0, 0], "accuracy": 0.5918186068}
{"config": [9, 16, 32, 64, 1, 0], "accuracy": 0.4796400187}
{"config": [3, 32, 16, 32, 1, 0], "accuracy": 0.5853669939}
{"config": [3, 32, 32, 32, 0, 0], "accuracy": 0.5529219261}
{"config": [3, 32, 16, 41, 0, 0], "accuracy": 0.6090229079}
