{"config": [3, 16, 32, 32, 0, 0], "accuracy": 0.8253694581000001}
{"config": [6, 32, 16, 41, 1, 1], "accuracy": 0.8261083744000001}
{"config": [6, 16, 32, 41, 0, 0], "accuracy": 0.8177339901}
{"config": [6, 32, 32, 64, 1, 0], "accuracy": 0.8384236453}
{"config": [9, 16, 64, 64, 0, 1], "accuracy": 0.7837438424000001}
{"config": [3, 16, 32, 32, 0, 1], "accuracy": 0.8115763547}
{"config": [3, 64, 128, 32, 1, 0], "accuracy": 0.7817733990000001}
{"config": [3, 64, 32, 32, 0, 0], "accuracy": 0.8322660099}
{"config": [3, 64, 16, 64, 0, 1], "accuracy": 0.8120689655000001}
{"config": [3, 64, 128, 64, 1, 0], "accuracy": 0.7773399015}
{"config": [3, 16, 16, 64, 1, 1], "accuracy": 0.7834975369}
{"config": [3, 16, 128, 32, 0, 0], "accuracy": 0.7832512315}
{"config": [9, 64, 64, 64, 1, 0], "accuracy": 0.8256157635}
{"config": [3, 32, 64, 32, 1, 0], "accuracy": 0.8105911330000001}
{"config": [9, 64, 16, 32, 1, 0], "accuracy": 0.8455665025}
{"config": [9, 16, 128, 64, 1, 0], "accuracy": 0.7832512315}
{"config": [9, 32, 128, 32, 0, 0], "accuracy": 0.7270935961}
{"config": [9, 64, 32, 64, 1, 0], "accuracy": 0.7844827586}
{"config": [3, 32, 64, 64, 1, 1], "accuracy": 0.8320197044000001}
{"config": [3, 64, 16, 32, 1, 0], "accuracy": 0.8248768473}
{"config": [3, 64, 64, 32, 0, 0], "accuracy": 0.8253694581000001}
{"config": [9, 32, 32, 32, 1, 0], "accuracy": 0.7830049261}
{"config": [3, 32, 128, 64, 0, 0], "accuracy": 0.7697044335000001}
{"config": [6, 16, 16, 32, 1, 0], "accuracy": 0.8460591133}
{"config": [3, 64, 64, 64, 0, 1], "accuracy": 0.8115763547}
{"config": [6, 32, 16, 64, 0, 0], "accuracy": 0.7266009852}
{"config": [3, 16, 32, 64, 1, 0], "accuracy": 0.8110837438}
{"config": [9, 64, 64, 41, 1, 0], "accuracy": 0.8248768473}
{"config": [9, 64, 16, 41, 1, 0], "accuracy": 0.7618226601}
{"config": [3, 32, 16, 32, 1, 0], "accuracy": 0.8253694581000001}
{"config": [6, 16, 64, 32, 1, 0], "accuracy": 0.7620689655}
{"config": [3, 16, 16, 41, 1, 1], "accuracy": 0.8325123153}
{"config": [9, 64, 128, 41, 1, 0], "accuracy": 0.7625615764}
{"config": [9, 32, 64, 64, 0, 1], "accuracy": 0.7773399015}
{"config": [3, 16, 128, 41, 1, 0], "accuracy": 0.8322660099}
{"config": [3, 16, 128, 64, 1, 1], "accuracy": 0.797044335}
{"config": [3, 32, 32, 41, 1, 0], "accuracy": 0.7485221675}
{"config": [9, 16, 16, 41, 0, 0], "accuracy": 0.8320197044000001}
{"config": [9, 64, 64, 32, 1, 0], "accuracy": 0.7763546798000001}
{"config": [3, 32, 128, 41, 1, 0], "accuracy": 0.7615763547000001}
{"config": [3, 16, 64, 64, 1, 0], "accuracy": 0.8051724138}
{"config": [9, 32, 16, 32, 1, 0], "accuracy": 0.7899014778}
{"config": [9, 32, 64, 41, 1, 0], "accuracy": 0.7967980296}
{"config": [9, 16, 32, 64, 1, 0], "accuracy": 0.7674876847000001}
{"config": [9, 16, 32, 32, 1, 0], "accuracy": 0.8041871921}
{"config": [9, 64, 32, 32, 0, 1], "accuracy": 0.7972906404000001}
{"config": [3, 64, 32, 64, 1, 1], "accuracy": 0.7834975369}
{"config": [9, 16, 128, 41, 1, 0], "accuracy": 0.7411330049}
{"config": [3, 64, 64, 41, 1, 0], "accuracy": 0.7965517241000001}
{"config": [9, 64, 128, 64, 1, 1], "accuracy": 0.7270935961}
