{"config": [3, 16, 32, 32, 0, 0], "accuracy": 0.6021621622000001}
{"config": [6, 32, 16, 41, 1, 1], "accuracy": 0.6058149058}
{"config": [6, 16, 32, 41, 0, 0], "accuracy": 0.5878132678}
{"config": [6, 32, 32, 64, 1, 0], "accuracy": 0.6057821458}
{"config": [9, 16, 64, 64, 0, 1], "accuracy": 0.5424897625}
{"config": [3, 16, 32, 32, 0, 1], "accuracy": 0.5896642097}
{"config": [3, 64, 128, 32, 1, 0], "accuracy": 0.4395413595}
{"config": [3, 64, 32, 32, 0, 0], "accuracy": 0.5969041769}
{"config": [3, 64, 16, 64, 0, 1], "accuracy": 0.6093857494}
{"config": [3, 16, 16, 64, 1, 1], "accuracy": 0.6113185913}
{"config": [3, 16, 128, 64, 0, 0], "accuracy": 0.4592301392}
{"config": [3, 64, 64, 64, 0, 1], "accuracy": 0.5102211302}
{"config": [3, 64, 16, 32, 1, 0], "accuracy": 0.6147092547}
{"config": [3, 16, 128, 32, 0, 0], "accuracy": 0.46651924650000004}
{"config": [3, 32, 64, 32, 1, 0], "accuracy": 0.5930876331}
{"config": [3, 32, 16, 41, 0, 0], "accuracy": 0.6348075348000001}
{"config": [6, 32, 16, 64, 0, 0], "accuracy": 0.6201474201}
{"config": [9, 64, 128, 64, 1, 0], "accuracy": 0.565978706}
{"config": [3, 16, 16, 32, 1, 0], "accuracy": 0.593038493}
{"config": [3, 64, 128, 64, 0, 0], "accuracy": 0.4520556921}
{"config": [9, 64, 64, 32, 1, 0], "accuracy": 0.5009172809}
{"config": [9, 32, 128, 41, 1, 0], "accuracy": 0.4016380016}
{"config": [6, 16, 64, 32, 1, 0], "accuracy": 0.5550204750000001}
{"config": [3, 32, 32, 32, 0, 0], "accuracy": 0.5784275184000001}
{"config": [9, 64, 32, 64, 1, 0], "accuracy": 0.5840131040000001}
{"config": [9, 64, 16, 41, 1, 0], "accuracy": 0.5895986896000001}
{"config": [3, 32, 64, 64, 1, 1], "accuracy": 0.5403439803}
{"config": [3, 16, 32, 64, 0, 0], "accuracy": 0.5895004095}
{"config": [3, 64, 16, 41, 1, 0], "accuracy": 0.6022440622}
{"config": [9, 32, 64, 41, 1, 0], "accuracy": 0.5044717445}
{"config": [9, 16, 16, 64, 0, 1], "accuracy": 0.6004586405}
{"config": [3, 64, 32, 64, 1, 1], "accuracy": 0.6058149058}
{"config": [3, 32, 16, 32, 1, 0], "accuracy": 0.6022276822}
{"config": [3, 16, 64, 64, 1, 0], "accuracy": 0.5930548731}
{"config": [3, 64, 64, 41, 1, 0], "accuracy": 0.558968059}
{"config": [9, 32, 128, 64, 1, 1], "accuracy": 0.5062899263}
{"config": [9, 16, 16, 41, 0, 0], "accuracy": 0.6093529894}
{"config": [3, 16, 16, 41, 1, 1], "accuracy": 0.6257002457}
{"config": [9, 64, 128, 41, 1, 1], "accuracy": 0.5171171171}
{"config": [9, 16, 128, 64, 1, 0], "accuracy": 0.49189189190000004}
{"config": [3, 64, 32, 41, 0, 1], "accuracy": 0.5840950041}
{"config": [3, 64, 64, 32, 0, 1], "accuracy": 0.5840950041}
{"config": [6, 16, 64, 41, 0, 0], "accuracy": 0.5604095004}
{"config": [3, 32, 32, 64, 0, 1], "accuracy": 0.5659459459}
{"config": [6, 64, 16, 64, 1, 0], "accuracy": 0.5803767404}
{"config": [9, 16, 32, 64, 1, 0], "accuracy": 0.5859623260000001}
{"config": [9, 64, 16, 32, 0, 1], "accuracy": 0.6040131040000001}
{"config": [3, 32, 32, 41, 1, 0], "accuracy": 0.5875348075}
{"config": [9, 16, 128, 41, 1, 0], "accuracy": 0.463046683}
{"config": [9, 64, 32, 32, 1, 0], "accuracy": 0.557035217}
