{"config": [3, 16, 32, 32, 0, 0], "accuracy": 0.8273423734}
{"config": [6, 64, 16, 64, 1, 1], "accuracy": 0.8194476366000001}
{"config": [6, 16, 32, 41, 0, 0], "accuracy": 0.8229832222}
{"config": [6, 32, 32, 64, 1, 0], "accuracy": 0.8264728415}
{"config": [9, 16, 64, 64, 0, 1], "accuracy": 0.8142495978000001}
{"config": [3, 16, 32, 32, 0, 1], "accuracy": 0.8185781047}
{"config": [3, 64, 128, 32, 1, 0], "accuracy": 0.8343445951}
{"config": [3, 16, 128, 64, 0, 0], "accuracy": 0.8124760591}
{"config": [3, 64, 128, 64, 0, 0], "accuracy": 0.8062859113}
{"config": [9, 64, 64, 32, 1, 0], "accuracy": 0.8317283383}
{"config": [9, 16, 128, 32, 1, 0], "accuracy": 0.8185589520000001}
{"config": [3, 64, 16, 32, 0, 0], "accuracy": 0.8168390408}
{"config": [3, 64, 64, 41, 0, 0], "accuracy": 0.8256224623}
{"config": [6, 16, 16, 64, 1, 0], "accuracy": 0.8167930744}
{"config": [3, 32, 64, 32, 1, 0], "accuracy": 0.8396498889}
{"config": [9, 64, 128, 32, 0, 0], "accuracy": 0.8255688348}
{"config": [9, 32, 16, 32, 1, 0], "accuracy": 0.8150501800000001}
{"config": [3, 16, 128, 32, 0, 0], "accuracy": 0.8194744503}
{"config": [9, 64, 64, 64, 1, 0], "accuracy": 0.8185857657000001}
{"config": [3, 16, 64, 64, 1, 0], "accuracy": 0.8194514671}
{"config": [3, 32, 128, 41, 1, 0], "accuracy": 0.8115375776}
{"config": [6, 16, 64, 32, 1, 0], "accuracy": 0.8317245078000001}
{"config": [9, 64, 32, 32, 1, 0], "accuracy": 0.8291197426}
{"config": [3, 64, 32, 64, 1, 1], "accuracy": 0.8177009117}
{"config": [3, 32, 16, 41, 1, 0], "accuracy": 0.8378265533}
{"config": [3, 16, 16, 32, 1, 0], "accuracy": 0.8176740979}
{"config": [9, 32, 128, 64, 1, 1], "accuracy": 0.8281927526}
{"config": [6, 32, 64, 64, 0, 0], "accuracy": 0.8378763503000001}
{"config": [9, 32, 64, 41, 1, 0], "accuracy": 0.8405002681}
{"config": [3, 32, 16, 64, 1, 0], "accuracy": 0.8185512909}
{"config": [9, 64, 16, 41, 1, 0], "accuracy": 0.8194629587000001}
{"config": [9, 64, 128, 41, 1, 1], "accuracy": 0.8448670804}
{"config": [9, 64, 128, 64, 1, 0], "accuracy": 0.8247261166000001}
{"config": [3, 32, 32, 41, 1, 0], "accuracy": 0.8238336015000001}
{"config": [3, 16, 32, 64, 0, 0], "accuracy": 0.7992798590000001}
{"config": [9, 64, 32, 64, 0, 1], "accuracy": 0.8168045660000001}
{"config": [3, 64, 32, 41, 0, 0], "accuracy": 0.8273500345}
{"config": [9, 16, 128, 64, 1, 0], "accuracy": 0.8229640696}
{"config": [6, 16, 128, 41, 1, 1], "accuracy": 0.8194055007000001}
{"config": [9, 32, 128, 32, 0, 1], "accuracy": 0.8264421972}
{"config": [3, 64, 64, 32, 1, 1], "accuracy": 0.8273615261}
{"config": [6, 16, 64, 41, 0, 0], "accuracy": 0.8361104727}
{"config": [9, 16, 16, 41, 0, 0], "accuracy": 0.8159695089000001}
{"config": [3, 64, 64, 64, 0, 1], "accuracy": 0.8185781047}
{"config": [3, 64, 128, 41, 0, 1], "accuracy": 0.8238719068}
{"config": [9, 16, 32, 64, 1, 0], "accuracy": 0.7948938941}
{"config": [9, 32, 64, 32, 1, 0], "accuracy": 0.8247107945000001}
{"config": [9, 64, 64, 41, 0, 1], "accuracy": 0.811533747}
{"config": [9, 16, 32, 32, 1, 0], "accuracy": 0.8036581629}
{"config": [3, 32, 64, 64, 1, 1], "accuracy": 0.818566613}
