{"config": [3, 16, 32, 32, 0, 0], "accuracy": 0.74001638}
{"config": [6, 32, 16, 41, 1, 1], "accuracy": 0.7238656839000001}
{"config": [6, 16, 32, 41, 0, 0], "accuracy": 0.7057166257}
{"config": [6, 32, 32, 64, 1, 0], "accuracy": 0.6984111384}
{"config": [9, 16, 64, 64, 0, 1], "accuracy": 0.7202293202000001}
{"config": [3, 16, 32, 32, 0, 1], "accuracy": 0.7184438984}
{"config": [3, 64, 128, 32, 1, 0], "accuracy": 0.627993448}
{"config": [9, 64, 64, 32, 1, 0], "accuracy": 0.6787878788}
{"config": [3, 16, 128, 64, 0, 0], "accuracy": 0.6951515152000001}
{"config": [3, 64, 16, 32, 0, 0], "accuracy": 0.7274365274}
{"config": [9, 16, 128, 32, 1, 0], "accuracy": 0.5286650287}
{"config": [9, 64, 128, 64, 1, 0], "accuracy": 0.6046846847}
{"config": [3, 32, 64, 32, 1, 0], "accuracy": 0.7147583948}
{"config": [3, 16, 16, 32, 1, 0], "accuracy": 0.7346109746}
{"config": [3, 64, 64, 64, 0, 1], "accuracy": 0.667993448}
{"config": [3, 32, 32, 32, 0, 0], "accuracy": 0.7220638821}
{"config": [6, 64, 16, 64, 1, 0], "accuracy": 0.7526945127}
{"config": [3, 16, 64, 64, 1, 0], "accuracy": 0.7238165438}
{"config": [9, 32, 16, 32, 1, 0], "accuracy": 0.7346764947000001}
{"config": [6, 16, 16, 64, 0, 0], "accuracy": 0.722047502}
{"config": [6, 16, 64, 32, 1, 0], "accuracy": 0.6116953317}
{"config": [6, 32, 64, 64, 0, 0], "accuracy": 0.6319246519}
{"config": [3, 64, 32, 41, 0, 0], "accuracy": 0.7310565111}
{"config": [9, 32, 128, 64, 1, 1], "accuracy": 0.6444226044}
{"config": [9, 64, 32, 64, 1, 0], "accuracy": 0.6932841933}
{"config": [3, 32, 16, 64, 1, 0], "accuracy": 0.7328419328}
{"config": [9, 64, 16, 41, 1, 0], "accuracy": 0.7293038493}
{"config": [3, 64, 64, 41, 0, 0], "accuracy": 0.6913841114}
{"config": [3, 16, 32, 64, 0, 0], "accuracy": 0.7165929566}
{"config": [3, 32, 128, 41, 1, 0], "accuracy": 0.5846355446}
{"config": [3, 64, 16, 41, 1, 0], "accuracy": 0.7328746929000001}
{"config": [3, 64, 32, 32, 1, 0], "accuracy": 0.6986404586}
{"config": [3, 64, 16, 64, 0, 1], "accuracy": 0.7455200655}
{"config": [9, 16, 128, 64, 1, 0], "accuracy": 0.6985585586}
{"config": [3, 32, 16, 32, 1, 0], "accuracy": 0.7490745291}
{"config": [9, 16, 32, 64, 1, 0], "accuracy": 0.6858640459}
{"config": [9, 64, 128, 41, 1, 1], "accuracy": 0.59000819}
{"config": [9, 32, 64, 41, 1, 0], "accuracy": 0.7021621622}
{"config": [9, 64, 64, 64, 1, 0], "accuracy": 0.6482063882}
{"config": [9, 16, 16, 41, 0, 0], "accuracy": 0.7075511876}
{"config": [3, 64, 128, 64, 0, 1], "accuracy": 0.6895823096}
{"config": [9, 16, 32, 32, 1, 0], "accuracy": 0.6785913186}
{"config": [6, 32, 16, 64, 0, 0], "accuracy": 0.7384275184}
{"config": [3, 32, 16, 41, 0, 0], "accuracy": 0.7238820639}
{"config": [9, 64, 32, 41, 0, 0], "accuracy": 0.7219164619}
{"config": [9, 32, 128, 32, 0, 1], "accuracy": 0.48175266180000004}
{"config": [3, 32, 32, 41, 1, 0], "accuracy": 0.6985913186}
{"config": [9, 32, 64, 32, 1, 0], "accuracy": 0.5520884521}
{"config": [6, 16, 64, 41, 0, 0], "accuracy": 0.6390663391}
{"config": [3, 64, 64, 32, 1, 1], "accuracy": 0.6661916462}
