{"config": [3, 16, 32, 32, 0, 0], "accuracy": 0.9685533426}
{"config": [6, 64, 16, 64, 1, 1], "accuracy": 0.9677628532}
{"config": [6, 16, 32, 41, 0, 0], "accuracy": 0.9622726571}
{"config": [6, 32, 32, 64, 1, 0], "accuracy": 0.9685379034}
{"config": [9, 16, 64, 64, 0, 1], "accuracy": 0.9701188822000001}
{"config": [9, 16, 64, 64, 0, 0], "accuracy": 0.9716875096}
{"config": [3, 64, 128, 32, 1, 0], "accuracy": 0.9811147136}
{"config": [3, 16, 128, 64, 0, 0], "accuracy": 0.9732530493}
{"config": [3, 64, 128, 64, 0, 0], "accuracy": 0.9709062838}
{"config": [3, 64, 64, 32, 0, 0], "accuracy": 0.9716875096}
{"config": [3, 16, 128, 32, 0, 0], "accuracy": 0.9693407442}
{"config": [9, 64, 16, 32, 1, 0], "accuracy": 0.9685626061}
{"config": [3, 16, 16, 64, 1, 1], "accuracy": 0.9756276054}
{"config": [9, 32, 128, 64, 1, 1], "accuracy": 0.9638289331000001}
{"config": [9, 64, 64, 64, 1, 0], "accuracy": 0.9669785394}
{"config": [9, 64, 128, 32, 0, 0], "accuracy": 0.9756245175}
{"config": [3, 64, 16, 32, 0, 0], "accuracy": 0.9772054964}
{"config": [3, 16, 64, 64, 1, 0], "accuracy": 0.97012197}
{"config": [9, 32, 16, 32, 0, 1], "accuracy": 0.9748432916}
{"config": [9, 16, 64, 32, 1, 1], "accuracy": 0.9787772117}
{"config": [6, 32, 64, 32, 0, 1], "accuracy": 0.9772054964}
{"config": [3, 16, 16, 32, 1, 0], "accuracy": 0.9771931450000001}
{"config": [9, 16, 128, 41, 1, 0], "accuracy": 0.9638165818000001}
{"config": [3, 32, 128, 41, 1, 0], "accuracy": 0.9701065308000001}
{"config": [3, 64, 32, 32, 1, 1], "accuracy": 0.9693469199}
{"config": [3, 32, 16, 41, 1, 0], "accuracy": 0.9772024085000001}
{"config": [3, 64, 64, 64, 0, 1], "accuracy": 0.9756214297}
{"config": [9, 32, 128, 32, 0, 1], "accuracy": 0.9764211826}
{"config": [6, 64, 32, 64, 0, 0], "accuracy": 0.9724872626000001}
{"config": [3, 64, 128, 41, 0, 1], "accuracy": 0.9732715763}
{"config": [6, 32, 16, 64, 0, 0], "accuracy": 0.9709031959000001}
{"config": [6, 32, 64, 64, 0, 0], "accuracy": 0.9748432916}
{"config": [9, 16, 16, 64, 1, 1], "accuracy": 0.969365447}
{"config": [9, 32, 32, 32, 1, 0], "accuracy": 0.971699861}
{"config": [9, 64, 128, 64, 1, 1], "accuracy": 0.9732561371}
{"config": [9, 64, 64, 41, 0, 1], "accuracy": 0.9685348155000001}
{"config": [3, 64, 16, 41, 1, 1], "accuracy": 0.9693469199}
{"config": [6, 16, 64, 41, 0, 0], "accuracy": 0.9756245175}
{"config": [9, 16, 128, 64, 0, 0], "accuracy": 0.9779959858}
{"config": [3, 16, 32, 64, 0, 0], "accuracy": 0.9724779991}
{"config": [9, 64, 32, 41, 0, 0], "accuracy": 0.9709124595}
{"config": [3, 64, 64, 41, 1, 0], "accuracy": 0.9724934383}
{"config": [9, 32, 64, 41, 1, 0], "accuracy": 0.9724996140000001}
{"config": [9, 16, 16, 41, 0, 0], "accuracy": 0.9740497144}
{"config": [9, 64, 128, 41, 1, 0], "accuracy": 0.9756214297}
{"config": [3, 32, 32, 41, 1, 1], "accuracy": 0.9772024085000001}
{"config": [3, 16, 16, 41, 0, 1], "accuracy": 0.9748371159}
{"config": [3, 64, 16, 64, 0, 1], "accuracy": 0.9764211826}
{"config": [9, 16, 128, 32, 1, 1], "accuracy": 0.9724810869}
{"config": [9, 64, 64, 32, 1, 0], "accuracy": 0.9630168288000001}
