{"config": [3, 16, 32, 32, 0, 0], "accuracy": 0.44881516590000003}
{"config": [6, 64, 16, 64, 1, 1], "accuracy": 0.4028436019}
{"config": [6, 16, 32, 41, 0, 0], "accuracy": 0.4530805687}
{"config": [6, 32, 32, 64, 1, 0], "accuracy": 0.42085308060000004}
{"config": [3, 32, 16, 64, 1, 0], "accuracy": 0.43033175360000003}
{"config": [6, 16, 32, 41, 0, 1], "accuracy": 0.4298578199}
{"config": [3, 64, 64, 32, 0, 0], "accuracy": 0.4440758294}
{"config": [9, 16, 128, 32, 1, 0], "accuracy": 0.4464454976}
{"config": [9, 64, 128, 32, 0, 0], "accuracy": 0.4848341232}
{"config": [9, 64, 16, 32, 1, 0], "accuracy": 0.43933649290000004}
{"config": [3, 64, 128, 64, 0, 0], "accuracy": 0.428436019}
{"config": [9, 16, 128, 64, 0, 0], "accuracy": 0.4165876777}
{"config": [3, 16, 128, 32, 0, 0], "accuracy": 0.4639810427}
{"config": [9, 32, 128, 32, 0, 0], "accuracy": 0.4895734597}
{"config": [9, 16, 16, 64, 0, 1], "accuracy": 0.43933649290000004}
{"config": [3, 64, 128, 32, 1, 0], "accuracy": 0.43270142180000004}
{"config": [3, 64, 16, 32, 0, 0], "accuracy": 0.4412322275}
{"config": [6, 32, 16, 32, 0, 0], "accuracy": 0.45829383890000003}
{"config": [9, 16, 64, 41, 0, 0], "accuracy": 0.4331753555}
{"config": [6, 64, 64, 64, 0, 0], "accuracy": 0.4478672986}
{"config": [9, 64, 32, 41, 0, 0], "accuracy": 0.4383886256}
{"config": [3, 16, 64, 64, 1, 0], "accuracy": 0.43933649290000004}
{"config": [3, 16, 16, 32, 1, 0], "accuracy": 0.4568720379}
{"config": [9, 64, 128, 64, 1, 0], "accuracy": 0.48862559240000003}
{"config": [9, 64, 128, 41, 1, 0], "accuracy": 0.47109004740000004}
{"config": [3, 32, 64, 32, 1, 0], "accuracy": 0.4478672986}
{"config": [6, 32, 64, 64, 0, 0], "accuracy": 0.4293838863}
{"config": [3, 32, 128, 64, 0, 0], "accuracy": 0.43791469190000004}
{"config": [3, 16, 32, 64, 0, 0], "accuracy": 0.44881516590000003}
{"config": [9, 64, 64, 32, 1, 0], "accuracy": 0.4331753555}
{"config": [3, 64, 32, 32, 1, 0], "accuracy": 0.4587677725}
{"config": [9, 32, 128, 41, 1, 0], "accuracy": 0.4800947867}
{"config": [3, 32, 32, 41, 1, 0], "accuracy": 0.42606635070000004}
{"config": [6, 64, 32, 64, 0, 0], "accuracy": 0.43649289100000005}
{"config": [9, 16, 32, 32, 1, 0], "accuracy": 0.4161137441}
{"config": [9, 16, 64, 64, 0, 0], "accuracy": 0.42606635070000004}
{"config": [9, 16, 16, 41, 0, 0], "accuracy": 0.4113744076}
{"config": [9, 32, 128, 64, 1, 1], "accuracy": 0.4744075829}
{"config": [3, 64, 64, 41, 1, 0], "accuracy": 0.4545023697}
{"config": [3, 32, 128, 32, 0, 1], "accuracy": 0.4630331754}
{"config": [6, 16, 64, 32, 1, 0], "accuracy": 0.4597156398}
{"config": [3, 16, 16, 64, 1, 1], "accuracy": 0.4431279621}
{"config": [3, 32, 16, 41, 1, 0], "accuracy": 0.44454976300000004}
{"config": [3, 16, 128, 41, 0, 1], "accuracy": 0.46066350710000004}
{"config": [3, 64, 16, 41, 1, 0], "accuracy": 0.4184834123}
{"config": [9, 16, 32, 64, 1, 0], "accuracy": 0.42606635070000004}
{"config": [9, 32, 64, 32, 1, 0], "accuracy": 0.4227488152}
{"config": [3, 16, 128, 64, 1, 1], "accuracy": 0.4450236967}
{"config": [9, 64, 64, 64, 1, 0], "accuracy": 0.45260663510000004}
{"config": [9, 64, 64, 41, 0, 1], "accuracy": 0.45260663510000004}
