{"config": [3, 16, 32, 32, 0, 0], "accuracy": 0.8457478442}
{"config": [6, 64, 16, 64, 1, 1], "accuracy": 0.8393519109}
{"config": [6, 16, 32, 41, 0, 0], "accuracy": 0.8322069298}
{"config": [6, 32, 32, 64, 1, 0], "accuracy": 0.8465032638000001}
{"config": [3, 32, 16, 64, 1, 0], "accuracy": 0.8461181202}
{"config": [3, 32, 16, 64, 1, 1], "accuracy": 0.8555279442}
{"config": [3, 64, 128, 41, 1, 1], "accuracy": 0.8476324993000001}
{"config": [3, 16, 128, 64, 1, 1], "accuracy": 0.8453627005000001}
{"config": [3, 64, 64, 64, 0, 1], "accuracy": 0.8483695113}
{"config": [3, 16, 128, 32, 0, 0], "accuracy": 0.8382347111}
{"config": [3, 64, 32, 32, 1, 1], "accuracy": 0.8457499681}
{"config": [3, 16, 64, 64, 1, 1], "accuracy": 0.8416089659}
{"config": [9, 64, 128, 64, 1, 1], "accuracy": 0.8164089603}
{"config": [6, 32, 64, 32, 0, 1], "accuracy": 0.8329566855}
{"config": [9, 32, 16, 32, 1, 1], "accuracy": 0.8491405066000001}
{"config": [9, 64, 128, 32, 0, 0], "accuracy": 0.8291951630000001}
{"config": [9, 16, 16, 64, 1, 1], "accuracy": 0.8374679637}
{"config": [3, 32, 128, 32, 0, 1], "accuracy": 0.844236297}
{"config": [3, 16, 16, 32, 1, 1], "accuracy": 0.8416160458}
{"config": [3, 64, 16, 32, 0, 1], "accuracy": 0.8555428118}
{"config": [3, 64, 64, 32, 0, 1], "accuracy": 0.8363443921}
{"config": [3, 64, 128, 64, 0, 0], "accuracy": 0.8495093666}
{"config": [9, 64, 16, 32, 0, 1], "accuracy": 0.8329488977}
{"config": [3, 32, 128, 64, 0, 0], "accuracy": 0.8491369667}
{"config": [3, 32, 16, 41, 0, 1], "accuracy": 0.8431169732}
{"config": [9, 16, 64, 32, 1, 1], "accuracy": 0.84086629}
{"config": [9, 16, 128, 64, 0, 0], "accuracy": 0.8325715418}
{"config": [9, 32, 64, 64, 0, 1], "accuracy": 0.8431183892}
{"config": [9, 16, 128, 32, 1, 1], "accuracy": 0.8303229826}
{"config": [3, 64, 32, 64, 1, 1], "accuracy": 0.8525289212}
{"config": [3, 64, 128, 32, 1, 0], "accuracy": 0.8446249805}
{"config": [3, 16, 32, 64, 1, 1], "accuracy": 0.8423622616}
{"config": [3, 32, 128, 41, 1, 0], "accuracy": 0.8397427184}
{"config": [3, 32, 64, 64, 1, 1], "accuracy": 0.8434822933}
{"config": [9, 32, 32, 32, 1, 1], "accuracy": 0.8416004701}
{"config": [3, 64, 16, 41, 1, 1], "accuracy": 0.8449924246}
{"config": [3, 16, 128, 41, 0, 1], "accuracy": 0.8465075117}
{"config": [3, 64, 16, 64, 0, 1], "accuracy": 0.853276553}
{"config": [9, 64, 64, 41, 0, 1], "accuracy": 0.8363245685}
{"config": [9, 64, 32, 64, 0, 1], "accuracy": 0.8306975065000001}
{"config": [6, 16, 64, 41, 0, 0], "accuracy": 0.8397377625}
{"config": [9, 64, 64, 64, 1, 0], "accuracy": 0.8329630574}
{"config": [9, 16, 16, 32, 1, 1], "accuracy": 0.8401115784000001}
{"config": [3, 64, 64, 41, 1, 0], "accuracy": 0.8446079889}
{"config": [9, 16, 32, 64, 1, 1], "accuracy": 0.8337014854}
{"config": [3, 32, 32, 41, 1, 1], "accuracy": 0.8419884457}
{"config": [9, 32, 64, 41, 1, 1], "accuracy": 0.8261784405}
{"config": [3, 64, 32, 41, 0, 0], "accuracy": 0.8423594296}
{"config": [9, 32, 128, 64, 1, 1], "accuracy": 0.8423742973}
{"config": [9, 64, 64, 32, 1, 0], "accuracy": 0.8344668168}
