{"config": [3, 16, 32, 32, 0, 0], "accuracy": 0.8922478187}
{"config": [6, 32, 16, 41, 1, 1], "accuracy": 0.8933211977000001}
{"config": [6, 16, 32, 41, 0, 0], "accuracy": 0.8866863348}
{"config": [6, 32, 32, 64, 1, 0], "accuracy": 0.8821668445}
{"config": [9, 16, 64, 64, 0, 1], "accuracy": 0.8788525516000001}
{"config": [3, 16, 32, 32, 0, 1], "accuracy": 0.9012930764}
{"config": [3, 64, 128, 32, 1, 0], "accuracy": 0.8911493315000001}
{"config": [9, 64, 64, 32, 0, 1], "accuracy": 0.8799070994}
{"config": [6, 16, 128, 32, 0, 1], "accuracy": 0.8944824556000001}
{"config": [3, 64, 128, 64, 0, 1], "accuracy": 0.8911493315000001}
{"config": [3, 64, 16, 64, 0, 1], "accuracy": 0.8799008223}
{"config": [3, 16, 128, 64, 1, 1], "accuracy": 0.8698449564}
{"config": [3, 16, 16, 64, 1, 1], "accuracy": 0.8709308895000001}
{"config": [9, 16, 64, 32, 1, 1], "accuracy": 0.8967484778}
{"config": [3, 64, 64, 64, 0, 1], "accuracy": 0.8922603729}
{"config": [9, 16, 16, 32, 1, 1], "accuracy": 0.9169669198}
{"config": [9, 64, 128, 41, 1, 1], "accuracy": 0.8911807168}
{"config": [9, 64, 16, 32, 0, 1], "accuracy": 0.8832402235}
{"config": [3, 32, 128, 32, 0, 1], "accuracy": 0.9012114745}
{"config": [9, 64, 32, 64, 0, 1], "accuracy": 0.8765614211}
{"config": [3, 64, 32, 32, 1, 1], "accuracy": 0.8922289875}
{"config": [9, 32, 128, 64, 1, 1], "accuracy": 0.8731655263}
{"config": [9, 32, 32, 32, 1, 1], "accuracy": 0.8900131818}
{"config": [3, 32, 64, 64, 1, 1], "accuracy": 0.8652940807}
{"config": [3, 64, 64, 41, 1, 1], "accuracy": 0.8743016760000001}
{"config": [9, 32, 128, 32, 0, 0], "accuracy": 0.8349758333}
{"config": [3, 16, 128, 41, 0, 1], "accuracy": 0.88329044}
{"config": [9, 64, 64, 64, 1, 0], "accuracy": 0.8810118637000001}
{"config": [9, 16, 16, 64, 0, 1], "accuracy": 0.8844328667}
{"config": [6, 32, 64, 32, 0, 1], "accuracy": 0.8990207771000001}
{"config": [9, 64, 128, 64, 1, 1], "accuracy": 0.8821542904}
{"config": [9, 16, 32, 64, 1, 1], "accuracy": 0.8709120583000001}
{"config": [3, 16, 16, 32, 0, 1], "accuracy": 0.8810369719000001}
{"config": [3, 32, 16, 64, 1, 1], "accuracy": 0.8754127173}
{"config": [3, 64, 16, 41, 1, 1], "accuracy": 0.8832590547}
{"config": [9, 64, 32, 41, 0, 0], "accuracy": 0.8934090766}
{"config": [3, 16, 64, 64, 1, 1], "accuracy": 0.8821542904}
{"config": [3, 32, 128, 64, 0, 0], "accuracy": 0.8754189944}
{"config": [3, 64, 128, 41, 0, 1], "accuracy": 0.8866549495}
{"config": [9, 32, 16, 32, 0, 1], "accuracy": 0.8899943506}
{"config": [6, 16, 64, 41, 0, 0], "accuracy": 0.9034837738}
{"config": [9, 32, 64, 41, 1, 1], "accuracy": 0.8664741699}
{"config": [3, 64, 32, 64, 1, 1], "accuracy": 0.8641830394000001}
{"config": [3, 16, 128, 32, 0, 0], "accuracy": 0.8933714142}
{"config": [9, 64, 128, 32, 0, 0], "accuracy": 0.8630092273000001}
{"config": [9, 16, 16, 41, 1, 1], "accuracy": 0.8989768376}
{"config": [3, 32, 32, 41, 1, 1], "accuracy": 0.8933463059000001}
{"config": [9, 64, 16, 41, 1, 1], "accuracy": 0.8809804783}
{"config": [3, 64, 64, 32, 0, 0], "accuracy": 0.8787897809}
{"config": [9, 16, 128, 64, 0, 0], "accuracy": 0.8619735108000001}
