{"config": [3, 16, 32, 32, 0, 0], "accuracy": 0.797007931}
{"config": [6, 64, 128, 41, 0, 0], "accuracy": 0.7688717079}
{"config": [6, 16, 32, 41, 0, 0], "accuracy": 0.7798052175}
{"config": [6, 32, 32, 64, 1, 0], "accuracy": 0.7885210495}
{"config": [3, 32, 16, 64, 1, 0], "accuracy": 0.8005801077}
{"config": [3, 32, 16, 64, 1, 1], "accuracy": 0.7965629988}
{"config": [3, 64, 16, 32, 1, 0], "accuracy": 0.7992365822}
{"config": [3, 16, 128, 64, 0, 0], "accuracy": 0.7961160714000001}
{"config": [3, 16, 128, 32, 0, 0], "accuracy": 0.7941091381000001}
{"config": [3, 64, 64, 64, 0, 1], "accuracy": 0.7994682761}
{"config": [3, 16, 64, 64, 1, 0], "accuracy": 0.7842812251}
{"config": [3, 64, 16, 64, 0, 1], "accuracy": 0.7827149840000001}
{"config": [3, 64, 64, 32, 0, 0], "accuracy": 0.7766794693}
{"config": [3, 64, 128, 64, 1, 0], "accuracy": 0.7795909816000001}
{"config": [3, 32, 16, 32, 1, 0], "accuracy": 0.8041550279}
{"config": [9, 32, 128, 64, 1, 1], "accuracy": 0.7737901536}
{"config": [3, 32, 64, 32, 1, 0], "accuracy": 0.7880831006}
{"config": [3, 32, 128, 41, 1, 0], "accuracy": 0.7798042199}
{"config": [9, 16, 16, 32, 1, 1], "accuracy": 0.7784709198}
{"config": [9, 64, 64, 64, 1, 0], "accuracy": 0.7594972067}
{"config": [3, 16, 16, 64, 1, 1], "accuracy": 0.8003591381}
{"config": [3, 64, 32, 41, 0, 0], "accuracy": 0.7914205906}
{"config": [9, 16, 128, 41, 1, 0], "accuracy": 0.7769001895000001}
{"config": [3, 64, 128, 32, 1, 0], "accuracy": 0.7780284816}
{"config": [3, 16, 16, 41, 1, 1], "accuracy": 0.7905337191}
{"config": [6, 32, 64, 64, 0, 0], "accuracy": 0.7726718376}
{"config": [9, 32, 128, 32, 0, 0], "accuracy": 0.7784661812}
{"config": [9, 16, 64, 32, 1, 1], "accuracy": 0.7757906026}
{"config": [9, 64, 16, 32, 0, 1], "accuracy": 0.7711018555}
{"config": [3, 64, 32, 64, 1, 1], "accuracy": 0.7802538907000001}
{"config": [9, 16, 16, 64, 0, 1], "accuracy": 0.7845024441}
{"config": [3, 16, 32, 64, 0, 0], "accuracy": 0.8010277833}
{"config": [3, 64, 32, 32, 1, 1], "accuracy": 0.7878491620000001}
{"config": [3, 32, 128, 64, 0, 0], "accuracy": 0.7967807263000001}
{"config": [3, 32, 32, 32, 0, 0], "accuracy": 0.7885235435}
{"config": [3, 64, 64, 41, 1, 1], "accuracy": 0.7945595571}
{"config": [6, 16, 64, 41, 0, 0], "accuracy": 0.7793592877000001}
{"config": [9, 64, 128, 32, 1, 0], "accuracy": 0.7782546887}
{"config": [3, 64, 16, 41, 1, 1], "accuracy": 0.797009178}
{"config": [3, 16, 128, 41, 0, 1], "accuracy": 0.7894181464000001}
{"config": [9, 16, 128, 32, 1, 1], "accuracy": 0.7753451716}
{"config": [9, 16, 64, 64, 0, 0], "accuracy": 0.7679708699000001}
{"config": [3, 16, 16, 32, 0, 1], "accuracy": 0.8019216381000001}
{"config": [9, 32, 64, 41, 1, 0], "accuracy": 0.7713175878}
{"config": [3, 32, 16, 41, 0, 0], "accuracy": 0.7851700918000001}
{"config": [9, 64, 128, 64, 1, 0], "accuracy": 0.7735639465}
{"config": [9, 64, 64, 32, 1, 1], "accuracy": 0.7597184258}
{"config": [9, 16, 32, 64, 1, 0], "accuracy": 0.7722129389}
{"config": [9, 64, 32, 64, 0, 1], "accuracy": 0.7766904429}
{"config": [9, 16, 128, 64, 0, 0], "accuracy": 0.7646161712}
