{"config": [6, 16, 16, 41, 1, 1], "accuracy": 0.9729786014}
{"config": [9, 64, 16, 41, 1, 0], "accuracy": 0.9774446329}
{"config": [6, 64, 64, 32, 1, 1], "accuracy": 0.9680663907}
{"config": [6, 32, 32, 64, 1, 0], "accuracy": 0.9807940942000001}
{"config": [3, 32, 16, 41, 1, 1], "accuracy": 0.9435008480000001}
{"config": [9, 64, 16, 41, 1, 1], "accuracy": 0.9783387370000001}
{"config": [9, 16, 128, 64, 0, 0], "accuracy": 0.9774458799}
{"config": [9, 64, 128, 64, 1, 1], "accuracy": 0.9807968376}
{"config": [9, 16, 128, 32, 1, 1], "accuracy": 0.9678449222000001}
{"config": [9, 16, 16, 64, 0, 1], "accuracy": 0.9799004888}
{"config": [9, 16, 64, 41, 0, 1], "accuracy": 0.9740979150000001}
{"config": [9, 64, 64, 64, 1, 0], "accuracy": 0.9796782721}
{"config": [9, 64, 128, 32, 1, 0], "accuracy": 0.9703005287}
{"config": [3, 16, 64, 64, 1, 1], "accuracy": 0.9535472366000001}
{"config": [6, 64, 16, 64, 1, 1], "accuracy": 0.9814662310000001}
{"config": [9, 16, 32, 32, 1, 1], "accuracy": 0.9702985335000001}
{"config": [3, 32, 128, 41, 1, 0], "accuracy": 0.9354621409}
{"config": [9, 64, 32, 64, 0, 1], "accuracy": 0.9810168097}
{"config": [9, 32, 64, 64, 0, 1], "accuracy": 0.977889565}
{"config": [9, 32, 128, 64, 1, 1], "accuracy": 0.97677499}
{"config": [9, 16, 32, 64, 1, 0], "accuracy": 0.9807965882}
{"config": [9, 32, 64, 32, 1, 0], "accuracy": 0.9718632781000001}
{"config": [3, 64, 16, 32, 0, 1], "accuracy": 0.9361302873}
{"config": [3, 64, 128, 64, 0, 1], "accuracy": 0.9642727454000001}
{"config": [9, 16, 16, 32, 1, 1], "accuracy": 0.9732015662000001}
{"config": [3, 16, 128, 64, 1, 1], "accuracy": 0.9542188747}
{"config": [9, 64, 32, 32, 1, 0], "accuracy": 0.9747645650000001}
{"config": [9, 64, 64, 41, 0, 1], "accuracy": 0.9745430966}
{"config": [3, 64, 32, 64, 1, 1], "accuracy": 0.9649391460000001}
{"config": [3, 16, 16, 64, 1, 1], "accuracy": 0.9582414705000001}
{"config": [9, 32, 128, 32, 0, 1], "accuracy": 0.9678434258}
{"config": [9, 64, 128, 41, 1, 1], "accuracy": 0.9776695930000001}
{"config": [9, 32, 32, 41, 0, 0], "accuracy": 0.9772236632}
{"config": [3, 64, 64, 64, 0, 1], "accuracy": 0.9624827913}
{"config": [6, 32, 16, 64, 1, 0], "accuracy": 0.9816874501}
{"config": [6, 16, 64, 32, 1, 0], "accuracy": 0.9606963288}
{"config": [3, 64, 32, 41, 0, 1], "accuracy": 0.9426084896}
{"config": [9, 16, 64, 64, 0, 0], "accuracy": 0.9787856644}
{"config": [3, 64, 128, 32, 1, 0], "accuracy": 0.9305511772}
{"config": [3, 16, 128, 32, 0, 0], "accuracy": 0.9234080706000001}
{"config": [9, 16, 16, 41, 0, 0], "accuracy": 0.9740924282000001}
{"config": [9, 16, 128, 41, 1, 0], "accuracy": 0.9714148543000001}
{"config": [3, 16, 16, 32, 0, 1], "accuracy": 0.9267520451000001}
{"config": [3, 64, 64, 41, 1, 0], "accuracy": 0.9434988528}
{"config": [9, 32, 32, 64, 1, 1], "accuracy": 0.9763270650000001}
{"config": [9, 32, 32, 32, 1, 1], "accuracy": 0.9734237829000001}
{"config": [3, 32, 128, 64, 0, 0], "accuracy": 0.9582397247000001}
{"config": [9, 32, 64, 41, 1, 0], "accuracy": 0.9763300579}
{"config": [3, 16, 32, 41, 1, 0], "accuracy": 0.9350137171}
{"config": [9, 64, 64, 32, 1, 0], "accuracy": 0.9747663109}
