{"config": [3, 16, 32, 32, 0, 0], "accuracy": 0.7906485671}
{"config": [6, 32, 16, 41, 1, 1], "accuracy": 0.7438914027}
{"config": [6, 16, 32, 41, 0, 0], "accuracy": 0.7674208145}
{"config": [6, 32, 32, 64, 1, 0], "accuracy": 0.6628959276}
{"config": [9, 16, 64, 64, 0, 1], "accuracy": 0.7484162896000001}
{"config": [3, 16, 32, 32, 0, 1], "accuracy": 0.740346908}
{"config": [9, 32, 64, 32, 1, 0], "accuracy": 0.6898944193000001}
{"config": [3, 64, 32, 32, 0, 0], "accuracy": 0.6939668175}
{"config": [3, 16, 128, 64, 0, 0], "accuracy": 0.7950226244}
{"config": [9, 64, 128, 64, 1, 0], "accuracy": 0.6747360483}
{"config": [6, 16, 16, 32, 1, 0], "accuracy": 0.7591251885}
{"config": [3, 16, 128, 32, 0, 0], "accuracy": 0.8024132730000001}
{"config": [3, 64, 128, 32, 1, 0], "accuracy": 0.744494721}
{"config": [3, 16, 64, 64, 1, 0], "accuracy": 0.7441930618}
{"config": [9, 32, 128, 32, 0, 0], "accuracy": 0.7009049774}
{"config": [6, 64, 16, 64, 1, 0], "accuracy": 0.7013574661}
{"config": [9, 64, 16, 32, 1, 0], "accuracy": 0.7289592760000001}
{"config": [9, 16, 128, 64, 1, 0], "accuracy": 0.6549019608000001}
{"config": [6, 64, 64, 64, 0, 0], "accuracy": 0.74826546}
{"config": [6, 32, 16, 32, 0, 0], "accuracy": 0.6978883861}
{"config": [3, 32, 128, 64, 0, 0], "accuracy": 0.7323529412}
{"config": [6, 16, 16, 64, 0, 0], "accuracy": 0.7209653092}
{"config": [6, 16, 64, 32, 1, 0], "accuracy": 0.7322021116}
{"config": [9, 64, 64, 32, 1, 0], "accuracy": 0.6195324284}
{"config": [3, 16, 128, 41, 0, 0], "accuracy": 0.7481900452}
{"config": [3, 64, 16, 41, 1, 0], "accuracy": 0.7822021116000001}
{"config": [6, 32, 64, 64, 0, 0], "accuracy": 0.7326546003000001}
{"config": [9, 64, 32, 41, 0, 0], "accuracy": 0.693438914}
{"config": [3, 32, 128, 32, 0, 1], "accuracy": 0.8100301659}
{"config": [3, 64, 128, 64, 0, 0], "accuracy": 0.7174208145000001}
{"config": [9, 16, 32, 32, 1, 0], "accuracy": 0.7408748115}
{"config": [3, 32, 16, 64, 1, 0], "accuracy": 0.7442684766000001}
{"config": [3, 32, 32, 41, 1, 0], "accuracy": 0.7711161388000001}
{"config": [3, 64, 64, 41, 0, 0], "accuracy": 0.7171191554}
{"config": [6, 16, 16, 41, 0, 0], "accuracy": 0.7561840121000001}
{"config": [3, 64, 128, 41, 0, 1], "accuracy": 0.7635746606}
{"config": [6, 16, 64, 41, 0, 0], "accuracy": 0.7634992459000001}
{"config": [3, 64, 32, 64, 1, 1], "accuracy": 0.7404977376}
{"config": [3, 32, 128, 41, 1, 0], "accuracy": 0.7787330317000001}
{"config": [3, 32, 16, 41, 1, 0], "accuracy": 0.7790346908}
{"config": [3, 32, 64, 32, 1, 0], "accuracy": 0.7868024133}
{"config": [9, 64, 32, 64, 1, 0], "accuracy": 0.7245852187}
{"config": [3, 16, 32, 64, 1, 0], "accuracy": 0.7711915535}
{"config": [9, 16, 32, 64, 1, 0], "accuracy": 0.6742835596}
{"config": [3, 16, 32, 41, 1, 0], "accuracy": 0.7790346908}
{"config": [9, 64, 128, 32, 0, 0], "accuracy": 0.6585218703}
{"config": [6, 32, 64, 41, 0, 1], "accuracy": 0.7558069382}
{"config": [9, 64, 16, 41, 1, 0], "accuracy": 0.6312971342}
{"config": [3, 64, 16, 32, 0, 0], "accuracy": 0.7516591252}
{"config": [9, 32, 32, 32, 1, 0], "accuracy": 0.6788084465}
