{"config": [3, 16, 32, 32, 0, 0], "accuracy": 0.7365007541}
{"config": [6, 32, 16, 41, 1, 1], "accuracy": 0.6942684766}
{"config": [6, 16, 32, 41, 0, 0], "accuracy": 0.7486425339}
{"config": [6, 32, 32, 64, 1, 0], "accuracy": 0.5778280543000001}
{"config": [9, 16, 64, 64, 0, 1], "accuracy": 0.7054298643}
{"config": [6, 16, 32, 41, 0, 1], "accuracy": 0.6941930618000001}
{"config": [9, 32, 64, 41, 1, 0], "accuracy": 0.6196832579}
{"config": [9, 32, 32, 32, 1, 0], "accuracy": 0.5866515837}
{"config": [6, 16, 128, 64, 0, 0], "accuracy": 0.6941930618000001}
{"config": [3, 64, 128, 64, 0, 0], "accuracy": 0.7404223228}
{"config": [6, 32, 128, 32, 1, 0], "accuracy": 0.732428356}
{"config": [9, 64, 128, 32, 0, 0], "accuracy": 0.5975113122}
{"config": [9, 16, 16, 41, 1, 0], "accuracy": 0.6544494721}
{"config": [3, 32, 128, 64, 0, 0], "accuracy": 0.7401960784}
{"config": [3, 64, 16, 41, 1, 0], "accuracy": 0.6698340875000001}
{"config": [6, 16, 64, 41, 0, 0], "accuracy": 0.7129713424}
{"config": [3, 16, 64, 64, 1, 0], "accuracy": 0.7209653092}
{"config": [6, 64, 64, 64, 0, 0], "accuracy": 0.7012820513}
{"config": [3, 16, 128, 32, 0, 0], "accuracy": 0.7285822021}
{"config": [6, 64, 16, 64, 1, 0], "accuracy": 0.6784313725000001}
{"config": [9, 64, 128, 64, 1, 0], "accuracy": 0.6360482655}
{"config": [3, 32, 128, 41, 1, 0], "accuracy": 0.7709653092000001}
{"config": [3, 64, 64, 32, 0, 0], "accuracy": 0.7674962293}
{"config": [3, 64, 64, 41, 0, 0], "accuracy": 0.7244343891}
{"config": [6, 16, 16, 64, 0, 0], "accuracy": 0.6633484163000001}
{"config": [3, 32, 16, 41, 0, 0], "accuracy": 0.7128959276}
{"config": [9, 64, 64, 32, 1, 0], "accuracy": 0.6280542986000001}
{"config": [9, 16, 128, 41, 1, 0], "accuracy": 0.6899698341}
{"config": [6, 32, 64, 64, 0, 0], "accuracy": 0.7208144796}
{"config": [3, 64, 128, 41, 1, 1], "accuracy": 0.7011312217}
{"config": [3, 64, 32, 32, 1, 0], "accuracy": 0.7634992459000001}
{"config": [9, 64, 32, 64, 1, 0], "accuracy": 0.6825037707}
{"config": [9, 64, 16, 32, 1, 0], "accuracy": 0.7012066365}
{"config": [9, 64, 32, 41, 0, 0], "accuracy": 0.7053544495}
{"config": [3, 32, 64, 32, 1, 0], "accuracy": 0.7558823529}
{"config": [6, 16, 64, 32, 1, 0], "accuracy": 0.6826546003}
{"config": [9, 16, 32, 64, 1, 0], "accuracy": 0.7170437406}
{"config": [3, 16, 32, 41, 1, 0], "accuracy": 0.7750377074}
{"config": [3, 32, 128, 32, 0, 1], "accuracy": 0.7130467572}
{"config": [3, 32, 16, 32, 1, 0], "accuracy": 0.7553544495000001}
{"config": [3, 16, 32, 64, 0, 0], "accuracy": 0.7400452489}
{"config": [3, 64, 32, 64, 1, 1], "accuracy": 0.7438159879}
{"config": [9, 32, 128, 64, 1, 1], "accuracy": 0.705505279}
{"config": [9, 32, 16, 32, 1, 0], "accuracy": 0.7441176471000001}
{"config": [9, 32, 128, 41, 1, 0], "accuracy": 0.7016591252000001}
{"config": [3, 64, 128, 32, 1, 0], "accuracy": 0.7674962293}
{"config": [3, 16, 128, 41, 1, 0], "accuracy": 0.6978883861}
{"config": [3, 64, 32, 41, 0, 0], "accuracy": 0.7407239819}
{"config": [3, 16, 16, 32, 1, 0], "accuracy": 0.7437405732}
{"config": [3, 32, 16, 64, 1, 0], "accuracy": 0.732428356}
