{"config": [6, 16, 64, 32, 1, 1], "accuracy": 0.9998604327}
{"config": [9, 64, 64, 32, 1, 0], "accuracy": 1.0}
{"config": [3, 32, 32, 41, 1, 1], "accuracy": 0.9998604327}
{"config": [3, 16, 32, 32, 1, 1], "accuracy": 0.9998604327}
{"config": [6, 32, 128, 41, 1, 0], "accuracy": 0.9995812980000001}
{"config": [9, 64, 64, 32, 1, 1], "accuracy": 1.0}
{"config": [3, 16, 32, 32, 0, 0], "accuracy": 0.9998604327}
{"config": [3, 16, 32, 32, 0, 1], "accuracy": 0.9997208653}
{"config": [9, 16, 16, 64, 1, 1], "accuracy": 0.9997208653}
{"config": [3, 64, 128, 64, 1, 0], "accuracy": 0.9998604327}
{"config": [9, 16, 128, 64, 1, 0], "accuracy": 0.9994416332}
{"config": [3, 64, 16, 64, 0, 1], "accuracy": 0.9994416332}
{"config": [3, 16, 16, 32, 1, 1], "accuracy": 1.0}
{"config": [3, 16, 128, 32, 0, 0], "accuracy": 1.0}
{"config": [3, 16, 16, 32, 0, 1], "accuracy": 1.0}
{"config": [9, 64, 16, 32, 1, 0], "accuracy": 0.9998603352000001}
{"config": [3, 64, 128, 32, 1, 0], "accuracy": 1.0}
{"config": [3, 16, 16, 32, 1, 0], "accuracy": 1.0}
{"config": [3, 16, 64, 64, 1, 0], "accuracy": 0.9997208653}
{"config": [9, 64, 64, 64, 1, 0], "accuracy": 0.9997207679000001}
{"config": [3, 32, 64, 32, 1, 0], "accuracy": 1.0}
{"config": [3, 32, 128, 32, 0, 1], "accuracy": 0.9998604327}
{"config": [3, 32, 32, 32, 0, 0], "accuracy": 1.0}
{"config": [3, 32, 16, 32, 1, 0], "accuracy": 1.0}
{"config": [3, 16, 32, 41, 0, 1], "accuracy": 0.9998604327}
{"config": [3, 16, 32, 41, 1, 0], "accuracy": 0.9998604327}
{"config": [9, 64, 128, 64, 1, 1], "accuracy": 0.999581103}
{"config": [3, 16, 128, 41, 0, 1], "accuracy": 1.0}
{"config": [3, 16, 128, 41, 1, 0], "accuracy": 0.9998603352000001}
{"config": [3, 16, 32, 64, 0, 0], "accuracy": 0.9994417306000001}
{"config": [3, 16, 16, 41, 0, 1], "accuracy": 0.9995812005}
{"config": [3, 16, 64, 64, 1, 1], "accuracy": 0.9995812980000001}
{"config": [3, 64, 32, 32, 1, 1], "accuracy": 0.9998604327}
{"config": [3, 16, 32, 64, 1, 0], "accuracy": 0.9997208653}
{"config": [9, 64, 32, 64, 0, 1], "accuracy": 0.9995812980000001}
{"config": [3, 32, 128, 64, 0, 0], "accuracy": 0.9995812980000001}
{"config": [9, 32, 64, 64, 0, 1], "accuracy": 0.9995812980000001}
{"config": [9, 16, 16, 32, 1, 1], "accuracy": 1.0}
{"config": [3, 32, 32, 41, 1, 0], "accuracy": 0.9993021633}
{"config": [3, 64, 64, 41, 0, 1], "accuracy": 0.9995812980000001}
{"config": [9, 64, 128, 32, 0, 0], "accuracy": 0.9995812980000001}
{"config": [3, 32, 16, 64, 1, 1], "accuracy": 0.9997207679000001}
{"config": [9, 16, 128, 32, 1, 1], "accuracy": 1.0}
{"config": [3, 16, 16, 64, 1, 1], "accuracy": 0.9993020658}
{"config": [3, 32, 16, 41, 1, 0], "accuracy": 0.9998604327}
{"config": [3, 32, 16, 41, 0, 0], "accuracy": 0.9998604327}
{"config": [3, 32, 128, 41, 1, 0], "accuracy": 0.9998603352000001}
{"config": [3, 32, 16, 41, 0, 1], "accuracy": 0.999581103}
{"config": [9, 64, 32, 41, 0, 0], "accuracy": 0.9997208653}
{"config": [3, 64, 16, 41, 1, 0], "accuracy": 0.9998603352000001}
