{"config": [3, 16, 32, 32, 0, 0], "accuracy": 0.9715151515}
{"config": [6, 64, 16, 64, 1, 1], "accuracy": 0.9772727273}
{"config": [6, 16, 32, 41, 0, 0], "accuracy": 0.9781818182}
{"config": [6, 32, 32, 64, 1, 0], "accuracy": 0.9790909091000001}
{"config": [3, 32, 16, 64, 1, 0], "accuracy": 0.973030303}
{"config": [6, 16, 32, 41, 0, 1], "accuracy": 0.9806060606}
{"config": [9, 16, 128, 64, 0, 0], "accuracy": 0.9787878788000001}
{"config": [9, 64, 128, 32, 1, 0], "accuracy": 0.9809090909}
{"config": [9, 64, 128, 64, 1, 1], "accuracy": 0.9775757576}
{"config": [9, 64, 16, 32, 1, 0], "accuracy": 0.9833333333000001}
{"config": [9, 16, 128, 32, 1, 1], "accuracy": 0.983030303}
{"config": [3, 64, 64, 41, 0, 1], "accuracy": 0.9745454545000001}
{"config": [9, 64, 32, 64, 1, 0], "accuracy": 0.9775757576}
{"config": [9, 32, 64, 32, 1, 1], "accuracy": 0.9845454545000001}
{"config": [3, 16, 64, 64, 1, 1], "accuracy": 0.9736363636}
{"config": [3, 32, 128, 32, 0, 1], "accuracy": 0.9687878788000001}
{"config": [9, 16, 16, 64, 0, 1], "accuracy": 0.9803030303}
{"config": [9, 16, 16, 32, 1, 1], "accuracy": 0.9845454545000001}
{"config": [9, 32, 64, 64, 0, 1], "accuracy": 0.9812121212}
{"config": [9, 32, 128, 41, 1, 0], "accuracy": 0.9784848485000001}
{"config": [9, 64, 64, 32, 0, 1], "accuracy": 0.9818181818}
{"config": [9, 32, 16, 32, 0, 1], "accuracy": 0.9851515152}
{"config": [9, 64, 64, 64, 1, 0], "accuracy": 0.9772727273}
{"config": [3, 32, 32, 41, 1, 0], "accuracy": 0.97}
{"config": [3, 16, 128, 41, 1, 0], "accuracy": 0.9721212121}
{"config": [9, 16, 64, 32, 1, 1], "accuracy": 0.9809090909}
{"config": [3, 64, 128, 64, 0, 0], "accuracy": 0.9760606061}
{"config": [3, 64, 32, 32, 0, 1], "accuracy": 0.9739393939000001}
{"config": [6, 32, 128, 64, 1, 1], "accuracy": 0.9872727273}
{"config": [3, 64, 128, 41, 1, 1], "accuracy": 0.9742424242000001}
{"config": [3, 64, 16, 41, 0, 1], "accuracy": 0.9690909091000001}
{"config": [9, 64, 32, 41, 0, 0], "accuracy": 0.9784848485000001}
{"config": [3, 16, 128, 64, 1, 1], "accuracy": 0.9736363636}
{"config": [9, 16, 32, 32, 1, 1], "accuracy": 0.983030303}
{"config": [3, 16, 32, 64, 1, 1], "accuracy": 0.9684848485}
{"config": [3, 64, 64, 64, 0, 1], "accuracy": 0.9751515152}
{"config": [9, 16, 64, 64, 0, 1], "accuracy": 0.9787878788000001}
{"config": [3, 64, 128, 32, 1, 0], "accuracy": 0.9706060606}
{"config": [9, 16, 64, 41, 0, 1], "accuracy": 0.9806060606}
{"config": [3, 16, 16, 41, 1, 1], "accuracy": 0.9754545455}
{"config": [3, 32, 64, 32, 1, 0], "accuracy": 0.9712121212}
{"config": [3, 64, 32, 64, 1, 1], "accuracy": 0.9742424242000001}
{"config": [3, 32, 128, 64, 0, 0], "accuracy": 0.9739393939000001}
{"config": [9, 32, 16, 41, 0, 1], "accuracy": 0.9824242424}
{"config": [3, 64, 64, 32, 1, 1], "accuracy": 0.9675757576}
{"config": [9, 16, 32, 64, 1, 1], "accuracy": 0.9818181818}
{"config": [9, 32, 32, 32, 1, 1], "accuracy": 0.9815151515}
{"config": [9, 64, 64, 41, 1, 0], "accuracy": 0.9818181818}
{"config": [9, 64, 16, 41, 1, 1], "accuracy": 0.9806060606}
{"config": [3, 16, 128, 41, 0, 1], "accuracy": 0.9760606061}
