precision,accuracy,recall,duration
0.903143585386576,0.9003436426116839,0.8628468429102032,392.5286612510681
