precision,accuracy,recall,duration
0.9362030796246605,0.9173553719008265,0.8855072463768116,277.116140127182
