precision,accuracy,recall,duration
0.9464468994086348,0.9464037767286865,0.9462922836162273,7174.160166025162
