precision,accuracy,recall,duration
0.5443144384864754,0.7675,0.5310190144386238,83.96524739265442
