precision,accuracy,recall,duration
0.6363636363636364,0.6296296296296297,0.6296296296296295,118.31737446784973
