precision,accuracy,recall,duration
0.9420414673046252,0.9380165289256198,0.913719493067319,1045.7685379981995
