precision,accuracy,recall,duration
0.8828346162616978,0.8813512004466778,0.8819533863470315,332.00686860084534
