precision,accuracy,recall,duration
0.7861500155617801,0.7925,0.6886310159200212,145.31148719787598
