precision,accuracy,recall,duration
0.965693458663949,0.9624733475479744,0.9626346195801653,264.48461294174194
