precision,accuracy,recall,duration
0.4262446411792342,0.6165413533834586,0.40676981941287327,174.1416573524475
