precision,accuracy,recall,duration
0.9607978935809125,0.9477977161500816,0.9279547087592426,119.95595717430115
