precision,accuracy,recall,duration
0.9713020473890038,0.9714285714285714,0.9715735824110209,161.1342852115631
