precision,accuracy,recall,duration
0.8795594077284219,0.8831615120274914,0.8444395892506008,349.3721523284912
