precision,accuracy,recall,duration
0.9851735754172709,0.9849246231155779,0.984998622845341,128.55898809432983
