precision,accuracy,recall,duration
0.6751789312411433,0.7472527472527473,0.635437887894699,137.87618231773376
