precision,accuracy,recall,duration
0.48129253501043373,0.775,0.4919485263963928,283.5210642814636
