precision,accuracy,recall,duration
0.8187921332664773,0.8193473193473193,0.7948944065234321,861.8832087516785
