precision,accuracy,recall,duration
0.6347966759359164,0.745,0.6320099731492136,65.72624325752258
