precision,accuracy,recall,duration
0.7683566433566434,0.8,0.7138888888888889,567.5018045902252
