precision,accuracy,recall,duration
0.9591393175396653,0.9444444444444444,0.9203739522888459,195.34543871879578
