precision,accuracy,recall,duration
0.6928478057889823,0.6464088397790055,0.56217936682313,133.92423558235168
