precision,accuracy,recall,duration
0.63233489190433,0.6171717171717171,0.6171717171717173,117.58107542991638
