precision,accuracy,recall,duration
0.482194574302001,0.7675,0.49152098112963066,288.45066809654236
