precision,accuracy,recall,duration
0.7739683933274802,0.7725,0.6620352834498352,280.93161821365356
