precision,accuracy,recall,duration
0.9557325619322999,0.9536,0.9539546237372324,585.5872375965118
