precision,accuracy,recall,duration
0.9622279153599502,0.9604878048780487,0.9402413477340579,74.48476934432983
