precision,accuracy,recall,duration
0.8424602241197907,0.8481770833333333,0.8150141384499827,418.4208905696869
