precision,accuracy,recall,duration
0.8432065538361578,0.8435897435897436,0.8452600323413685,1705.7876360416412
