precision,accuracy,recall,duration
0.9404511681414398,0.9402943626770341,0.9400946992496289,1294.6725862026215
