precision,accuracy,recall,duration
0.7942522546776147,0.8116666666666666,0.7923312585100175,524.7577934265137
