precision,accuracy,recall,duration
0.8477501667847968,0.8589743589743589,0.8508930446525529,415.2883653640747
