precision,accuracy,recall,duration
0.8353739714918852,0.8372395833333334,0.7931206982619923,205.2205195426941
