precision,accuracy,recall,duration
0.9007280792889065,0.8986666666666666,0.8986666666666667,893.8743784427643
