precision,accuracy,recall,duration
0.9773444854357517,0.9768844221105528,0.9770523309548832,62.52747559547424
