precision,accuracy,recall,duration
0.7686188979408557,0.768,0.768,1344.5335505008698
