precision,accuracy,recall,duration
0.718520090548953,0.7182320441988951,0.6935463659147869,184.6791753768921
