precision,accuracy,recall,duration
0.6962845236614689,0.9342222222222222,0.5673617937526125,344.52899408340454
