precision,accuracy,recall,duration
0.9656240557327515,0.9648,0.965851916690426,185.7402379512787
