precision,accuracy,recall,duration
0.9730974451937491,0.9779018941233608,0.9619452622006773,2396.3278138637543
