precision,accuracy,recall,duration
0.7146166168224992,0.7263427109974424,0.7281408531408531,203.9792275428772
