precision,accuracy,recall,duration
0.4542063785543707,0.7475,0.4822928694491968,113.59834003448486
