precision,accuracy,recall,duration
0.9661507936507936,0.9659863945578231,0.9659606056484882,58.14452862739563
