precision,accuracy,recall,duration
0.7580128205128205,0.7333333333333333,0.6138888888888888,410.03152680397034
