precision,accuracy,recall,duration
0.9777123037992602,0.9771428571428571,0.979093361482524,147.7344572544098
