precision,accuracy,recall,duration
0.9565574045146895,0.9590243902439024,0.939908735843664,150.26782393455505
