precision,accuracy,recall,duration
0.6785502079619726,0.6133333333333333,0.6753549893016924,375.0089440345764
