precision,accuracy,recall,duration
0.9372975933723597,0.9183006535947712,0.8597678916827853,188.4699866771698
