precision,accuracy,recall,duration
0.6641944912026753,0.719435736677116,0.5781636570462502,319.2303771972656
