precision,accuracy,recall,duration
0.9033313018772371,0.9013333333333333,0.8988211570788425,263.09518337249756
