precision,accuracy,recall,duration
0.5284840074932353,0.5162337662337663,0.5150386219109013,865.734087228775
