precision,accuracy,recall,duration
0.8951461386982507,0.8953333333333333,0.8943200311272783,387.88981008529663
