precision,accuracy,recall,duration
0.7644230769230769,0.764,0.764,642.0803890228271
