precision,accuracy,recall,duration
0.9379368685214955,0.937795056928631,0.9376008185867342,2038.0027549266815
