precision,accuracy,recall,duration
0.6398435053435053,0.7604395604395604,0.6112426550917263,410.17373418807983
