precision,accuracy,recall,duration
0.7968903166373374,0.815,0.8056068858198795,381.6488482952118
