precision,accuracy,recall,duration
0.443172806567042,0.7675,0.459195057684925,362.75821113586426
