precision,accuracy,recall,duration
0.5940475521067626,0.73,0.5887894415320575,131.26006865501404
