precision,accuracy,recall,duration
0.8419256120527306,0.8285714285714286,0.84340534135448,126.08912920951843
