precision,accuracy,recall,duration
0.7017911585365854,0.6952380952380952,0.6922657952069717,232.3698868751526
