precision,accuracy,recall,duration
0.8595168173064515,0.8641025641025641,0.8587600428973401,375.5099048614502
