precision,accuracy,recall,duration
0.5628946395075427,0.685,0.5532817627754336,139.36965227127075
