precision,accuracy,recall,duration
0.616899140286237,0.6243093922651933,0.6302803355637672,331.075722694397
