precision,accuracy,recall,duration
0.9657102916407139,0.9658536585365853,0.9540035794795992,645.6566348075867
