precision,accuracy,recall,duration
0.8611648008104651,0.8641025641025641,0.8586614960013593,263.76321172714233
