precision,accuracy,recall,duration
0.7714044980232031,0.768,0.768,252.8763988018036
