precision,accuracy,recall,duration
0.9621335450993658,0.9582089552238806,0.9584406825604062,565.7189719676971
