precision,accuracy,recall,duration
0.8402777777777778,0.7,0.6083333333333333,88.06841826438904
