precision,accuracy,recall,duration
0.8743554952510176,0.878,0.8583799511595283,1586.6779811382294
