precision,accuracy,recall,duration
0.979776247047802,0.978894472361809,0.9785573669401592,147.57002663612366
