precision,accuracy,recall,duration
0.47711449405343537,0.44,0.45843632135108575,136.9425733089447
