precision,accuracy,recall,duration
0.8241369671558352,0.8114285714285714,0.8259958071278826,102.88361144065857
