precision,accuracy,recall,duration
0.9204896977646608,0.9196919691969196,0.9192295117698344,1912.3700218200684
