precision,accuracy,recall,duration
0.6339202075437034,0.6343434343434343,0.6343434343434343,277.5058100223541
