precision,accuracy,recall,duration
0.9733285917496444,0.9733333333333334,0.9733285917496444,507.0316700935364
