precision,accuracy,recall,duration
0.632890365448505,0.8105590062111802,0.554858934169279,137.61319303512573
