precision,accuracy,recall,duration
0.5108082706766918,0.6333333333333333,0.5180555555555555,144.12745666503906
