precision,accuracy,recall,duration
0.803675042721558,0.8051282051282052,0.7976506415986439,379.43373012542725
