precision,accuracy,recall,duration
0.9352057383802646,0.935093509350935,0.9349317058994477,1703.7930533885956
