precision,accuracy,recall,duration
0.9311913034585919,0.9307649357900614,0.9310286895644991,1647.2218737602234
