precision,accuracy,recall,duration
0.9784373664404624,0.9768844221105528,0.9762424056737066,447.3297185897827
