precision,accuracy,recall,duration
0.43115167042276087,0.4018181818181818,0.419924699062855,560.7993850708008
