precision,accuracy,recall,duration
0.8496088706615023,0.8457142857142858,0.8564397046759639,567.3391153812408
