precision,accuracy,recall,duration
0.5812724449950601,0.725,0.5733083294264729,127.08060503005981
