precision,accuracy,recall,duration
0.854909383066201,0.8669270833333333,0.8424790993801503,1406.9841575622559
