precision,accuracy,recall,duration
0.9166666666666667,0.9,0.9,497.4301607608795
