precision,accuracy,recall,duration
0.621834446846914,0.6196969696969697,0.6196969696969696,379.7181746959686
