precision,accuracy,recall,duration
0.7901234567901234,0.43333333333333335,0.43333333333333335,386.2689323425293
