precision,accuracy,recall,duration
0.49244388601143657,0.7825,0.490680588380032,79.55319786071777
