precision,accuracy,recall,duration
0.8414646870761643,0.8358974358974359,0.8435491125646583,386.39077854156494
