precision,accuracy,recall,duration
0.8433302093095908,0.9153846153846154,0.9319968553459119,140.6419997215271
