precision,accuracy,recall,duration
0.6443426943426942,0.6519337016574586,0.6303941126535503,126.11659097671509
