precision,accuracy,recall,duration
0.3651505139900359,0.5914786967418546,0.3741659138155466,136.855299949646
