precision,accuracy,recall,duration
0.7178658808292472,0.9406666666666667,0.5657089306318953,189.9434313774109
