precision,accuracy,recall,duration
0.8756334660746424,0.8593350383631714,0.8684699309699311,275.2656078338623
