precision,accuracy,recall,duration
0.9614067319905644,0.9611273080660836,0.9610929779228432,398.54344034194946
