precision,accuracy,recall,duration
0.7640306122448979,0.7619047619047619,0.7630718954248366,264.5326449871063
