precision,accuracy,recall,duration
0.9419866604027841,0.9416828658705915,0.9414068456321978,1229.6304631233215
