precision,accuracy,recall,duration
0.8839285714285714,0.8,0.6916666666666667,307.7762818336487
