precision,accuracy,recall,duration
0.8914196888163731,0.8035502958579882,0.9030442573934803,580.66797041893
