precision,accuracy,recall,duration
0.9802084680025857,0.9798994974874372,0.9804155102506856,58.050670862197876
