precision,accuracy,recall,duration
0.6344527649769586,0.6408839779005525,0.6178666483571357,248.4769024848938
