precision,accuracy,recall,duration
0.8017745931870017,0.7776315789473685,0.7655568116787281,444.7360215187073
