precision,accuracy,recall,duration
0.7410714285714286,0.6851851851851852,0.6851851851851851,121.1342921257019
