precision,accuracy,recall,duration
0.9483597018647308,0.9527806925498427,0.9523832820799553,163.06389164924622
