precision,accuracy,recall,duration
0.8402356277356278,0.8363171355498721,0.8374117624117624,285.31423568725586
