precision,accuracy,recall,duration
0.5946704067321178,0.5925925925925926,0.5925925925925926,132.48242497444153
