precision,accuracy,recall,duration
0.8503246753246754,0.85,0.8404424522845575,503.882693529129
