precision,accuracy,recall,duration
0.7691022427864533,0.768,0.768,744.5500686168671
