precision,accuracy,recall,duration
0.9340022533204646,0.9338842975206612,0.9204561139343747,464.9218080043793
