precision,accuracy,recall,duration
0.47418492436098064,0.7525,0.49175487776987437,193.2174162864685
