precision,accuracy,recall,duration
0.953125,0.9318181818181818,0.9388111888111889,226.61528372764587
