precision,accuracy,recall,duration
0.8412474358430241,0.8461538461538461,0.8390016274686193,925.3127291202545
