precision,accuracy,recall,duration
0.7250000000000001,0.6,0.525,243.80855703353882
