precision,accuracy,recall,duration
0.8636620286348055,0.8628571428571429,0.8723908486008568,263.91615653038025
