precision,accuracy,recall,duration
0.9736696120282198,0.9776590577950461,0.9606009891960179,2191.0363295078278
