precision,accuracy,recall,duration
0.7588677472398403,0.8536585365853658,0.7788057040998217,731.5355477333069
