precision,accuracy,recall,duration
0.8982427788537932,0.8966666666666666,0.8943218179974457,453.30000734329224
