precision,accuracy,recall,duration
0.9624099426685265,0.9648780487804878,0.9496543131563115,231.22155213356018
