precision,accuracy,recall,duration
0.7728814214978338,0.768,0.7680000000000001,1695.9965417385101
