precision,accuracy,recall,duration
0.8803648724658237,0.83,0.7693759850361108,641.8438863754272
