precision,accuracy,recall,duration
0.781865501067022,0.795,0.701600801931369,184.9728615283966
