precision,accuracy,recall,duration
0.7764044533311775,0.7657894736842106,0.7517230481444138,363.99653124809265
