precision,accuracy,recall,duration
0.945186503819798,0.9438860971524288,0.9440800345841123,1086.548267364502
