precision,accuracy,recall,duration
0.9064556553194238,0.904,0.9039999999999999,293.55599427223206
