precision,accuracy,recall,duration
0.812358276643991,0.7945205479452054,0.7945279866332499,627.7131230831146
