precision,accuracy,recall,duration
0.9781101957059174,0.978630403108305,0.9590310253670219,356.2172496318817
