precision,accuracy,recall,duration
0.6647671416298202,0.7272727272727273,0.5992162713506793,183.60125136375427
