precision,accuracy,recall,duration
0.5258562672204725,0.5064935064935064,0.5004750175190674,263.4822156429291
