precision,accuracy,recall,duration
0.7935447365989237,0.7697368421052632,0.7312560092867102,139.9217391014099
