precision,accuracy,recall,duration
0.7925019866196337,0.7877237851662404,0.7880021255021255,203.80173897743225
