precision,accuracy,recall,duration
0.9375668313168313,0.9266666666666666,0.9266666666666666,1106.379233598709
