precision,accuracy,recall,duration
0.7928571428571429,0.7666666666666667,0.7666666666666667,88.2572979927063
