precision,accuracy,recall,duration
0.8993804059123822,0.897,0.8756602989313982,2426.856044769287
