precision,accuracy,recall,duration
0.42940131736937,0.605,0.4507581748786335,160.03990697860718
