precision,accuracy,recall,duration
0.9556174957118353,0.9411764705882353,0.9127981947130883,190.29203367233276
