precision,accuracy,recall,duration
0.7427692855344055,0.8390243902439024,0.7674420677361854,484.73497796058655
