precision,accuracy,recall,duration
0.853793045027165,0.8435897435897436,0.8514498040675003,893.8745965957642
