precision,accuracy,recall,duration
0.8596497970680977,0.8703125,0.8383917703567928,535.4450862407684
