precision,accuracy,recall,duration
0.9506989139179405,0.9281045751633987,0.8972437137330754,385.7342565059662
