precision,accuracy,recall,duration
0.6277199863095939,0.6187845303867403,0.625981948466993,473.76681637763977
