precision,accuracy,recall,duration
0.962515079959811,0.9556097560975609,0.9271265146685594,261.88896346092224
