precision,accuracy,recall,duration
0.686706497386109,0.8229813664596274,0.5489811912225705,263.2812900543213
