precision,accuracy,recall,duration
0.8925000000000001,0.834,0.7719132648643032,1156.6809430122375
