precision,accuracy,recall,duration
0.9197892969681768,0.9195979899497487,0.9197786102871468,624.2623240947723
