precision,accuracy,recall,duration
0.8537157287157287,0.8493150684931506,0.8619883040935673,189.811687707901
