precision,accuracy,recall,duration
0.8171336001524682,0.7885714285714286,0.806672135630298,116.86564040184021
