precision,accuracy,recall,duration
0.6674154336334703,0.6519337016574586,0.6463608558873465,169.15914726257324
