precision,accuracy,recall,duration
0.9803489240704596,0.9798994974874372,0.9799813095812606,385.63620924949646
