precision,accuracy,recall,duration
0.9666364784340107,0.9658848614072495,0.966000919062154,192.12019848823547
