precision,accuracy,recall,duration
0.5923570736434108,0.7515527950310559,0.5995950888192267,513.5646374225616
