precision,accuracy,recall,duration
0.9657039711191335,0.9683860232945092,0.9723032069970845,78.49832963943481
