precision,accuracy,recall,duration
0.5635239116079204,0.775,0.48648619321537895,112.96874713897705
