precision,accuracy,recall,duration
0.49385244128702305,0.7375,0.5056299138004677,273.4302418231964
