precision,accuracy,recall,duration
0.9497890456220612,0.9338842975206612,0.9093387289039464,169.4797008037567
