precision,accuracy,recall,duration
0.973253567014942,0.9728,0.9734265010351967,447.36883330345154
