precision,accuracy,recall,duration
0.8511904761904762,0.85,0.841816078658184,567.2536058425903
