precision,accuracy,recall,duration
0.9846678023850085,0.9841966637401229,0.9842105263157894,507.38092827796936
