precision,accuracy,recall,duration
0.6263593991660207,0.6237373737373737,0.6237373737373737,707.8176319599152
