precision,accuracy,recall,duration
0.8938692825093612,0.8047337278106509,0.9105919016388657,373.8977029323578
