precision,accuracy,recall,duration
0.7453485121457607,0.8307692307692308,0.7298242268567345,1440.3556427955627
