precision,accuracy,recall,duration
0.8269137539624968,0.8256410256410256,0.8276931816145118,400.40290212631226
