precision,accuracy,recall,duration
0.6562487512487511,0.6629834254143646,0.6592366173973834,258.65906143188477
