precision,accuracy,recall,duration
0.7686768213406303,0.848780487804878,0.8043850267379679,443.82144021987915
