precision,accuracy,recall,duration
0.9289646464646465,0.9183333333333333,0.9183333333333333,863.5588321685791
