precision,accuracy,recall,duration
0.8373071946601359,0.8312020460358056,0.8364427989427989,284.6009850502014
