precision,accuracy,recall,duration
0.937770786180742,0.9375173562899195,0.9372597407808676,7276.320312261581
