precision,accuracy,recall,duration
0.905273454700153,0.9033333333333333,0.9008791847940922,280.52902245521545
