precision,accuracy,recall,duration
0.9689398518966299,0.9689018464528668,0.9688902488780089,80.05611228942871
