precision,accuracy,recall,duration
0.9611861812238417,0.9570731707317073,0.9419809589202932,273.79682087898254
