precision,accuracy,recall,duration
0.6887935215613324,0.7037997665672416,0.6246705918746704,2854.84739112854
