precision,accuracy,recall,duration
0.9226793588248697,0.9256198347107438,0.8952584854758766,553.2575063705444
