precision,accuracy,recall,duration
0.9254021447721179,0.9307450157397692,0.928811387568726,109.36508703231812
