precision,accuracy,recall,duration
0.7529186718031893,0.7552631578947369,0.7290648938737381,143.59426975250244
