precision,accuracy,recall,duration
0.859484649122807,0.8578088578088578,0.8379277566539924,2949.600510120392
