precision,accuracy,recall,duration
0.8823031591165127,0.8807928531546622,0.8812223176883032,981.2116255760193
