precision,accuracy,recall,duration
0.8454010475213006,0.8384057971014492,0.8384200222532077,237.5331311225891
