precision,accuracy,recall,duration
0.8585124662279835,0.8538461538461538,0.858521984997208,203.95386147499084
