precision,accuracy,recall,duration
0.8843732876231155,0.881,0.8553534006477425,383.62135910987854
