precision,accuracy,recall,duration
0.8297524314765695,0.8228571428571428,0.8341992525749703,385.73145055770874
