precision,accuracy,recall,duration
0.38004555183590655,0.6015037593984962,0.37738842017835283,161.1713626384735
