precision,accuracy,recall,duration
0.8264478205075134,0.8171428571428572,0.8322851153039833,145.73722434043884
