precision,accuracy,recall,duration
0.7809299557654821,0.7736842105263158,0.7282894019692964,94.87531018257141
