precision,accuracy,recall,duration
0.8393929074117348,0.8282051282051283,0.8318962063740781,192.8610851764679
