precision,accuracy,recall,duration
0.9003042954469924,0.8985623003194888,0.895861095063868,107.57472681999207
