precision,accuracy,recall,duration
0.8678787018262895,0.8634840871021775,0.8637406218564567,488.0845637321472
