precision,accuracy,recall,duration
0.6183539176847875,0.7375,0.5896489508303854,103.14357900619507
