precision,accuracy,recall,duration
0.49101135236922944,0.775,0.5042447475668533,476.4715611934662
