precision,accuracy,recall,duration
0.6621941588447016,0.7476489028213166,0.6247997097027737,231.31153345108032
