precision,accuracy,recall,duration
0.8675964370630611,0.8375,0.7547452069679266,108.68773245811462
