precision,accuracy,recall,duration
0.8778533268576979,0.87,0.8376736111111112,64.65224981307983
