precision,accuracy,recall,duration
0.9795764505046564,0.9804516755706654,0.9629915274632053,1168.1508626937866
