precision,accuracy,recall,duration
0.8600700886415172,0.8356164383561644,0.8417293233082707,204.86300134658813
