precision,accuracy,recall,duration
0.9766591556942431,0.9770519669742593,0.9559141205139735,1368.112893819809
