precision,accuracy,recall,duration
0.7453639846743295,0.8390243902439024,0.7520766488413547,370.13430666923523
