precision,accuracy,recall,duration
0.8748959434832497,0.8602329450915142,0.8765905033109589,83.29485177993774
