precision,accuracy,recall,duration
0.8564213564213564,0.8082191780821918,0.7968671679197995,327.6894838809967
