precision,accuracy,recall,duration
0.7697368421052632,0.7624309392265194,0.7389097744360902,140.06578302383423
