precision,accuracy,recall,duration
0.5129059790843828,0.5162337662337663,0.5132250240614578,565.2578797340393
