precision,accuracy,recall,duration
0.9680058029276607,0.9624733475479744,0.9625510593919702,263.33728671073914
