precision,accuracy,recall,duration
0.8128578865174388,0.83,0.8214841470531025,368.06891894340515
