precision,accuracy,recall,duration
0.8343570437883892,0.824,0.8240000000000001,1263.793464422226
