precision,accuracy,recall,duration
0.8515488018702513,0.8514285714285714,0.86127062255036,246.84145140647888
