precision,accuracy,recall,duration
0.8083886238298004,0.7979539641943734,0.8039658914658915,520.5427496433258
