precision,accuracy,recall,duration
0.893942506198583,0.8906666666666667,0.8906666666666667,615.7787575721741
