precision,accuracy,recall,duration
0.8905453566650834,0.89,0.8882424389705663,444.60338377952576
