precision,accuracy,recall,duration
0.8183333333333334,0.8,0.8,120.58304381370544
