precision,accuracy,recall,duration
0.9535398230088495,0.9313725490196079,0.904819471308833,322.8842296600342
