precision,accuracy,recall,duration
0.3632417670640214,0.5964912280701754,0.3721119538186552,378.84568524360657
