precision,accuracy,recall,duration
0.6088773224002072,0.7275,0.6027767122703832,386.03212213516235
