precision,accuracy,recall,duration
0.972516992340898,0.9780233122875183,0.9627291438528843,4585.517565250397
