precision,accuracy,recall,duration
0.7769396037542529,0.7684210526315789,0.7391253599914189,203.32947421073914
