precision,accuracy,recall,duration
0.7864357864357864,0.7945205479452054,0.7864781000119345,267.95996832847595
