precision,accuracy,recall,duration
0.6078925699829996,0.6927899686520376,0.5394271474850902,736.1363432407379
