precision,accuracy,recall,duration
0.6782157834937691,0.7445141065830722,0.6132268977538007,451.2726047039032
