precision,accuracy,recall,duration
0.680952380952381,0.6333333333333333,0.6333333333333333,393.07512855529785
