precision,accuracy,recall,duration
0.8210886968159893,0.8076923076923077,0.8169056511647135,203.14820861816406
