precision,accuracy,recall,duration
0.4882034126673626,0.7825,0.5080653270834152,313.82537174224854
