precision,accuracy,recall,duration
0.637123745819398,0.8105590062111802,0.561585684430512,505.60477328300476
