precision,accuracy,recall,duration
0.7678571428571429,0.764,0.764,572.8711957931519
