precision,accuracy,recall,duration
0.7096554362021126,0.9402222222222222,0.5883399785551581,806.0150897502899
