precision,accuracy,recall,duration
0.4809523809523809,0.8043478260869565,0.4972570532915361,143.3018913269043
