precision,accuracy,recall,duration
0.9180035650623886,0.92,0.9071180555555556,85.3999195098877
