precision,accuracy,recall,duration
0.36229310315483115,0.581453634085213,0.3645062146645684,145.8416314125061
