precision,accuracy,recall,duration
0.9019972607430234,0.9013333333333333,0.9013333333333334,551.738876581192
