precision,accuracy,recall,duration
0.7658244919978421,0.7766666666666666,0.7818532818532818,143.9046401977539
