precision,accuracy,recall,duration
0.9517543859649122,0.9281045751633987,0.9021598968407479,386.2139916419983
