precision,accuracy,recall,duration
0.7733965949675794,0.7916666666666666,0.7875656487064774,204.26360487937927
