precision,accuracy,recall,duration
0.9547013123463338,0.9624390243902439,0.9450739127387081,177.53001928329468
