precision,accuracy,recall,duration
0.697038567493113,0.7016574585635359,0.6792606516290727,258.6361894607544
