precision,accuracy,recall,duration
0.732244048316198,0.7058823529411765,0.7138435138435139,143.26370477676392
