precision,accuracy,recall,duration
0.9057902126727725,0.9057507987220448,0.9044149175171705,84.36473751068115
