precision,accuracy,recall,duration
0.7926743216370518,0.792,0.792,551.1068222522736
