precision,accuracy,recall,duration
0.5665582168074207,0.745,0.5758861469831934,83.35967350006104
