precision,accuracy,recall,duration
0.9075248748180759,0.904,0.904,871.3885369300842
