precision,accuracy,recall,duration
0.9161136712749616,0.9132231404958677,0.8832862789384528,297.59000158309937
