precision,accuracy,recall,duration
0.6354730430859463,0.6298342541436464,0.6331135274143613,219.04700136184692
