precision,accuracy,recall,duration
0.7832275285282803,0.7534246575342466,0.7786967418546367,112.42971563339233
