precision,accuracy,recall,duration
0.6263181312569521,0.6353591160220995,0.6293329921102566,245.29280972480774
