precision,accuracy,recall,duration
0.8525356942297018,0.8485507246376811,0.8483137561442796,204.65004348754883
