precision,accuracy,recall,duration
0.8732805389813918,0.8714057507987221,0.8681597021631684,194.45276260375977
