precision,accuracy,recall,duration
0.630368906455863,0.6353591160220995,0.6064494407270549,166.96979784965515
