precision,accuracy,recall,duration
0.9698861676440151,0.9738988580750407,0.9736110145330645,565.6237518787384
