precision,accuracy,recall,duration
0.6073651710326777,0.6974921630094044,0.5496568192521807,427.5271546840668
