precision,accuracy,recall,duration
0.9965095986038395,0.9964881474978051,0.9964912280701754,507.2553150653839
