precision,accuracy,recall,duration
0.9438230209851148,0.9439044709802833,0.9439528911359898,4567.917897701263
