precision,accuracy,recall,duration
0.7812306740878169,0.7975,0.6879193783501486,117.54725193977356
