precision,accuracy,recall,duration
0.7729122569026208,0.7883333333333333,0.7780995280995281,368.06388568878174
