precision,accuracy,recall,duration
0.8610597168190258,0.8521739130434782,0.8525539410490142,661.4726161956787
