precision,accuracy,recall,duration
0.767882671088451,0.7578947368421053,0.7432873436148227,362.99329710006714
