precision,accuracy,recall,duration
0.9178743961352657,0.9,0.8906882591093117,98.28062629699707
