precision,accuracy,recall,duration
0.8992293512212607,0.9001597444089456,0.9003620258039668,507.9113349914551
