precision,accuracy,recall,duration
0.8708333333333333,0.8666666666666667,0.865746096009254,325.56664419174194
