precision,accuracy,recall,duration
0.879730799287385,0.7923076923076923,0.9012444088412883,226.1559100151062
