precision,accuracy,recall,duration
0.734435261707989,0.7348066298342542,0.7132832080200502,220.56611037254333
