precision,accuracy,recall,duration
0.49158030068119024,0.7425,0.49725241929100067,124.85705876350403
