precision,accuracy,recall,duration
0.8316946987382249,0.82,0.704756876293669,71.58465647697449
