precision,accuracy,recall,duration
0.8547248395591378,0.8622395833333333,0.8314293031588827,317.92194986343384
