precision,accuracy,recall,duration
0.849684974739854,0.8611979166666667,0.8302842236332045,409.5670075416565
