precision,accuracy,recall,duration
0.7499080947331213,0.8439024390243902,0.7870499108734403,245.82284212112427
