precision,accuracy,recall,duration
0.6583610188261351,0.671875,0.6447368421052632,264.1359350681305
