precision,accuracy,recall,duration
0.838924963924964,0.821917808219178,0.8381787802840436,123.50430369377136
