precision,accuracy,recall,duration
0.7840727226169899,0.784,0.784,740.6818163394928
