precision,accuracy,recall,duration
0.8229774997776658,0.8286713286713286,0.8119416830821384,1630.325480222702
