precision,accuracy,recall,duration
0.9503313864730845,0.9462809917355371,0.9274546709329318,167.97144174575806
