precision,accuracy,recall,duration
0.9184954102122778,0.9193290734824281,0.9195237178252775,204.15994906425476
