precision,accuracy,recall,duration
0.8168274717294325,0.775,0.6306872658961086,208.63142728805542
