precision,accuracy,recall,duration
0.5408298613969273,0.5357142857142857,0.5346035038861799,564.8095829486847
