precision,accuracy,recall,duration
0.8437435580292724,0.8082191780821918,0.8223057644110277,133.5971086025238
