precision,accuracy,recall,duration
0.9510906968206356,0.934640522875817,0.8878143133462282,370.5319724082947
