precision,accuracy,recall,duration
0.57902215215458,0.5064935064935064,0.5139300483991498,164.71518802642822
