precision,accuracy,recall,duration
0.7587308584302588,0.832967032967033,0.7621988937275316,853.136157989502
