precision,accuracy,recall,duration
0.8704453441295548,0.8666666666666667,0.8704453441295548,106.31742000579834
