precision,accuracy,recall,duration
0.4834368591528165,0.5064935064935064,0.50179129920241,1945.7635657787323
