precision,accuracy,recall,duration
0.7747035969419728,0.8585365853658536,0.8295989304812834,994.700517654419
