precision,accuracy,recall,duration
0.46977700702420194,0.79,0.4650398994003028,116.81718921661377
