precision,accuracy,recall,duration
0.9300083140999454,0.9214876033057852,0.892408557625949,175.36351561546326
