precision,accuracy,recall,duration
0.9476539568089787,0.9390191897654584,0.9395678432077468,317.78235507011414
