precision,accuracy,recall,duration
0.9679702253593879,0.9657142857142857,0.9666474740366365,235.93251609802246
