precision,accuracy,recall,duration
0.9479942491681302,0.9380165289256198,0.9169301712779974,143.6642632484436
