precision,accuracy,recall,duration
0.7113309557958468,0.9375555555555556,0.572515106109628,743.8980264663696
