precision,accuracy,recall,duration
0.77398505200727,0.7539473684210526,0.6903616393941655,112.28313255310059
