precision,accuracy,recall,duration
0.8291415789147946,0.8114285714285714,0.8303709780329961,450.0031967163086
