precision,accuracy,recall,duration
0.7674268406752482,0.76,0.7919665434740323,307.4996702671051
