precision,accuracy,recall,duration
0.9777227722772277,0.9705882352941176,0.9563990973565442,445.93218874931335
