precision,accuracy,recall,duration
0.7081990975492083,0.9406666666666667,0.5956117403515014,683.8626823425293
