precision,accuracy,recall,duration
0.9166666666666667,0.9,0.9,524.7006981372833
