precision,accuracy,recall,duration
0.4950279591583939,0.79,0.49047981630699317,165.7545986175537
