precision,accuracy,recall,duration
0.7219696969696969,0.7237569060773481,0.7019423558897243,454.6008665561676
