precision,accuracy,recall,duration
0.6235238095238096,0.6187845303867403,0.620008688704684,264.6819875240326
