precision,accuracy,recall,duration
0.6917613636363636,0.6851851851851852,0.6851851851851851,391.9857602119446
