precision,accuracy,recall,duration
0.9648148148148148,0.9649122807017544,0.9648148148148148,220.74563694000244
