precision,accuracy,recall,duration
0.8437793641813394,0.8256410256410256,0.8321183250862743,207.84990429878235
