precision,accuracy,recall,duration
0.9479166666666666,0.9166666666666666,0.9038461538461539,106.10441493988037
