precision,accuracy,recall,duration
0.7149590163934426,0.7182320441988951,0.6971804511278196,276.4953098297119
