precision,accuracy,recall,duration
0.6872414838683747,0.9366666666666666,0.575914592099724,585.0510005950928
