precision,accuracy,recall,duration
0.9348958333333333,0.94,0.9348958333333333,65.51539945602417
