precision,accuracy,recall,duration
0.8433872370022605,0.8285714285714286,0.8419469510527756,98.96905899047852
