precision,accuracy,recall,duration
0.9622029951572022,0.9541463414634146,0.9391157936680428,131.95057940483093
