precision,accuracy,recall,duration
0.8752708676432348,0.8,0.7249519388974524,511.76495909690857
