precision,accuracy,recall,duration
0.9610091743119267,0.9444444444444444,0.9302063185041909,582.8543107509613
