precision,accuracy,recall,duration
0.8637776224049253,0.7775147928994083,0.8936496438235008,135.87567830085754
