precision,accuracy,recall,duration
0.38230783383888894,0.6040100250626567,0.3910611557964679,66.11265277862549
