precision,accuracy,recall,duration
0.5272266155443726,0.755,0.48613441073817293,87.52646780014038
