precision,accuracy,recall,duration
0.6675278219395866,0.6571428571428571,0.6530501089324618,341.6780774593353
