precision,accuracy,recall,duration
0.6493841642228739,0.6519337016574586,0.6355330570258665,93.37616038322449
