precision,accuracy,recall,duration
0.38925505750249595,0.5939849624060151,0.38435087233587845,266.5270528793335
