precision,accuracy,recall,duration
0.45720034387444475,0.7375,0.4669961722802316,259.2279691696167
