precision,accuracy,recall,duration
0.92624148999149,0.9183333333333333,0.9183333333333333,1705.9443097114563
