precision,accuracy,recall,duration
0.950369259500297,0.950682056663169,0.9449678501537602,385.8513460159302
