precision,accuracy,recall,duration
0.7054196037201987,0.9364444444444444,0.5836872041912305,676.8799700737
