precision,accuracy,recall,duration
0.9417232934765444,0.9256198347107438,0.8912227868749608,113.16776275634766
