precision,accuracy,recall,duration
0.8271837772998762,0.782608695652174,0.7877728877728877,513.2217316627502
