precision,accuracy,recall,duration
0.43337844457905395,0.4036363636363636,0.42467204332789327,718.5218777656555
