precision,accuracy,recall,duration
0.9118340278896365,0.9093333333333333,0.9093333333333332,204.3512146472931
