precision,accuracy,recall,duration
0.8366194563271175,0.8333333333333334,0.8393786815955236,375.0465226173401
