precision,accuracy,recall,duration
0.49094342936745866,0.735,0.5014946264197025,137.31529355049133
