precision,accuracy,recall,duration
0.8055841482243953,0.804,0.804,685.4158041477203
