precision,accuracy,recall,duration
0.8363389013081952,0.8289855072463768,0.8287291542965667,204.48990869522095
