precision,accuracy,recall,duration
0.72424245620498,0.7912087912087912,0.6662362446463067,864.5084850788116
