precision,accuracy,recall,duration
0.9232507076257076,0.91,0.9100000000000001,669.1536545753479
