precision,accuracy,recall,duration
0.9590909090909091,0.9411764705882353,0.9226305609284333,364.07032108306885
