precision,accuracy,recall,duration
0.8346460505763383,0.823076923076923,0.8315018224917181,205.74009609222412
