precision,accuracy,recall,duration
0.8561410865799952,0.8461538461538461,0.8519904814686755,446.990763425827
