precision,accuracy,recall,duration
0.8477088948787062,0.8119800332778702,0.8352769679300291,334.1978266239166
