precision,accuracy,recall,duration
0.7834266004997712,0.7983333333333333,0.7878950378950379,203.7526617050171
