precision,accuracy,recall,duration
0.4503205357388446,0.7325,0.4529909215753043,143.83424997329712
