precision,accuracy,recall,duration
0.8702664796633941,0.87,0.84375,93.18148565292358
