precision,accuracy,recall,duration
0.884001303356142,0.9003436426116839,0.8862246012672056,531.464070558548
