precision,accuracy,recall,duration
0.5692307692307692,0.5555555555555556,0.5555555555555556,117.15765190124512
