precision,accuracy,recall,duration
0.7242424242424242,0.6666666666666666,0.6666666666666666,83.66406440734863
