precision,accuracy,recall,duration
0.6578324121684858,0.7626373626373626,0.6207884167432155,236.4007031917572
