precision,accuracy,recall,duration
0.9444467865842234,0.9464847848898216,0.9420860124871866,83.5233883857727
