precision,accuracy,recall,duration
0.9481018981018982,0.9281045751633987,0.8972437137330754,328.32932472229004
