precision,accuracy,recall,duration
0.9575892857142858,0.9555555555555556,0.9555555555555556,387.63662004470825
