precision,accuracy,recall,duration
0.95960834799023,0.9634146341463414,0.9389921103364053,362.0890693664551
