precision,accuracy,recall,duration
0.7839950191016783,0.7802631578947369,0.7553977959644056,240.0435254573822
