precision,accuracy,recall,duration
0.9808117617749833,0.9805730937348227,0.961857603638184,1707.242404460907
