precision,accuracy,recall,duration
0.8342473217473219,0.8286445012787724,0.8335343710343711,1245.235422372818
