precision,accuracy,recall,duration
0.9456397880343148,0.9455706748125521,0.9454375827615265,684.1623818874359
