precision,accuracy,recall,duration
0.8486742615182983,0.872852233676976,0.877812977933144,129.21680307388306
