precision,accuracy,recall,duration
0.8049970720281086,0.8,0.8,323.44449734687805
