precision,accuracy,recall,duration
0.6418168233363887,0.6409090909090909,0.6409090909090908,734.7446057796478
