precision,accuracy,recall,duration
0.9312479881229883,0.9183333333333333,0.9183333333333333,2104.1764063835144
