precision,accuracy,recall,duration
0.9572072072072072,0.9379084967320261,0.9248871695680206,606.5943195819855
