precision,accuracy,recall,duration
0.9793064333855698,0.9789946576007771,0.9589537882826056,503.80831837654114
