precision,accuracy,recall,duration
0.6309704305356479,0.6022099447513812,0.5973476979926096,412.48516845703125
