precision,accuracy,recall,duration
0.7862849451525152,0.805,0.7462510856298948,107.80427265167236
