precision,accuracy,recall,duration
0.7098335269066977,0.665,0.7174431044543863,93.38284921646118
