precision,accuracy,recall,duration
0.9763276589553325,0.9758793969849247,0.9760575253091943,385.8326234817505
