precision,accuracy,recall,duration
0.77,0.7666666666666667,0.7666666666666666,264.37703585624695
