precision,accuracy,recall,duration
0.8808377896613191,0.886,0.8700271913264864,2202.1138155460358
