precision,accuracy,recall,duration
0.6067457375833951,0.7888198757763976,0.5752351097178683,771.7092399597168
