precision,accuracy,recall,duration
0.7701149425287357,0.7866666666666666,0.7879789924139273,146.10100865364075
