precision,accuracy,recall,duration
0.8429817112723338,0.8188405797101449,0.8196542895244618,455.0371108055115
