precision,accuracy,recall,duration
0.7142857142857143,0.7142857142857143,0.7135076252723311,393.0340895652771
