precision,accuracy,recall,duration
0.7861136878994023,0.7945205479452054,0.8061343835779926,203.13732266426086
