precision,accuracy,recall,duration
0.945943841326554,0.9517313746065058,0.9536110334544777,80.37021279335022
