precision,accuracy,recall,duration
0.9711538461538461,0.9607843137254902,0.9582527401676337,515.3937866687775
