precision,accuracy,recall,duration
0.9503091933489076,0.9559286463798531,0.9580514397539839,203.33829927444458
