precision,accuracy,recall,duration
0.9763767354593377,0.9757163671685284,0.9520209944931715,434.0191261768341
