precision,accuracy,recall,duration
0.9546093963705801,0.9521951219512195,0.9282757572897273,79.47108721733093
