precision,accuracy,recall,duration
0.6707719298245614,0.6740331491712708,0.6520682612603614,208.09088802337646
