precision,accuracy,recall,duration
0.826951801951802,0.8081841432225064,0.8167520542520542,526.8989253044128
