precision,accuracy,recall,duration
0.8577380952380952,0.8333333333333334,0.7638888888888888,73.0804591178894
