precision,accuracy,recall,duration
0.8946906042733381,0.8906666666666667,0.8906666666666667,294.54762506484985
