precision,accuracy,recall,duration
0.9053657694962043,0.9106529209621993,0.8849956303255407,344.25240302085876
