precision,accuracy,recall,duration
0.9532738095238096,0.934640522875817,0.9025628626692457,204.1836748123169
