precision,accuracy,recall,duration
0.7592659071760519,0.7592105263157894,0.7141486398779836,143.31772541999817
