precision,accuracy,recall,duration
0.7693485376412206,0.785,0.7735950235950235,273.9268162250519
