precision,accuracy,recall,duration
0.8845649299646888,0.8826666666666667,0.8826666666666667,167.05873441696167
