precision,accuracy,recall,duration
0.8394819695521978,0.8453125,0.8086063846550893,182.17547917366028
