precision,accuracy,recall,duration
0.8000088171203286,0.815,0.7895594242365298,94.4696478843689
