precision,accuracy,recall,duration
0.8275427032779973,0.8158567774936062,0.8237078237078237,338.9313380718231
