precision,accuracy,recall,duration
0.942725017796761,0.9425159677867259,0.9422896352473817,1775.2767293453217
