precision,accuracy,recall,duration
0.739,0.7348066298342542,0.7096491228070176,287.28647351264954
