precision,accuracy,recall,duration
0.7199085830370746,0.6833333333333333,0.731618362186345,162.4562566280365
