precision,accuracy,recall,duration
0.789142751139655,0.7774936061381074,0.785963660963661,326.0438024997711
