precision,accuracy,recall,duration
0.9462181962181963,0.9248366013071896,0.8798355899419729,195.41444492340088
