precision,accuracy,recall,duration
0.7058949326412063,0.7912087912087912,0.6605219024181872,460.2575283050537
