precision,accuracy,recall,duration
0.8906912288783035,0.8853333333333333,0.8811619659324268,112.66431903839111
