precision,accuracy,recall,duration
0.8141435678749112,0.8283333333333334,0.8062876872203851,65.59518933296204
