precision,accuracy,recall,duration
0.7808808423215203,0.78,0.78,1344.4777467250824
