precision,accuracy,recall,duration
0.40713282247765004,0.6090225563909775,0.39462396300829594,283.67570638656616
