precision,accuracy,recall,duration
0.7587325490551298,0.7716666666666666,0.7723080223080223,282.54645347595215
