precision,accuracy,recall,duration
0.7525399129172714,0.7523809523809524,0.7527233115468409,203.1584644317627
