precision,accuracy,recall,duration
0.9584567723074077,0.9546341463414634,0.9320930923315045,74.04998278617859
