precision,accuracy,recall,duration
0.8347315773608078,0.8333333333333334,0.8332410996435189,177.70894932746887
