precision,accuracy,recall,duration
0.9650176843979106,0.965742251223491,0.960167350439237,410.49151635169983
