precision,accuracy,recall,duration
0.9704034324661222,0.9696,0.9699729854077681,265.31668877601624
