precision,accuracy,recall,duration
0.4556829948227798,0.74,0.4845296477491244,153.35633754730225
