precision,accuracy,recall,duration
0.9794380607828422,0.978894472361809,0.9792740085508337,568.130588054657
