precision,accuracy,recall,duration
0.9933333333333333,0.9933333333333333,0.9933333333333333,141.11146998405457
