precision,accuracy,recall,duration
0.9412418698993439,0.9401888772298006,0.931788742894418,318.9205503463745
