precision,accuracy,recall,duration
0.8308080808080808,0.8285714285714286,0.8390301704493665,75.99894905090332
