precision,accuracy,recall,duration
0.5528239538239539,0.5551948051948052,0.5541703340399116,504.74803853034973
