precision,accuracy,recall,duration
0.7617924528301887,0.7619047619047619,0.7619825708061002,565.7080850601196
