precision,accuracy,recall,duration
0.4907771849004076,0.7525,0.5072668324685051,265.18257665634155
