precision,accuracy,recall,duration
0.6173258738832509,0.6243093922651933,0.6076998651752722,80.75901389122009
