precision,accuracy,recall,duration
0.8026779422128261,0.7828571428571428,0.8018412177559019,528.9944090843201
