precision,accuracy,recall,duration
0.680747347018327,0.7648902821316614,0.6361643262257118,519.3648059368134
