precision,accuracy,recall,duration
0.4981477102801904,0.4290909090909091,0.43249274709050933,453.76382541656494
