precision,accuracy,recall,duration
0.4538294582884932,0.76,0.4778932062121484,282.74201822280884
