precision,accuracy,recall,duration
0.8945165945165945,0.863013698630137,0.8651211361737677,76.52014255523682
