precision,accuracy,recall,duration
0.9582615415500287,0.9478048780487804,0.9207669604087692,83.62697124481201
