precision,accuracy,recall,duration
0.8357150335091512,0.8184143222506394,0.8261984636984636,300.35192131996155
