precision,accuracy,recall,duration
0.6786948468996659,0.9315555555555556,0.5956558621239078,1563.616781949997
