precision,accuracy,recall,duration
0.5084978871939805,0.79,0.5139082906528987,162.671222448349
