precision,accuracy,recall,duration
0.9396661184588933,0.9482926829268292,0.9252845291018245,221.93745613098145
