precision,accuracy,recall,duration
0.5921471378655175,0.5914141414141414,0.5914141414141415,144.18388509750366
