precision,accuracy,recall,duration
0.9800045075044702,0.9771733851384167,0.9528623912117243,759.8426868915558
