precision,accuracy,recall,duration
0.9104188635438635,0.8983333333333333,0.8983333333333333,624.7333736419678
