precision,accuracy,recall,duration
0.7925170068027211,0.7945205479452054,0.7864781000119345,158.80013179779053
