precision,accuracy,recall,duration
0.8226839332338053,0.8081841432225064,0.8102484227484227,664.9872353076935
