precision,accuracy,recall,duration
0.6414982291409274,0.6353591160220995,0.6167555927294517,103.8738660812378
