precision,accuracy,recall,duration
0.9810533334246521,0.9804516755706654,0.9617129904783863,1135.7359673976898
