precision,accuracy,recall,duration
0.9025523234646246,0.7994082840236686,0.9028223261055998,564.5692579746246
