precision,accuracy,recall,duration
0.9035487818444766,0.9140893470790378,0.8962748525234869,1291.2994678020477
