precision,accuracy,recall,duration
0.9463932142146282,0.9380165289256198,0.9240793023401719,172.37021589279175
