precision,accuracy,recall,duration
0.9447911697005971,0.9309168443496801,0.9316862562473576,444.8349561691284
