precision,accuracy,recall,duration
0.4046558017146252,0.6015037593984962,0.399015805016417,160.26808953285217
