precision,accuracy,recall,duration
0.9456496673564154,0.9452929741738406,0.9449981942939689,1404.2783527374268
