precision,accuracy,recall,duration
0.8128995228925353,0.7974358974358975,0.8061113715057912,172.7846212387085
