precision,accuracy,recall,duration
0.8535353535353536,0.85,0.8500000000000001,92.24095225334167
