precision,accuracy,recall,duration
0.9096869289629967,0.9103333333333333,0.9102332267614184,170.08389925956726
