precision,accuracy,recall,duration
0.8627626246687017,0.86796875,0.8329363691334998,535.1414210796356
