precision,accuracy,recall,duration
0.8157774737802098,0.7942857142857143,0.8129614438063987,169.30148720741272
