precision,accuracy,recall,duration
0.6536239495798319,0.6444444444444445,0.6444444444444445,217.752507686615
