precision,accuracy,recall,duration
0.6457142857142857,0.6408839779005525,0.6362787875761511,104.35593724250793
