precision,accuracy,recall,duration
0.9409252355652098,0.9338929695697796,0.9199329046687168,312.0345559120178
