precision,accuracy,recall,duration
0.9137336093857833,0.9175257731958762,0.8929429757483067,988.8332500457764
