precision,accuracy,recall,duration
0.7978442081057775,0.8116666666666666,0.8087015587015587,202.32105708122253
