precision,accuracy,recall,duration
0.9749820501573297,0.9738693467336683,0.9737609808126697,121.83743047714233
