precision,accuracy,recall,duration
0.8537586760330167,0.8564102564102564,0.8561748683095728,648.2179601192474
