precision,accuracy,recall,duration
0.9632655334861218,0.9509803921568627,0.935525467440361,447.9996747970581
