precision,accuracy,recall,duration
0.752610640358256,0.704,0.7040000000000001,1583.944682598114
