precision,accuracy,recall,duration
0.4012430936151216,0.5914786967418546,0.38783262662470125,232.9868927001953
