precision,accuracy,recall,duration
0.48359484806837333,0.44,0.4500787956105376,312.3732075691223
