precision,accuracy,recall,duration
0.7758680629888061,0.7493606138107417,0.757850707850708,387.55982780456543
