precision,accuracy,recall,duration
0.9436082937586898,0.9436267703415718,0.9435696801893985,1526.8402948379517
