precision,accuracy,recall,duration
0.5436485755167382,0.551948051948052,0.5492620983335804,624.6869633197784
