precision,accuracy,recall,duration
0.9485111662531017,0.9473684210526315,0.9462962962962963,147.12879967689514
