precision,accuracy,recall,duration
0.6823353994949901,0.7127480223057969,0.6213009509284514,4046.765702486038
