precision,accuracy,recall,duration
0.641416356555409,0.74,0.6232486610123741,191.73775625228882
