precision,accuracy,recall,duration
0.6265921434886952,0.6353591160220995,0.6351402676520523,490.28982186317444
