precision,accuracy,recall,duration
0.6626899667674844,0.765,0.6171283865376692,83.58180618286133
