precision,accuracy,recall,duration
0.8879406600333168,0.887,0.8849164035128081,560.4213480949402
