precision,accuracy,recall,duration
0.8783926040190111,0.8761980830670927,0.8728557673791643,264.6809139251709
