precision,accuracy,recall,duration
0.9301602361374657,0.9286463798530955,0.9182788183766657,410.3617904186249
