precision,accuracy,recall,duration
0.9282060858852222,0.9297520661157025,0.9089936633414895,265.1600115299225
