precision,accuracy,recall,duration
0.9689171559034573,0.9706190975865687,0.9689171559034573,50.138818979263306
