precision,accuracy,recall,duration
0.7813075523147895,0.784,0.7840000000000001,767.955326795578
