precision,accuracy,recall,duration
0.7037023252439079,0.9368888888888889,0.5872945049230422,267.247189283371
