precision,accuracy,recall,duration
0.9800865143075845,0.9798994974874372,0.9802556491015125,210.33305191993713
