precision,accuracy,recall,duration
0.7198412698412697,0.6666666666666666,0.6666666666666666,337.19164180755615
