precision,accuracy,recall,duration
0.8053815465580172,0.8082191780821918,0.8176214345387277,181.09423995018005
