precision,accuracy,recall,duration
0.8387188208616779,0.7945205479452054,0.7976608187134503,204.26784658432007
