precision,accuracy,recall,duration
0.9875776397515528,0.9885714285714285,0.9891215106732348,399.737352848053
