precision,accuracy,recall,duration
0.8669978517722878,0.8865979381443299,0.873252130216299,221.91246795654297
