precision,accuracy,recall,duration
0.8323931623931623,0.8228571428571428,0.8356576428766749,122.67537665367126
