precision,accuracy,recall,duration
0.5247741788488817,0.525974025974026,0.5217498222650627,1765.5598459243774
