precision,accuracy,recall,duration
0.9203283396922239,0.9196919691969196,0.9192803690787562,1526.8811676502228
