precision,accuracy,recall,duration
0.9477176895407045,0.9469570072585148,0.9471933341142575,2245.3398430347443
