precision,accuracy,recall,duration
0.7727272727272727,0.7714285714285715,0.7723311546840959,546.4762830734253
