precision,accuracy,recall,duration
0.9655693844974598,0.9678048780487805,0.9542938504878514,364.6747872829437
