precision,accuracy,recall,duration
0.8988001873515892,0.8956666666666667,0.8925280237081934,880.5935413837433
