precision,accuracy,recall,duration
0.42491633928204076,0.4036363636363636,0.43206485999865546,426.8388297557831
