precision,accuracy,recall,duration
0.614161231585474,0.7275,0.6107907485544616,157.42334628105164
