precision,accuracy,recall,duration
0.775357057775862,0.7883333333333333,0.7892535392535392,196.80238842964172
