precision,accuracy,recall,duration
0.9062852434415551,0.903,0.8821550425189213,3987.585786342621
