precision,accuracy,recall,duration
0.8699999999999999,0.8,0.8,446.9495892524719
