precision,accuracy,recall,duration
0.8111454516625205,0.8179787828029034,0.8161467173648773,2247.2452137470245
