precision,accuracy,recall,duration
0.6334752472729728,0.7115987460815048,0.5747852368116326,200.73617577552795
