precision,accuracy,recall,duration
0.820193076140657,0.823076923076923,0.8120486562193485,143.54982376098633
