precision,accuracy,recall,duration
0.7465070239062419,0.7723684210526316,0.7456132340500483,357.07667326927185
