precision,accuracy,recall,duration
0.9590909090909091,0.9411764705882353,0.9078820116054158,198.1648440361023
