precision,accuracy,recall,duration
0.8137652030509174,0.7808219178082192,0.7961152882205514,207.32806396484375
