precision,accuracy,recall,duration
0.9090385353987965,0.8944444444444445,0.8944444444444445,147.0504584312439
