precision,accuracy,recall,duration
0.8199340342197485,0.7945205479452054,0.8147869674185463,200.1067624092102
