precision,accuracy,recall,duration
0.39756111042020753,0.5989974937343359,0.39700217112548813,92.00715208053589
