precision,accuracy,recall,duration
0.8203286732698498,0.8184143222506394,0.8243121368121368,519.7724390029907
