precision,accuracy,recall,duration
0.7605544150198988,0.7783333333333333,0.7761865395837386,671.4666137695312
