precision,accuracy,recall,duration
0.9611962686361346,0.9573560767590619,0.9574934905925305,385.60738372802734
