precision,accuracy,recall,duration
0.8869615041240821,0.8785942492012779,0.8728134026574235,401.748770236969
