precision,accuracy,recall,duration
0.7217987804878049,0.7142857142857143,0.7113289760348583,205.06959295272827
