precision,accuracy,recall,duration
0.5303812379524524,0.5227272727272727,0.5198359804571531,624.5985374450684
