precision,accuracy,recall,duration
0.8948748376696073,0.895,0.8939132948054345,390.2081685066223
