precision,accuracy,recall,duration
0.7824645422729785,0.8,0.7982882707644428,276.70002818107605
