precision,accuracy,recall,duration
0.9652039203735917,0.9648,0.9665040906034695,143.76588439941406
