precision,accuracy,recall,duration
0.8194614027947361,0.8171428571428572,0.8264515540971654,385.45936131477356
