precision,accuracy,recall,duration
0.9304653516279582,0.9296482412060302,0.9298810069793637,1627.1068334579468
