precision,accuracy,recall,duration
0.8253667840375587,0.8,0.8236259228876128,73.70196628570557
