precision,accuracy,recall,duration
0.8782638399125684,0.8771635957565606,0.8776300602551932,855.3120398521423
