precision,accuracy,recall,duration
0.9057141968396167,0.9013333333333333,0.9013333333333332,1402.883605480194
