precision,accuracy,recall,duration
0.5454909017452299,0.5422077922077922,0.5413096993117404,627.6289131641388
