precision,accuracy,recall,duration
0.9828571428571429,0.9828571428571429,0.9841954022988506,89.69979763031006
