precision,accuracy,recall,duration
0.5448757235274089,0.7360248447204969,0.5430381400208987,169.80673789978027
