precision,accuracy,recall,duration
0.9249888042991491,0.9312714776632303,0.9146821061830894,773.7733750343323
