precision,accuracy,recall,duration
0.9792240268924267,0.978894472361809,0.979194077976247,127.43318390846252
