precision,accuracy,recall,duration
0.7483922558922559,0.736,0.7360000000000001,383.3432950973511
