precision,accuracy,recall,duration
0.7134615384615385,0.7047619047619048,0.7015250544662309,264.64212822914124
