precision,accuracy,recall,duration
0.9445696881604131,0.944,0.9457311437435661,184.08024191856384
