precision,accuracy,recall,duration
0.8452380952380952,0.7945205479452054,0.7992481203007519,627.5764284133911
