precision,accuracy,recall,duration
0.4230697070670619,0.6240601503759399,0.419499305434128,86.4926688671112
