precision,accuracy,recall,duration
0.850952894642215,0.9153846153846154,0.8836477987421384,74.95770311355591
