precision,accuracy,recall,duration
0.5717643164515062,0.7484472049689441,0.5707941483803552,96.9926381111145
