precision,accuracy,recall,duration
0.9759694219266034,0.9798445847498786,0.9647718404718394,925.5379836559296
