precision,accuracy,recall,duration
0.8103083657705507,0.8082191780821918,0.8237438835183195,198.95268559455872
