precision,accuracy,recall,duration
0.9395059864245541,0.9394612607608998,0.939338309056619,2293.208391427994
