precision,accuracy,recall,duration
0.8443043295502313,0.858,0.8546562981693483,808.7284114360809
