precision,accuracy,recall,duration
0.7858293075684379,0.784,0.784,271.3624339103699
