precision,accuracy,recall,duration
0.8389008620689655,0.8360655737704918,0.8403679653679654,73.528324842453
