precision,accuracy,recall,duration
0.8234144496280418,0.8166666666666667,0.8166666666666667,218.90901374816895
