precision,accuracy,recall,duration
0.8238403731050792,0.8337595907928389,0.8394823644823646,895.9549751281738
