precision,accuracy,recall,duration
0.9022691197691197,0.8883333333333333,0.8883333333333333,370.9748842716217
