precision,accuracy,recall,duration
0.9763945051473655,0.976,0.9762493327400159,112.34657883644104
