precision,accuracy,recall,duration
0.8842332011806922,0.8823333333333333,0.8796044852228071,487.7799587249756
