precision,accuracy,recall,duration
0.925079305387914,0.9246424642464246,0.9243097936646324,512.672375202179
