precision,accuracy,recall,duration
0.9672224972054962,0.9603411513859275,0.9604986395294338,78.17831134796143
