precision,accuracy,recall,duration
0.9716539793357727,0.9708542713567839,0.9707763758746978,58.37029814720154
