precision,accuracy,recall,duration
0.7559876729306938,0.765,0.7787152304999028,205.56041741371155
