precision,accuracy,recall,duration
0.9614184244511408,0.9509803921568627,0.9256931012250161,507.7612638473511
