precision,accuracy,recall,duration
0.9439681197922956,0.9430713690641489,0.942578548212351,3445.7286438941956
