precision,accuracy,recall,duration
0.8146311646311647,0.8005115089514067,0.806936831936832,255.56135487556458
