precision,accuracy,recall,duration
0.8960566914183027,0.894,0.8913547200845547,780.9219992160797
