precision,accuracy,recall,duration
0.6036065312577724,0.734065934065934,0.6028972429187599,607.6893346309662
