precision,accuracy,recall,duration
0.778573619733324,0.7818840579710145,0.7810637396508129,502.50130319595337
