precision,accuracy,recall,duration
0.6804673837253113,0.9362222222222222,0.5962629408722766,188.69845008850098
