precision,accuracy,recall,duration
0.946612047794188,0.9466814773673979,0.9467035833233016,683.8039362430573
