precision,accuracy,recall,duration
0.5040796711564338,0.48545454545454547,0.49123100945355574,494.18943977355957
