precision,accuracy,recall,duration
0.94522731560083,0.9447375728964177,0.9443862605834437,683.5218412876129
