precision,accuracy,recall,duration
0.9687179628002344,0.9737670514165793,0.9771829279657068,203.62061023712158
