precision,accuracy,recall,duration
0.8319609368531187,0.8282051282051283,0.8303884940978646,1388.2533960342407
