precision,accuracy,recall,duration
0.8260273171360452,0.8256410256410256,0.8340448566840247,381.16908621788025
