precision,accuracy,recall,duration
0.9478213342230087,0.9472361809045227,0.9473964923207465,1733.8725860118866
