precision,accuracy,recall,duration
0.8760932944606414,0.8585690515806988,0.8760932944606414,203.40581107139587
