precision,accuracy,recall,duration
0.8783333333333334,0.9384615384615385,0.9461477987421384,264.1222219467163
