precision,accuracy,recall,duration
0.3856255411028973,0.6040100250626567,0.3844553122146452,278.5039131641388
