precision,accuracy,recall,duration
0.7531590413943355,0.8292682926829268,0.7607754010695187,170.07036185264587
