precision,accuracy,recall,duration
0.797870731616449,0.8040201005025126,0.8022649615261273,627.321475982666
