precision,accuracy,recall,duration
0.8779644268774703,0.8777777777777778,0.8777777777777778,352.6125998497009
