precision,accuracy,recall,duration
0.831911619146382,0.8256410256410256,0.8251291576646275,172.24173855781555
