precision,accuracy,recall,duration
0.8352532679738562,0.8285714285714286,0.8419469510527756,446.8223090171814
