precision,accuracy,recall,duration
0.8129815100154083,0.812,0.812,951.4091618061066
