precision,accuracy,recall,duration
0.9737048665620095,0.9673202614379085,0.9439071566731142,568.1711385250092
