precision,accuracy,recall,duration
0.8339555659781627,0.8179487179487179,0.8210711457793591,263.5032968521118
