precision,accuracy,recall,duration
0.9634194296399675,0.9624390243902439,0.9479431292007182,364.54375076293945
