precision,accuracy,recall,duration
0.878035532714883,0.878,0.8765156567797652,1088.3082830905914
