precision,accuracy,recall,duration
0.9666666666666667,0.9545454545454546,0.9580419580419581,374.4679174423218
