precision,accuracy,recall,duration
0.7068565621246686,0.934,0.5931865329714892,263.73598766326904
