precision,accuracy,recall,duration
0.8474200627189993,0.8384615384615385,0.8459267791738238,495.8454201221466
