precision,accuracy,recall,duration
0.9746610754348412,0.9669421487603306,0.9636865549909027,228.93774366378784
