precision,accuracy,recall,duration
0.8116666666666668,0.7333333333333333,0.7333333333333333,102.89739108085632
