precision,accuracy,recall,duration
0.9236413123913124,0.9133333333333333,0.9133333333333334,1047.4712612628937
