precision,accuracy,recall,duration
0.9656458856825468,0.9653824678950307,0.965475244136222,3630.788891553879
