precision,accuracy,recall,duration
0.8672925747113449,0.877,0.8659614818406969,443.90048336982727
