precision,accuracy,recall,duration
0.8458603979791732,0.8457142857142858,0.8520645337708505,125.97378587722778
