precision,accuracy,recall,duration
0.7804232804232805,0.795,0.78989703989704,86.55377388000488
