precision,accuracy,recall,duration
0.9326448306595364,0.92,0.92,777.4914360046387
