precision,accuracy,recall,duration
0.8122508443937014,0.7671232876712328,0.781829573934837,507.9617352485657
