precision,accuracy,recall,duration
0.8893606139442158,0.8865814696485623,0.8831144489376725,468.80028676986694
