precision,accuracy,recall,duration
0.8109975961538461,0.7555555555555555,0.7555555555555555,335.143994808197
