precision,accuracy,recall,duration
0.9653662820549425,0.9628997867803838,0.9631141550815854,155.29154062271118
