precision,accuracy,recall,duration
0.8275946767600294,0.8128205128205128,0.8155186252348018,445.78670048713684
