precision,accuracy,recall,duration
0.36699863519588954,0.5889724310776943,0.37212603942025607,109.95522737503052
