precision,accuracy,recall,duration
0.9321096958596958,0.9216666666666666,0.9216666666666667,3534.0292394161224
