precision,accuracy,recall,duration
0.8287438837101324,0.8228571428571428,0.8371160331783795,445.7257809638977
