precision,accuracy,recall,duration
0.9743258632903885,0.9738693467336683,0.9740009605373348,257.18839955329895
