precision,accuracy,recall,duration
0.6185678126240146,0.6257575757575757,0.6257575757575758,311.87251710891724
