precision,accuracy,recall,duration
0.8998044965786902,0.9140893470790378,0.9021192921127377,1334.7274839878082
