precision,accuracy,recall,duration
0.9253349093774625,0.9240924092409241,0.923517872711421,1071.0710582733154
