precision,accuracy,recall,duration
0.6246063877642825,0.7475,0.6244938839875549,145.0804741382599
