precision,accuracy,recall,duration
0.7586410054988217,0.7428571428571429,0.7391067538126361,323.06867504119873
