precision,accuracy,recall,duration
0.9483836777954425,0.9281045751633987,0.892327530625403,204.0610556602478
