precision,accuracy,recall,duration
0.8045721187025535,0.7942857142857143,0.8085862729012853,417.4455726146698
