precision,accuracy,recall,duration
0.9011230315578141,0.863013698630137,0.8607351712614871,82.19660353660583
