precision,accuracy,recall,duration
0.9571679795716798,0.9526916802610114,0.9398743712769162,323.2504041194916
