precision,accuracy,recall,duration
0.8983846926462722,0.8989391401451703,0.8992426260577588,994.821127653122
