precision,accuracy,recall,duration
0.8846153846153846,0.85,0.85,567.9600656032562
