precision,accuracy,recall,duration
0.9673441427596087,0.9726829268292683,0.9585833839430482,634.2806808948517
