precision,accuracy,recall,duration
0.9198125485625486,0.915,0.9149999999999999,503.24007654190063
