precision,accuracy,recall,duration
0.8478217645405043,0.841025641025641,0.8489637798902995,864.0528857707977
