precision,accuracy,recall,duration
0.8363279619858567,0.8184143222506394,0.8277706527706526,467.1153464317322
