precision,accuracy,recall,duration
0.514660492079847,0.4642857142857143,0.4659712432867805,539.1306159496307
