precision,accuracy,recall,duration
0.8233609847471233,0.8286713286713286,0.8113862293279582,2249.0257980823517
