precision,accuracy,recall,duration
0.9703083989605935,0.968780487804878,0.9544694946328282,279.37475514411926
