precision,accuracy,recall,duration
0.7731950996186789,0.7883333333333333,0.7808880308880308,849.142688035965
