precision,accuracy,recall,duration
0.9359271004619841,0.9297520661157025,0.9171779910910346,385.6815679073334
