precision,accuracy,recall,duration
0.6881416449632402,0.7113214887822591,0.6318530660785672,17754.73215484619
