precision,accuracy,recall,duration
0.8638940396293338,0.8439897698209718,0.8491558366558365,388.07393074035645
