precision,accuracy,recall,duration
0.9428083179830888,0.9450915141430949,0.9509345266345741,264.5300886631012
