precision,accuracy,recall,duration
0.9841269841269842,0.9833333333333333,0.9833333333333334,150.05272221565247
