precision,accuracy,recall,duration
0.5904206904206905,0.725,0.5876564520024435,104.18539881706238
