precision,accuracy,recall,duration
0.8394429926442122,0.845,0.7686561910555575,177.70616936683655
