precision,accuracy,recall,duration
0.8907355480863866,0.888,0.864424392524983,1556.8405740261078
