precision,accuracy,recall,duration
0.9652163215202126,0.9545454545454546,0.937731350774829,110.17449498176575
