precision,accuracy,recall,duration
0.5246205838207432,0.525974025974026,0.522890624318501,2065.726100206375
