precision,accuracy,recall,duration
0.6467796198054818,0.6574585635359116,0.6537098771596924,473.02415800094604
