precision,accuracy,recall,duration
0.7054719562243502,0.6033333333333334,0.6826006613499319,445.5670144557953
