precision,accuracy,recall,duration
0.9641655378952317,0.9604878048780487,0.9441885492949338,80.30057573318481
