precision,accuracy,recall,duration
0.8093140929535232,0.8266666666666667,0.8210464890099203,75.58793616294861
