precision,accuracy,recall,duration
0.9577523517328728,0.949680170575693,0.9498178966440444,385.68864822387695
