precision,accuracy,recall,duration
0.8126078390582361,0.8283333333333334,0.8105670103092784,291.35375928878784
