precision,accuracy,recall,duration
0.5674920634920634,0.71,0.553495574592621,197.82194471359253
