precision,accuracy,recall,duration
0.9263054748899955,0.9256198347107438,0.9023401719053893,271.1679663658142
