precision,accuracy,recall,duration
0.9643405895141989,0.9728023312287518,0.9556654384928107,3207.037118434906
