precision,accuracy,recall,duration
0.9602570303584519,0.9601554907677357,0.9601353189174486,436.8118302822113
