precision,accuracy,recall,duration
0.9780219780219781,0.9771428571428571,0.9782430213464696,156.75044536590576
