precision,accuracy,recall,duration
0.9621123619371283,0.9477124183006536,0.9377820760799485,565.0419704914093
