precision,accuracy,recall,duration
0.9262771392081737,0.9173553719008265,0.8887853692201517,356.0131506919861
