precision,accuracy,recall,duration
0.9380912569386923,0.937795056928631,0.9375165523052847,1644.7087533473969
