precision,accuracy,recall,duration
0.9450373237873236,0.935,0.9350000000000002,3205.823269367218
