precision,accuracy,recall,duration
0.7256067531933982,0.9406666666666667,0.5754091829584046,353.6838254928589
