precision,accuracy,recall,duration
0.7910839160839161,0.8,0.7041666666666666,144.01257181167603
