precision,accuracy,recall,duration
0.9557698857492692,0.9539445628997868,0.9541204776894785,94.01825261116028
