precision,accuracy,recall,duration
0.7610693400167085,0.76,0.76,806.0470948219299
