precision,accuracy,recall,duration
0.9433650783065314,0.9433490697028604,0.943256691144015,1823.43510055542
