precision,accuracy,recall,duration
0.7992365424430642,0.796,0.796,625.4115297794342
