precision,accuracy,recall,duration
0.8871551334237902,0.89,0.8715277777777778,203.29896354675293
