precision,accuracy,recall,duration
0.4637902996126681,0.72,0.4835631018143249,452.10118985176086
