precision,accuracy,recall,duration
0.6937341923136016,0.9377777777777778,0.5802573489479655,474.2969796657562
