precision,accuracy,recall,duration
0.8877945854179201,0.8797101449275362,0.8801605907700336,85.57895565032959
