precision,accuracy,recall,duration
0.8731914191567735,0.7869822485207101,0.8965120002160941,646.7926831245422
