precision,accuracy,recall,duration
0.833121533121533,0.8209718670076727,0.8309480684480686,383.15276074409485
