precision,accuracy,recall,duration
0.8148076923076922,0.7942857142857143,0.8085862729012853,567.9559667110443
