precision,accuracy,recall,duration
0.9509896434757625,0.9512195121951219,0.9337755607876693,154.48086595535278
