precision,accuracy,recall,duration
0.6292738036378481,0.6277777777777778,0.6277777777777779,172.09576988220215
