precision,accuracy,recall,duration
0.948081007669521,0.9477945281965382,0.9479075961067553,1528.4870188236237
