precision,accuracy,recall,duration
0.7781433607520565,0.7933333333333333,0.782067782067782,270.06635451316833
