precision,accuracy,recall,duration
0.6637911487932966,0.6966670989495526,0.6010252097003163,3197.130804538727
