precision,accuracy,recall,duration
0.5701744897419754,0.512987012987013,0.5098127204422075,563.3984024524689
