precision,accuracy,recall,duration
0.8205768988893234,0.8282051282051283,0.819253416113737,327.0679702758789
