precision,accuracy,recall,duration
0.7333333333333334,0.6875,0.6275303643724697,206.478200674057
