{"dataset": "StarLightCurves", "depth": 9, "nb_filters": 64, "batch_size": 16, "kernel_size": 32, "use_residual": "False", "use_bottleneck": "False", "acc": 0.9763234579893152, "precision": 0.970770897501307, "recall": 0.959755212104093, "budget_ran": 1500, "duration": 10290.061770677567}
{"dataset": "StarLightCurves", "depth": 9, "nb_filters": 32, "batch_size": 64, "kernel_size": 32, "use_residual": "False", "use_bottleneck": "False", "acc": 0.9780233122875183, "precision": 0.972516992340898, "recall": 0.9627291438528843, "budget_ran": 1500, "duration": 4585.517565250397}
{"dataset": "StarLightCurves", "depth": 6, "nb_filters": 16, "batch_size": 32, "kernel_size": 64, "use_residual": "False", "use_bottleneck": "False", "acc": 0.9780233122875183, "precision": 0.9717633965957657, "recall": 0.9637200945736484, "budget_ran": 1500, "duration": 2364.264671087265}
{"dataset": "StarLightCurves", "depth": 6, "nb_filters": 32, "batch_size": 64, "kernel_size": 64, "use_residual": "True", "use_bottleneck": "False", "acc": 0.9775376396308888, "precision": 0.9699162205902471, "recall": 0.9642919869906766, "budget_ran": 1500, "duration": 3369.198929786682}
{"dataset": "StarLightCurves", "depth": 6, "nb_filters": 16, "batch_size": 64, "kernel_size": 32, "use_residual": "True", "use_bottleneck": "True", "acc": 0.9771733851384167, "precision": 0.9727774023146681, "recall": 0.9598943446282274, "budget_ran": 1500, "duration": 1872.4446923732758}
{"dataset": "StarLightCurves", "depth": 6, "nb_filters": 16, "batch_size": 16, "kernel_size": 32, "use_residual": "False", "use_bottleneck": "False", "acc": 0.9780233122875183, "precision": 0.9743258499222631, "recall": 0.9611630206040109, "budget_ran": 1500, "duration": 2389.8400495052338}
{"dataset": "StarLightCurves", "depth": 3, "nb_filters": 64, "batch_size": 16, "kernel_size": 32, "use_residual": "False", "use_bottleneck": "True", "acc": 0.9741379310344828, "precision": 0.9666211535398616, "recall": 0.95728907680803, "budget_ran": 1500, "duration": 3023.2328004837036}
{"dataset": "StarLightCurves", "depth": 3, "nb_filters": 64, "batch_size": 64, "kernel_size": 41, "use_residual": "False", "use_bottleneck": "False", "acc": 0.9757163671685284, "precision": 0.9684630011239794, "recall": 0.9602569881279086, "budget_ran": 1500, "duration": 2785.7848150730133}
{"dataset": "StarLightCurves", "depth": 6, "nb_filters": 64, "batch_size": 64, "kernel_size": 41, "use_residual": "False", "use_bottleneck": "False", "acc": 0.9774162214667315, "precision": 0.9713336370588284, "recall": 0.9623040651202358, "budget_ran": 1500, "duration": 6324.484966039658}
{"dataset": "StarLightCurves", "depth": 3, "nb_filters": 16, "batch_size": 128, "kernel_size": 41, "use_residual": "False", "use_bottleneck": "False", "acc": 0.9771733851384167, "precision": 0.9712171470581937, "recall": 0.9617376533388707, "budget_ran": 1500, "duration": 923.2621021270752}
{"dataset": "StarLightCurves", "depth": 9, "nb_filters": 32, "batch_size": 16, "kernel_size": 64, "use_residual": "True", "use_bottleneck": "True", "acc": 0.9777804759592035, "precision": 0.971382402001668, "recall": 0.9632281795588682, "budget_ran": 1500, "duration": 6025.39523768425}
{"dataset": "StarLightCurves", "depth": 9, "nb_filters": 64, "batch_size": 32, "kernel_size": 64, "use_residual": "False", "use_bottleneck": "True", "acc": 0.9770519669742593, "precision": 0.9712082451032401, "recall": 0.9614544474481882, "budget_ran": 1500, "duration": 11125.737630844116}
{"dataset": "StarLightCurves", "depth": 6, "nb_filters": 16, "batch_size": 16, "kernel_size": 41, "use_residual": "True", "use_bottleneck": "True", "acc": 0.9765662943176299, "precision": 0.9709423710534839, "recall": 0.960321623885458, "budget_ran": 1500, "duration": 2604.369741678238}
{"dataset": "StarLightCurves", "depth": 3, "nb_filters": 32, "batch_size": 128, "kernel_size": 41, "use_residual": "True", "use_bottleneck": "True", "acc": 0.9782661486158329, "precision": 0.974668763218459, "recall": 0.9610901638929666, "budget_ran": 1500, "duration": 1359.3081452846527}
{"dataset": "StarLightCurves", "depth": 3, "nb_filters": 64, "batch_size": 64, "kernel_size": 64, "use_residual": "False", "use_bottleneck": "True", "acc": 0.9766877124817873, "precision": 0.9706080083519776, "recall": 0.9606048297761407, "budget_ran": 1500, "duration": 3040.6840858459473}
