precision,accuracy,recall,duration
0.9012661392980542,0.8925619834710744,0.8579553296944601,545.9464871883392
