precision,accuracy,recall,duration
0.8747964997964998,0.8685714285714285,0.8815969373803664,385.54008507728577
