precision,accuracy,recall,duration
0.8605825695439155,0.8641025641025641,0.8573137220432914,527.6712284088135
