precision,accuracy,recall,duration
0.8918128654970761,0.8833333333333333,0.8833333333333333,723.6204340457916
