precision,accuracy,recall,duration
0.8548017910959396,0.8514492753623188,0.8513780865947773,264.40831446647644
