precision,accuracy,recall,duration
0.6086931734320816,0.6045454545454545,0.6045454545454545,173.44349884986877
