precision,accuracy,recall,duration
0.918928720465791,0.9108079748163693,0.8929130556332121,401.3819808959961
