precision,accuracy,recall,duration
0.925388269138269,0.9183333333333333,0.9183333333333333,863.3240525722504
