precision,accuracy,recall,duration
0.6,0.59375,0.6032388663967612,80.58198881149292
