precision,accuracy,recall,duration
0.489997230353358,0.47454545454545455,0.48387898988528544,645.3150315284729
