precision,accuracy,recall,duration
0.84655631892474,0.8461538461538461,0.8395650178805137,516.6032214164734
