precision,accuracy,recall,duration
0.7857012677837136,0.8016666666666666,0.8049260844193736,144.27581644058228
