precision,accuracy,recall,duration
0.8339973875233364,0.837995337995338,0.8206571533281415,587.7425618171692
