precision,accuracy,recall,duration
0.8171717171717172,0.8,0.8192507519824993,78.01698064804077
