precision,accuracy,recall,duration
0.7441284663271082,0.7403314917127072,0.7162280701754387,139.67656087875366
