precision,accuracy,recall,duration
0.7143105234891001,0.9397777777777778,0.5788583226415238,772.1128680706024
