precision,accuracy,recall,duration
0.7028466509420864,0.9433333333333334,0.5723533731838584,182.085786819458
