precision,accuracy,recall,duration
0.7644125683060109,0.7624309392265194,0.7425438596491228,471.86113929748535
