precision,accuracy,recall,duration
0.8426226264461558,0.8312020460358056,0.8345832845832846,523.3100717067719
