precision,accuracy,recall,duration
0.943939393939394,0.9318181818181818,0.9388111888111889,484.5255262851715
