precision,accuracy,recall,duration
0.9512795857630866,0.9488,0.9505396168129088,422.6481041908264
