precision,accuracy,recall,duration
0.7674127189297468,0.7519181585677749,0.7552676302676303,250.0635280609131
