precision,accuracy,recall,duration
0.772156762295082,0.772,0.772,377.486257314682
