precision,accuracy,recall,duration
0.807066957066957,0.80306905370844,0.8074374949374948,1189.9906458854675
