precision,accuracy,recall,duration
0.9603918292673708,0.9601554907677357,0.9601239856747812,137.62338304519653
