precision,accuracy,recall,duration
0.8854295068061023,0.8785942492012779,0.8733166442005263,335.2672634124756
