precision,accuracy,recall,duration
0.8889103426511866,0.8853333333333333,0.8853333333333334,508.69811820983887
