precision,accuracy,recall,duration
0.6114664671025073,0.7375,0.5870604781997187,386.1279835700989
