precision,accuracy,recall,duration
0.8678615349092548,0.8671875,0.8323369359643628,326.2497444152832
