precision,accuracy,recall,duration
0.8557645334636053,0.866,0.8531581773151596,863.8019444942474
