precision,accuracy,recall,duration
0.775357057775862,0.7883333333333333,0.7892535392535392,89.36521935462952
