precision,accuracy,recall,duration
0.8898857142857143,0.885,0.8809942234954665,464.2718198299408
