precision,accuracy,recall,duration
0.4819803836995131,0.4509090909090909,0.46638075759544106,447.9246599674225
