precision,accuracy,recall,duration
0.8337428234034783,0.8307692307692308,0.8368713224755112,647.3410217761993
