precision,accuracy,recall,duration
0.9321579346579347,0.92,0.92,969.7499666213989
