precision,accuracy,recall,duration
0.636150048282092,0.75,0.6313259174018668,70.1740653514862
