precision,accuracy,recall,duration
0.8562635350465854,0.8697916666666666,0.8456218643843519,1018.9137105941772
