precision,accuracy,recall,duration
0.6388888888888888,0.625,0.6417004048582996,323.9794075489044
