precision,accuracy,recall,duration
0.7881659836065573,0.788,0.788,1104.9963204860687
