precision,accuracy,recall,duration
0.7305253812664395,0.9415555555555556,0.5713303916815958,114.83676528930664
