precision,accuracy,recall,duration
0.39121237809318304,0.6015037593984962,0.3894113189951624,157.82021474838257
