precision,accuracy,recall,duration
0.8469831015475481,0.8358974358974359,0.8447220762534347,201.7211298942566
