precision,accuracy,recall,duration
0.5425546913903593,0.34363636363636363,0.3766745167837763,384.2456121444702
