precision,accuracy,recall,duration
0.9150128040973111,0.9003436426116839,0.8540801835263273,139.02185821533203
