precision,accuracy,recall,duration
0.7665797317436662,0.7619047619047619,0.7598039215686274,196.8047640323639
