precision,accuracy,recall,duration
0.847804557338247,0.8384615384615385,0.8471881153759869,256.23350763320923
