precision,accuracy,recall,duration
0.9270943962869429,0.9265676567656765,0.9262042284219704,1526.5307021141052
