precision,accuracy,recall,duration
0.8257116769673485,0.823076923076923,0.8163722622429052,171.0654685497284
