precision,accuracy,recall,duration
0.8475882455225178,0.8342857142857143,0.8496946495305807,323.6413016319275
