precision,accuracy,recall,duration
0.8225648276549654,0.8,0.8221675325859085,105.43659830093384
