precision,accuracy,recall,duration
0.9549339152265982,0.952,0.9534874626178974,1527.2264006137848
