precision,accuracy,recall,duration
0.9445885881433571,0.9444598722577062,0.9442839372416838,3853.7447464466095
