precision,accuracy,recall,duration
0.5283004704511057,0.8025,0.5152779414693924,207.190847158432
