precision,accuracy,recall,duration
0.906921887643047,0.905,0.9025782749644748,403.6869795322418
