precision,accuracy,recall,duration
0.5799542184434271,0.7701863354037267,0.5638714733542319,325.5494568347931
