precision,accuracy,recall,duration
0.43186716100847883,0.38727272727272727,0.4073108186763613,271.74286913871765
