precision,accuracy,recall,duration
0.9069298160207252,0.9013333333333333,0.9013333333333332,1244.6717104911804
