precision,accuracy,recall,duration
0.9396593845431055,0.9214876033057852,0.8963768115942029,149.92582750320435
