precision,accuracy,recall,duration
0.9532085561497327,0.934640522875817,0.9025628626692457,385.15476298332214
