precision,accuracy,recall,duration
0.5494892242260663,0.5454545454545454,0.5442278489202148,1143.7519373893738
