precision,accuracy,recall,duration
0.9542392005157962,0.9421487603305785,0.9277997364953886,385.57590532302856
