precision,accuracy,recall,duration
0.3769170326476698,0.5989974937343359,0.37950360397116817,206.5996515750885
