precision,accuracy,recall,duration
0.7493692954947567,0.7825,0.6574092566448201,266.4273729324341
