precision,accuracy,recall,duration
0.8562095511294656,0.7976331360946746,0.9029135382078028,338.9485776424408
