precision,accuracy,recall,duration
0.9080238479691964,0.9055555555555556,0.9055555555555556,385.9506850242615
