precision,accuracy,recall,duration
0.8278058934786438,0.8256410256410256,0.8165393779122495,497.62623357772827
