precision,accuracy,recall,duration
0.819047619047619,0.8,0.8,139.36608934402466
