precision,accuracy,recall,duration
0.9499746312885545,0.9494695700725851,0.9495211233628684,3927.4194524288177
