precision,accuracy,recall,duration
0.4556581728385442,0.43636363636363634,0.45726018462507323,266.426570892334
