precision,accuracy,recall,duration
0.909491774331961,0.8159763313609467,0.9146268444367616,634.8304979801178
