precision,accuracy,recall,duration
0.9507761266237298,0.9580487804878048,0.9424556509296397,238.34308290481567
