precision,accuracy,recall,duration
0.9180082345765075,0.918041804180418,0.9182268962510898,323.6192855834961
