precision,accuracy,recall,duration
0.7525819488100584,0.752,0.752,625.7579891681671
