precision,accuracy,recall,duration
0.8883917247762761,0.893,0.8779031503836229,1356.004747390747
