precision,accuracy,recall,duration
0.9084989461005722,0.9013333333333333,0.9013333333333332,942.8525049686432
