precision,accuracy,recall,duration
0.8811534379054133,0.877,0.8498285387692894,443.6438398361206
