precision,accuracy,recall,duration
0.5014344584746884,0.795,0.4751544387307456,162.51215505599976
