precision,accuracy,recall,duration
0.529310097875388,0.5292207792207793,0.5267647425496713,565.5205659866333
