precision,accuracy,recall,duration
0.8976009152188786,0.8973333333333333,0.8959000710727609,802.8047857284546
