precision,accuracy,recall,duration
0.9665140918927109,0.9654584221748401,0.9655827432587357,325.54262495040894
