precision,accuracy,recall,duration
0.9262187088274044,0.9166666666666666,0.9166666666666666,386.10032510757446
