precision,accuracy,recall,duration
0.7964587046939987,0.76,0.7883511074651354,686.1698265075684
