precision,accuracy,recall,duration
0.776505962924936,0.7883333333333333,0.792042042042042,276.3328375816345
