precision,accuracy,recall,duration
0.9967320261437909,0.9966666666666667,0.9966666666666667,362.2365474700928
