precision,accuracy,recall,duration
0.9232903281485867,0.9232673267326733,0.9231564225515838,1799.3111033439636
