precision,accuracy,recall,duration
0.8362605648319935,0.8082191780821918,0.8183375104427737,397.55871510505676
