precision,accuracy,recall,duration
0.4172873651464903,0.36727272727272725,0.4016320385340645,144.04273438453674
