precision,accuracy,recall,duration
0.7387180380796339,0.7460526315789474,0.7214277621882192,360.06408405303955
