precision,accuracy,recall,duration
0.4078798420076855,0.4109090909090909,0.4378946614103553,388.0564868450165
