precision,accuracy,recall,duration
0.8195785440613027,0.8780487804878049,0.829385026737968,378.6433048248291
