precision,accuracy,recall,duration
0.7668796888024452,0.7624309392265194,0.7407268170426065,445.0306930541992
