precision,accuracy,recall,duration
0.7702210070631125,0.79,0.7055151911665117,85.06034445762634
