precision,accuracy,recall,duration
0.8533154753599641,0.8435897435897436,0.8525486093013467,298.0383207798004
