precision,accuracy,recall,duration
0.9519739519739521,0.934640522875817,0.9025628626692457,321.4485354423523
