precision,accuracy,recall,duration
0.660233918128655,0.671875,0.638663967611336,263.0520272254944
