precision,accuracy,recall,duration
0.933750263073026,0.9337183718371838,0.9336130485324035,544.1040863990784
