precision,accuracy,recall,duration
0.7073206018518519,0.65,0.7090546586267263,162.38893914222717
