precision,accuracy,recall,duration
0.894468172713886,0.888,0.888,167.5112955570221
