precision,accuracy,recall,duration
0.8054147166763266,0.7723785166240409,0.7808468558468558,204.3228521347046
