precision,accuracy,recall,duration
0.9235104669887279,0.9166666666666666,0.9166666666666666,646.8625519275665
