precision,accuracy,recall,duration
0.380100673975371,0.5989974937343359,0.37082512482757285,66.80783224105835
