precision,accuracy,recall,duration
0.77,0.7666666666666667,0.7666666666666666,272.63475370407104
