precision,accuracy,recall,duration
0.8080788681902566,0.808,0.808,1671.390756368637
