precision,accuracy,recall,duration
0.8197435897435897,0.8114285714285714,0.824537416826178,68.2797122001648
