precision,accuracy,recall,duration
0.8284770034770035,0.8286445012787724,0.8314145314145315,874.5463304519653
