precision,accuracy,recall,duration
0.691611182842162,0.9373333333333334,0.5767392567167363,336.17425751686096
