precision,accuracy,recall,duration
0.9259671245652554,0.9251925192519251,0.9247457134553909,885.0373673439026
