precision,accuracy,recall,duration
0.8425961346935722,0.8405797101449275,0.8405180097537543,120.13525652885437
