precision,accuracy,recall,duration
0.7458487621479747,0.7386666666666667,0.7386666666666667,3325.800411462784
