precision,accuracy,recall,duration
0.8475413475413475,0.8175,0.7149267893284973,195.44951796531677
