precision,accuracy,recall,duration
0.6967792615868028,0.6857142857142857,0.681917211328976,119.86690068244934
