precision,accuracy,recall,duration
0.953030303030303,0.95,0.9500000000000001,424.2674283981323
