precision,accuracy,recall,duration
0.9991228070175439,0.9991220368744512,0.9991228070175439,119.42132377624512
