precision,accuracy,recall,duration
0.7432558760683761,0.7458563535911602,0.7282581453634085,465.261177778244
