precision,accuracy,recall,duration
0.9677786096606482,0.9668341708542714,0.9670947852552297,93.16280889511108
