precision,accuracy,recall,duration
0.9581422997299757,0.9473170731707317,0.9275937904259085,207.03037881851196
