precision,accuracy,recall,duration
0.9050925925925926,0.8888888888888888,0.8888888888888888,389.90655517578125
