precision,accuracy,recall,duration
0.8552569267718552,0.8435897435897436,0.8536826446646338,285.8591299057007
