precision,accuracy,recall,duration
0.9122282347282346,0.9033333333333333,0.9033333333333334,985.5336809158325
