precision,accuracy,recall,duration
0.8550136414773245,0.8358974358974359,0.8475841417143299,227.1872217655182
