precision,accuracy,recall,duration
0.9314381270903009,0.9317803660565723,0.9402332361516035,64.79851651191711
