precision,accuracy,recall,duration
0.9450042446787164,0.9450152735351292,0.9449520484731753,3085.55810046196
