precision,accuracy,recall,duration
0.8382282482710732,0.836231884057971,0.8361825482072528,201.72838521003723
