precision,accuracy,recall,duration
0.5733579876313892,0.6818181818181818,0.5351606407927268,201.26395988464355
