precision,accuracy,recall,duration
0.9707472283054565,0.9776590577950461,0.9637228348914801,4880.530945062637
