precision,accuracy,recall,duration
0.8154002876318313,0.8205128205128205,0.8013995144074397,760.9022164344788
