precision,accuracy,recall,duration
0.7279299178505589,0.8065934065934066,0.6847483756525551,592.8955297470093
