precision,accuracy,recall,duration
0.9988998899889988,0.9988888888888889,0.9988888888888888,217.38208174705505
