precision,accuracy,recall,duration
0.7025956284153005,0.7071823204419889,0.6858395989974937,477.4288880825043
