precision,accuracy,recall,duration
0.8835227272727273,0.8703703703703703,0.8703703703703703,65.92470932006836
