precision,accuracy,recall,duration
0.7095711436676108,0.9397777777777778,0.5810084641803273,337.23589992523193
