precision,accuracy,recall,duration
0.840806812684262,0.8369565217391305,0.8366592575790259,435.8868854045868
