precision,accuracy,recall,duration
0.9089026915113871,0.9,0.9,507.85848927497864
