precision,accuracy,recall,duration
0.9691459664776133,0.9768091306459447,0.9630189306415211,3867.082663536072
