precision,accuracy,recall,duration
0.9502852751881542,0.9545454545454546,0.9490134261873392,473.78949546813965
