precision,accuracy,recall,duration
0.5958622685185185,0.7125,0.5842581937518646,370.1549708843231
