precision,accuracy,recall,duration
0.8368274582560298,0.821917808219178,0.8342105263157895,263.9080684185028
