precision,accuracy,recall,duration
0.7685972850678734,0.8634146341463415,0.8166577540106953,1028.3727219104767
