precision,accuracy,recall,duration
0.8817453274915423,0.8643333333333333,0.8566847483037018,233.92731857299805
