precision,accuracy,recall,duration
0.7259820638896578,0.9444444444444444,0.5764144771788103,294.7261073589325
