precision,accuracy,recall,duration
0.9715737291399554,0.9673170731707317,0.9477830886362237,171.20857858657837
