precision,accuracy,recall,duration
0.8378994216372554,0.8256410256410256,0.8345091373798379,808.0874261856079
