precision,accuracy,recall,duration
0.7664473684210527,0.7222222222222222,0.7222222222222222,235.3204267024994
