precision,accuracy,recall,duration
0.9370537768331886,0.92,0.92,527.240053653717
