precision,accuracy,recall,duration
0.44390304766244615,0.31636363636363635,0.3279616574399597,456.68252062797546
