precision,accuracy,recall,duration
0.7472222222222222,0.6666666666666666,0.6666666666666666,567.363249540329
