precision,accuracy,recall,duration
0.6114418048866374,0.6095959595959596,0.6095959595959596,115.48718070983887
