precision,accuracy,recall,duration
0.9702157680056147,0.9758377853326857,0.9586223885413631,1223.871245622635
