precision,accuracy,recall,duration
0.7953621970015412,0.8133333333333334,0.8075277183427348,93.4459023475647
