precision,accuracy,recall,duration
0.8558632582673971,0.8514285714285714,0.864187403153769,447.43671202659607
