precision,accuracy,recall,duration
0.9771590909090909,0.9705882352941176,0.9662314635718892,567.8569414615631
