precision,accuracy,recall,duration
0.9402344829035243,0.9400166620383227,0.9397817102042454,2425.995141029358
