precision,accuracy,recall,duration
0.6808084553191772,0.700946699520166,0.6123047741236629,19015.9978826046
