precision,accuracy,recall,duration
0.8791666666666667,0.7666666666666667,0.6416666666666666,246.84301781654358
