precision,accuracy,recall,duration
0.9421961400845711,0.9496327387198321,0.9560665362035226,106.5561695098877
