precision,accuracy,recall,duration
0.9145372667082216,0.9132231404958677,0.8926563774389861,1165.8432784080505
