precision,accuracy,recall,duration
0.8224974200206399,0.82,0.8200000000000001,556.8250060081482
