precision,accuracy,recall,duration
0.76768721071409,0.781578947368421,0.7606081076805749,860.1724534034729
