precision,accuracy,recall,duration
0.7448415622697127,0.7428571428571429,0.7412854030501089,321.7805724143982
