precision,accuracy,recall,duration
0.9551952208235546,0.9379084967320261,0.9052224371373307,210.8329839706421
