precision,accuracy,recall,duration
0.8633802816901408,0.8386023294509152,0.858600583090379,177.43529176712036
