precision,accuracy,recall,duration
0.811912632056517,0.808,0.808,531.0601992607117
