precision,accuracy,recall,duration
0.9569628504168894,0.9580272822665268,0.9540373683720064,203.32113480567932
