precision,accuracy,recall,duration
0.9761651984865617,0.9758793969849247,0.9762359912292006,470.5987091064453
