precision,accuracy,recall,duration
0.9681489812014004,0.975594949004371,0.9598351895063412,503.7076635360718
