precision,accuracy,recall,duration
0.5630952380952381,0.6333333333333333,0.48611111111111105,153.44060444831848
