precision,accuracy,recall,duration
0.8019115120274914,0.785,0.6487892596291067,181.0956165790558
