precision,accuracy,recall,duration
0.8933566433566434,0.8333333333333334,0.7638888888888888,627.5667400360107
