precision,accuracy,recall,duration
0.6382476786646498,0.6368686868686869,0.6368686868686869,529.0270812511444
