precision,accuracy,recall,duration
0.759366391184573,0.7569060773480663,0.7359649122807017,173.15231728553772
