precision,accuracy,recall,duration
0.7880184331797235,0.788,0.788,684.4506206512451
