precision,accuracy,recall,duration
0.9182035500998877,0.9177667766776678,0.9174240773031095,1691.960500717163
