precision,accuracy,recall,duration
0.8509138074991269,0.8333333333333334,0.8430607738568381,494.206490278244
