precision,accuracy,recall,duration
0.7831661092530657,0.8025,0.6987775903033642,146.54659342765808
