precision,accuracy,recall,duration
0.6006452428164372,0.6080808080808081,0.608080808080808,169.47355198860168
