precision,accuracy,recall,duration
0.7639097744360902,0.7407407407407407,0.7407407407407407,98.06754422187805
