precision,accuracy,recall,duration
0.9787406001827255,0.9778894472361809,0.9776744497358054,204.01833772659302
