precision,accuracy,recall,duration
0.9715608465608465,0.9714285714285714,0.9725998549890177,253.73507070541382
