precision,accuracy,recall,duration
0.9620380794975348,0.9614634146341463,0.93828637709362,77.86586451530457
