precision,accuracy,recall,duration
0.8839285714285714,0.870216306156406,0.8862973760932944,204.24512147903442
