precision,accuracy,recall,duration
0.7647306189829619,0.7552631578947369,0.736794424795291,204.8027858734131
