precision,accuracy,recall,duration
0.6640244220339406,0.7351097178683386,0.6052985425425909,340.8772888183594
