precision,accuracy,recall,duration
0.9701461719102009,0.9783875667799903,0.9666365112560937,2375.6797144412994
