precision,accuracy,recall,duration
0.8662107154227499,0.8452579034941764,0.8639512283318643,150.5653154850006
