precision,accuracy,recall,duration
0.865233980473572,0.871,0.8522965413325482,1088.6517670154572
