precision,accuracy,recall,duration
0.9309548836256911,0.9304180418041804,0.9300566695727985,975.5567343235016
