precision,accuracy,recall,duration
0.7621246295091448,0.7573333333333333,0.7573333333333334,737.9266929626465
