precision,accuracy,recall,duration
0.9437402874902875,0.9150326797385621,0.8816892327530625,185.4363763332367
