precision,accuracy,recall,duration
0.7922993144980459,0.792,0.792,886.6682028770447
