precision,accuracy,recall,duration
0.8939494529022287,0.8826666666666667,0.8826666666666667,628.3022930622101
