precision,accuracy,recall,duration
0.8404961361127347,0.8025,0.693819083364898,141.09721755981445
