precision,accuracy,recall,duration
0.56096601097183,0.5487012987012987,0.5483554429779798,251.33867597579956
