precision,accuracy,recall,duration
0.8532714226463001,0.8461538461538461,0.8527562871062729,291.6227159500122
