precision,accuracy,recall,duration
0.8774867705385416,0.8730031948881789,0.8685088901726683,323.91573882102966
