precision,accuracy,recall,duration
0.8917964059015269,0.8923333333333333,0.8917587761011476,547.5471675395966
