precision,accuracy,recall,duration
0.625,0.625,0.6295546558704453,248.51800155639648
