precision,accuracy,recall,duration
0.9982486865148862,0.9982440737489026,0.9982456140350877,57.85370969772339
