precision,accuracy,recall,duration
0.853637370704722,0.8435897435897436,0.8511696377240495,878.3247535228729
