precision,accuracy,recall,duration
0.8242701191412837,0.8128205128205128,0.8200545136589271,518.3870763778687
