precision,accuracy,recall,duration
0.4696155049818382,0.4581818181818182,0.4753530634438828,383.59268283843994
