precision,accuracy,recall,duration
0.8108331983331983,0.7979539641943734,0.8052536802536803,173.05727362632751
