precision,accuracy,recall,duration
0.8026881720430108,0.8032786885245902,0.8046536796536796,218.59800958633423
