precision,accuracy,recall,duration
0.6438734767954368,0.6298342541436464,0.6107702986118047,158.3561098575592
