precision,accuracy,recall,duration
0.4230692903377819,0.6140350877192983,0.4089312185502516,83.31506538391113
