precision,accuracy,recall,duration
0.932660871488903,0.9439024390243902,0.9147036218697239,150.73473691940308
