precision,accuracy,recall,duration
0.896551724137931,0.85,0.85,93.2936384677887
