precision,accuracy,recall,duration
0.9440719266587212,0.9360341151385928,0.9366397177530643,199.51204919815063
