precision,accuracy,recall,duration
0.9093553808310411,0.9073482428115016,0.9046382951408948,263.6617066860199
