precision,accuracy,recall,duration
0.9547619047619047,0.9431818181818182,0.9484265734265734,359.3100326061249
