precision,accuracy,recall,duration
0.9527925204210174,0.9519821328866555,0.9521345478212144,1146.613914489746
