precision,accuracy,recall,duration
0.7448231507055038,0.78,0.646298145533709,124.49584794044495
