precision,accuracy,recall,duration
0.5735374400484757,0.7975,0.5066314273081723,142.80088448524475
