precision,accuracy,recall,duration
0.7665524997877939,0.7828947368421053,0.7477492426801993,446.1290144920349
