precision,accuracy,recall,duration
0.6211427240341034,0.713166144200627,0.5579656685615371,169.2077178955078
