precision,accuracy,recall,duration
0.9169787840643254,0.9173553719008265,0.9036906330384591,1165.612898349762
