precision,accuracy,recall,duration
0.6154119318181819,0.7639751552795031,0.6273510971786834,205.74064588546753
