precision,accuracy,recall,duration
0.9973668794129436,0.9973661106233538,0.9973668794129436,470.3464341163635
