precision,accuracy,recall,duration
0.6901434156391967,0.9364444444444444,0.5580183316621216,316.1549537181854
