precision,accuracy,recall,duration
0.8997532162550599,0.8153846153846154,0.912517359676018,576.5446026325226
