precision,accuracy,recall,duration
0.8554136846671003,0.8514285714285714,0.864187403153769,264.1606876850128
