precision,accuracy,recall,duration
0.9585226955462476,0.9648780487804878,0.9532437005982708,655.0525240898132
