precision,accuracy,recall,duration
0.815918677109093,0.8057142857142857,0.8197064989517818,325.6613028049469
