precision,accuracy,recall,duration
0.9672395508580001,0.9609756097560975,0.9365597584050651,165.44831156730652
