precision,accuracy,recall,duration
0.8984223550442745,0.8961661341853036,0.8931356312985429,306.4594831466675
