precision,accuracy,recall,duration
0.7859067697777375,0.7983333333333333,0.800908050908051,857.0034766197205
