precision,accuracy,recall,duration
0.8172294297294298,0.8286445012787724,0.8338078588078588,1224.7510919570923
