precision,accuracy,recall,duration
0.6148460144927536,0.6187845303867403,0.6038677968640767,302.1407172679901
