precision,accuracy,recall,duration
0.752375842364184,0.7466666666666667,0.7466666666666667,1884.9448864459991
