precision,accuracy,recall,duration
0.9783192993783908,0.9778894472361809,0.9780552380215695,747.4522182941437
