precision,accuracy,recall,duration
0.4065830769141496,0.6165413533834586,0.4054616070214296,91.96179604530334
