precision,accuracy,recall,duration
0.8329292951035887,0.823076923076923,0.8316349946916203,177.86809301376343
