precision,accuracy,recall,duration
0.9020157003949176,0.8986666666666666,0.8986666666666667,628.2145295143127
