precision,accuracy,recall,duration
0.9193697868396664,0.9209621993127147,0.895455538562377,511.1781597137451
