precision,accuracy,recall,duration
0.5250884397686723,0.765,0.5252718880018421,117.4449942111969
