precision,accuracy,recall,duration
0.7221722082437825,0.9435555555555556,0.5757127177526289,112.53680372238159
