precision,accuracy,recall,duration
0.9821428571428571,0.9828571428571429,0.9834072249589491,144.04930543899536
