precision,accuracy,recall,duration
0.6207559504467253,0.6202020202020202,0.6202020202020203,268.2343180179596
