precision,accuracy,recall,duration
0.9707255110480917,0.9690048939641109,0.9616913520153907,183.64435863494873
