precision,accuracy,recall,duration
0.9690348424155393,0.9689018464528668,0.9688789156353416,261.78463673591614
