precision,accuracy,recall,duration
0.7575836716936462,0.75,0.7102916426335081,189.1333830356598
