precision,accuracy,recall,duration
0.9663879617160475,0.9734094220495386,0.9551636624689953,1559.2762582302094
