precision,accuracy,recall,duration
0.9464921373806916,0.9248366013071896,0.8896679561573179,200.45065355300903
