precision,accuracy,recall,duration
0.8818421724695666,0.8817891373801917,0.8800539187367611,473.22950649261475
