precision,accuracy,recall,duration
0.7727256382596188,0.8536585365853658,0.7308912655971479,240.0684356689453
