precision,accuracy,recall,duration
0.6628936774365163,0.7413793103448276,0.6229437650798012,560.8009848594666
