precision,accuracy,recall,duration
0.866410120023251,0.8648799553322166,0.8651065565184012,383.8899438381195
