precision,accuracy,recall,duration
0.8129885622143685,0.7973684210526316,0.7631549638279383,326.0995934009552
