precision,accuracy,recall,duration
0.47183635645489624,0.735,0.48414377333370684,192.47765183448792
