precision,accuracy,recall,duration
0.40216940027048803,0.606516290726817,0.40730671154630765,83.39643740653992
