precision,accuracy,recall,duration
0.776775956284153,0.7734806629834254,0.7538847117794486,163.81262946128845
