precision,accuracy,recall,duration
0.8057422969187675,0.8082191780821918,0.8187552213868002,121.98938298225403
