precision,accuracy,recall,duration
0.9320006007867626,0.9297520661157025,0.9086485977790325,262.71755862236023
