precision,accuracy,recall,duration
0.8496715583508037,0.8342857142857143,0.8496946495305807,186.04454827308655
