precision,accuracy,recall,duration
0.8719691636145317,0.8701842546063652,0.8706889763372877,443.84433150291443
