precision,accuracy,recall,duration
0.6360305607915552,0.6373737373737374,0.6373737373737374,179.2714729309082
