precision,accuracy,recall,duration
0.7712887578510313,0.7763157894736842,0.7600583999952141,221.6155014038086
