precision,accuracy,recall,duration
0.6866388326391464,0.7236415510309947,0.6354406158881505,18239.24072265625
