precision,accuracy,recall,duration
0.6448749398749399,0.6519337016574586,0.639527239588535,75.69149017333984
