precision,accuracy,recall,duration
0.8022874504680766,0.8013157894736842,0.7448858551750845,258.1874222755432
