precision,accuracy,recall,duration
0.7777777777777779,0.6666666666666666,0.6666666666666667,520.2275936603546
