precision,accuracy,recall,duration
0.8796804097433101,0.8579710144927536,0.8587133353940901,203.1741075515747
