precision,accuracy,recall,duration
0.7762588288904079,0.7024390243902439,0.5977361853832441,274.76468110084534
