precision,accuracy,recall,duration
0.8,0.6666666666666666,0.6666666666666666,110.82593703269958
