precision,accuracy,recall,duration
0.6422646918299091,0.6519337016574586,0.6508766853090981,644.4480657577515
