precision,accuracy,recall,duration
0.5624524826157778,0.785,0.4922610481501469,368.23360562324524
