precision,accuracy,recall,duration
0.8524137295978269,0.8252911813643927,0.8459782584129998,384.3680725097656
