precision,accuracy,recall,duration
0.44227756127872614,0.6215538847117794,0.4210866070214296,83.57796478271484
