precision,accuracy,recall,duration
0.9598285963401278,0.9504132231404959,0.9350461133069828,144.9818925857544
