precision,accuracy,recall,duration
0.9838709677419355,0.9833333333333333,0.9833333333333334,445.8875482082367
