precision,accuracy,recall,duration
0.9209489471292229,0.9207920792079208,0.9205844957861087,503.8414452075958
