precision,accuracy,recall,duration
0.7906386066763426,0.7904761904761904,0.7908496732026145,200.54242491722107
