precision,accuracy,recall,duration
0.6395329743076547,0.7425,0.64960576226399,159.54079961776733
