precision,accuracy,recall,duration
0.822120363296834,0.821917808219178,0.8380295978040339,185.39152669906616
