precision,accuracy,recall,duration
0.9127213917496828,0.912,0.9104027560685461,289.4047198295593
