precision,accuracy,recall,duration
0.8362636416076324,0.8355072463768116,0.8350273680355873,661.6787717342377
