precision,accuracy,recall,duration
0.8326898463985356,0.8384615384615385,0.8328064990478583,410.0658669471741
