precision,accuracy,recall,duration
0.9445620781176145,0.9421487603305785,0.9267645398080181,298.82947754859924
