precision,accuracy,recall,duration
0.8648447122956925,0.8538461538461538,0.8600632202552365,217.3990020751953
