precision,accuracy,recall,duration
0.6299575285670947,0.6243093922651933,0.6283840507340457,176.76645803451538
