precision,accuracy,recall,duration
0.6513600975522951,0.7450549450549451,0.6028869715767549,243.5863537788391
