precision,accuracy,recall,duration
0.9415874482132209,0.94140516523188,0.9411921672485053,3161.5338563919067
