precision,accuracy,recall,duration
0.6582427107959024,0.6685082872928176,0.6676119794267452,223.83642840385437
