precision,accuracy,recall,duration
0.700215038173082,0.7122292828426923,0.630653417680823,10912.159264326096
