precision,accuracy,recall,duration
0.776844070961718,0.848780487804878,0.7587433155080214,107.60455441474915
