precision,accuracy,recall,duration
0.963633530335211,0.967373572593801,0.9654926639315764,354.21891617774963
