precision,accuracy,recall,duration
0.7796934865900382,0.7933333333333333,0.7922922922922924,207.46564841270447
