precision,accuracy,recall,duration
0.9646413475027737,0.9695697796432319,0.9722229987885564,140.0588846206665
