precision,accuracy,recall,duration
0.8327848153667826,0.8228571428571428,0.8400328137817884,489.0258560180664
