precision,accuracy,recall,duration
0.49560079994455825,0.7425,0.4806738665804753,90.6323983669281
