precision,accuracy,recall,duration
0.9733277269582418,0.9781447304516756,0.9622985844845725,1645.6668910980225
