precision,accuracy,recall,duration
0.8,0.7333333333333333,0.7333333333333334,177.2776174545288
