precision,accuracy,recall,duration
0.8367791084509351,0.8107416879795396,0.8201515076515076,334.8494653701782
