precision,accuracy,recall,duration
0.7739158858139028,0.7883333333333333,0.7846060346060346,359.3399164676666
