{"dataset": "uWaveGestureLibrary_X", "depth": 3, "nb_filters": 16, "batch_size": 16, "kernel_size": 64, "use_residual": "True", "use_bottleneck": "False", "acc": 0.8112786152987158, "precision": 0.8077894653787299, "recall": 0.8094458510182104, "budget_ran": 1500, "duration": 927.8107430934906}
{"dataset": "uWaveGestureLibrary_X", "depth": 6, "nb_filters": 16, "batch_size": 128, "kernel_size": 32, "use_residual": "False", "use_bottleneck": "True", "acc": 0.8070910106085986, "precision": 0.8021706163947568, "recall": 0.8053072814851532, "budget_ran": 1500, "duration": 325.44090151786804}
{"dataset": "uWaveGestureLibrary_X", "depth": 3, "nb_filters": 32, "batch_size": 16, "kernel_size": 64, "use_residual": "False", "use_bottleneck": "False", "acc": 0.8132328308207705, "precision": 0.8111704390445649, "recall": 0.8114374977834357, "budget_ran": 1500, "duration": 939.0019280910492}
{"dataset": "uWaveGestureLibrary_X", "depth": 3, "nb_filters": 16, "batch_size": 32, "kernel_size": 32, "use_residual": "False", "use_bottleneck": "True", "acc": 0.7995533221663875, "precision": 0.7968314315431388, "recall": 0.7974872533240164, "budget_ran": 1500, "duration": 475.32192873954773}
{"dataset": "uWaveGestureLibrary_X", "depth": 9, "nb_filters": 16, "batch_size": 128, "kernel_size": 41, "use_residual": "False", "use_bottleneck": "False", "acc": 0.8104410943606923, "precision": 0.8049935606425875, "recall": 0.8084952239419301, "budget_ran": 1500, "duration": 457.7206361293793}
{"dataset": "uWaveGestureLibrary_X", "depth": 6, "nb_filters": 16, "batch_size": 32, "kernel_size": 32, "use_residual": "True", "use_bottleneck": "False", "acc": 0.8012283640424344, "precision": 0.7948868038042671, "recall": 0.7994159942448472, "budget_ran": 1500, "duration": 865.4059517383575}
{"dataset": "uWaveGestureLibrary_X", "depth": 9, "nb_filters": 16, "batch_size": 32, "kernel_size": 64, "use_residual": "True", "use_bottleneck": "True", "acc": 0.8196538246789503, "precision": 0.8137703639472571, "recall": 0.8179622657653716, "budget_ran": 1500, "duration": 1191.0505697727203}
{"dataset": "uWaveGestureLibrary_X", "depth": 3, "nb_filters": 64, "batch_size": 64, "kernel_size": 41, "use_residual": "False", "use_bottleneck": "True", "acc": 0.7962032384142937, "precision": 0.7941503737124578, "recall": 0.7943352930858457, "budget_ran": 1500, "duration": 374.3186480998993}
{"dataset": "uWaveGestureLibrary_X", "depth": 6, "nb_filters": 64, "batch_size": 32, "kernel_size": 64, "use_residual": "True", "use_bottleneck": "False", "acc": 0.8235622557230597, "precision": 0.8188649439001247, "recall": 0.821773241162045, "budget_ran": 1500, "duration": 1038.5668070316315}
{"dataset": "uWaveGestureLibrary_X", "depth": 3, "nb_filters": 16, "batch_size": 64, "kernel_size": 32, "use_residual": "True", "use_bottleneck": "False", "acc": 0.7830820770519263, "precision": 0.7879480055291449, "recall": 0.7817721449025105, "budget_ran": 1500, "duration": 258.01477789878845}
{"dataset": "uWaveGestureLibrary_X", "depth": 3, "nb_filters": 64, "batch_size": 128, "kernel_size": 32, "use_residual": "True", "use_bottleneck": "False", "acc": 0.7973199329983249, "precision": 0.7908663345021882, "recall": 0.795271839585521, "budget_ran": 1500, "duration": 323.7462763786316}
{"dataset": "uWaveGestureLibrary_X", "depth": 3, "nb_filters": 64, "batch_size": 128, "kernel_size": 64, "use_residual": "True", "use_bottleneck": "True", "acc": 0.8084868788386377, "precision": 0.8068338779867639, "recall": 0.8067469609551626, "budget_ran": 1500, "duration": 336.0388140678406}
{"dataset": "uWaveGestureLibrary_X", "depth": 3, "nb_filters": 64, "batch_size": 16, "kernel_size": 32, "use_residual": "True", "use_bottleneck": "False", "acc": 0.8026242322724735, "precision": 0.8006029871907553, "recall": 0.800862574889098, "budget_ran": 1500, "duration": 917.7797403335571}
{"dataset": "uWaveGestureLibrary_X", "depth": 3, "nb_filters": 16, "batch_size": 128, "kernel_size": 64, "use_residual": "True", "use_bottleneck": "False", "acc": 0.8068118369625907, "precision": 0.8054157955850909, "recall": 0.8052867475248018, "budget_ran": 1500, "duration": 170.9776861667633}
{"dataset": "uWaveGestureLibrary_X", "depth": 3, "nb_filters": 32, "batch_size": 64, "kernel_size": 64, "use_residual": "True", "use_bottleneck": "False", "acc": 0.8143495254048018, "precision": 0.8092244105278341, "recall": 0.8124638724637201, "budget_ran": 1500, "duration": 323.77333188056946}
{"dataset": "uWaveGestureLibrary_X", "depth": 9, "nb_filters": 32, "batch_size": 64, "kernel_size": 32, "use_residual": "False", "use_bottleneck": "True", "acc": 0.8062534896705751, "precision": 0.8040446468648659, "recall": 0.8044000006015628, "budget_ran": 1500, "duration": 713.0594341754913}
{"dataset": "uWaveGestureLibrary_X", "depth": 3, "nb_filters": 32, "batch_size": 128, "kernel_size": 41, "use_residual": "True", "use_bottleneck": "False", "acc": 0.8023450586264657, "precision": 0.7983751132334855, "recall": 0.8005054573489202, "budget_ran": 1500, "duration": 263.765353679657}
{"dataset": "uWaveGestureLibrary_X", "depth": 9, "nb_filters": 16, "batch_size": 16, "kernel_size": 32, "use_residual": "False", "use_bottleneck": "True", "acc": 0.8179787828029034, "precision": 0.8111454516625205, "recall": 0.8161467173648773, "budget_ran": 1500, "duration": 2247.2452137470245}
{"dataset": "uWaveGestureLibrary_X", "depth": 9, "nb_filters": 64, "batch_size": 32, "kernel_size": 32, "use_residual": "False", "use_bottleneck": "False", "acc": 0.809324399776661, "precision": 0.8049038447652537, "recall": 0.8075606905357791, "budget_ran": 1500, "duration": 1444.4219307899475}
{"dataset": "uWaveGestureLibrary_X", "depth": 9, "nb_filters": 64, "batch_size": 64, "kernel_size": 64, "use_residual": "False", "use_bottleneck": "False", "acc": 0.8168620882188722, "precision": 0.8131507009815032, "recall": 0.815082182995273, "budget_ran": 1500, "duration": 1295.6156077384949}
{"dataset": "uWaveGestureLibrary_X", "depth": 9, "nb_filters": 32, "batch_size": 128, "kernel_size": 64, "use_residual": "True", "use_bottleneck": "True", "acc": 0.818537130094919, "precision": 0.8142538363880871, "recall": 0.8168823708426194, "budget_ran": 1500, "duration": 687.5352663993835}
{"dataset": "uWaveGestureLibrary_X", "depth": 9, "nb_filters": 64, "batch_size": 16, "kernel_size": 64, "use_residual": "False", "use_bottleneck": "True", "acc": 0.8227247347850363, "precision": 0.8210515678366541, "recall": 0.8212480926906609, "budget_ran": 1500, "duration": 2341.099855661392}
{"dataset": "uWaveGestureLibrary_X", "depth": 9, "nb_filters": 64, "batch_size": 64, "kernel_size": 32, "use_residual": "True", "use_bottleneck": "False", "acc": 0.8123953098827471, "precision": 0.8088421170490905, "recall": 0.8106046775959113, "budget_ran": 1500, "duration": 1167.4599342346191}
{"dataset": "uWaveGestureLibrary_X", "depth": 9, "nb_filters": 16, "batch_size": 64, "kernel_size": 64, "use_residual": "False", "use_bottleneck": "False", "acc": 0.8154662199888331, "precision": 0.8112900525311908, "recall": 0.8138109381924405, "budget_ran": 1500, "duration": 635.5124063491821}
{"dataset": "uWaveGestureLibrary_X", "depth": 3, "nb_filters": 32, "batch_size": 16, "kernel_size": 41, "use_residual": "True", "use_bottleneck": "False", "acc": 0.7992741485203797, "precision": 0.7943776207038655, "recall": 0.7973472923218599, "budget_ran": 1500, "duration": 930.0137178897858}
{"dataset": "uWaveGestureLibrary_X", "depth": 9, "nb_filters": 64, "batch_size": 128, "kernel_size": 41, "use_residual": "False", "use_bottleneck": "True", "acc": 0.8140703517587939, "precision": 0.8058478806234721, "recall": 0.812136313840616, "budget_ran": 1500, "duration": 1167.2311763763428}
{"dataset": "uWaveGestureLibrary_X", "depth": 9, "nb_filters": 16, "batch_size": 64, "kernel_size": 41, "use_residual": "True", "use_bottleneck": "True", "acc": 0.8023450586264657, "precision": 0.7929528634500915, "recall": 0.8003566133748179, "budget_ran": 1500,