precision,accuracy,recall,duration
0.9553571428571428,0.934640522875817,0.9025628626692457,203.5867817401886
