precision,accuracy,recall,duration
0.808719387560052,0.8051282051282052,0.8068907149919345,653.2926549911499
