precision,accuracy,recall,duration
0.9784607293150339,0.9766877124817873,0.9531466973646979,1011.5057673454285
