precision,accuracy,recall,duration
0.7087755648700689,0.9404444444444444,0.5896713515846443,344.5208764076233
