precision,accuracy,recall,duration
0.8424668536815836,0.8358974358974359,0.8391661028369298,376.68218326568604
