precision,accuracy,recall,duration
0.8292682926829269,0.7407407407407407,0.7407407407407407,84.06598782539368
