precision,accuracy,recall,duration
0.9453990315971205,0.9473170731707317,0.9250814193450824,111.54126501083374
