precision,accuracy,recall,duration
0.9746030447221267,0.9738693467336683,0.9740114638871705,627.157133102417
