precision,accuracy,recall,duration
0.9354930753297344,0.9352957511802277,0.9350648047831147,7573.009416103363
