precision,accuracy,recall,duration
0.8777460481193117,0.8142011834319527,0.9095782457272351,879.5439605712891
