precision,accuracy,recall,duration
0.3863199198873324,0.6090225563909775,0.38369742184919664,153.44101977348328
