precision,accuracy,recall,duration
0.9784826974267968,0.9771428571428571,0.9780670889045273,277.3470048904419
