precision,accuracy,recall,duration
0.9639599742268563,0.9594882729211087,0.9596111243549927,178.09800338745117
