precision,accuracy,recall,duration
0.9607926125432859,0.9605263157894737,0.962037037037037,579.9769616127014
