precision,accuracy,recall,duration
0.8258620689655172,0.7875,0.6141355707830691,70.01909494400024
