precision,accuracy,recall,duration
0.9545454545454546,0.95,0.95,263.9443910121918
