precision,accuracy,recall,duration
0.396655756566439,0.606516290726817,0.39662363272522394,92.77202939987183
