precision,accuracy,recall,duration
0.5388287426434222,0.5292207792207793,0.5251215230830069,164.75370264053345
