precision,accuracy,recall,duration
0.6081896551724137,0.7950310559006211,0.5655694879832811,546.9384496212006
