precision,accuracy,recall,duration
0.6196575177533746,0.7325,0.6139894017531148,205.8824164867401
