precision,accuracy,recall,duration
0.7301587301587301,0.7238095238095238,0.7211328976034859,505.20733618736267
