precision,accuracy,recall,duration
0.6974526978509836,0.9393333333333334,0.5657559776639185,183.63311409950256
