precision,accuracy,recall,duration
0.49234017537479785,0.4763636363636364,0.5068198157579473,201.7787492275238
