precision,accuracy,recall,duration
0.961016219640722,0.9552238805970149,0.9554087759800587,104.72728323936462
