precision,accuracy,recall,duration
0.9952380952380953,0.9942857142857143,0.9948979591836735,387.34415769577026
