precision,accuracy,recall,duration
0.758329664851404,0.7212276214833759,0.737171912171912,564.0756449699402
