precision,accuracy,recall,duration
0.3504676537542917,0.5889724310776943,0.3627173554040139,83.36983585357666
