precision,accuracy,recall,duration
0.8354859162212104,0.8081841432225064,0.8109228234228235,175.8907606601715
