precision,accuracy,recall,duration
0.9814691495046657,0.9809045226130654,0.980499193524604,893.1460456848145
