precision,accuracy,recall,duration
0.949265396686496,0.9541463414634146,0.9410165721308177,178.5420618057251
