precision,accuracy,recall,duration
0.8166666666666668,0.7666666666666667,0.7666666666666667,106.38062453269958
