precision,accuracy,recall,duration
0.9214483220984027,0.921067106710671,0.9207515983725661,1027.978750705719
