precision,accuracy,recall,duration
0.8953779874097045,0.892,0.8687542215833319,910.4441382884979
