precision,accuracy,recall,duration
0.5441025641025641,0.4837662337662338,0.491478852813664,263.1980490684509
