precision,accuracy,recall,duration
0.8902945932248033,0.808284023668639,0.9119876119550951,1271.3436193466187
