precision,accuracy,recall,duration
0.8931523955276397,0.7857988165680473,0.8984704149318289,867.5243577957153
