precision,accuracy,recall,duration
0.5594094099085025,0.551948051948052,0.5499690526764192,1074.4375822544098
