precision,accuracy,recall,duration
0.8428243488038275,0.841025641025641,0.8421225616926108,1162.1671204566956
