precision,accuracy,recall,duration
0.9141067538126362,0.9173553719008265,0.8952584854758768,466.37354826927185
