precision,accuracy,recall,duration
0.8894230769230769,0.9384615384615385,0.9139150943396226,385.99177980422974
