precision,accuracy,recall,duration
0.927172582619339,0.9175257731958762,0.8812540965698056,446.25378155708313
