precision,accuracy,recall,duration
0.8381939697729173,0.8356164383561644,0.8286907745554363,267.6956615447998
