precision,accuracy,recall,duration
0.7878865890914084,0.8016666666666666,0.7998355498355498,330.42752289772034
