precision,accuracy,recall,duration
0.4826200439440858,0.4509090909090909,0.46687273901359677,457.64327216148376
