precision,accuracy,recall,duration
0.8247314210788596,0.8307692307692308,0.8223443528954232,1202.2774469852448
