precision,accuracy,recall,duration
0.7994227994227993,0.7808219178082192,0.782623224728488,627.4559774398804
