precision,accuracy,recall,duration
0.9305397842897843,0.9183333333333333,0.9183333333333333,3146.101957321167
