precision,accuracy,recall,duration
0.7705048655613196,0.785,0.790969655709006,292.23736596107483
