precision,accuracy,recall,duration
0.8787721195641273,0.7834319526627219,0.8944430003066438,215.8325536251068
