precision,accuracy,recall,duration
0.8850511190936723,0.8801916932907349,0.8756787983824379,204.2071075439453
