precision,accuracy,recall,duration
0.5834873319406503,0.7075,0.5708427453153192,271.70388197898865
