precision,accuracy,recall,duration
0.9281325156325156,0.92,0.92,1055.7960238456726
