precision,accuracy,recall,duration
0.8207961972667855,0.8075,0.6949661206952622,202.6376509666443
