precision,accuracy,recall,duration
0.7867678044669195,0.7975,0.7110590773963247,196.57142663002014
