precision,accuracy,recall,duration
0.952821977710269,0.952,0.953618356599723,183.33517622947693
