precision,accuracy,recall,duration
0.8841696766425868,0.8843333333333333,0.8831442750243349,646.9399604797363
