precision,accuracy,recall,duration
0.9699309413175884,0.9669421487603306,0.9602280569671874,108.33797121047974
