precision,accuracy,recall,duration
0.6085585585585587,0.6022099447513812,0.6103918156396684,244.12162733078003
