precision,accuracy,recall,duration
0.9568238097642733,0.9552,0.9564918334483552,215.80926275253296
