precision,accuracy,recall,duration
0.6880100266089502,0.9351111111111111,0.5831706567897508,641.498752117157
