precision,accuracy,recall,duration
0.8416408987837559,0.8356164383561644,0.8298245614035087,505.88151025772095
