precision,accuracy,recall,duration
0.975530569358528,0.9748743718592965,0.9750410771456876,238.1654007434845
