precision,accuracy,recall,duration
0.8978770857175574,0.8195266272189349,0.9171022235411106,888.2762422561646
