precision,accuracy,recall,duration
0.6899915191506587,0.7236415510309947,0.6317250728235672,24880.333056926727
