precision,accuracy,recall,duration
0.954560163991918,0.9580487804878048,0.9424337923901059,176.2153127193451
