precision,accuracy,recall,duration
0.9213635427992584,0.9209938581797878,0.9212058095350864,685.6025192737579
