precision,accuracy,recall,duration
0.7711111111111111,0.7333333333333333,0.7333333333333333,147.28609919548035
