precision,accuracy,recall,duration
0.9453799898368246,0.9464847848898216,0.9410469667318982,311.3984897136688
