precision,accuracy,recall,duration
0.8663192074150383,0.864,0.864,324.412477016449
