precision,accuracy,recall,duration
0.8828164589034154,0.8823333333333333,0.8847189543593155,131.4056875705719
