precision,accuracy,recall,duration
0.9657661748795799,0.968780487804878,0.9498570957422349,621.4240612983704
