precision,accuracy,recall,duration
0.9736566192722839,0.9776590577950461,0.9605264924294331,1370.8420028686523
