precision,accuracy,recall,duration
0.8264912280701754,0.8171428571428572,0.8308267250022787,125.78628325462341
