precision,accuracy,recall,duration
0.6671118059626951,0.7219512195121951,0.705445632798574,168.77030444145203
