precision,accuracy,recall,duration
0.9480115310223989,0.9480699805609553,0.9482825729304603,890.390632390976
