precision,accuracy,recall,duration
0.9254341358441283,0.9243674367436744,0.9238375472246441,806.9873530864716
