precision,accuracy,recall,duration
0.9452034740219672,0.9452929741738406,0.9454054813209742,7738.816086053848
