precision,accuracy,recall,duration
0.8478918742076637,0.84,0.8516087868015679,102.1984589099884
