precision,accuracy,recall,duration
0.8400794866360464,0.8358974358974359,0.8368318874838577,802.402455329895
