precision,accuracy,recall,duration
0.9645935960591132,0.9649122807017544,0.9657407407407408,505.37579107284546
