precision,accuracy,recall,duration
0.43197298549684787,0.6215538847117794,0.4229905917895514,160.4830813407898
