precision,accuracy,recall,duration
0.8059493290838127,0.7925,0.6576388171512307,195.8869080543518
