precision,accuracy,recall,duration
0.7539111670562848,0.7666666666666667,0.7746547364326006,265.96001720428467
