precision,accuracy,recall,duration
0.9516423779782559,0.9559543230016313,0.9525531372412674,186.12885785102844
