precision,accuracy,recall,duration
0.5277777777777777,0.5666666666666667,0.475,385.86627316474915
