precision,accuracy,recall,duration
0.9832740702527292,0.9829145728643216,0.9832564568814792,378.2437906265259
