precision,accuracy,recall,duration
0.9255090497737557,0.9257188498402555,0.9249464022081006,204.1634042263031
