precision,accuracy,recall,duration
0.8326186451160681,0.713,0.6047861930410987,623.5584552288055
