precision,accuracy,recall,duration
0.46875655643261277,0.7275,0.46811467502958753,123.92078852653503
