precision,accuracy,recall,duration
0.8297045955198106,0.831002331002331,0.8093991937331073,3875.5778937339783
