precision,accuracy,recall,duration
0.5124320702128922,0.5194805194805194,0.5168120640223779,1900.6429374217987
