precision,accuracy,recall,duration
0.8943136302949387,0.8934707903780069,0.8548994974874372,266.5680079460144
