precision,accuracy,recall,duration
0.8445520630279403,0.84,0.8516087868015679,282.9592070579529
