precision,accuracy,recall,duration
0.8440823327615781,0.8403263403263403,0.8158928489623896,624.902633190155
