precision,accuracy,recall,duration
0.9768180020936067,0.9774162214667315,0.9567637381860212,1319.8377013206482
