precision,accuracy,recall,duration
0.9086990595611285,0.9175257731958762,0.8987874153375573,1828.0444974899292
