precision,accuracy,recall,duration
0.831367883573766,0.8056265984654731,0.8138624513624512,666.1156105995178
