precision,accuracy,recall,duration
0.9148689032370648,0.9147414741474147,0.9145433740191804,520.2973952293396
