precision,accuracy,recall,duration
0.7660123341465874,0.7723684210526316,0.7444820837638468,362.6269130706787
