precision,accuracy,recall,duration
0.9612254506322304,0.9545454545454546,0.9494416211807516,145.5451681613922
