precision,accuracy,recall,duration
0.9611202784579824,0.9604878048780487,0.9433918862229754,164.6917862892151
