precision,accuracy,recall,duration
0.928617388280257,0.9284928492849285,0.9283148067422261,986.7592186927795
