precision,accuracy,recall,duration
0.8370621395862847,0.8426573426573427,0.8283476109762242,1647.17906832695
