precision,accuracy,recall,duration
0.7021130163967785,0.9384444444444444,0.5663692113752122,113.20091843605042
