precision,accuracy,recall,duration
0.9271047137754381,0.9173553719008265,0.8800081560951126,462.38625597953796
