precision,accuracy,recall,duration
0.871875,0.7666666666666667,0.6638888888888889,115.73355221748352
