precision,accuracy,recall,duration
0.8052138553688236,0.7710526315789473,0.731533356863507,83.28672957420349
