precision,accuracy,recall,duration
0.8861693861693862,0.893,0.8808907324338835,2066.610274076462
