precision,accuracy,recall,duration
0.6849602567537344,0.9375555555555556,0.5872014059467662,194.86889910697937
