precision,accuracy,recall,duration
0.9607184735102868,0.9462809917355371,0.9271096053704749,207.14708185195923
