precision,accuracy,recall,duration
0.988831615120275,0.9885864793678666,0.9885964912280703,351.7797818183899
