precision,accuracy,recall,duration
0.9477503628447025,0.9313725490196079,0.8900709219858156,507.9269254207611
