precision,accuracy,recall,duration
0.621267577738166,0.6298342541436464,0.614527239588535,146.20272254943848
