precision,accuracy,recall,duration
0.6081656780611101,0.7275,0.6022539033087556,204.64559149742126
