precision,accuracy,recall,duration
0.9669959951639716,0.966958211856171,0.9669465977605511,210.7076141834259
