precision,accuracy,recall,duration
0.7536683785766691,0.7523809523809524,0.7510893246187365,152.70226383209229
