precision,accuracy,recall,duration
0.8866666666666667,0.8333333333333334,0.8333333333333334,73.19215631484985
