precision,accuracy,recall,duration
0.8943241958157612,0.8937699680511182,0.8917940817767507,508.4572203159332
