precision,accuracy,recall,duration
0.45176287966985634,0.745,0.4645705071785102,148.42485761642456
