precision,accuracy,recall,duration
0.8016027956245347,0.7800511508951407,0.7851755976755976,121.65076112747192
