precision,accuracy,recall,duration
0.47477970544233467,0.7325,0.4968136435972467,325.2415523529053
