precision,accuracy,recall,duration
0.7859890587519806,0.7802631578947369,0.7639740545310733,855.4681668281555
