precision,accuracy,recall,duration
0.8240829652391012,0.824,0.824,503.48650217056274
