precision,accuracy,recall,duration
0.9504846051022711,0.9437100213219616,0.9439169819731592,106.38433504104614
