precision,accuracy,recall,duration
0.8518518518518517,0.7333333333333333,0.7333333333333334,385.89699506759644
