precision,accuracy,recall,duration
0.9072067284567283,0.8966666666666666,0.8966666666666666,991.7004554271698
