precision,accuracy,recall,duration
0.7087685545605267,0.9375555555555556,0.5583656096264418,343.55645513534546
