precision,accuracy,recall,duration
0.832748538011696,0.8780487804878049,0.7661051693404635,106.37628388404846
