precision,accuracy,recall,duration
0.7203621039765327,0.9388888888888889,0.5824898077918861,828.2097637653351
