precision,accuracy,recall,duration
0.8119627956584479,0.7671232876712328,0.7802422723475354,537.9600539207458
