precision,accuracy,recall,duration
0.9167360184928044,0.9173553719008265,0.8887853692201517,253.32993030548096
