precision,accuracy,recall,duration
0.6906321249866108,0.5616666666666666,0.6514539972767943,170.6729292869568
