precision,accuracy,recall,duration
0.7867003367003367,0.8,0.7008891643614965,188.22677969932556
