precision,accuracy,recall,duration
0.8706114459702976,0.8496666666666667,0.8410348926604754,238.88043475151062
