precision,accuracy,recall,duration
0.6576668433544571,0.6625,0.5735626642792374,145.55380272865295
