precision,accuracy,recall,duration
0.8565934530462108,0.8564102564102564,0.8564045145004174,503.30589151382446
