precision,accuracy,recall,duration
0.586331288825981,0.73,0.5907180099163222,99.17233419418335
