precision,accuracy,recall,duration
0.9506425819097044,0.9534109816971714,0.957262639274979,78.44385552406311
