precision,accuracy,recall,duration
0.4975721807861901,0.5,0.49826090907240533,1765.9507961273193
