precision,accuracy,recall,duration
0.41571420108654156,0.6140350877192983,0.40310179518563855,388.2354893684387
