precision,accuracy,recall,duration
0.9041599202889525,0.8969072164948454,0.8544898405068821,804.5198683738708
