precision,accuracy,recall,duration
0.8182804390368417,0.8,0.8177923616807948,66.4426121711731
