precision,accuracy,recall,duration
0.9612126184593828,0.9653725078698846,0.9662240238561177,135.7035312652588
