precision,accuracy,recall,duration
0.8372267145852051,0.8316666666666667,0.787468391363548,375.85617542266846
