precision,accuracy,recall,duration
0.9594866111221881,0.9580487804878048,0.9410842889778489,226.85796570777893
