precision,accuracy,recall,duration
0.8942857142857142,0.8666666666666667,0.8522267206477733,385.4280924797058
