precision,accuracy,recall,duration
0.9324202866849927,0.92,0.92,2201.487451314926
