precision,accuracy,recall,duration
0.7969230336877395,0.7953964194373402,0.8013717138717139,242.50902485847473
