precision,accuracy,recall,duration
0.7498355831503383,0.7416666666666667,0.7670885170885171,199.00562167167664
