precision,accuracy,recall,duration
0.9237742935003976,0.9235423542354235,0.9232980964835804,707.0417220592499
