precision,accuracy,recall,duration
0.9652420273905766,0.9668292682926829,0.9450434275140671,222.44034552574158
