precision,accuracy,recall,duration
0.732343076878596,0.76,0.6785869785628748,463.30267667770386
