precision,accuracy,recall,duration
0.8956561218699568,0.7863905325443787,0.8966482477393288,623.6577792167664
