precision,accuracy,recall,duration
0.8877271173482035,0.8849840255591054,0.8815071570704154,149.64431166648865
