precision,accuracy,recall,duration
0.8012338538654328,0.8,0.8,932.3450727462769
