precision,accuracy,recall,duration
0.7769916701505375,0.7842105263157895,0.7674614859331467,326.48635363578796
