precision,accuracy,recall,duration
0.8602941176470589,0.9230769230769231,0.9044811320754718,83.07540512084961
