precision,accuracy,recall,duration
0.661131003827633,0.6611111111111111,0.6611111111111111,264.3362636566162
