precision,accuracy,recall,duration
0.8848986152916724,0.8769968051118211,0.871331921175942,541.7408535480499
