precision,accuracy,recall,duration
0.5180040025642562,0.5064935064935064,0.5066065184742564,925.8080623149872
