precision,accuracy,recall,duration
0.6327290945364807,0.7241379310344828,0.586110577138601,726.7336664199829
