precision,accuracy,recall,duration
0.7465710362871055,0.7493333333333333,0.7493333333333334,908.4916870594025
