precision,accuracy,recall,duration
0.6067140974967062,0.6077348066298343,0.6002993108958354,390.1806106567383
