precision,accuracy,recall,duration
0.9679863073737665,0.967930029154519,0.9679155900086132,84.26702380180359
