precision,accuracy,recall,duration
0.9533824058793747,0.947547974413646,0.9480041145025762,203.217378616333
