precision,accuracy,recall,duration
0.5209690584782305,0.48545454545454547,0.5065194520918584,184.44955921173096
