precision,accuracy,recall,duration
0.8336456975228161,0.8285714285714286,0.8419469510527756,178.78841280937195
