precision,accuracy,recall,duration
0.8283094537979504,0.8282051282051283,0.8282828292597113,603.4774367809296
