precision,accuracy,recall,duration
0.8189600082457226,0.821917808219178,0.8356486454230814,277.5436155796051
