precision,accuracy,recall,duration
0.8666368748350374,0.8641025641025641,0.8582793420948648,678.9489433765411
