precision,accuracy,recall,duration
0.655541192569671,0.7445141065830722,0.6146391196315398,293.94732880592346
