precision,accuracy,recall,duration
0.8624008696305705,0.7798816568047338,0.8934546071290727,481.68639087677
