precision,accuracy,recall,duration
0.42485174669597364,0.4163636363636364,0.44042944029033043,747.5639252662659
