precision,accuracy,recall,duration
0.8935714285714286,0.9072164948453608,0.8912497268953463,413.4094135761261
