precision,accuracy,recall,duration
0.9038297883867088,0.902,0.8995868309455537,266.5352749824524
