precision,accuracy,recall,duration
0.7777777777777778,0.776,0.776,323.6429851055145
