precision,accuracy,recall,duration
0.8979217121937483,0.8966666666666666,0.8945130131053525,447.7236592769623
