precision,accuracy,recall,duration
0.827433247200689,0.8057142857142857,0.8255400601586,146.91110134124756
