precision,accuracy,recall,duration
0.5984848484848485,0.8012422360248447,0.5424503657262278,324.5296411514282
