precision,accuracy,recall,duration
0.9670362057629962,0.966958211856171,0.9669409311392175,124.35785293579102
