precision,accuracy,recall,duration
0.9806819857457084,0.9757163671685284,0.9486011617313701,758.3786211013794
