precision,accuracy,recall,duration
0.8357614607614607,0.7945205479452054,0.7905597326649959,130.5143051147461
