precision,accuracy,recall,duration
0.8533549756399924,0.8520833333333333,0.812090460206424,187.13995003700256
