precision,accuracy,recall,duration
0.8563535911602209,0.826955074875208,0.8483965014577259,181.4893171787262
