precision,accuracy,recall,duration
0.5003567757069157,0.7375,0.4946289486600317,113.59796953201294
