precision,accuracy,recall,duration
0.9565421989809012,0.9580487804878048,0.9370603508859006,109.05124402046204
