precision,accuracy,recall,duration
0.48168743112105766,0.4527272727272727,0.4646146687691045,388.2321934700012
