precision,accuracy,recall,duration
0.562738603988604,0.5551948051948052,0.5530901472328595,377.0208168029785
