precision,accuracy,recall,duration
0.49066164613540236,0.4509090909090909,0.48259455884268593,540.6387760639191
