precision,accuracy,recall,duration
0.8569214603291683,0.8589743589743589,0.8514848464340363,139.1998851299286
