precision,accuracy,recall,duration
0.6714225449314244,0.6685082872928176,0.6438035553780086,128.6110188961029
