precision,accuracy,recall,duration
0.969010989010989,0.9607843137254902,0.9140070921985816,186.68521738052368
