precision,accuracy,recall,duration
0.9671367713098802,0.9650319829424308,0.9651564142645777,265.57326674461365
