precision,accuracy,recall,duration
0.5666741953698475,0.525974025974026,0.5185265610143321,263.54385805130005
