precision,accuracy,recall,duration
0.3695736584328238,0.6015037593984962,0.38607407569310875,166.53478932380676
