precision,accuracy,recall,duration
0.6580063626723224,0.671875,0.6508097165991903,143.37915706634521
