precision,accuracy,recall,duration
0.8807407934962952,0.8753993610223643,0.8706053020091149,188.02544569969177
