precision,accuracy,recall,duration
0.7517701932489734,0.8131868131868132,0.6973381192422988,1172.9803252220154
