precision,accuracy,recall,duration
0.7277526395173455,0.703125,0.652834008097166,122.29099822044373
