precision,accuracy,recall,duration
0.8573407202216066,0.8286189683860233,0.8498542274052479,324.5249214172363
