precision,accuracy,recall,duration
0.6177073278943037,0.6166666666666667,0.6166666666666667,391.93600630760193
