precision,accuracy,recall,duration
0.9348440558069958,0.9338842975206612,0.9168329255285776,249.6404733657837
