precision,accuracy,recall,duration
0.6834525747057716,0.6685082872928176,0.6474219764306401,221.4378011226654
