precision,accuracy,recall,duration
0.969381799505066,0.9706190975865687,0.968397633025813,203.2498893737793
