precision,accuracy,recall,duration
0.4946880630186347,0.7475,0.49697618787515613,192.2346315383911
