precision,accuracy,recall,duration
0.8173316173316174,0.7672634271099744,0.7762238137238137,352.30648589134216
