precision,accuracy,recall,duration
0.966130750337164,0.9673170731707317,0.9537282438909014,610.6960744857788
