precision,accuracy,recall,duration
0.49864784539479556,0.4254545454545455,0.459209558613645,264.5010018348694
