precision,accuracy,recall,duration
0.5319017938583156,0.525974025974026,0.524245604240632,1038.9558565616608
