precision,accuracy,recall,duration
0.9513248542660308,0.9313725490196079,0.8949871050934881,357.8953492641449
