precision,accuracy,recall,duration
0.9228291071673425,0.9083333333333333,0.9083333333333334,741.920102596283
