precision,accuracy,recall,duration
0.9745719673643897,0.9738693467336683,0.9737371243669187,445.7843270301819
