precision,accuracy,recall,duration
0.8086561544066787,0.79,0.6955981772895791,107.43510103225708
