precision,accuracy,recall,duration
0.9165127927627928,0.905,0.9049999999999999,422.0592806339264
