precision,accuracy,recall,duration
0.873392970961334,0.8608695652173913,0.8612924539980534,323.1874203681946
