precision,accuracy,recall,duration
0.7532051282051282,0.7666666666666667,0.6638888888888889,325.95953917503357
