precision,accuracy,recall,duration
0.9792300905837537,0.9787518212724624,0.9583873765012404,1587.5906150341034
