precision,accuracy,recall,duration
0.9628377601471771,0.967373572593801,0.9665067334214126,140.45429754257202
