precision,accuracy,recall,duration
0.8423971415186121,0.8435897435897436,0.8448257493878036,655.9954781532288
