precision,accuracy,recall,duration
0.9988998899889988,0.9988888888888889,0.9988888888888888,239.42143177986145
