precision,accuracy,recall,duration
0.9565419115372719,0.956140350877193,0.9555555555555555,145.70143342018127
