precision,accuracy,recall,duration
0.8353083657705506,0.8356164383561644,0.854469507101086,145.94747877120972
