precision,accuracy,recall,duration
0.8446978613985184,0.8461538461538461,0.8401002574465597,525.3301155567169
