precision,accuracy,recall,duration
0.8201844262295082,0.82,0.8200000000000001,1104.3042368888855
