precision,accuracy,recall,duration
0.926144575435076,0.9256198347107438,0.9026852374678461,279.54205441474915
