precision,accuracy,recall,duration
0.9550324675324675,0.9411764705882353,0.9029658284977434,230.99209260940552
