precision,accuracy,recall,duration
0.8302256677256677,0.8260869565217391,0.8315170940170941,888.0585668087006
