precision,accuracy,recall,duration
0.8254187673305321,0.7953964194373402,0.7998497373497373,184.92511105537415
