precision,accuracy,recall,duration
0.8312552841964607,0.8286445012787724,0.8311312936312937,274.1954839229584
