precision,accuracy,recall,duration
0.9592207065051411,0.9504132231404959,0.9358036890645587,478.4743664264679
