precision,accuracy,recall,duration
0.9930265186555658,0.9929762949956101,0.992980914500663,325.6126198768616
