precision,accuracy,recall,duration
0.8497768739761623,0.8175,0.6821788352865106,208.15429162979126
