precision,accuracy,recall,duration
0.9590753729814769,0.9556503198294243,0.9557928163861571,1045.7464966773987
