precision,accuracy,recall,duration
0.547939199064601,0.8043478260869565,0.5107105538140021,248.57849049568176
