precision,accuracy,recall,duration
0.5010612942167391,0.37636363636363634,0.3649255304095175,144.23486471176147
