precision,accuracy,recall,duration
0.7919592652506344,0.794249022892239,0.7922125011343077,258.2499668598175
