precision,accuracy,recall,duration
0.9679339941972921,0.967930029154519,0.9679269232512806,193.65494799613953
