precision,accuracy,recall,duration
0.8964537661045882,0.8953098827470687,0.8957388482821338,1044.0386276245117
