precision,accuracy,recall,duration
0.835820895522388,0.7555555555555555,0.7555555555555555,446.1209394931793
