precision,accuracy,recall,duration
0.8531371554379145,0.8589743589743589,0.8522680544540865,890.1862030029297
