precision,accuracy,recall,duration
0.9096931811922414,0.8142011834319527,0.9112596547573778,623.452826499939
