precision,accuracy,recall,duration
0.9388430585735492,0.9389058594834768,0.9391055736126159,4571.653375387192
