precision,accuracy,recall,duration
0.8167297453332478,0.816,0.8160000000000001,263.16787576675415
