precision,accuracy,recall,duration
0.9599917915122547,0.9592406476828588,0.9594178249511719,1465.290316104889
