precision,accuracy,recall,duration
0.4885291871185862,0.7775,0.4988999751188746,273.7760467529297
