precision,accuracy,recall,duration
0.9654694233806492,0.9663414634146341,0.9541099728502435,107.4144914150238
