precision,accuracy,recall,duration
0.953030303030303,0.95,0.9500000000000001,171.01515674591064
