precision,accuracy,recall,duration
0.9651678779288422,0.9603411513859275,0.9605223281466935,383.19899439811707
