precision,accuracy,recall,duration
0.5674683306158285,0.564935064935065,0.5634460986999544,381.71003913879395
