precision,accuracy,recall,duration
0.5184468235067641,0.5194805194805194,0.5189212198068687,599.6728131771088
