precision,accuracy,recall,duration
0.9812640839635747,0.9806848112379281,0.980700212746277,470.5333914756775
