precision,accuracy,recall,duration
0.9670905449323558,0.966958211856171,0.9669352645178838,280.27871799468994
