precision,accuracy,recall,duration
0.6272728855088157,0.6257575757575757,0.6257575757575757,123.39818167686462
