precision,accuracy,recall,duration
0.9058777460914421,0.9013333333333333,0.9013333333333332,326.3714289665222
