precision,accuracy,recall,duration
0.8373097865744924,0.8388746803069054,0.8412315162315162,925.4562788009644
