precision,accuracy,recall,duration
0.8295238095238094,0.7666666666666667,0.7666666666666667,103.62006425857544
