precision,accuracy,recall,duration
0.7051716734733976,0.7934065934065934,0.671250736758941,924.7864246368408
