precision,accuracy,recall,duration
0.686429188648317,0.8021978021978022,0.6840507908156515,358.8745045661926
