precision,accuracy,recall,duration
0.9027544423971768,0.8986666666666666,0.8986666666666666,190.22106409072876
