precision,accuracy,recall,duration
0.7760807130126375,0.7684210526315789,0.7149666699673196,144.54569816589355
