precision,accuracy,recall,duration
0.8368932161533325,0.8403645833333333,0.8029564400325815,360.52822732925415
