precision,accuracy,recall,duration
0.7033064902215995,0.9402222222222222,0.5707580201677069,130.49746918678284
