precision,accuracy,recall,duration
0.9260712046904385,0.9317943336831059,0.930700773460069,364.86458802223206
