precision,accuracy,recall,duration
0.9583582429585566,0.9609756097560975,0.9419860467119553,638.0418357849121
