precision,accuracy,recall,duration
0.7173998428908092,0.7047619047619048,0.7009803921568627,203.2564561367035
