precision,accuracy,recall,duration
0.8943044918044919,0.8833333333333333,0.8833333333333332,318.4308931827545
