precision,accuracy,recall,duration
0.9913113601460493,0.9912203687445127,0.9912265285357507,526.771577835083
