precision,accuracy,recall,duration
0.899530450504251,0.8236686390532545,0.9194072734980575,1104.9153289794922
