precision,accuracy,recall,duration
0.8480507480507481,0.8235294117647058,0.8300360675360675,278.3132994174957
