precision,accuracy,recall,duration
0.9621544727734369,0.9620991253644315,0.9620846366562401,117.07916235923767
