precision,accuracy,recall,duration
0.7238553113553113,0.8097560975609757,0.774536541889483,167.7150161266327
