precision,accuracy,recall,duration
0.9649532710280374,0.9509803921568627,0.945357833655706,487.087685585022
