precision,accuracy,recall,duration
0.6900102084807967,0.7476489028213166,0.6152397230511087,320.1158187389374
