precision,accuracy,recall,duration
0.8858267607759501,0.7792899408284024,0.892974407389054,386.17078018188477
