precision,accuracy,recall,duration
0.8258927813549662,0.821917808219178,0.8441520467836258,198.02164244651794
