precision,accuracy,recall,duration
0.6831278502073475,0.7362637362637363,0.5995850302604172,248.60270595550537
