precision,accuracy,recall,duration
0.8853256450918572,0.8100591715976332,0.9096032811224013,623.7332611083984
