precision,accuracy,recall,duration
0.8718706911736569,0.87109375,0.8335083048650843,329.1146945953369
