precision,accuracy,recall,duration
0.8957437524738163,0.8946666666666667,0.892598381721033,1026.1733944416046
