precision,accuracy,recall,duration
0.954727345483648,0.9611752360965372,0.9659398005777653,253.15831804275513
