precision,accuracy,recall,duration
0.6427665779130214,0.745,0.5920513148361249,67.37474322319031
