precision,accuracy,recall,duration
0.8391608391608392,0.8391608391608392,0.8177195473910852,2047.3715043067932
