precision,accuracy,recall,duration
0.8305239028311108,0.8358974358974359,0.8274297364342537,162.58087801933289
