precision,accuracy,recall,duration
0.598377812663527,0.7732919254658385,0.5859456635318704,495.9408631324768
