precision,accuracy,recall,duration
0.8399520852959106,0.8282051282051283,0.8243332636634922,194.95871996879578
