precision,accuracy,recall,duration
0.8229438717633751,0.7948717948717948,0.8092442416557059,135.32858729362488
