precision,accuracy,recall,duration
0.7494484720546102,0.7978021978021979,0.6827639659102506,241.33214735984802
