precision,accuracy,recall,duration
0.8171537804792921,0.7942857142857143,0.8129614438063987,503.4711217880249
