precision,accuracy,recall,duration
0.9412080192235924,0.9409756097560975,0.9095486305235317,111.68978095054626
