precision,accuracy,recall,duration
0.8057246219784919,0.7468030690537084,0.755479392979393,143.9937834739685
