precision,accuracy,recall,duration
0.9780311213443966,0.9776,0.9785152321798284,194.29551029205322
