precision,accuracy,recall,duration
0.9010598453914608,0.8023668639053254,0.9083909475363371,878.975711107254
