precision,accuracy,recall,duration
0.8241813797931088,0.8286713286713286,0.8102753218195977,1223.7764086723328
