precision,accuracy,recall,duration
0.9670227084893126,0.9628997867803838,0.9629279386920397,350.5015616416931
