precision,accuracy,recall,duration
0.9761821308565884,0.978630403108305,0.9608743340776652,1887.3399608135223
