precision,accuracy,recall,duration
0.9347439916405433,0.9318181818181818,0.9388111888111889,450.5586862564087
