precision,accuracy,recall,duration
0.9566542725196048,0.9454354669464848,0.9303256919206039,325.5365300178528
