precision,accuracy,recall,duration
0.6331871135241922,0.7225,0.6161289406015144,156.3224880695343
