precision,accuracy,recall,duration
0.7964105666465012,0.7775,0.6415925377531382,198.93180656433105
