precision,accuracy,recall,duration
0.971495783949828,0.976930548810102,0.9605319730650962,3523.595626592636
