precision,accuracy,recall,duration
0.9675831541318736,0.9695697796432319,0.9680668157674028,46.38964796066284
