precision,accuracy,recall,duration
0.9331374166546836,0.9331683168316832,0.9331262714327231,445.30597734451294
