precision,accuracy,recall,duration
0.7195349192585588,0.7934065934065934,0.6742786052612678,806.126704454422
