precision,accuracy,recall,duration
0.8509567006364916,0.8512820512820513,0.8444934463363523,474.71930599212646
