precision,accuracy,recall,duration
0.7687904430064709,0.7666666666666667,0.7666666666666666,212.17201709747314
