precision,accuracy,recall,duration
0.9574878776222595,0.9568,0.95816287005728,324.867164850235
