precision,accuracy,recall,duration
0.9748646810630116,0.9738693467336683,0.973774333908585,128.59133195877075
