precision,accuracy,recall,duration
0.8357991857991859,0.8260869565217391,0.8320455445455445,863.9075787067413
