precision,accuracy,recall,duration
0.9285107253857254,0.9183333333333333,0.9183333333333333,732.8676295280457
