precision,accuracy,recall,duration
0.9551268213707501,0.9379084967320261,0.9101386202450032,264.3175411224365
