precision,accuracy,recall,duration
0.8493320411017742,0.737,0.6373378479017648,457.95132780075073
