precision,accuracy,recall,duration
0.8350614184373127,0.841025641025641,0.8337358128254694,321.9954607486725
