precision,accuracy,recall,duration
0.9894993279569892,0.9869281045751634,0.9746131528046422,687.7925972938538
