precision,accuracy,recall,duration
0.6302742757242757,0.7272727272727273,0.5840110832698374,591.4977695941925
