precision,accuracy,recall,duration
0.9463033330552955,0.946126076089975,0.9459231170498776,1608.754899263382
