precision,accuracy,recall,duration
0.608146892283984,0.6146464646464647,0.6146464646464647,307.43337512016296
