precision,accuracy,recall,duration
0.4559515982592906,0.6340852130325815,0.42594680742554064,288.6895635128021
