precision,accuracy,recall,duration
0.867177960927961,0.8434782608695652,0.8438434076910704,78.055415391922
