precision,accuracy,recall,duration
0.8000088171203286,0.815,0.7895594242365298,296.63420844078064
