precision,accuracy,recall,duration
0.4788952533151516,0.78,0.4839358218594127,107.84062910079956
