precision,accuracy,recall,duration
0.9694884844283796,0.976930548810102,0.962598772075494,1458.1912322044373
