precision,accuracy,recall,duration
0.6881742594731309,0.9373333333333334,0.5789390519485631,508.09645104408264
