precision,accuracy,recall,duration
0.5762679738562091,0.7025,0.5663498558013326,142.38411569595337
