precision,accuracy,recall,duration
0.44384200607110086,0.40545454545454546,0.41245782348407406,868.1358678340912
