precision,accuracy,recall,duration
0.49253422640580213,0.765,0.5160479812860853,388.62451910972595
