precision,accuracy,recall,duration
0.5131978918374914,0.512987012987013,0.5112001360817189,925.7182910442352
