precision,accuracy,recall,duration
0.5514938417637628,0.538961038961039,0.5404342457060112,503.2023067474365
