precision,accuracy,recall,duration
0.8686944863415452,0.8514285714285714,0.8656457934554735,225.50587701797485
