precision,accuracy,recall,duration
0.9964927480821884,0.9964881474978051,0.9964896864304875,428.6319086551666
