precision,accuracy,recall,duration
0.7387583992388654,0.755,0.6334308965485578,113.90102696418762
