precision,accuracy,recall,duration
0.6558333333333334,0.6519337016574586,0.6724687905722561,392.47658133506775
