precision,accuracy,recall,duration
0.7166666666666666,0.6333333333333333,0.6333333333333333,447.07143211364746
