precision,accuracy,recall,duration
0.8605981311068719,0.8653645833333333,0.8336118333327333,334.8284134864807
