precision,accuracy,recall,duration
0.511287863820028,0.755,0.48877963761135795,88.70949697494507
