precision,accuracy,recall,duration
0.6419173749850873,0.6419191919191919,0.641919191919192,144.28846788406372
