precision,accuracy,recall,duration
0.9523809523809523,0.9379084967320261,0.9052224371373307,506.9625656604767
