precision,accuracy,recall,duration
0.9545454545454546,0.95,0.95,558.9757902622223
