precision,accuracy,recall,duration
0.5056070541911856,0.7875,0.5203970434882097,276.3102140426636
