precision,accuracy,recall,duration
0.9093724194880264,0.902,0.8777862449990474,1945.7433850765228
