precision,accuracy,recall,duration
0.9501352590592854,0.9504132231404959,0.9416023589936633,1045.4750866889954
