precision,accuracy,recall,duration
0.9656921304707352,0.9663414634146341,0.9535130424441899,470.1574182510376
