precision,accuracy,recall,duration
0.5570717969996817,0.538961038961039,0.5377515385521254,1104.6150531768799
