precision,accuracy,recall,duration
0.8130005308223129,0.8025,0.6465043673886345,267.52436876296997
