precision,accuracy,recall,duration
0.7762829137036326,0.776,0.776,683.4751844406128
