precision,accuracy,recall,duration
0.7801613729508197,0.78,0.78,323.0964412689209
