precision,accuracy,recall,duration
0.9502779485887719,0.9502915856706471,0.9502387544641067,1788.340371131897
