precision,accuracy,recall,duration
0.8194191715535094,0.831,0.8412641368918755,1077.4805233478546
