precision,accuracy,recall,duration
0.9780670889045273,0.9771428571428571,0.9780670889045273,135.19263410568237
