precision,accuracy,recall,duration
0.7445299416301924,0.775,0.6762462265991759,282.58307361602783
