precision,accuracy,recall,duration
0.9640984311197077,0.9545454545454546,0.9455706129619174,292.1572608947754
