precision,accuracy,recall,duration
0.9026406477744655,0.897,0.8929122007941744,223.68279099464417
