precision,accuracy,recall,duration
0.919451883287006,0.9194169416941694,0.9196726968904387,542.7929692268372
