precision,accuracy,recall,duration
0.6421052631578947,0.6296296296296297,0.6296296296296297,423.4357726573944
