precision,accuracy,recall,duration
0.9465811965811965,0.9183006535947712,0.8941811734364926,407.0956630706787
