precision,accuracy,recall,duration
0.8860329776772319,0.8047337278106509,0.9111159775761822,877.8688142299652
