precision,accuracy,recall,duration
0.8321961210119105,0.8184143222506394,0.8226320976320975,478.99711894989014
