precision,accuracy,recall,duration
0.8603220886796205,0.8538461538461538,0.8593995433818821,386.3839316368103
