precision,accuracy,recall,duration
0.9676485763718847,0.9639024390243902,0.9452265572078132,163.2699830532074
