precision,accuracy,recall,duration
0.5709126311161359,0.7422360248447205,0.5737330198537095,484.3800401687622
