precision,accuracy,recall,duration
0.8344481605351171,0.837995337995338,0.8201016995739612,2015.6642081737518
