precision,accuracy,recall,duration
0.61476792000254,0.6126262626262626,0.6126262626262625,322.62361121177673
