precision,accuracy,recall,duration
0.9454339283210055,0.9452929741738406,0.9451105493359014,2040.188146352768
