precision,accuracy,recall,duration
0.8333333333333333,0.7962962962962963,0.7962962962962963,59.511552572250366
