precision,accuracy,recall,duration
0.7083333333333333,0.71875,0.7024291497975709,505.6739401817322
