precision,accuracy,recall,duration
0.8270408163265307,0.8082191780821918,0.8262740183792816,385.7776885032654
