precision,accuracy,recall,duration
0.9477102000181012,0.9559543230016313,0.9586375541802841,357.44654965400696
