precision,accuracy,recall,duration
0.8386611881527136,0.8285714285714286,0.8419469510527756,145.56506609916687
