precision,accuracy,recall,duration
0.8442340067340067,0.8285714285714286,0.8477805122595935,125.98771333694458
