precision,accuracy,recall,duration
0.7817982456140351,0.780952380952381,0.7799564270152506,176.86099934577942
