precision,accuracy,recall,duration
0.9777777777777779,0.9800332778702163,0.9825072886297377,72.41141152381897
