precision,accuracy,recall,duration
0.7473905822156167,0.7466666666666667,0.7466666666666667,1306.4542009830475
