precision,accuracy,recall,duration
0.815781728278785,0.8228438228438228,0.8071888313711117,846.388158082962
