precision,accuracy,recall,duration
0.9412739663738662,0.9411274645931685,0.9409353557240882,1687.8121438026428
