precision,accuracy,recall,duration
0.6382831661092532,0.6408839779005525,0.641702536702287,256.15180945396423
