precision,accuracy,recall,duration
0.827473716759431,0.821917808219178,0.8425647451963242,77.97082471847534
