precision,accuracy,recall,duration
0.48257906633619096,0.4636363636363636,0.4918912779053815,429.22823119163513
