precision,accuracy,recall,duration
0.7900462291595257,0.79,0.6578917163091261,201.92523980140686
