precision,accuracy,recall,duration
0.7479689786014202,0.765,0.7484269984269984,199.9180977344513
