precision,accuracy,recall,duration
0.8639788521391364,0.8739583333333333,0.8485344717236859,1411.0259263515472
