precision,accuracy,recall,duration
0.9584754146381939,0.9624390243902439,0.9398080836643057,354.4722535610199
