precision,accuracy,recall,duration
0.7908486759570068,0.805,0.812852557868119,295.08025574684143
