precision,accuracy,recall,duration
0.8956707791661171,0.8946666666666667,0.8926461804980097,739.9972774982452
