precision,accuracy,recall,duration
0.8824212271973466,0.8969072164948454,0.8778675988638847,1358.4426472187042
