precision,accuracy,recall,duration
0.6701105281174401,0.9311111111111111,0.5943872188175285,1520.4810152053833
