precision,accuracy,recall,duration
0.937085308056872,0.9312714776632303,0.9029932270045882,680.7896387577057
