precision,accuracy,recall,duration
0.7436399217221135,0.74,0.7611182611182611,119.17362380027771
