precision,accuracy,recall,duration
0.6708729726094056,0.9342222222222222,0.5754487078942702,1537.1582832336426
