precision,accuracy,recall,duration
0.8184915413533835,0.8133333333333334,0.7636646566815795,67.57542610168457
