precision,accuracy,recall,duration
0.7134958221004357,0.9402222222222222,0.5955921671847237,430.68026900291443
