precision,accuracy,recall,duration
0.6692267707910412,0.7304075235109718,0.5863634336731913,745.5506999492645
