precision,accuracy,recall,duration
0.969889404588514,0.9668292682926829,0.9503307422884415,280.3119592666626
