precision,accuracy,recall,duration
0.9713082454383796,0.9768091306459447,0.9606749461693534,4707.621715545654
