precision,accuracy,recall,duration
0.8668465592485478,0.8615384615384616,0.8634581613587086,991.7038741111755
