precision,accuracy,recall,duration
0.844656654895856,0.8333333333333334,0.8443119106536406,230.61140942573547
