precision,accuracy,recall,duration
0.953414139561425,0.9421487603305785,0.9205533596837946,483.44721031188965
