precision,accuracy,recall,duration
0.5308721636713523,0.525974025974026,0.5256536502176435,582.0119369029999
