precision,accuracy,recall,duration
0.936451947349441,0.9297520661157025,0.908098649538867,323.2212426662445
