precision,accuracy,recall,duration
0.9505601581188292,0.9548793284365162,0.9546034852297083,291.63976979255676
