precision,accuracy,recall,duration
0.9733009708737864,0.9640522875816994,0.9559961315280464,554.4000332355499
