precision,accuracy,recall,duration
0.9742647058823529,0.9767054908485857,0.9795918367346939,76.37958121299744
