precision,accuracy,recall,duration
0.9641402229845627,0.9509803921568627,0.935525467440361,567.304713010788
