precision,accuracy,recall,duration
0.8138528138528139,0.8585365853658536,0.7039483065953654,172.97936868667603
