precision,accuracy,recall,duration
0.9630824562331411,0.9630709426627794,0.9630649621469696,175.47161412239075
