precision,accuracy,recall,duration
0.9675510204081633,0.9657142857142857,0.967188599577762,244.80366921424866
