precision,accuracy,recall,duration
0.9186406926406927,0.9146666666666666,0.9146666666666666,477.2808575630188
