precision,accuracy,recall,duration
0.7471310458288637,0.756578947368421,0.730635170371434,149.31677150726318
