precision,accuracy,recall,duration
0.9823809523809525,0.9828571428571429,0.9828660994178237,152.06067538261414
