precision,accuracy,recall,duration
0.818039021164021,0.8057142857142857,0.819706498951782,129.0184302330017
