precision,accuracy,recall,duration
0.854624738801311,0.8528985507246377,0.8525797116274864,171.46387147903442
