{"config": [9, 32, 16, 41, 0, 1], "accuracy": 0.8373346399}
{"config": [3, 32, 32, 64, 0, 1], "accuracy": 0.8360362567}
{"config": [6, 16, 16, 64, 0, 0], "accuracy": 0.8232810714000001}
{"config": [6, 16, 16, 64, 1, 0], "accuracy": 0.8451167728000001}
{"config": [3, 32, 16, 41, 0, 1], "accuracy": 0.8066389025}
{"config": [3, 32, 32, 64, 1, 0], "accuracy": 0.816985138}
{"config": [3, 16, 16, 64, 1, 1], "accuracy": 0.8272088845000001}
{"config": [3, 64, 64, 41, 1, 0], "accuracy": 0.8322146007000001}
{"config": [6, 64, 16, 41, 1, 1], "accuracy": 0.8335538135}
{"config": [3, 16, 64, 64, 1, 0], "accuracy": 0.8002694757000001}
{"config": [3, 64, 128, 41, 0, 1], "accuracy": 0.8322472644000001}
{"config": [6, 64, 16, 64, 1, 1], "accuracy": 0.8065490772}
{"config": [9, 16, 32, 64, 1, 1], "accuracy": 0.8168953128}
{"config": [6, 64, 64, 64, 0, 1], "accuracy": 0.8169443083}
{"config": [9, 64, 32, 32, 0, 1], "accuracy": 0.834811367}
{"config": [9, 16, 128, 64, 1, 0], "accuracy": 0.8220316838}
{"config": [9, 64, 32, 64, 1, 0], "accuracy": 0.8233790626}
{"config": [6, 16, 128, 32, 0, 1], "accuracy": 0.8271435571}
{"config": [3, 64, 128, 64, 1, 0], "accuracy": 0.8207414666}
{"config": [3, 16, 128, 64, 1, 1], "accuracy": 0.8245794545}
{"config": [3, 64, 16, 64, 0, 1], "accuracy": 0.8117181120000001}
{"config": [9, 32, 32, 64, 0, 1], "accuracy": 0.8373591377}
{"config": [3, 16, 128, 32, 0, 0], "accuracy": 0.7976727095}
{"config": [9, 32, 64, 32, 1, 1], "accuracy": 0.8501633186}
{"config": [9, 64, 128, 64, 1, 1], "accuracy": 0.8233708966000001}
{"config": [6, 16, 64, 32, 1, 1], "accuracy": 0.850236812}
{"config": [6, 32, 64, 32, 0, 1], "accuracy": 0.8476482117}
{"config": [9, 16, 64, 32, 1, 1], "accuracy": 0.8259023355}
{"config": [3, 64, 64, 32, 0, 1], "accuracy": 0.8374081333000001}
{"config": [3, 16, 32, 32, 1, 1], "accuracy": 0.8181528662}
{"config": [6, 64, 16, 32, 1, 0], "accuracy": 0.8374162992}
{"config": [3, 64, 16, 32, 1, 1], "accuracy": 0.8399395721}
{"config": [3, 64, 16, 41, 0, 1], "accuracy": 0.8207414666}
{"config": [3, 32, 16, 64, 1, 0], "accuracy": 0.8246202842}
{"config": [3, 64, 64, 32, 1, 1], "accuracy": 0.8220235179000001}
{"config": [9, 64, 128, 41, 1, 1], "accuracy": 0.8412134575}
{"config": [3, 64, 16, 32, 0, 0], "accuracy": 0.828352115}
{"config": [9, 64, 128, 32, 0, 0], "accuracy": 0.8323125919000001}
{"config": [6, 64, 64, 32, 0, 0], "accuracy": 0.834811367}
{"config": [6, 32, 16, 32, 0, 0], "accuracy": 0.8284991017000001}
{"config": [6, 16, 128, 64, 0, 1], "accuracy": 0.8245549567}
{"config": [3, 32, 64, 32, 1, 0], "accuracy": 0.8335048179000001}
{"config": [9, 32, 128, 32, 0, 1], "accuracy": 0.8527274212}
{"config": [9, 64, 16, 32, 1, 0], "accuracy": 0.84377756}
{"config": [9, 32, 32, 32, 1, 1], "accuracy": 0.8399314062000001}
{"config": [9, 32, 128, 41, 1, 0], "accuracy": 0.8552833578}
{"config": [9, 16, 128, 32, 1, 1], "accuracy": 0.8245712886000001}
{"config": [9, 64, 16, 32, 0, 1], "accuracy": 0.8373836355000001}
{"config": [9, 32, 128, 32, 0, 0], "accuracy": 0.8245794545}
{"config": [6, 32, 128, 41, 1, 0], "accuracy": 0.8386656868}
