precision,accuracy,recall,duration
0.6352021702990139,0.7425,0.618706758158235,380.3144588470459
