precision,accuracy,recall,duration
0.8011230076826052,0.8025,0.6709881431998439,268.6483178138733
