precision,accuracy,recall,duration
0.7773566079067794,0.7916666666666666,0.7881810381810381,328.75237941741943
