precision,accuracy,recall,duration
0.48896015645606833,0.7325,0.48645252507475467,182.24005770683289
