precision,accuracy,recall,duration
0.9405576736073595,0.9405720633157456,0.9405059989567032,886.8122622966766
