precision,accuracy,recall,duration
0.8622526636225266,0.85,0.8098958333333333,212.3401083946228
