precision,accuracy,recall,duration
0.6493797847792802,0.6298342541436464,0.6161030909817238,123.01200246810913
