precision,accuracy,recall,duration
0.9016027263218274,0.9006666666666666,0.8987724648667821,415.5432450771332
