precision,accuracy,recall,duration
0.9648237980889276,0.9642657733109995,0.9643727296679979,3624.3981878757477
