precision,accuracy,recall,duration
0.9545348731113028,0.9507317073170731,0.9311691046569265,167.9334020614624
