precision,accuracy,recall,duration
0.5477215474357152,0.5487012987012987,0.54827123696247,384.3630130290985
