precision,accuracy,recall,duration
0.8571428571428571,0.85,0.8465153267784847,148.7418270111084
