precision,accuracy,recall,duration
0.7631324134592108,0.7783333333333333,0.772022022022022,875.9731512069702
