precision,accuracy,recall,duration
0.9832068092937657,0.9828571428571429,0.9829931972789115,445.705518245697
