precision,accuracy,recall,duration
0.5294676539865864,0.7925,0.5070086417111046,461.4187333583832
