precision,accuracy,recall,duration
0.9330585835732894,0.9183333333333333,0.9183333333333334,2004.776138305664
