precision,accuracy,recall,duration
0.8308465202027961,0.831002331002331,0.8082882862247469,604.7790503501892
