precision,accuracy,recall,duration
0.6398101898101898,0.6464088397790055,0.6387919454708879,128.97016620635986
