precision,accuracy,recall,duration
0.9648148148148148,0.9649122807017544,0.9648148148148148,169.22928524017334
