precision,accuracy,recall,duration
0.45169045110280415,0.74,0.45721227185559865,122.88870978355408
