precision,accuracy,recall,duration
0.9727777431925362,0.9776590577950461,0.9611657609218426,503.94785928726196
