precision,accuracy,recall,duration
0.8257380302654428,0.8251748251748252,0.8007581657428191,838.9758694171906
