precision,accuracy,recall,duration
0.9822249568070872,0.9809045226130654,0.9803500955416027,566.9207494258881
