precision,accuracy,recall,duration
0.7236937660054275,0.824390243902439,0.7714438502673797,729.9735720157623
