precision,accuracy,recall,duration
0.7155555555555555,0.6333333333333333,0.6333333333333333,325.7104890346527
