precision,accuracy,recall,duration
0.9741074557276729,0.9768091306459447,0.9573400109764215,742.5645697116852
