precision,accuracy,recall,duration
0.7406658221646901,0.8351648351648352,0.7168172240556142,806.6537222862244
