precision,accuracy,recall,duration
0.8959156785243741,0.8833333333333333,0.8833333333333333,83.6795392036438
