precision,accuracy,recall,duration
0.7886904761904762,0.7333333333333333,0.6138888888888888,84.15618777275085
