precision,accuracy,recall,duration
0.9734319690734113,0.9775376396308888,0.9603177833053355,1585.7821035385132
