precision,accuracy,recall,duration
0.886562752419519,0.886,0.8841741823170435,468.2671399116516
