precision,accuracy,recall,duration
0.6842756409217763,0.9371111111111111,0.5925157448687042,1138.693832397461
