precision,accuracy,recall,duration
0.7427272727272727,0.7428571428571429,0.7423747276688453,303.78885650634766
