precision,accuracy,recall,duration
0.9626630336954569,0.9594882729211087,0.959729519858967,797.9737026691437
