precision,accuracy,recall,duration
0.9603174603174602,0.9601554907677357,0.9601296522961149,120.47657918930054
