precision,accuracy,recall,duration
0.6846491223567199,0.934,0.6001005330191964,1527.2641406059265
