precision,accuracy,recall,duration
0.7111718530978413,0.712707182320442,0.6887844611528822,243.91217589378357
