precision,accuracy,recall,duration
0.9483921590220803,0.9538300104931794,0.9553117137265865,203.21973276138306
