precision,accuracy,recall,duration
0.9814135485448765,0.9752066115702479,0.9712779973649539,176.94039702415466
