precision,accuracy,recall,duration
0.8356481481481481,0.8222222222222222,0.8222222222222222,200.16691827774048
