precision,accuracy,recall,duration
0.5731533602276636,0.69,0.5635859296196849,150.11269640922546
