precision,accuracy,recall,duration
0.8895135631887252,0.7958579881656804,0.9022990328322287,827.784786939621
