precision,accuracy,recall,duration
0.8161125411125411,0.7942857142857143,0.8100446632029897,122.49803566932678
