precision,accuracy,recall,duration
0.5602628635346756,0.7888198757763976,0.5281478578892371,270.8291425704956
