precision,accuracy,recall,duration
0.819806663924311,0.8114285714285714,0.8216206362227693,507.7048797607422
