precision,accuracy,recall,duration
0.671984516217532,0.9355555555555556,0.5874010158066298,235.4318380355835
