precision,accuracy,recall,duration
0.8538878868842104,0.8589743589743589,0.8517228448603221,1180.140282869339
