precision,accuracy,recall,duration
0.9615027753409039,0.9614634146341463,0.9463144504994281,458.5378432273865
