precision,accuracy,recall,duration
0.973988610963972,0.9781447304516756,0.9615207232612782,1947.8532021045685
