precision,accuracy,recall,duration
0.9075368883951856,0.9008264462809917,0.8670462387853691,332.21361207962036
