precision,accuracy,recall,duration
0.8277777777777777,0.821917808219178,0.8112304570951189,280.5037155151367
