precision,accuracy,recall,duration
0.4846266731702999,0.40545454545454546,0.446105860686811,324.2136676311493
