precision,accuracy,recall,duration
0.930097627276846,0.9298679867986799,0.9296334641092705,661.8730986118317
