precision,accuracy,recall,duration
0.8138719833635087,0.7885714285714286,0.809588916233707,506.72428941726685
