precision,accuracy,recall,duration
0.8479994876452642,0.8153078202995009,0.8377121612764706,254.82565236091614
