precision,accuracy,recall,duration
0.7246887357947126,0.9402222222222222,0.586345391404047,190.34077906608582
