precision,accuracy,recall,duration
0.8405827787860455,0.84,0.8501503964998633,142.11086130142212
