precision,accuracy,recall,duration
0.8472174803687265,0.9153846153846154,0.8997641509433962,204.02219939231873
