precision,accuracy,recall,duration
0.7442460317460317,0.8341463414634146,0.7631996434937611,675.0062086582184
