precision,accuracy,recall,duration
0.6840022193806627,0.7097652703929451,0.6271334936927369,3475.932113647461
