precision,accuracy,recall,duration
0.9108676630234172,0.9108910891089109,0.9110850770124963,1039.9085433483124
