precision,accuracy,recall,duration
0.9650296429965302,0.9611940298507463,0.9613289255694382,217.01297426223755
