precision,accuracy,recall,duration
0.906330673779608,0.9041533546325878,0.9012979010206047,221.28910541534424
