precision,accuracy,recall,duration
0.20896081418973914,0.3032700421940928,0.18166968270324796,387.9380350112915
