precision,accuracy,recall,duration
0.7701774148127287,0.7816666666666666,0.7858215358215359,862.9279108047485
