precision,accuracy,recall,duration
0.6326045468247001,0.6318181818181818,0.6318181818181818,187.82289624214172
