precision,accuracy,recall,duration
0.8753970283490345,0.8171597633136095,0.915507603540327,887.3592188358307
