precision,accuracy,recall,duration
0.9035752168216135,0.8986666666666666,0.8986666666666667,758.2606954574585
