precision,accuracy,recall,duration
0.755257538864956,0.785,0.6602561895251541,143.62800240516663
