precision,accuracy,recall,duration
0.6330659917549603,0.6348484848484849,0.6348484848484849,188.56967663764954
