precision,accuracy,recall,duration
0.922910792910793,0.91,0.91,1105.6674764156342
