precision,accuracy,recall,duration
0.8653741265870064,0.8747395833333333,0.8451092904846088,1398.6113884449005
