precision,accuracy,recall,duration
0.5535957592708165,0.5194805194805194,0.5169525418640287,203.2162892818451
