precision,accuracy,recall,duration
0.9417808219178082,0.9434276206322796,0.9504373177842566,316.47520184516907
