precision,accuracy,recall,duration
0.6297793212960262,0.6257575757575757,0.6257575757575757,512.8703293800354
