precision,accuracy,recall,duration
0.5631056201550387,0.7329192546583851,0.5680512016718914,325.827565908432
