precision,accuracy,recall,duration
0.5895005359989263,0.6896551724137931,0.5299683552186756,162.35816383361816
