precision,accuracy,recall,duration
0.8215661517132106,0.8075,0.7064330505913096,193.4954128265381
