precision,accuracy,recall,duration
0.8500432152117545,0.85,0.85,264.2856366634369
