precision,accuracy,recall,duration
0.8127911770768914,0.7945205479452054,0.8187552213868002,126.5482828617096
