precision,accuracy,recall,duration
0.47410944769045615,0.7425,0.494363668225595,452.01396012306213
