precision,accuracy,recall,duration
0.876719128575327,0.8557971014492753,0.8562120103571559,79.89661979675293
