precision,accuracy,recall,duration
0.6768573876389421,0.9395555555555556,0.5666168932265626,380.9157135486603
