precision,accuracy,recall,duration
0.9689802534630121,0.9689018464528668,0.9688845822566752,306.32521390914917
