precision,accuracy,recall,duration
0.7600665770437232,0.76,0.76,263.6979959011078
