precision,accuracy,recall,duration
0.6316918232011728,0.6313131313131313,0.6313131313131314,517.8256793022156
