precision,accuracy,recall,duration
0.9616117759186699,0.9611273080660836,0.9610816446801759,216.6671323776245
