precision,accuracy,recall,duration
0.8013784461152883,0.7714285714285715,0.7907209917054052,63.51508665084839
