precision,accuracy,recall,duration
0.8764004106023038,0.7946745562130177,0.9042267325162582,550.9949531555176
