precision,accuracy,recall,duration
0.6144934814289653,0.73,0.5913779141627243,363.96242785453796
