precision,accuracy,recall,duration
0.9291480880143459,0.929042904290429,0.9288778698052892,1000.4459536075592
