precision,accuracy,recall,duration
0.8320850137635234,0.832,0.832,201.85455083847046
