precision,accuracy,recall,duration
0.7807981950954015,0.7921052631578948,0.7402457913102765,320.3326289653778
