precision,accuracy,recall,duration
0.5994699505818587,0.7275,0.5823431217945986,161.78277349472046
