precision,accuracy,recall,duration
0.8511405434064324,0.841025641025641,0.8481852826736304,1269.7717101573944
