precision,accuracy,recall,duration
0.8278888903888905,0.8184143222506394,0.8158343908343909,171.57687544822693
