precision,accuracy,recall,duration
0.9603878332942372,0.9504132231404959,0.9314229249011857,323.48687410354614
