precision,accuracy,recall,duration
0.9607538091419406,0.9504132231404959,0.934701047744526,323.2330210208893
