precision,accuracy,recall,duration
0.8221922501249148,0.8188405797101449,0.8186162648561659,444.44580245018005
