precision,accuracy,recall,duration
0.7081187313635131,0.712707182320442,0.6924185463659147,178.64358353614807
