precision,accuracy,recall,duration
0.42957705283489256,0.40545454545454546,0.4166686010949706,748.172308921814
