precision,accuracy,recall,duration
0.8380952380952381,0.84,0.8081597222222222,246.05623030662537
