precision,accuracy,recall,duration
0.8204841484253247,0.8132992327365729,0.8166783291783292,246.82757782936096
