precision,accuracy,recall,duration
0.8387296713120515,0.8447916666666667,0.8033381673441582,202.47772550582886
