precision,accuracy,recall,duration
0.9323816064887493,0.9323432343234324,0.9322308195292066,1087.580316543579
