precision,accuracy,recall,duration
0.6696991247109203,0.778021978021978,0.6433001447812593,279.6889214515686
