precision,accuracy,recall,duration
0.8954672048995201,0.893,0.8707329534629973,2414.2934398651123
