precision,accuracy,recall,duration
0.7296583225113071,0.7166666666666667,0.7444587444587445,143.6900179386139
