precision,accuracy,recall,duration
0.8416505240739784,0.8502604166666666,0.8141858965415308,305.8405375480652
