precision,accuracy,recall,duration
0.9513744513744513,0.9517543859649122,0.9523148148148148,134.34303069114685
