precision,accuracy,recall,duration
0.739074491585252,0.8341463414634146,0.7636541889483066,404.469603061676
