precision,accuracy,recall,duration
0.9341923457316836,0.933993399339934,0.9337801511188608,685.5599303245544
