precision,accuracy,recall,duration
0.979262132627862,0.978894472361809,0.97922869758817,445.9137918949127
