precision,accuracy,recall,duration
0.7299355736855736,0.78,0.6330754603644656,326.91964840888977
