precision,accuracy,recall,duration
0.8221864829516076,0.81,0.6749821134105423,69.84913444519043
