precision,accuracy,recall,duration
0.7721718240895196,0.7552631578947369,0.7067544675186579,71.65048933029175
