precision,accuracy,recall,duration
0.8453422857834622,0.8312020460358056,0.8374294999295,1229.8286118507385
