precision,accuracy,recall,duration
0.4577352271056185,0.7625,0.4779799126190341,145.62584471702576
