precision,accuracy,recall,duration
0.8363742814562487,0.8171428571428572,0.8366602862090967,110.1876049041748
