precision,accuracy,recall,duration
0.6130514705882353,0.7950310559006211,0.572296238244514,194.70025157928467
