precision,accuracy,recall,duration
0.4860513003195365,0.44727272727272727,0.43667540089600326,203.9947690963745
