precision,accuracy,recall,duration
0.7616205390297229,0.7630434782608696,0.7622725773321206,402.67705035209656
