precision,accuracy,recall,duration
0.8327235433778908,0.8384615384615385,0.8315126519796171,661.9712090492249
