precision,accuracy,recall,duration
0.8700310608187196,0.8035502958579882,0.905510608080889,465.1079788208008
