precision,accuracy,recall,duration
0.9517536103743,0.9380165289256198,0.9172183794466404,175.2264747619629
