precision,accuracy,recall,duration
0.9354686529721981,0.9352957511802277,0.9350788491633562,6145.780104160309
