precision,accuracy,recall,duration
0.6684372728122896,0.7115987460815048,0.5787179311175522,420.17519426345825
