precision,accuracy,recall,duration
0.6382683249889208,0.6348484848484849,0.6348484848484849,290.9710428714752
