precision,accuracy,recall,duration
0.982041339879063,0.9819095477386934,0.9821896340812959,264.32724833488464
