precision,accuracy,recall,duration
0.783702761627907,0.7966666666666666,0.7977262977262978,621.9709343910217
