precision,accuracy,recall,duration
0.9649532710280374,0.9509803921568627,0.9502740167633785,473.99722504615784
