precision,accuracy,recall,duration
0.8348409044548751,0.8358974358974359,0.8273731635475324,291.24784564971924
