precision,accuracy,recall,duration
0.7585685483870968,0.7733333333333333,0.768983268983269,203.3306918144226
