precision,accuracy,recall,duration
0.7516666666666667,0.7,0.7,643.1453998088837
