precision,accuracy,recall,duration
0.8536996566408331,0.8363171355498721,0.8412001287001286,925.8754751682281
