precision,accuracy,recall,duration
0.9323646723646725,0.9256198347107438,0.8948459752807579,484.48600482940674
