precision,accuracy,recall,duration
0.7554925564335221,0.8439024390243902,0.7214973262032086,109.61253452301025
