precision,accuracy,recall,duration
0.8586579035811643,0.758,0.6663433727636433,747.685405254364
