precision,accuracy,recall,duration
0.6431113023173678,0.7428571428571429,0.5733240276407459,505.03730058670044
