precision,accuracy,recall,duration
0.788888888888889,0.7868852459016393,0.7813852813852814,334.19876313209534
