precision,accuracy,recall,duration
0.47315488912502196,0.7375,0.48511836837302674,157.21607184410095
