precision,accuracy,recall,duration
0.8325793575793576,0.8286445012787724,0.8303607428607428,925.4188380241394
