precision,accuracy,recall,duration
0.9427115710334363,0.9343283582089552,0.9348558449774167,444.37602186203003
