precision,accuracy,recall,duration
0.7616106892847124,0.756578947368421,0.7344383051852217,197.70030188560486
