precision,accuracy,recall,duration
0.9708925412315242,0.9628099173553719,0.9567852437417655,116.07243061065674
