precision,accuracy,recall,duration
0.8311481311481311,0.8388746803069054,0.841988416988417,509.8026249408722
