precision,accuracy,recall,duration
0.8914418827649462,0.8889776357827476,0.8857141023172219,478.5337665081024
