precision,accuracy,recall,duration
0.8274804113901362,0.8256410256410256,0.8326403945782661,505.4495792388916
