precision,accuracy,recall,duration
0.6153784187249205,0.7147335423197492,0.5979772390018199,226.2345850467682
