precision,accuracy,recall,duration
0.9117578381509929,0.9132231404958677,0.8811939268461009,327.4922149181366
