precision,accuracy,recall,duration
0.5921661897271654,0.72,0.5823921351347511,232.38202285766602
