precision,accuracy,recall,duration
0.5562376014789808,0.5487012987012987,0.5468231879032657,613.6551702022552
