precision,accuracy,recall,duration
0.8974685276409415,0.893,0.8892741331334422,430.906622171402
