precision,accuracy,recall,duration
0.6824036434579912,0.7692307692307693,0.6240093440615112,685.8986217975616
