precision,accuracy,recall,duration
0.8878587077783304,0.8769968051118211,0.8704512484755119,507.55825901031494
