precision,accuracy,recall,duration
0.8407258518356278,0.8307692307692308,0.8378611229686657,333.0340449810028
