precision,accuracy,recall,duration
0.7719580983078163,0.6666666666666666,0.6666666666666666,562.367621421814
