precision,accuracy,recall,duration
0.9592139103209214,0.961730449251248,0.9640710104639862,111.35952425003052
