precision,accuracy,recall,duration
0.7516666666666667,0.7,0.7,664.6420814990997
