precision,accuracy,recall,duration
0.6977397091219976,0.9366666666666666,0.6071328178460413,981.4253687858582
