precision,accuracy,recall,duration
0.4718595280189483,0.7375,0.46797545388206263,123.03928709030151
