precision,accuracy,recall,duration
0.8504672261468835,0.86171875,0.8281752915661093,729.5828611850739
