precision,accuracy,recall,duration
0.7846558470716531,0.784,0.784,219.0171456336975
