precision,accuracy,recall,duration
0.6589680897962008,0.6909609648554014,0.6080018241204462,3804.574362516403
