precision,accuracy,recall,duration
0.7392344497607655,0.7222222222222222,0.7222222222222222,264.0295867919922
