precision,accuracy,recall,duration
0.9417804034365425,0.9433368310598111,0.9379764234460908,80.17000913619995
