precision,accuracy,recall,duration
0.595140265274229,0.72,0.5883405077497904,204.56173658370972
