precision,accuracy,recall,duration
0.8968253968253967,0.9003436426116839,0.8686912824994538,776.3715198040009
