precision,accuracy,recall,duration
0.8455465352017075,0.8358974358974359,0.8442383224450446,985.7430319786072
