precision,accuracy,recall,duration
0.9722751322751322,0.9714285714285714,0.9721147079521464,579.75244307518
