precision,accuracy,recall,duration
0.921867649793784,0.9207920792079208,0.9202539232781168,2729.873833656311
