precision,accuracy,recall,duration
0.8301381158524016,0.8082191780821918,0.8223057644110277,84.32342648506165
