precision,accuracy,recall,duration
0.9299893213099192,0.9297520661157025,0.9050254093732355,275.91197776794434
