precision,accuracy,recall,duration
0.7873118864855169,0.7893333333333333,0.7893333333333334,386.22724890708923
