precision,accuracy,recall,duration
0.8531844899491959,0.8312020460358056,0.8361046611046611,528.808669090271
