precision,accuracy,recall,duration
0.790095525389643,0.8634146341463415,0.7542869875222816,114.571040391922
