precision,accuracy,recall,duration
0.644059473913041,0.719435736677116,0.5905041107102332,247.8725666999817
