precision,accuracy,recall,duration
0.9010856702186101,0.8933333333333333,0.8933333333333334,508.0919740200043
