precision,accuracy,recall,duration
0.9663543141241562,0.9697560975609756,0.9611179933813699,768.7841529846191
