precision,accuracy,recall,duration
0.863676117642273,0.8571428571428571,0.8690183210281651,145.93575954437256
