precision,accuracy,recall,duration
0.811809908133303,0.8129536571747628,0.8111658979970696,384.27184200286865
