precision,accuracy,recall,duration
0.7631133356324197,0.805,0.7002804464186648,108.49351978302002
