precision,accuracy,recall,duration
0.34015044389916876,0.5764411027568922,0.34774386304909566,205.87280130386353
