precision,accuracy,recall,duration
0.9329565080860418,0.938090241343127,0.9368418600316839,385.82966685295105
