precision,accuracy,recall,duration
0.7261228263140928,0.8263736263736263,0.7090508375009922,623.3114790916443
