precision,accuracy,recall,duration
0.9022756883288192,0.901,0.8988924085267658,318.8083209991455
