precision,accuracy,recall,duration
0.7839531329597555,0.775,0.6630235414299324,124.67701721191406
