precision,accuracy,recall,duration
0.6823919182782783,0.7366771159874608,0.6115525891495786,811.6205472946167
