precision,accuracy,recall,duration
0.7216229979845968,0.9431111111111111,0.5928277968468563,263.2814280986786
