precision,accuracy,recall,duration
0.8593565026213428,0.84,0.8574423480083858,80.48607778549194
