precision,accuracy,recall,duration
0.5055803675955615,0.5097402597402597,0.5063612388088778,543.4690222740173
