precision,accuracy,recall,duration
0.8620656351363124,0.861250697934115,0.8615739133354584,295.22040462493896
