precision,accuracy,recall,duration
0.6504328016505871,0.9348888888888889,0.5812257469068153,866.7489595413208
