precision,accuracy,recall,duration
0.7565191073147863,0.7592105263157894,0.7441308939573109,196.80018997192383
