precision,accuracy,recall,duration
0.7462474120082816,0.7513812154696132,0.7384711779448622,450.659868478775
