precision,accuracy,recall,duration
0.8437408599173304,0.8337595907928389,0.8368009243009243,375.67833495140076
