precision,accuracy,recall,duration
0.7655844155844157,0.8439024390243902,0.7233155080213903,326.2491991519928
