precision,accuracy,recall,duration
0.727694060557232,0.8307692307692308,0.7356767234829154,1047.0869314670563
