precision,accuracy,recall,duration
0.8204434901321457,0.7775,0.6316755238762056,117.18901228904724
