precision,accuracy,recall,duration
0.7620262598364788,0.7625,0.6322605205667083,200.796062707901
