precision,accuracy,recall,duration
0.7994423604468841,0.8045784477945283,0.8027672166635411,383.7865562438965
