precision,accuracy,recall,duration
0.6139445732625142,0.6171717171717171,0.6171717171717173,520.6959788799286
