precision,accuracy,recall,duration
0.946238752521475,0.9543230016313213,0.9563544491574532,1225.5131387710571
