precision,accuracy,recall,duration
0.8002482626208656,0.7913043478260869,0.7912579474418078,685.748556137085
