precision,accuracy,recall,duration
0.8457276850133993,0.8493150684931506,0.866374269005848,150.97728610038757
