precision,accuracy,recall,duration
0.77322469959938,0.7493606138107417,0.7580143955143955,123.17216444015503
