precision,accuracy,recall,duration
0.9610091743119267,0.9444444444444444,0.9449548678272083,495.59620213508606
