precision,accuracy,recall,duration
0.8630694398021029,0.7816568047337278,0.896343088272366,327.43356347084045
