precision,accuracy,recall,duration
0.9467364532019704,0.9248366013071896,0.8749194068343005,192.07743453979492
