precision,accuracy,recall,duration
0.47062244339319353,0.4672727272727273,0.4771941791891904,297.51543498039246
