precision,accuracy,recall,duration
0.8544274573686338,0.8286445012787724,0.8308487308487308,531.4792776107788
