precision,accuracy,recall,duration
0.9718528711659266,0.9770519669742593,0.9607406821891941,463.9637475013733
