precision,accuracy,recall,duration
0.8716650197628458,0.854,0.8126829352777152,923.9723007678986
