precision,accuracy,recall,duration
0.7010869565217391,0.6857142857142857,0.6813725490196079,504.7399625778198
