precision,accuracy,recall,duration
0.7430555555555555,0.8,0.7388888888888888,110.59890055656433
