precision,accuracy,recall,duration
0.731763134032741,0.9428888888888889,0.5960845301676528,195.4652132987976
