precision,accuracy,recall,duration
0.6150793650793651,0.625,0.6174089068825911,129.08780789375305
