precision,accuracy,recall,duration
0.8441872729403492,0.8086522462562395,0.8318812574863832,203.21596550941467
