precision,accuracy,recall,duration
0.8284219591832626,0.8282051282051283,0.829378948782657,384.5929923057556
