precision,accuracy,recall,duration
0.9206363353422177,0.9132231404958677,0.8893782545956458,686.7808885574341
