precision,accuracy,recall,duration
0.7936510009750154,0.843956043956044,0.7585801755520021,296.79363894462585
