precision,accuracy,recall,duration
0.9601084789764035,0.9632738719832109,0.9624452520734321,141.57608032226562
