precision,accuracy,recall,duration
0.9339050625491581,0.932998324958124,0.9331295727535471,946.8183624744415
