precision,accuracy,recall,duration
0.7772562556303069,0.7776315789473685,0.7194856845560273,324.78434681892395
