precision,accuracy,recall,duration
0.9415908169786413,0.9297520661157025,0.9093387289039464,286.659161567688
