precision,accuracy,recall,duration
0.41579886108129643,0.725,0.4396551677131286,106.16143798828125
