precision,accuracy,recall,duration
0.9675227578954286,0.9657142857142857,0.9661623269997655,129.9790380001068
