precision,accuracy,recall,duration
0.8471876555500248,0.8444444444444444,0.8444444444444444,209.51517057418823
