precision,accuracy,recall,duration
0.8244404113732607,0.7875,0.6582475350940624,324.5676963329315
