precision,accuracy,recall,duration
0.9760995279486304,0.9748400852878465,0.9749161913323272,203.56101822853088
