precision,accuracy,recall,duration
0.6107463284596045,0.735,0.5975507536688971,155.88677382469177
