precision,accuracy,recall,duration
0.7445083489201136,0.7544757033248082,0.7577167202167202,205.12326169013977
