precision,accuracy,recall,duration
0.8928475011432319,0.8906666666666667,0.8906666666666667,548.5930469036102
