precision,accuracy,recall,duration
0.9667806267806267,0.9657142857142857,0.967188599577762,147.08136677742004
