precision,accuracy,recall,duration
0.8726647277291482,0.871,0.8445288280018706,425.68987226486206
