precision,accuracy,recall,duration
0.7653757076685538,0.764,0.764,293.61811566352844
