precision,accuracy,recall,duration
0.6375295751756925,0.7675,0.5059428197620924,506.4975221157074
