precision,accuracy,recall,duration
0.9651307719943373,0.9653658536585366,0.9533686487201253,165.385404586792
