precision,accuracy,recall,duration
0.8391662442052729,0.8307692307692308,0.8365864681020138,479.0464701652527
