precision,accuracy,recall,duration
0.7933885756659094,0.8116666666666666,0.8030295662322506,511.5944526195526
