precision,accuracy,recall,duration
0.8666458062041965,0.8684895833333334,0.8337973248646796,1019.3031225204468
