precision,accuracy,recall,duration
0.8281385281385282,0.8333333333333334,0.8225853094274147,567.1252272129059
