precision,accuracy,recall,duration
0.6800269765545189,0.7846153846153846,0.6520690472410285,323.3041319847107
