precision,accuracy,recall,duration
0.9533993783993783,0.9421487603305785,0.9197257905138341,291.1794683933258
