precision,accuracy,recall,duration
0.5320295240493251,0.5163636363636364,0.5301590569048019,567.6835594177246
