precision,accuracy,recall,duration
0.9736842105263157,0.9736842105263158,0.975,491.51080083847046
