precision,accuracy,recall,duration
0.8862275449101796,0.8735440931780366,0.8892128279883382,238.42689990997314
