precision,accuracy,recall,duration
0.44859476235040624,0.43636363636363634,0.45127952304250357,509.08250880241394
