precision,accuracy,recall,duration
0.9631082816986549,0.9630709426627794,0.9630592955256359,55.10523247718811
