precision,accuracy,recall,duration
0.9441030460767303,0.9439044709802833,0.9436860479114,1313.4032089710236
