precision,accuracy,recall,duration
0.9530559054177048,0.9580272822665268,0.9592325971484484,225.14026522636414
