precision,accuracy,recall,duration
0.9465157848831712,0.9565853658536585,0.9391687991625615,147.07947731018066
