precision,accuracy,recall,duration
0.9337015829867826,0.9185501066098081,0.9194277228753558,625.7116951942444
