precision,accuracy,recall,duration
0.8069676700111484,0.805,0.709991621041516,323.76284193992615
