precision,accuracy,recall,duration
0.8566532588902215,0.8538461538461538,0.8542742819088472,387.3523986339569
