precision,accuracy,recall,duration
0.9198160393134783,0.9188668866886689,0.9183594885207789,1265.9229760169983
