precision,accuracy,recall,duration
0.8897321639279505,0.7934911242603551,0.8977536741148207,647.0637488365173
