precision,accuracy,recall,duration
0.7509181607865818,0.744,0.7440000000000001,701.6340525150299
