precision,accuracy,recall,duration
0.9503968253968255,0.95,0.9544534412955465,103.87899732589722
