precision,accuracy,recall,duration
0.8509122733806278,0.8202995008319468,0.8420853391190364,264.7484452724457
