precision,accuracy,recall,duration
0.856131976782981,0.8487179487179487,0.8514882188117973,211.55776929855347
