precision,accuracy,recall,duration
0.9231284374666727,0.9133333333333333,0.9133333333333334,1145.9054367542267
