precision,accuracy,recall,duration
0.8829037343352595,0.8833865814696485,0.8822902625328968,530.2667725086212
