precision,accuracy,recall,duration
0.9182397252686385,0.9168053244592346,0.9266334440753046,445.6847608089447
