precision,accuracy,recall,duration
0.4679479864342256,0.44181818181818183,0.46287137080723156,244.87827610969543
