precision,accuracy,recall,duration
0.8424317617866005,0.8285714285714286,0.8419469510527756,175.42472457885742
