precision,accuracy,recall,duration
0.9451257076257077,0.9248366013071896,0.8798355899419729,359.13657879829407
