precision,accuracy,recall,duration
0.9793072327106583,0.978894472361809,0.9793672922213356,328.20936155319214
