precision,accuracy,recall,duration
0.8167839889579019,0.8057142857142857,0.8182481086500776,174.1291561126709
