precision,accuracy,recall,duration
0.7990384615384615,0.78,0.6609678270950265,272.4394154548645
