precision,accuracy,recall,duration
0.8995496531439835,0.899,0.8973601673582599,615.056300163269
