precision,accuracy,recall,duration
0.9443700538389153,0.9444598722577062,0.944564824846515,1503.494603395462
