precision,accuracy,recall,duration
0.8850405344037299,0.8136094674556213,0.9110104767481986,480.5513105392456
