precision,accuracy,recall,duration
0.8957219251336899,0.9,0.8854166666666667,132.510746717453
