precision,accuracy,recall,duration
0.9408200055468244,0.9454354669464848,0.9443528096169975,94.44052720069885
