precision,accuracy,recall,duration
0.8299336247369273,0.8333333333333334,0.7973156973351487,698.0703368186951
