precision,accuracy,recall,duration
0.7423464479346832,0.75,0.7299093237851901,69.69868087768555
