precision,accuracy,recall,duration
0.8459644931613787,0.8435897435897436,0.8490963588218982,1296.4003021717072
