precision,accuracy,recall,duration
0.895923977353407,0.896,0.8766691491019936,1239.6990311145782
