precision,accuracy,recall,duration
0.6035541752933057,0.6077348066298343,0.5918341156496555,272.0175530910492
