precision,accuracy,recall,duration
0.5957962592069693,0.73,0.5921493415164302,90.0081136226654
