precision,accuracy,recall,duration
0.7448415622697127,0.7428571428571429,0.7412854030501089,195.37080121040344
