precision,accuracy,recall,duration
0.9490526973003673,0.9507317073170731,0.9228310352574439,152.48431992530823
