precision,accuracy,recall,duration
0.8464300257015381,0.806,0.818104657879137,114.87069082260132
