precision,accuracy,recall,duration
0.9584503242396833,0.9505330490405117,0.9507607353347729,323.6326537132263
