precision,accuracy,recall,duration
0.9224145568919309,0.9217970049916805,0.9310066219178701,46.59604358673096
