precision,accuracy,recall,duration
0.8322320017439643,0.8158508158508159,0.7792672591506711,623.3285691738129
