precision,accuracy,recall,duration
0.6817835365853658,0.6761904761904762,0.673202614379085,196.45162200927734
