precision,accuracy,recall,duration
0.9263789572301548,0.926017601760176,0.9257174513222901,986.9234113693237
