precision,accuracy,recall,duration
0.9023416463946816,0.898,0.875248965170855,1206.7624382972717
