precision,accuracy,recall,duration
0.6074197120708749,0.8043478260869565,0.5443443051201672,290.8531138896942
