precision,accuracy,recall,duration
0.8099009096816113,0.795,0.6803197777854297,193.43269896507263
