precision,accuracy,recall,duration
0.8438989750264261,0.8307692307692308,0.8388227500109712,303.73412132263184
