precision,accuracy,recall,duration
0.4526549972036092,0.4127272727272727,0.4301916584960881,534.6070351600647
