precision,accuracy,recall,duration
0.9483391729822341,0.9483476811996667,0.9482865856105293,1323.7464113235474
