precision,accuracy,recall,duration
0.9648092643836401,0.9645449469570072,0.9646752611889666,2779.9337525367737
