precision,accuracy,recall,duration
0.6976819117136274,0.9364444444444444,0.5791216717274972,1057.5829005241394
