precision,accuracy,recall,duration
0.612868719283905,0.74,0.6028150705365896,62.878758907318115
