precision,accuracy,recall,duration
0.7691022427864533,0.768,0.768,458.5099895000458
