precision,accuracy,recall,duration
0.8269052965262185,0.8055555555555556,0.8055555555555556,484.4447109699249
