precision,accuracy,recall,duration
0.7071379369205475,0.9366666666666666,0.5795124185502224,339.37253427505493
