precision,accuracy,recall,duration
0.9372165965937373,0.9363484087102177,0.9365648494069587,2065.7320704460144
