precision,accuracy,recall,duration
0.734609277121384,0.7513157894736842,0.7189563309173387,187.84859228134155
