precision,accuracy,recall,duration
0.9605783996832534,0.9539445628997868,0.9542266189590598,418.38148832321167
