precision,accuracy,recall,duration
0.7136131288673662,0.7182320441988951,0.6989974937343358,182.51298451423645
