precision,accuracy,recall,duration
0.896551724137931,0.85,0.85,204.76361441612244
