precision,accuracy,recall,duration
0.8285828490489687,0.8205128205128205,0.8296693531268327,242.633220911026
