precision,accuracy,recall,duration
0.9507102986712901,0.9500279173646008,0.9501650260105174,805.379626750946
