precision,accuracy,recall,duration
0.8080778430093499,0.7885714285714286,0.8110473065354116,143.5551073551178
