precision,accuracy,recall,duration
0.8380409198358688,0.8318840579710145,0.8314357210684209,385.7685635089874
