precision,accuracy,recall,duration
0.853096548923895,0.86328125,0.8326124602319696,1021.2367165088654
