precision,accuracy,recall,duration
0.7666696947674418,0.78,0.7798512798512799,201.48118424415588
