precision,accuracy,recall,duration
0.8543956043956045,0.8236272878535774,0.8454810495626822,139.82972073554993
