precision,accuracy,recall,duration
0.9254756911124332,0.9249174917491749,0.9245404678872421,1799.548479795456
