precision,accuracy,recall,duration
0.6747062974638716,0.9357777777777778,0.5919927383209154,507.30801463127136
