precision,accuracy,recall,duration
0.8950667277800275,0.899,0.8843978939711461,1766.8316600322723
