precision,accuracy,recall,duration
0.8275387087792007,0.823076923076923,0.8238739285394473,657.5886704921722
