precision,accuracy,recall,duration
0.9501588928971454,0.9491903964265773,0.9493859697067716,2696.7079861164093
