precision,accuracy,recall,duration
0.983453330289243,0.9829145728643216,0.982792888275049,507.52675795555115
