precision,accuracy,recall,duration
0.6944671954367067,0.9342222222222222,0.5821970546688207,830.490556716919
