precision,accuracy,recall,duration
0.7528903805928175,0.7825,0.6606120083100904,258.26652216911316
