precision,accuracy,recall,duration
0.9528222730739894,0.9545454545454546,0.9481586046803439,280.12167620658875
