precision,accuracy,recall,duration
0.796474358974359,0.796,0.796,1249.2135512828827
