precision,accuracy,recall,duration
0.7900742115027829,0.7671232876712328,0.7542785535266738,207.94674825668335
