precision,accuracy,recall,duration
0.9631632838121722,0.9630709426627794,0.963093295253638,184.12417078018188
