precision,accuracy,recall,duration
0.9350208759348033,0.9344,0.9355304978286345,414.03402304649353
