precision,accuracy,recall,duration
0.716504532191912,0.9386666666666666,0.5695462104767397,342.01520705223083
