precision,accuracy,recall,duration
0.9168136783810158,0.905,0.905,323.23479294776917
