precision,accuracy,recall,duration
0.8478974847026337,0.8487179487179487,0.8434676997001849,200.30534863471985
