precision,accuracy,recall,duration
0.971277970011534,0.974816369359916,0.9759551765911845,227.43116569519043
