precision,accuracy,recall,duration
0.6787386307773551,0.9337777777777778,0.5817134831815103,1136.1432793140411
