precision,accuracy,recall,duration
0.8474772621475658,0.8461538461538461,0.8479983882580925,372.78169989585876
