precision,accuracy,recall,duration
0.3655737294917967,0.5789473684210527,0.3652622593304968,206.3265917301178
