precision,accuracy,recall,duration
0.7249756651524984,0.704,0.7040000000000001,549.6600394248962
