precision,accuracy,recall,duration
0.6716082390243321,0.9346666666666666,0.5876003277796503,573.2335810661316
