precision,accuracy,recall,duration
0.8825114421780835,0.8826666666666667,0.8814451848539524,709.3037614822388
