precision,accuracy,recall,duration
0.8955632651284825,0.8933333333333333,0.8933333333333332,190.63074135780334
