{"config": [6, 64, 128, 64, 0, 0], "accuracy": 0.8271517230000001}
{"config": [3, 16, 16, 64, 1, 1], "accuracy": 0.8272088845000001}
{"config": [6, 64, 64, 32, 0, 0], "accuracy": 0.834811367}
{"config": [6, 16, 128, 41, 1, 1], "accuracy": 0.8629674996000001}
{"config": [6, 16, 16, 64, 0, 1], "accuracy": 0.8283847787}
{"config": [9, 64, 32, 64, 1, 0], "accuracy": 0.8233790626}
{"config": [9, 16, 64, 64, 0, 0], "accuracy": 0.8271435571}
{"config": [9, 16, 16, 32, 1, 1], "accuracy": 0.8309652131}
{"config": [9, 64, 128, 32, 1, 0], "accuracy": 0.8424791769000001}
{"config": [3, 64, 16, 32, 0, 0], "accuracy": 0.828352115}
{"config": [3, 16, 128, 32, 0, 0], "accuracy": 0.7976727095}
{"config": [9, 16, 128, 64, 1, 0], "accuracy": 0.8220316838}
{"config": [9, 32, 128, 41, 1, 0], "accuracy": 0.8552833578}
{"config": [9, 16, 64, 32, 1, 1], "accuracy": 0.8259023355}
{"config": [9, 32, 32, 41, 1, 0], "accuracy": 0.8361097501}
{"config": [3, 64, 64, 64, 0, 1], "accuracy": 0.8028989058}
{"config": [3, 64, 16, 64, 0, 1], "accuracy": 0.8117181120000001}
{"config": [3, 64, 128, 41, 1, 1], "accuracy": 0.8258288421000001}
{"config": [9, 64, 16, 41, 1, 1], "accuracy": 0.8501633186}
{"config": [9, 64, 32, 32, 0, 1], "accuracy": 0.834811367}
{"config": [9, 32, 64, 41, 1, 1], "accuracy": 0.8309978769}
{"config": [9, 16, 128, 32, 1, 1], "accuracy": 0.8245712886000001}
{"config": [3, 16, 32, 41, 0, 1], "accuracy": 0.8233137351}
{"config": [3, 32, 16, 41, 0, 1], "accuracy": 0.8066389025}
{"config": [9, 32, 32, 64, 1, 1], "accuracy": 0.8359954271000001}
{"config": [9, 64, 64, 41, 1, 0], "accuracy": 0.8374326311}
{"config": [6, 32, 128, 64, 1, 1], "accuracy": 0.8105013882000001}
{"config": [9, 16, 32, 64, 1, 1], "accuracy": 0.8168953128}
{"config": [3, 32, 64, 64, 1, 1], "accuracy": 0.8144047036000001}
{"config": [3, 64, 32, 41, 0, 0], "accuracy": 0.8169361424}
{"config": [9, 64, 128, 41, 1, 1], "accuracy": 0.8412134575}
{"config": [6, 32, 16, 64, 1, 0], "accuracy": 0.8296831618}
{"config": [3, 32, 64, 32, 1, 0], "accuracy": 0.8335048179000001}
{"config": [6, 16, 64, 41, 0, 0], "accuracy": 0.8323125919000001}
{"config": [3, 32, 32, 32, 0, 0], "accuracy": 0.8347868692}
{"config": [3, 16, 128, 64, 1, 1], "accuracy": 0.8245794545}
{"config": [3, 16, 64, 64, 1, 1], "accuracy": 0.8027600849000001}
{"config": [9, 16, 32, 32, 0, 0], "accuracy": 0.8258778377}
{"config": [3, 16, 16, 32, 1, 0], "accuracy": 0.8143312102}
{"config": [9, 64, 64, 64, 1, 0], "accuracy": 0.8309815450000001}
{"config": [9, 32, 128, 32, 0, 1], "accuracy": 0.8527274212}
{"config": [9, 32, 16, 32, 1, 0], "accuracy": 0.8438020578000001}
{"config": [3, 16, 32, 64, 0, 0], "accuracy": 0.8078719582}
{"config": [9, 16, 16, 41, 1, 0], "accuracy": 0.8502123142}
{"config": [9, 64, 128, 64, 1, 1], "accuracy": 0.8233708966000001}
{"config": [9, 64, 16, 32, 1, 0], "accuracy": 0.84377756}
{"config": [3, 64, 64, 41, 1, 1], "accuracy": 0.8386330230000001}
{"config": [3, 32, 128, 41, 1, 0], "accuracy": 0.8348603626000001}
{"config": [3, 64, 32, 32, 1, 1], "accuracy": 0.8386411890000001}
{"config": [9, 32, 64, 64, 0, 1], "accuracy": 0.7861179161}
