{"config": [9, 64, 64, 32, 1, 0], "accuracy": 0.8181936959}
{"config": [3, 64, 64, 32, 0, 1], "accuracy": 0.8374081333000001}
{"config": [3, 16, 128, 64, 1, 1], "accuracy": 0.8245794545}
{"config": [6, 16, 128, 64, 0, 1], "accuracy": 0.8245549567}
{"config": [6, 16, 32, 41, 0, 1], "accuracy": 0.8399722358}
{"config": [3, 64, 16, 64, 0, 1], "accuracy": 0.8117181120000001}
{"config": [3, 16, 128, 32, 0, 0], "accuracy": 0.7976727095}
{"config": [3, 16, 64, 64, 1, 1], "accuracy": 0.8027600849000001}
{"config": [3, 64, 128, 64, 0, 1], "accuracy": 0.822007186}
{"config": [3, 64, 16, 32, 0, 1], "accuracy": 0.8387146823}
{"config": [3, 16, 16, 32, 0, 1], "accuracy": 0.823330067}
{"config": [3, 32, 64, 32, 1, 0], "accuracy": 0.8335048179000001}
{"config": [3, 64, 128, 32, 1, 0], "accuracy": 0.8489220970000001}
{"config": [3, 16, 16, 64, 1, 1], "accuracy": 0.8272088845000001}
{"config": [3, 32, 32, 41, 1, 1], "accuracy": 0.8284337743}
{"config": [9, 32, 16, 41, 0, 1], "accuracy": 0.8373346399}
{"config": [3, 32, 128, 64, 0, 0], "accuracy": 0.8143148783}
{"config": [9, 16, 64, 32, 1, 1], "accuracy": 0.8259023355}
{"config": [3, 64, 64, 64, 0, 1], "accuracy": 0.8028989058}
{"config": [9, 64, 128, 41, 1, 1], "accuracy": 0.8412134575}
{"config": [9, 64, 32, 32, 0, 1], "accuracy": 0.834811367}
{"config": [9, 32, 32, 64, 0, 1], "accuracy": 0.8373591377}
{"config": [9, 16, 32, 64, 1, 0], "accuracy": 0.8361424138}
{"config": [9, 32, 128, 32, 0, 1], "accuracy": 0.8527274212}
{"config": [9, 32, 64, 41, 1, 1], "accuracy": 0.8309978769}
{"config": [9, 32, 32, 32, 1, 1], "accuracy": 0.8399314062000001}
{"config": [9, 64, 128, 32, 0, 0], "accuracy": 0.8323125919000001}
{"config": [9, 64, 16, 41, 1, 1], "accuracy": 0.8501633186}
{"config": [9, 16, 16, 41, 1, 1], "accuracy": 0.8374326311}
{"config": [9, 64, 32, 64, 0, 1], "accuracy": 0.8322554303}
{"config": [3, 32, 128, 32, 0, 1], "accuracy": 0.8182345256}
{"config": [9, 16, 128, 41, 1, 0], "accuracy": 0.8335129838}
{"config": [3, 64, 32, 41, 0, 0], "accuracy": 0.8169361424}
{"config": [9, 32, 128, 64, 1, 1], "accuracy": 0.8335293157}
{"config": [9, 16, 16, 64, 0, 1], "accuracy": 0.8310142087}
{"config": [6, 32, 16, 64, 1, 0], "accuracy": 0.8296831618}
{"config": [9, 32, 64, 64, 0, 1], "accuracy": 0.7861179161}
{"config": [9, 64, 16, 32, 1, 0], "accuracy": 0.84377756}
{"config": [9, 16, 128, 32, 1, 1], "accuracy": 0.8245712886000001}
{"config": [9, 64, 128, 64, 1, 0], "accuracy": 0.8117181120000001}
{"config": [3, 64, 32, 64, 1, 1], "accuracy": 0.8156132615}
{"config": [3, 64, 64, 41, 1, 1], "accuracy": 0.8386330230000001}
{"config": [9, 32, 128, 41, 1, 0], "accuracy": 0.8552833578}
{"config": [9, 16, 32, 32, 1, 1], "accuracy": 0.8310387065}
{"config": [6, 16, 64, 41, 0, 0], "accuracy": 0.8323125919000001}
{"config": [3, 32, 16, 32, 1, 0], "accuracy": 0.824522293}
{"config": [3, 16, 32, 64, 0, 0], "accuracy": 0.8078719582}
{"config": [9, 16, 64, 64, 0, 0], "accuracy": 0.8271435571}
{"config": [3, 64, 128, 41, 0, 1], "accuracy": 0.8322472644000001}
{"config": [9, 64, 64, 64, 1, 0], "accuracy": 0.8309815450000001}
