{"config": [6, 64, 128, 64, 0, 0], "accuracy": 0.9}
{"config": [3, 16, 16, 64, 1, 1], "accuracy": 0.875}
{"config": [6, 64, 64, 32, 0, 0], "accuracy": 0.775}
{"config": [6, 16, 128, 41, 1, 1], "accuracy": 0.9}
{"config": [6, 16, 16, 64, 0, 1], "accuracy": 0.8}
{"config": [3, 16, 64, 64, 1, 0], "accuracy": 0.925}
{"config": [3, 64, 16, 64, 0, 1], "accuracy": 0.8250000000000001}
{"config": [3, 16, 128, 64, 1, 1], "accuracy": 0.85}
{"config": [3, 64, 128, 32, 1, 0], "accuracy": 0.85}
{"config": [3, 16, 32, 32, 1, 1], "accuracy": 0.775}
{"config": [3, 64, 64, 64, 0, 1], "accuracy": 0.8250000000000001}
{"config": [3, 32, 128, 41, 1, 0], "accuracy": 0.75}
{"config": [3, 64, 16, 32, 1, 1], "accuracy": 0.75}
{"config": [3, 32, 32, 64, 1, 0], "accuracy": 0.875}
{"config": [6, 16, 64, 32, 1, 1], "accuracy": 0.775}
{"config": [9, 16, 128, 32, 1, 0], "accuracy": 0.8250000000000001}
{"config": [3, 16, 32, 64, 1, 1], "accuracy": 0.875}
{"config": [9, 64, 128, 41, 1, 1], "accuracy": 0.9}
{"config": [3, 32, 64, 64, 1, 1], "accuracy": 0.8250000000000001}
{"config": [3, 32, 16, 41, 1, 0], "accuracy": 0.9}
{"config": [3, 32, 16, 64, 1, 1], "accuracy": 0.85}
{"config": [3, 64, 32, 41, 0, 0], "accuracy": 0.9}
{"config": [3, 64, 32, 64, 1, 1], "accuracy": 0.8}
{"config": [3, 32, 32, 41, 1, 0], "accuracy": 0.875}
{"config": [3, 16, 16, 41, 1, 1], "accuracy": 0.8}
{"config": [9, 16, 128, 64, 0, 0], "accuracy": 0.9}
{"config": [9, 16, 64, 64, 0, 0], "accuracy": 0.875}
{"config": [3, 64, 128, 41, 0, 1], "accuracy": 0.8250000000000001}
{"config": [9, 32, 128, 64, 1, 1], "accuracy": 0.875}
{"config": [9, 64, 128, 64, 1, 1], "accuracy": 0.925}
{"config": [9, 64, 32, 41, 0, 0], "accuracy": 0.8250000000000001}
{"config": [3, 32, 16, 32, 1, 0], "accuracy": 0.875}
{"config": [9, 64, 128, 32, 0, 0], "accuracy": 0.875}
{"config": [3, 32, 64, 32, 1, 0], "accuracy": 0.85}
{"config": [3, 64, 64, 41, 1, 0], "accuracy": 0.875}
{"config": [9, 32, 64, 41, 1, 0], "accuracy": 0.8250000000000001}
{"config": [9, 16, 128, 41, 1, 0], "accuracy": 0.875}
{"config": [3, 64, 32, 32, 1, 0], "accuracy": 0.85}
{"config": [3, 16, 128, 41, 0, 0], "accuracy": 0.8250000000000001}
{"config": [9, 64, 64, 64, 1, 0], "accuracy": 0.85}
{"config": [3, 64, 128, 64, 1, 0], "accuracy": 0.85}
{"config": [9, 64, 64, 41, 0, 1], "accuracy": 0.85}
{"config": [9, 32, 32, 32, 1, 1], "accuracy": 0.875}
{"config": [3, 32, 32, 32, 0, 0], "accuracy": 0.65}
{"config": [9, 32, 16, 32, 1, 1], "accuracy": 0.85}
{"config": [9, 32, 32, 41, 1, 0], "accuracy": 0.8}
{"config": [6, 16, 32, 41, 1, 1], "accuracy": 0.925}
{"config": [9, 32, 128, 32, 0, 1], "accuracy": 0.875}
{"config": [9, 32, 64, 32, 1, 1], "accuracy": 0.8}
{"config": [6, 16, 64, 41, 0, 0], "accuracy": 0.9}
