{"config": [9, 32, 16, 41, 0, 1], "accuracy": 0.844}
{"config": [3, 32, 32, 64, 0, 1], "accuracy": 0.854}
{"config": [6, 16, 16, 64, 0, 0], "accuracy": 0.798}
{"config": [6, 16, 16, 64, 1, 0], "accuracy": 0.802}
{"config": [3, 32, 16, 41, 0, 1], "accuracy": 0.8200000000000001}
{"config": [9, 64, 128, 32, 1, 0], "accuracy": 0.864}
{"config": [9, 64, 64, 64, 1, 0], "accuracy": 0.856}
{"config": [9, 16, 64, 32, 1, 1], "accuracy": 0.88}
{"config": [9, 16, 128, 64, 1, 0], "accuracy": 0.8320000000000001}
{"config": [9, 16, 128, 32, 1, 1], "accuracy": 0.782}
{"config": [9, 64, 64, 32, 1, 1], "accuracy": 0.752}
{"config": [9, 64, 128, 64, 1, 1], "accuracy": 0.8}
{"config": [9, 16, 64, 64, 0, 0], "accuracy": 0.794}
{"config": [6, 64, 16, 64, 1, 0], "accuracy": 0.8180000000000001}
{"config": [9, 16, 32, 32, 1, 0], "accuracy": 0.868}
{"config": [9, 32, 64, 41, 1, 0], "accuracy": 0.858}
{"config": [3, 32, 128, 41, 1, 0], "accuracy": 0.88}
{"config": [3, 64, 128, 32, 1, 0], "accuracy": 0.89}
{"config": [3, 32, 128, 64, 0, 0], "accuracy": 0.858}
{"config": [9, 64, 16, 32, 1, 0], "accuracy": 0.852}
{"config": [9, 64, 32, 64, 1, 0], "accuracy": 0.804}
{"config": [3, 32, 64, 64, 1, 1], "accuracy": 0.85}
{"config": [3, 64, 128, 41, 0, 1], "accuracy": 0.85}
{"config": [3, 32, 64, 32, 1, 0], "accuracy": 0.89}
{"config": [9, 32, 32, 32, 1, 0], "accuracy": 0.852}
{"config": [3, 32, 128, 32, 0, 1], "accuracy": 0.87}
{"config": [3, 64, 64, 64, 0, 1], "accuracy": 0.77}
{"config": [9, 16, 16, 32, 1, 1], "accuracy": 0.834}
{"config": [9, 32, 32, 64, 1, 0], "accuracy": 0.81}
{"config": [3, 16, 32, 41, 0, 1], "accuracy": 0.884}
{"config": [3, 16, 32, 64, 1, 1], "accuracy": 0.798}
{"config": [6, 16, 64, 41, 0, 0], "accuracy": 0.846}
{"config": [9, 32, 128, 64, 1, 1], "accuracy": 0.8260000000000001}
{"config": [3, 32, 16, 64, 1, 1], "accuracy": 0.874}
{"config": [9, 64, 32, 41, 0, 0], "accuracy": 0.85}
{"config": [9, 64, 16, 41, 1, 1], "accuracy": 0.834}
{"config": [3, 16, 128, 41, 0, 1], "accuracy": 0.8}
{"config": [3, 16, 32, 32, 1, 1], "accuracy": 0.874}
{"config": [3, 64, 32, 32, 1, 1], "accuracy": 0.862}
{"config": [9, 64, 32, 32, 0, 1], "accuracy": 0.854}
{"config": [3, 32, 32, 41, 1, 1], "accuracy": 0.856}
{"config": [9, 32, 128, 32, 0, 0], "accuracy": 0.872}
{"config": [9, 32, 64, 32, 1, 1], "accuracy": 0.86}
{"config": [3, 16, 128, 64, 1, 1], "accuracy": 0.852}
{"config": [9, 32, 64, 64, 0, 1], "accuracy": 0.804}
{"config": [9, 16, 16, 41, 1, 0], "accuracy": 0.836}
{"config": [3, 64, 16, 32, 0, 1], "accuracy": 0.856}
{"config": [3, 64, 128, 64, 1, 0], "accuracy": 0.856}
{"config": [6, 16, 64, 32, 1, 0], "accuracy": 0.89}
{"config": [3, 16, 64, 64, 1, 1], "accuracy": 0.838}
