{"config": [9, 64, 64, 32, 1, 0], "accuracy": 0.7811526480000001}
{"config": [3, 64, 64, 32, 0, 1], "accuracy": 0.8163205261}
{"config": [3, 16, 128, 64, 1, 1], "accuracy": 0.7791623399000001}
{"config": [6, 16, 128, 64, 0, 1], "accuracy": 0.7607822776000001}
{"config": [6, 16, 32, 41, 0, 1], "accuracy": 0.7995673243}
{"config": [3, 64, 16, 64, 0, 1], "accuracy": 0.7978539287}
{"config": [3, 64, 16, 32, 1, 1], "accuracy": 0.818206992}
{"config": [3, 64, 128, 32, 1, 0], "accuracy": 0.7514537902}
{"config": [3, 16, 128, 32, 0, 0], "accuracy": 0.7922118380000001}
{"config": [3, 16, 64, 64, 1, 0], "accuracy": 0.8109380408}
{"config": [3, 32, 64, 32, 1, 0], "accuracy": 0.8088611976000001}
{"config": [3, 16, 16, 64, 1, 1], "accuracy": 0.8199896158000001}
{"config": [3, 16, 16, 32, 1, 0], "accuracy": 0.8237971616}
{"config": [3, 64, 64, 64, 0, 1], "accuracy": 0.8032017999000001}
{"config": [3, 32, 16, 41, 0, 0], "accuracy": 0.7903426791}
{"config": [3, 64, 128, 64, 0, 0], "accuracy": 0.6715818622}
{"config": [3, 64, 32, 32, 1, 0], "accuracy": 0.7661820699}
{"config": [6, 16, 64, 32, 1, 1], "accuracy": 0.7716857044000001}
{"config": [3, 32, 128, 41, 1, 0], "accuracy": 0.7367082035}
{"config": [9, 16, 16, 32, 1, 1], "accuracy": 0.7922118380000001}
{"config": [3, 32, 64, 64, 1, 1], "accuracy": 0.7977500865}
{"config": [3, 16, 32, 64, 0, 0], "accuracy": 0.8053478712000001}
{"config": [3, 64, 64, 41, 1, 0], "accuracy": 0.8088438906000001}
{"config": [3, 16, 16, 41, 0, 1], "accuracy": 0.8200588439000001}
{"config": [9, 64, 16, 32, 0, 1], "accuracy": 0.8106784354000001}
{"config": [9, 16, 16, 64, 0, 1], "accuracy": 0.7977500865}
{"config": [9, 64, 32, 64, 0, 1], "accuracy": 0.7866735895}
{"config": [3, 32, 16, 64, 1, 1], "accuracy": 0.8162686051}
{"config": [3, 16, 32, 32, 0, 1], "accuracy": 0.7940290758}
{"config": [9, 64, 16, 41, 1, 0], "accuracy": 0.8182416061000001}
{"config": [9, 16, 64, 64, 0, 1], "accuracy": 0.8144513673}
{"config": [9, 32, 32, 64, 1, 1], "accuracy": 0.8015403254}
{"config": [6, 32, 64, 41, 0, 1], "accuracy": 0.7958982347}
{"config": [9, 16, 128, 32, 1, 1], "accuracy": 0.7347005884000001}
{"config": [9, 64, 64, 64, 1, 0], "accuracy": 0.7774143302000001}
{"config": [3, 16, 128, 41, 0, 1], "accuracy": 0.7996192454000001}
{"config": [3, 64, 16, 41, 0, 1], "accuracy": 0.8367601246}
{"config": [9, 64, 128, 41, 1, 1], "accuracy": 0.66426099}
{"config": [3, 32, 128, 64, 0, 0], "accuracy": 0.7198165455000001}
{"config": [3, 32, 32, 41, 1, 1], "accuracy": 0.8033921772}
{"config": [3, 64, 32, 64, 1, 1], "accuracy": 0.7867947387}
{"config": [9, 16, 32, 64, 1, 1], "accuracy": 0.7960193839}
{"config": [3, 32, 128, 32, 0, 1], "accuracy": 0.7440463828}
{"config": [9, 32, 32, 32, 1, 0], "accuracy": 0.7904984424}
{"config": [9, 32, 64, 32, 1, 1], "accuracy": 0.7848217376000001}
{"config": [3, 64, 16, 32, 0, 0], "accuracy": 0.8033748702}
{"config": [6, 32, 16, 32, 0, 1], "accuracy": 0.8126514365}
{"config": [9, 64, 64, 41, 0, 1], "accuracy": 0.7922810661}
{"config": [9, 16, 64, 41, 0, 0], "accuracy": 0.7810834199000001}
{"config": [9, 64, 32, 41, 0, 0], "accuracy": 0.7960539979}
