{"config": [6, 64, 128, 64, 0, 0], "accuracy": 0.7670454545000001}
{"config": [3, 16, 16, 64, 1, 1], "accuracy": 0.8116948052}
{"config": [6, 64, 64, 32, 0, 0], "accuracy": 0.8128051948}
{"config": [6, 16, 128, 41, 1, 1], "accuracy": 0.8150194805000001}
{"config": [6, 16, 16, 64, 0, 1], "accuracy": 0.8253376623}
{"config": [9, 16, 16, 32, 1, 1], "accuracy": 0.8218831169}
{"config": [9, 16, 64, 64, 0, 0], "accuracy": 0.8139285714000001}
{"config": [9, 64, 16, 41, 1, 1], "accuracy": 0.8104935065000001}
{"config": [9, 64, 128, 32, 0, 0], "accuracy": 0.7512727273}
{"config": [9, 64, 32, 64, 0, 1], "accuracy": 0.8104935065000001}
{"config": [9, 16, 128, 64, 0, 0], "accuracy": 0.8139545455}
{"config": [9, 16, 64, 32, 1, 1], "accuracy": 0.766025974}
{"config": [9, 32, 32, 41, 0, 0], "accuracy": 0.8207727273000001}
{"config": [9, 64, 64, 64, 1, 0], "accuracy": 0.7670714286}
{"config": [3, 32, 128, 64, 0, 0], "accuracy": 0.8207532468000001}
{"config": [3, 64, 32, 32, 0, 1], "accuracy": 0.8207272727}
{"config": [3, 64, 16, 64, 0, 1], "accuracy": 0.8299090909}
{"config": [6, 32, 16, 64, 0, 0], "accuracy": 0.8218961039}
{"config": [3, 16, 128, 64, 0, 0], "accuracy": 0.8276688312}
{"config": [9, 16, 32, 64, 1, 0], "accuracy": 0.8253376623}
{"config": [3, 16, 128, 32, 0, 0], "accuracy": 0.8481688312000001}
{"config": [3, 16, 32, 32, 0, 0], "accuracy": 0.8230389610000001}
{"config": [3, 32, 128, 32, 0, 1], "accuracy": 0.8288116883000001}
{"config": [3, 64, 16, 32, 0, 0], "accuracy": 0.8185519481}
{"config": [3, 32, 64, 64, 1, 1], "accuracy": 0.8230389610000001}
{"config": [3, 32, 16, 41, 0, 1], "accuracy": 0.8276688312}
{"config": [3, 32, 64, 32, 1, 0], "accuracy": 0.8310844156}
{"config": [3, 64, 64, 41, 0, 0], "accuracy": 0.7864805195}
{"config": [9, 32, 16, 32, 0, 1], "accuracy": 0.8116688312}
{"config": [3, 32, 32, 64, 0, 1], "accuracy": 0.8059675325000001}
{"config": [9, 32, 128, 32, 0, 0], "accuracy": 0.7454870130000001}
{"config": [3, 64, 128, 32, 1, 0], "accuracy": 0.8344805195}
{"config": [9, 32, 64, 64, 0, 1], "accuracy": 0.769487013}
{"config": [3, 16, 64, 64, 1, 1], "accuracy": 0.8093766234}
{"config": [9, 16, 16, 41, 0, 0], "accuracy": 0.8332792208}
{"config": [3, 64, 32, 64, 1, 1], "accuracy": 0.8071363636000001}
{"config": [3, 64, 128, 41, 0, 1], "accuracy": 0.8207792208}
{"config": [3, 32, 32, 32, 0, 0], "accuracy": 0.8390454545}
{"config": [3, 32, 128, 41, 1, 0], "accuracy": 0.8310844156}
{"config": [3, 16, 16, 32, 1, 0], "accuracy": 0.8127467532}
{"config": [9, 64, 32, 32, 1, 0], "accuracy": 0.8037012987000001}
{"config": [3, 64, 64, 32, 1, 1], "accuracy": 0.8161623377}
{"config": [6, 16, 64, 41, 0, 0], "accuracy": 0.7809415584}
{"config": [3, 64, 64, 64, 0, 1], "accuracy": 0.8196558442}
{"config": [3, 16, 128, 41, 0, 0], "accuracy": 0.8218896104000001}
{"config": [6, 16, 32, 41, 1, 1], "accuracy": 0.7968181818000001}
{"config": [3, 64, 32, 41, 0, 0], "accuracy": 0.8105324675000001}
{"config": [3, 16, 32, 64, 0, 0], "accuracy": 0.8219090909000001}
{"config": [6, 64, 16, 64, 1, 0], "accuracy": 0.8287857143}
{"config": [9, 16, 32, 32, 0, 0], "accuracy": 0.8047272727}
