{"config": [9, 32, 16, 41, 0, 1], "accuracy": 0.7941156109}
{"config": [3, 32, 32, 64, 0, 1], "accuracy": 0.7996019384}
{"config": [6, 16, 16, 64, 0, 0], "accuracy": 0.8070785739}
{"config": [6, 16, 16, 64, 1, 0], "accuracy": 0.7976635514}
{"config": [3, 32, 16, 41, 0, 1], "accuracy": 0.8088785047}
{"config": [3, 16, 128, 32, 0, 0], "accuracy": 0.7922118380000001}
{"config": [3, 64, 128, 64, 0, 0], "accuracy": 0.6715818622}
{"config": [3, 16, 32, 32, 0, 0], "accuracy": 0.8144340602}
{"config": [3, 16, 128, 64, 0, 0], "accuracy": 0.7922291450000001}
{"config": [3, 64, 16, 32, 0, 0], "accuracy": 0.8033748702}
{"config": [3, 64, 16, 64, 0, 1], "accuracy": 0.7978539287}
{"config": [9, 16, 64, 41, 0, 1], "accuracy": 0.768155071}
{"config": [3, 64, 64, 32, 0, 0], "accuracy": 0.7941329180000001}
{"config": [3, 64, 64, 64, 0, 1], "accuracy": 0.8032017999000001}
{"config": [3, 16, 16, 32, 0, 1], "accuracy": 0.7996538595}
{"config": [3, 64, 32, 41, 0, 0], "accuracy": 0.7867082035}
{"config": [3, 16, 64, 64, 1, 0], "accuracy": 0.8109380408}
{"config": [9, 64, 128, 32, 0, 0], "accuracy": 0.6308065074}
{"config": [3, 32, 64, 32, 1, 0], "accuracy": 0.8088611976000001}
{"config": [6, 32, 64, 64, 0, 0], "accuracy": 0.8034267913}
{"config": [3, 32, 128, 41, 1, 0], "accuracy": 0.7367082035}
{"config": [3, 32, 32, 32, 0, 0], "accuracy": 0.8385427484}
{"config": [9, 16, 128, 64, 1, 0], "accuracy": 0.7234856352}
{"config": [9, 64, 32, 64, 1, 0], "accuracy": 0.8089131187}
{"config": [9, 64, 32, 32, 0, 1], "accuracy": 0.7774662513}
{"config": [6, 32, 16, 64, 0, 0], "accuracy": 0.8164243683}
{"config": [9, 64, 64, 41, 1, 0], "accuracy": 0.8088785047}
{"config": [9, 64, 64, 64, 1, 0], "accuracy": 0.7774143302000001}
{"config": [9, 64, 16, 41, 1, 0], "accuracy": 0.8182416061000001}
{"config": [3, 32, 16, 32, 1, 0], "accuracy": 0.7884735202}
{"config": [3, 16, 128, 41, 0, 1], "accuracy": 0.7996192454000001}
{"config": [9, 16, 32, 64, 1, 1], "accuracy": 0.7960193839}
{"config": [9, 32, 32, 41, 0, 0], "accuracy": 0.7791796469000001}
{"config": [3, 32, 128, 64, 0, 0], "accuracy": 0.7198165455000001}
{"config": [3, 64, 64, 41, 0, 1], "accuracy": 0.8219106957000001}
{"config": [9, 16, 64, 64, 0, 1], "accuracy": 0.8144513673}
{"config": [6, 32, 64, 41, 0, 1], "accuracy": 0.7958982347}
{"config": [3, 16, 32, 64, 0, 0], "accuracy": 0.8053478712000001}
{"config": [9, 16, 128, 32, 1, 1], "accuracy": 0.7347005884000001}
{"config": [3, 16, 32, 41, 0, 1], "accuracy": 0.8254932503}
{"config": [9, 16, 16, 41, 0, 0], "accuracy": 0.8088092766}
{"config": [3, 64, 32, 64, 1, 1], "accuracy": 0.7867947387}
{"config": [9, 32, 64, 32, 1, 1], "accuracy": 0.7848217376000001}
{"config": [3, 64, 128, 41, 1, 1], "accuracy": 0.7195569401}
{"config": [9, 16, 32, 32, 1, 1], "accuracy": 0.7772758740000001}
{"config": [6, 16, 64, 32, 1, 1], "accuracy": 0.7716857044000001}
{"config": [3, 64, 16, 41, 0, 1], "accuracy": 0.8367601246}
{"config": [3, 32, 128, 32, 0, 1], "accuracy": 0.7440463828}
{"config": [9, 64, 64, 32, 0, 1], "accuracy": 0.7866216684}
{"config": [3, 16, 16, 41, 1, 1], "accuracy": 0.8145032883000001}
