{"config": [9, 64, 16, 41, 1, 0], "accuracy": 0.6920289855}
{"config": [3, 16, 16, 64, 1, 1], "accuracy": 0.8005376344}
{"config": [9, 16, 64, 41, 0, 1], "accuracy": 0.7960729313}
{"config": [6, 16, 128, 64, 0, 0], "accuracy": 0.7983169705000001}
{"config": [3, 16, 16, 32, 0, 1], "accuracy": 0.7982000935}
{"config": [6, 16, 128, 64, 1, 0], "accuracy": 0.7982702197}
{"config": [3, 16, 128, 32, 0, 0], "accuracy": 0.7873071529}
{"config": [3, 16, 64, 64, 1, 0], "accuracy": 0.7982234689000001}
{"config": [3, 64, 128, 64, 0, 1], "accuracy": 0.8005142590000001}
{"config": [9, 64, 128, 32, 0, 0], "accuracy": 0.7981767181}
{"config": [3, 64, 64, 32, 0, 1], "accuracy": 0.7851799906}
{"config": [9, 64, 64, 64, 1, 0], "accuracy": 0.7634174848}
{"config": [3, 32, 64, 32, 1, 0], "accuracy": 0.7961196821000001}
{"config": [9, 32, 128, 64, 1, 1], "accuracy": 0.7896213184}
{"config": [9, 16, 32, 64, 1, 0], "accuracy": 0.8004207574000001}
{"config": [3, 64, 128, 32, 1, 0], "accuracy": 0.791771856}
{"config": [3, 16, 32, 41, 1, 0], "accuracy": 0.7982234689000001}
{"config": [9, 16, 16, 41, 1, 0], "accuracy": 0.7655680224}
{"config": [3, 32, 32, 64, 0, 1], "accuracy": 0.7484104722}
{"config": [6, 16, 64, 32, 1, 0], "accuracy": 0.8005610098}
{"config": [9, 64, 128, 64, 1, 0], "accuracy": 0.6105423095}
{"config": [3, 32, 128, 41, 1, 0], "accuracy": 0.7981533427}
{"config": [3, 32, 128, 64, 0, 0], "accuracy": 0.7982702197}
{"config": [9, 32, 128, 32, 0, 1], "accuracy": 0.7982935951}
{"config": [9, 16, 128, 41, 1, 0], "accuracy": 0.783029453}
{"config": [9, 32, 32, 32, 1, 1], "accuracy": 0.7961196821000001}
{"config": [9, 32, 64, 64, 0, 1], "accuracy": 0.6829359514000001}
{"config": [3, 64, 32, 64, 1, 1], "accuracy": 0.7656615241}
{"config": [3, 64, 32, 32, 0, 1], "accuracy": 0.7982000935}
{"config": [3, 64, 64, 64, 0, 1], "accuracy": 0.7939925199000001}
{"config": [3, 64, 128, 41, 0, 1], "accuracy": 0.7852033661000001}
{"config": [3, 32, 16, 32, 1, 0], "accuracy": 0.7981533427}
{"config": [3, 16, 32, 64, 1, 1], "accuracy": 0.7938288920000001}
{"config": [3, 32, 32, 32, 0, 0], "accuracy": 0.7939925199000001}
{"config": [9, 16, 32, 32, 1, 1], "accuracy": 0.7959560542}
{"config": [9, 64, 64, 41, 0, 1], "accuracy": 0.7765778401000001}
{"config": [6, 32, 16, 64, 1, 0], "accuracy": 0.7463300608}
{"config": [9, 64, 32, 41, 0, 0], "accuracy": 0.6830528284}
{"config": [3, 64, 16, 32, 1, 1], "accuracy": 0.7960261805000001}
{"config": [3, 64, 16, 64, 0, 1], "accuracy": 0.7981767181}
{"config": [9, 32, 64, 32, 1, 1], "accuracy": 0.7983870968000001}
{"config": [9, 16, 64, 64, 0, 1], "accuracy": 0.7895511921}
{"config": [3, 16, 128, 41, 0, 1], "accuracy": 0.7981767181}
{"config": [9, 16, 16, 64, 0, 1], "accuracy": 0.7568723703}
{"config": [3, 64, 64, 41, 1, 1], "accuracy": 0.7896213184}
{"config": [3, 32, 16, 41, 1, 1], "accuracy": 0.7872837775}
{"config": [3, 32, 128, 32, 0, 1], "accuracy": 0.8004441328}
{"config": [3, 64, 16, 41, 1, 1], "accuracy": 0.7939223936}
{"config": [9, 64, 64, 32, 1, 0], "accuracy": 0.7766713417000001}
{"config": [3, 16, 32, 32, 1, 1], "accuracy": 0.7917251052000001}
