{"config": [6, 16, 128, 64, 1, 1], "accuracy": 0.7787751286}
{"config": [3, 64, 64, 32, 0, 1], "accuracy": 0.7851799906}
{"config": [3, 16, 128, 41, 0, 0], "accuracy": 0.8002103787}
{"config": [9, 32, 32, 32, 1, 0], "accuracy": 0.8026414212}
{"config": [3, 32, 16, 41, 1, 1], "accuracy": 0.7872837775}
{"config": [9, 32, 32, 32, 1, 1], "accuracy": 0.7961196821000001}
{"config": [9, 64, 128, 32, 1, 0], "accuracy": 0.7940626461}
{"config": [9, 64, 16, 32, 1, 0], "accuracy": 0.7395278167}
{"config": [9, 16, 64, 64, 0, 0], "accuracy": 0.7939457691}
{"config": [3, 16, 32, 32, 0, 0], "accuracy": 0.7939925199000001}
{"config": [3, 64, 128, 64, 0, 0], "accuracy": 0.7916783544}
{"config": [9, 64, 64, 64, 1, 0], "accuracy": 0.7634174848}
{"config": [3, 32, 64, 32, 1, 0], "accuracy": 0.7961196821000001}
{"config": [9, 16, 16, 64, 0, 1], "accuracy": 0.7568723703}
{"config": [9, 32, 128, 32, 0, 0], "accuracy": 0.7983637214}
{"config": [3, 32, 32, 64, 1, 0], "accuracy": 0.7984338476}
{"config": [3, 32, 128, 41, 1, 0], "accuracy": 0.7981533427}
{"config": [3, 64, 16, 64, 0, 1], "accuracy": 0.7981767181}
{"config": [9, 16, 64, 41, 0, 0], "accuracy": 0.7615474521000001}
{"config": [3, 64, 128, 32, 1, 0], "accuracy": 0.791771856}
{"config": [3, 64, 32, 41, 0, 0], "accuracy": 0.7982000935}
{"config": [3, 32, 64, 64, 1, 1], "accuracy": 0.8006077606}
{"config": [9, 64, 32, 64, 1, 0], "accuracy": 0.7917952314000001}
{"config": [3, 16, 64, 64, 1, 0], "accuracy": 0.7982234689000001}
{"config": [3, 32, 128, 64, 0, 0], "accuracy": 0.7982702197}
{"config": [9, 16, 16, 32, 1, 1], "accuracy": 0.7548854605}
{"config": [9, 16, 128, 32, 1, 0], "accuracy": 0.7918887331000001}
{"config": [3, 32, 32, 32, 0, 0], "accuracy": 0.7939925199000001}
{"config": [9, 32, 32, 41, 0, 0], "accuracy": 0.7938756428}
{"config": [3, 32, 16, 64, 1, 0], "accuracy": 0.7830995792000001}
{"config": [3, 16, 32, 64, 1, 0], "accuracy": 0.7612903226000001}
{"config": [3, 64, 32, 64, 1, 1], "accuracy": 0.7656615241}
{"config": [9, 64, 64, 41, 1, 0], "accuracy": 0.7788218794}
{"config": [9, 64, 128, 64, 1, 0], "accuracy": 0.6105423095}
{"config": [3, 64, 128, 41, 0, 1], "accuracy": 0.7852033661000001}
{"config": [9, 64, 32, 32, 1, 0], "accuracy": 0.7614773259000001}
{"config": [9, 32, 32, 64, 1, 0], "accuracy": 0.7960495559}
{"config": [3, 32, 128, 32, 0, 1], "accuracy": 0.8004441328}
{"config": [3, 16, 128, 64, 0, 0], "accuracy": 0.7874006545000001}
{"config": [9, 32, 64, 32, 1, 0], "accuracy": 0.7982935951}
{"config": [3, 64, 64, 64, 0, 1], "accuracy": 0.7939925199000001}
{"config": [9, 64, 16, 41, 1, 0], "accuracy": 0.6920289855}
{"config": [9, 32, 16, 32, 0, 1], "accuracy": 0.8005142590000001}
{"config": [6, 32, 64, 41, 0, 1], "accuracy": 0.7916783544}
{"config": [3, 64, 64, 41, 0, 0], "accuracy": 0.7981533427}
{"config": [3, 64, 16, 32, 0, 0], "accuracy": 0.7981299673000001}
{"config": [9, 16, 32, 32, 0, 0], "accuracy": 0.8004908836}
{"config": [3, 32, 16, 32, 1, 0], "accuracy": 0.7981533427}
{"config": [3, 16, 32, 41, 1, 0], "accuracy": 0.7982234689000001}
{"config": [3, 64, 32, 32, 0, 0], "accuracy": 0.7938288920000001}
