{"config": [6, 16, 128, 64, 1, 1], "accuracy": 0.9575291981}
{"config": [3, 64, 16, 64, 0, 1], "accuracy": 0.9565137634}
{"config": [6, 64, 64, 32, 0, 0], "accuracy": 0.9581368908000001}
{"config": [6, 64, 64, 64, 0, 1], "accuracy": 0.9493997359}
{"config": [6, 16, 32, 41, 0, 1], "accuracy": 0.9518391730000001}
{"config": [6, 16, 128, 64, 1, 0], "accuracy": 0.9548877471}
{"config": [3, 64, 128, 32, 1, 0], "accuracy": 0.9544800050000001}
{"config": [9, 16, 128, 32, 1, 1], "accuracy": 0.9467576658}
{"config": [9, 64, 16, 32, 0, 1], "accuracy": 0.9451310305}
{"config": [9, 16, 16, 64, 1, 1], "accuracy": 0.9506223433000001}
{"config": [3, 16, 64, 64, 1, 1], "accuracy": 0.9534616813000001}
{"config": [9, 64, 128, 64, 1, 1], "accuracy": 0.9538712806}
{"config": [3, 16, 16, 32, 1, 1], "accuracy": 0.949401593}
{"config": [9, 32, 64, 32, 1, 1], "accuracy": 0.949400974}
{"config": [3, 32, 128, 64, 0, 0], "accuracy": 0.957122075}
{"config": [3, 32, 32, 64, 1, 0], "accuracy": 0.9544806240000001}
{"config": [9, 64, 128, 32, 0, 0], "accuracy": 0.9544824811}
{"config": [3, 64, 32, 32, 1, 1], "accuracy": 0.954683876}
{"config": [3, 32, 16, 41, 0, 1], "accuracy": 0.9554989476}
{"config": [9, 32, 128, 41, 1, 0], "accuracy": 0.9532600801000001}
{"config": [3, 16, 128, 41, 0, 1], "accuracy": 0.9563078288}
{"config": [9, 64, 32, 64, 1, 0], "accuracy": 0.9489955016}
{"config": [9, 32, 64, 64, 0, 1], "accuracy": 0.9534666337000001}
{"config": [3, 64, 16, 41, 1, 0], "accuracy": 0.9577341009}
{"config": [9, 32, 16, 32, 1, 0], "accuracy": 0.9494028311}
{"config": [9, 16, 64, 41, 0, 0], "accuracy": 0.9518385539}
{"config": [3, 32, 128, 32, 0, 1], "accuracy": 0.9540759771}
{"config": [3, 64, 128, 64, 0, 1], "accuracy": 0.9556988981000001}
{"config": [3, 32, 32, 32, 0, 0], "accuracy": 0.9544824811}
{"config": [3, 64, 64, 41, 1, 1], "accuracy": 0.9561074656}
{"config": [9, 64, 32, 41, 0, 0], "accuracy": 0.9534682844000001}
{"config": [3, 16, 32, 64, 0, 0], "accuracy": 0.9544818621000001}
{"config": [9, 16, 16, 41, 0, 0], "accuracy": 0.9520432504}
{"config": [9, 16, 128, 64, 0, 0], "accuracy": 0.9520442821}
{"config": [3, 32, 16, 64, 1, 0], "accuracy": 0.9567168090000001}
{"config": [3, 64, 128, 41, 0, 1], "accuracy": 0.9559025628000001}
{"config": [6, 16, 64, 32, 1, 0], "accuracy": 0.9514320499000001}
{"config": [9, 32, 32, 64, 0, 1], "accuracy": 0.9514310181000001}
{"config": [6, 32, 32, 64, 1, 0], "accuracy": 0.9518387603}
{"config": [3, 32, 64, 32, 1, 0], "accuracy": 0.9552932194}
{"config": [9, 64, 64, 64, 1, 0], "accuracy": 0.9496015435}
{"config": [3, 64, 16, 32, 0, 0], "accuracy": 0.9585456646}
{"config": [9, 16, 64, 64, 0, 0], "accuracy": 0.9510257521000001}
{"config": [3, 32, 32, 41, 1, 0], "accuracy": 0.9550893484}
{"config": [6, 64, 128, 64, 0, 1], "accuracy": 0.9512294169000001}
{"config": [3, 64, 32, 64, 1, 1], "accuracy": 0.9575277537}
{"config": [9, 32, 128, 64, 1, 1], "accuracy": 0.9554983286000001}
{"config": [9, 64, 64, 41, 0, 1], "accuracy": 0.9514310181000001}
{"config": [3, 16, 16, 64, 1, 1], "accuracy": 0.9544797986}
{"config": [9, 16, 32, 32, 1, 0], "accuracy": 0.9557005489}
