{"config": [9, 64, 16, 41, 1, 0], "accuracy": 0.9532606991}
{"config": [6, 64, 16, 64, 1, 0], "accuracy": 0.9552932194}
{"config": [6, 16, 128, 64, 0, 1], "accuracy": 0.9504168214000001}
{"config": [6, 16, 128, 64, 0, 0], "accuracy": 0.9573257398}
{"config": [3, 16, 16, 32, 0, 1], "accuracy": 0.9534631257}
{"config": [3, 64, 128, 32, 1, 0], "accuracy": 0.9544800050000001}
{"config": [9, 16, 64, 64, 0, 0], "accuracy": 0.9510257521000001}
{"config": [3, 16, 128, 32, 0, 0], "accuracy": 0.956715571}
{"config": [3, 64, 64, 32, 0, 0], "accuracy": 0.9528546077000001}
{"config": [3, 16, 64, 64, 1, 0], "accuracy": 0.9540749453}
{"config": [9, 64, 128, 64, 1, 0], "accuracy": 0.956512938}
{"config": [9, 64, 32, 64, 1, 0], "accuracy": 0.9489955016}
{"config": [3, 64, 128, 64, 0, 0], "accuracy": 0.9595604804000001}
{"config": [6, 16, 16, 64, 0, 0], "accuracy": 0.9603747266}
{"config": [9, 32, 64, 32, 1, 0], "accuracy": 0.9496025752}
{"config": [3, 32, 16, 41, 0, 0], "accuracy": 0.9561066403}
{"config": [9, 64, 128, 32, 0, 0], "accuracy": 0.9544824811}
{"config": [3, 64, 16, 32, 1, 0], "accuracy": 0.951840411}
{"config": [9, 32, 128, 41, 1, 0], "accuracy": 0.9532600801000001}
{"config": [3, 16, 32, 41, 1, 0], "accuracy": 0.9587476786}
{"config": [9, 16, 128, 32, 1, 0], "accuracy": 0.9508222938}
{"config": [6, 64, 64, 64, 0, 0], "accuracy": 0.9496040196000001}
{"config": [6, 32, 32, 64, 1, 0], "accuracy": 0.9518387603}
{"config": [9, 16, 16, 41, 1, 0], "accuracy": 0.9532604928}
{"config": [9, 16, 32, 32, 0, 0], "accuracy": 0.9463515744000001}
{"config": [6, 16, 64, 41, 0, 0], "accuracy": 0.9552938385}
{"config": [3, 64, 32, 41, 0, 1], "accuracy": 0.9510253394}
{"config": [3, 32, 128, 64, 0, 0], "accuracy": 0.957122075}
{"config": [9, 64, 64, 41, 1, 0], "accuracy": 0.9514322562}
{"config": [3, 32, 16, 64, 1, 1], "accuracy": 0.9567186662}
{"config": [9, 16, 32, 64, 1, 1], "accuracy": 0.9489948826000001}
{"config": [9, 64, 32, 32, 0, 1], "accuracy": 0.9500140316000001}
{"config": [3, 16, 128, 41, 1, 0], "accuracy": 0.9571212496}
{"config": [3, 32, 64, 64, 1, 1], "accuracy": 0.9559058644}
{"config": [3, 64, 128, 41, 0, 1], "accuracy": 0.9559025628000001}
{"config": [6, 32, 32, 32, 1, 1], "accuracy": 0.9550907928000001}
{"config": [6, 16, 64, 32, 1, 0], "accuracy": 0.9514320499000001}
{"config": [3, 64, 32, 64, 1, 1], "accuracy": 0.9575277537}
{"config": [9, 32, 16, 32, 1, 0], "accuracy": 0.9494028311}
{"config": [3, 16, 32, 64, 0, 0], "accuracy": 0.9544818621000001}
{"config": [3, 32, 128, 32, 0, 1], "accuracy": 0.9540759771}
{"config": [9, 64, 16, 32, 0, 1], "accuracy": 0.9451310305}
{"config": [3, 32, 64, 32, 1, 0], "accuracy": 0.9552932194}
{"config": [3, 16, 16, 64, 1, 1], "accuracy": 0.9544797986}
{"config": [9, 64, 64, 32, 1, 1], "accuracy": 0.9471672651}
{"config": [9, 32, 128, 64, 1, 1], "accuracy": 0.9554983286000001}
{"config": [3, 64, 64, 41, 1, 1], "accuracy": 0.9561074656}
{"config": [9, 64, 128, 41, 1, 0], "accuracy": 0.9498045892}
{"config": [9, 32, 32, 41, 0, 0], "accuracy": 0.9479794478}
{"config": [3, 64, 16, 41, 0, 1], "accuracy": 0.9542769593}
