{"config": [9, 16, 16, 41, 0, 0], "accuracy": 0.9520432504}
{"config": [6, 64, 16, 64, 1, 1], "accuracy": 0.9559023565}
{"config": [6, 64, 64, 64, 0, 0], "accuracy": 0.9496040196000001}
{"config": [3, 32, 32, 64, 1, 0], "accuracy": 0.9544806240000001}
{"config": [6, 32, 16, 32, 1, 0], "accuracy": 0.9522448516}
{"config": [6, 64, 16, 64, 1, 0], "accuracy": 0.9552932194}
{"config": [9, 16, 128, 64, 1, 0], "accuracy": 0.956512938}
{"config": [3, 64, 128, 32, 1, 0], "accuracy": 0.9544800050000001}
{"config": [3, 16, 128, 32, 0, 0], "accuracy": 0.956715571}
{"config": [3, 64, 128, 64, 0, 1], "accuracy": 0.9556988981000001}
{"config": [3, 64, 16, 32, 0, 1], "accuracy": 0.9557001362}
{"config": [9, 64, 32, 64, 1, 0], "accuracy": 0.9489955016}
{"config": [6, 16, 64, 32, 1, 1], "accuracy": 0.9475690232}
{"config": [9, 32, 128, 32, 0, 1], "accuracy": 0.9518393793000001}
{"config": [6, 32, 32, 64, 1, 0], "accuracy": 0.9518387603}
{"config": [9, 64, 64, 64, 1, 0], "accuracy": 0.9496015435}
{"config": [3, 64, 64, 32, 1, 1], "accuracy": 0.9548854773000001}
{"config": [3, 16, 16, 64, 1, 1], "accuracy": 0.9544797986}
{"config": [3, 32, 128, 64, 0, 0], "accuracy": 0.957122075}
{"config": [3, 16, 64, 64, 1, 1], "accuracy": 0.9534616813000001}
{"config": [9, 64, 128, 32, 0, 0], "accuracy": 0.9544824811}
{"config": [3, 16, 32, 32, 0, 1], "accuracy": 0.9528552268}
{"config": [6, 32, 64, 41, 0, 1], "accuracy": 0.9530578598}
{"config": [3, 16, 128, 64, 1, 1], "accuracy": 0.9579361149000001}
{"config": [9, 64, 32, 32, 1, 0], "accuracy": 0.9530580661}
{"config": [9, 16, 128, 41, 1, 0], "accuracy": 0.9473668029000001}
{"config": [3, 64, 32, 41, 0, 1], "accuracy": 0.9510253394}
{"config": [9, 64, 16, 41, 1, 1], "accuracy": 0.9526505303}
{"config": [9, 64, 128, 64, 1, 0], "accuracy": 0.956512938}
{"config": [3, 16, 16, 32, 1, 1], "accuracy": 0.949401593}
{"config": [6, 32, 16, 64, 0, 0], "accuracy": 0.9559035946000001}
{"config": [9, 64, 64, 32, 0, 1], "accuracy": 0.9471660270000001}
{"config": [3, 32, 64, 64, 1, 1], "accuracy": 0.9559058644}
{"config": [3, 64, 128, 41, 0, 1], "accuracy": 0.9559025628000001}
{"config": [3, 32, 64, 32, 1, 0], "accuracy": 0.9552932194}
{"config": [9, 32, 128, 64, 1, 1], "accuracy": 0.9554983286000001}
{"config": [3, 32, 128, 41, 1, 0], "accuracy": 0.9563100986}
{"config": [3, 32, 32, 41, 1, 1], "accuracy": 0.9546853205}
{"config": [9, 16, 32, 32, 1, 1], "accuracy": 0.9506192481}
{"config": [9, 16, 64, 64, 0, 0], "accuracy": 0.9510257521000001}
{"config": [3, 16, 32, 64, 0, 0], "accuracy": 0.9544818621000001}
{"config": [3, 16, 32, 41, 1, 0], "accuracy": 0.9587476786}
{"config": [3, 64, 64, 41, 1, 0], "accuracy": 0.9526505303}
{"config": [9, 16, 16, 64, 1, 1], "accuracy": 0.9506223433000001}
{"config": [3, 16, 128, 41, 0, 1], "accuracy": 0.9563078288}
{"config": [3, 64, 32, 64, 1, 1], "accuracy": 0.9575277537}
{"config": [3, 32, 16, 41, 1, 1], "accuracy": 0.9538708679000001}
{"config": [9, 32, 64, 32, 1, 1], "accuracy": 0.949400974}
{"config": [3, 32, 32, 41, 1, 0], "accuracy": 0.9550893484}
{"config": [6, 64, 128, 64, 0, 1], "accuracy": 0.9512294169000001}
