{"config": [3, 32, 128, 32, 0, 1], "accuracy": 0.929150036}
{"config": [3, 64, 64, 32, 0, 1], "accuracy": 0.9316249795}
{"config": [3, 16, 128, 64, 1, 1], "accuracy": 0.9397196699}
{"config": [6, 16, 128, 64, 0, 1], "accuracy": 0.9419709053}
{"config": [6, 32, 16, 32, 1, 0], "accuracy": 0.9334217212}
{"config": [9, 64, 128, 64, 1, 0], "accuracy": 0.9289253169}
{"config": [3, 64, 16, 64, 0, 1], "accuracy": 0.9403953438}
{"config": [9, 16, 32, 64, 1, 1], "accuracy": 0.9329717774}
{"config": [9, 64, 16, 32, 1, 0], "accuracy": 0.9374714678}
{"config": [9, 16, 64, 32, 1, 1], "accuracy": 0.9302728732000001}
{"config": [6, 32, 64, 64, 0, 0], "accuracy": 0.9293742496}
{"config": [9, 16, 128, 32, 1, 0], "accuracy": 0.9217289974}
{"config": [3, 16, 32, 32, 0, 0], "accuracy": 0.9275734634}
{"config": [9, 64, 32, 64, 0, 1], "accuracy": 0.9318443902}
{"config": [9, 64, 128, 32, 1, 0], "accuracy": 0.9284748676000001}
{"config": [6, 16, 16, 64, 0, 0], "accuracy": 0.9383708497000001}
{"config": [9, 16, 16, 32, 1, 1], "accuracy": 0.9347735747}
{"config": [9, 32, 128, 64, 1, 1], "accuracy": 0.932075176}
{"config": [3, 64, 16, 32, 0, 1], "accuracy": 0.9343238837000001}
{"config": [3, 64, 64, 64, 0, 1], "accuracy": 0.9403943327000001}
{"config": [3, 64, 128, 41, 0, 1], "accuracy": 0.9302746426}
{"config": [3, 16, 64, 64, 1, 1], "accuracy": 0.9356727038}
{"config": [3, 32, 16, 64, 1, 1], "accuracy": 0.938595316}
{"config": [9, 64, 64, 41, 0, 1], "accuracy": 0.9284746148}
{"config": [3, 64, 32, 41, 0, 0], "accuracy": 0.9354472264}
{"config": [9, 32, 16, 41, 0, 1], "accuracy": 0.9363473667000001}
{"config": [3, 32, 128, 64, 0, 0], "accuracy": 0.9361203726}
{"config": [9, 64, 32, 32, 0, 1], "accuracy": 0.9327513555}
{"config": [3, 32, 64, 32, 1, 0], "accuracy": 0.9363498945000001}
{"config": [3, 16, 16, 41, 1, 1], "accuracy": 0.9345488556}
{"config": [9, 32, 128, 41, 1, 0], "accuracy": 0.9262269183}
{"config": [3, 16, 128, 41, 0, 1], "accuracy": 0.9314035465}
{"config": [3, 32, 32, 64, 0, 1], "accuracy": 0.9361221420000001}
{"config": [9, 32, 32, 32, 1, 1], "accuracy": 0.9327490805}
{"config": [3, 64, 128, 64, 0, 1], "accuracy": 0.9381486584000001}
{"config": [3, 64, 128, 32, 1, 0], "accuracy": 0.9300489124}
{"config": [3, 64, 32, 64, 1, 1], "accuracy": 0.9406198102000001}
{"config": [9, 16, 64, 64, 0, 0], "accuracy": 0.9390442487}
{"config": [6, 16, 64, 41, 0, 0], "accuracy": 0.9349952604}
{"config": [9, 64, 64, 64, 1, 0], "accuracy": 0.9289227891}
{"config": [9, 64, 16, 41, 1, 1], "accuracy": 0.938595316}
{"config": [9, 32, 64, 41, 1, 1], "accuracy": 0.9280206266000001}
{"config": [3, 16, 32, 64, 0, 0], "accuracy": 0.9349945021}
{"config": [9, 16, 16, 41, 1, 0], "accuracy": 0.9390445015000001}
{"config": [9, 16, 128, 64, 1, 0], "accuracy": 0.9365738552}
{"config": [9, 64, 64, 32, 1, 0], "accuracy": 0.9298241933}
{"config": [3, 64, 64, 41, 1, 0], "accuracy": 0.9376936591}
{"config": [3, 32, 32, 41, 1, 0], "accuracy": 0.9354484903}
{"config": [9, 32, 32, 64, 1, 0], "accuracy": 0.9419693887}
{"config": [3, 64, 32, 32, 1, 1], "accuracy": 0.9332007937000001}
