{"config": [6, 64, 128, 64, 0, 0], "accuracy": 0.38873305280000003}
{"config": [3, 16, 16, 64, 1, 1], "accuracy": 0.5659654044}
{"config": [6, 64, 64, 32, 0, 0], "accuracy": 0.52942964}
{"config": [6, 16, 128, 41, 1, 1], "accuracy": 0.5510752688}
{"config": [6, 16, 16, 64, 0, 1], "accuracy": 0.5615942029000001}
{"config": [3, 16, 16, 32, 1, 1], "accuracy": 0.553085554}
{"config": [6, 16, 64, 41, 0, 0], "accuracy": 0.5398784479000001}
{"config": [3, 64, 16, 64, 0, 1], "accuracy": 0.5312996727}
{"config": [3, 64, 16, 32, 1, 0], "accuracy": 0.5396914446000001}
{"config": [3, 32, 128, 32, 0, 1], "accuracy": 0.5657784011}
{"config": [9, 16, 128, 32, 1, 0], "accuracy": 0.5681626928}
{"config": [3, 16, 128, 32, 0, 0], "accuracy": 0.6025946704}
{"config": [3, 64, 128, 32, 1, 0], "accuracy": 0.5725338943}
{"config": [3, 16, 64, 64, 1, 0], "accuracy": 0.563487611}
{"config": [3, 32, 32, 64, 1, 0], "accuracy": 0.5268115942}
{"config": [3, 64, 64, 64, 0, 1], "accuracy": 0.5184198223}
{"config": [3, 16, 128, 64, 0, 0], "accuracy": 0.5355773726}
{"config": [9, 64, 32, 64, 1, 0], "accuracy": 0.5376577840000001}
{"config": [9, 32, 16, 32, 1, 0], "accuracy": 0.5181626928}
{"config": [9, 16, 32, 32, 1, 1], "accuracy": 0.509770921}
{"config": [9, 64, 128, 32, 0, 0], "accuracy": 0.3667601683}
{"config": [3, 32, 64, 32, 1, 0], "accuracy": 0.5465404395}
{"config": [3, 64, 32, 41, 0, 1], "accuracy": 0.5250350631}
{"config": [9, 32, 64, 64, 0, 1], "accuracy": 0.511430575}
{"config": [9, 16, 32, 64, 1, 0], "accuracy": 0.4796400187}
{"config": [6, 32, 16, 64, 1, 0], "accuracy": 0.5077606358}
{"config": [3, 32, 128, 64, 0, 0], "accuracy": 0.6025712950000001}
{"config": [9, 16, 16, 41, 0, 0], "accuracy": 0.5334034596}
{"config": [3, 32, 32, 32, 0, 0], "accuracy": 0.5529219261}
{"config": [3, 64, 64, 41, 1, 0], "accuracy": 0.5940626461}
{"config": [9, 64, 16, 41, 1, 1], "accuracy": 0.5572697522}
{"config": [3, 32, 64, 64, 1, 1], "accuracy": 0.5766012155}
{"config": [3, 16, 32, 41, 0, 1], "accuracy": 0.4989247312}
{"config": [3, 32, 128, 41, 1, 0], "accuracy": 0.5377279102}
{"config": [9, 64, 32, 32, 1, 0], "accuracy": 0.4279803647}
{"config": [6, 16, 64, 32, 1, 1], "accuracy": 0.5463534362}
{"config": [9, 32, 128, 64, 1, 1], "accuracy": 0.5315801777}
{"config": [3, 32, 16, 41, 1, 1], "accuracy": 0.5573398784}
{"config": [3, 64, 128, 41, 1, 1], "accuracy": 0.5533193081000001}
{"config": [3, 64, 32, 64, 1, 1], "accuracy": 0.524801309}
{"config": [3, 64, 64, 32, 1, 1], "accuracy": 0.5571061244000001}
{"config": [3, 64, 16, 41, 1, 0], "accuracy": 0.5593735390000001}
{"config": [9, 32, 64, 41, 1, 1], "accuracy": 0.4553763441}
{"config": [9, 32, 32, 41, 1, 0], "accuracy": 0.4774427302}
{"config": [3, 64, 64, 41, 0, 1], "accuracy": 0.5248948107}
{"config": [9, 64, 64, 64, 1, 0], "accuracy": 0.4862786349}
{"config": [3, 16, 32, 32, 0, 0], "accuracy": 0.5899018233000001}
{"config": [3, 32, 16, 32, 1, 0], "accuracy": 0.5853669939}
{"config": [9, 16, 128, 64, 0, 0], "accuracy": 0.5528985507}
{"config": [9, 16, 64, 64, 0, 0], "accuracy": 0.5356708742}
