{"config": [9, 64, 64, 32, 1, 0], "accuracy": 0.8042081949000001}
{"config": [3, 64, 64, 32, 0, 1], "accuracy": 0.8502768549}
{"config": [3, 16, 128, 64, 1, 1], "accuracy": 0.8595791805}
{"config": [6, 16, 128, 64, 0, 1], "accuracy": 0.8130675526000001}
{"config": [6, 16, 32, 41, 0, 1], "accuracy": 0.8551495017}
{"config": [3, 64, 16, 64, 0, 1], "accuracy": 0.8646733112}
{"config": [3, 32, 64, 64, 1, 1], "accuracy": 0.8459579181}
{"config": [3, 64, 128, 32, 1, 0], "accuracy": 0.7194905869}
{"config": [3, 64, 16, 32, 1, 0], "accuracy": 0.8409745293}
{"config": [3, 16, 128, 32, 0, 0], "accuracy": 0.8222591362}
{"config": [3, 16, 16, 64, 1, 1], "accuracy": 0.8739756368}
{"config": [3, 16, 16, 32, 1, 0], "accuracy": 0.8455149502}
{"config": [3, 32, 64, 32, 1, 0], "accuracy": 0.8130675526000001}
{"config": [3, 64, 64, 64, 0, 1], "accuracy": 0.8132890365000001}
{"config": [3, 16, 64, 64, 1, 0], "accuracy": 0.8222591362}
{"config": [3, 32, 32, 64, 1, 0], "accuracy": 0.8739756368}
{"config": [3, 32, 16, 41, 0, 1], "accuracy": 0.8503875969}
{"config": [3, 64, 32, 41, 0, 1], "accuracy": 0.8037652270000001}
{"config": [3, 64, 128, 64, 1, 0], "accuracy": 0.84606866}
{"config": [3, 32, 128, 64, 0, 0], "accuracy": 0.8596899225}
{"config": [9, 16, 16, 64, 1, 1], "accuracy": 0.8457364341}
{"config": [3, 32, 16, 64, 1, 1], "accuracy": 0.8786267996}
{"config": [3, 16, 32, 64, 1, 1], "accuracy": 0.9018826135}
{"config": [3, 32, 128, 41, 1, 0], "accuracy": 0.8125138427}
{"config": [3, 32, 32, 32, 0, 0], "accuracy": 0.8507198228}
{"config": [9, 64, 16, 32, 0, 1], "accuracy": 0.8086378738000001}
{"config": [9, 16, 64, 32, 1, 1], "accuracy": 0.8222591362}
{"config": [3, 16, 32, 32, 1, 1], "accuracy": 0.8599114064000001}
{"config": [9, 32, 16, 32, 1, 1], "accuracy": 0.8459579181}
{"config": [3, 64, 32, 64, 1, 1], "accuracy": 0.8311184939}
{"config": [9, 64, 128, 64, 1, 1], "accuracy": 0.8125138427}
{"config": [9, 16, 128, 32, 1, 1], "accuracy": 0.8409745293}
{"config": [3, 64, 64, 41, 1, 1], "accuracy": 0.8311184939}
{"config": [3, 16, 128, 41, 0, 1], "accuracy": 0.8503875969}
{"config": [9, 32, 32, 64, 0, 1], "accuracy": 0.8598006645}
{"config": [3, 16, 32, 64, 0, 0], "accuracy": 0.8738648948000001}
{"config": [6, 64, 16, 64, 1, 0], "accuracy": 0.8459579181}
{"config": [9, 32, 128, 64, 1, 1], "accuracy": 0.7243632337}
{"config": [9, 32, 64, 41, 1, 1], "accuracy": 0.8456256921}
{"config": [3, 64, 16, 41, 1, 1], "accuracy": 0.8734219269}
{"config": [9, 16, 32, 32, 1, 1], "accuracy": 0.7700996678}
{"config": [6, 16, 64, 41, 0, 0], "accuracy": 0.8181616833}
{"config": [3, 32, 32, 41, 1, 1], "accuracy": 0.8410852713}
{"config": [9, 16, 64, 64, 0, 1], "accuracy": 0.8274640089}
{"config": [3, 32, 16, 32, 1, 0], "accuracy": 0.8506090808000001}
{"config": [3, 16, 16, 41, 1, 1], "accuracy": 0.8128460687}
{"config": [9, 64, 128, 41, 1, 1], "accuracy": 0.7666666667}
{"config": [9, 32, 128, 32, 0, 1], "accuracy": 0.8084163898000001}
{"config": [9, 64, 64, 64, 1, 0], "accuracy": 0.8317829457}
{"config": [9, 16, 32, 64, 1, 1], "accuracy": 0.8595791805}
