{"config": [9, 32, 16, 41, 0, 1], "accuracy": 0.4061538462}
{"config": [3, 32, 32, 64, 0, 1], "accuracy": 0.6329230769}
{"config": [6, 16, 16, 64, 0, 0], "accuracy": 0.6018461538000001}
{"config": [6, 16, 16, 64, 1, 0], "accuracy": 0.5621538462}
{"config": [3, 32, 16, 41, 0, 1], "accuracy": 0.5944615385}
{"config": [3, 32, 16, 64, 1, 1], "accuracy": 0.6473846154}
{"config": [3, 16, 32, 41, 0, 1], "accuracy": 0.608}
{"config": [3, 64, 16, 64, 0, 1], "accuracy": 0.6166153846}
{"config": [3, 64, 64, 41, 0, 0], "accuracy": 0.648}
{"config": [3, 16, 128, 32, 0, 0], "accuracy": 0.5464615385}
{"config": [3, 64, 128, 41, 0, 1], "accuracy": 0.5458461538}
{"config": [3, 32, 64, 32, 1, 0], "accuracy": 0.6338461538}
{"config": [3, 64, 64, 32, 0, 1], "accuracy": 0.5935384615}
{"config": [3, 64, 64, 64, 0, 1], "accuracy": 0.6089230769}
{"config": [3, 16, 128, 64, 0, 0], "accuracy": 0.6012307692000001}
{"config": [3, 64, 128, 64, 0, 0], "accuracy": 0.5781538462}
{"config": [3, 16, 64, 64, 1, 0], "accuracy": 0.6556923077}
{"config": [3, 32, 128, 64, 0, 0], "accuracy": 0.5867692308}
{"config": [6, 16, 64, 41, 0, 0], "accuracy": 0.5393846154}
{"config": [3, 16, 32, 64, 0, 0], "accuracy": 0.5855384615}
{"config": [3, 32, 64, 64, 1, 1], "accuracy": 0.6006153846}
{"config": [3, 16, 16, 32, 0, 1], "accuracy": 0.5713846154000001}
{"config": [3, 64, 32, 41, 0, 0], "accuracy": 0.6092307692000001}
{"config": [3, 32, 32, 32, 0, 0], "accuracy": 0.6015384615}
{"config": [3, 64, 32, 64, 1, 1], "accuracy": 0.5956923077}
{"config": [9, 16, 128, 64, 0, 0], "accuracy": 0.5064615385}
{"config": [3, 32, 128, 41, 1, 0], "accuracy": 0.6338461538}
{"config": [3, 32, 128, 32, 0, 1], "accuracy": 0.6098461538000001}
{"config": [3, 64, 16, 32, 0, 0], "accuracy": 0.5855384615}
{"config": [3, 16, 16, 64, 1, 1], "accuracy": 0.6086153846}
{"config": [9, 64, 128, 32, 1, 0], "accuracy": 0.4836923077}
{"config": [9, 16, 64, 64, 0, 0], "accuracy": 0.616}
{"config": [9, 64, 64, 41, 0, 1], "accuracy": 0.54}
{"config": [6, 32, 64, 41, 0, 1], "accuracy": 0.5852307692000001}
{"config": [3, 64, 16, 41, 0, 1], "accuracy": 0.5947692308}
{"config": [9, 64, 128, 64, 1, 1], "accuracy": 0.6243076923}
{"config": [3, 16, 32, 32, 0, 0], "accuracy": 0.6163076923}
{"config": [3, 16, 128, 41, 0, 1], "accuracy": 0.5258461538}
{"config": [9, 32, 128, 32, 0, 0], "accuracy": 0.5686153846}
{"config": [9, 64, 64, 64, 1, 0], "accuracy": 0.4430769231}
{"config": [3, 64, 32, 32, 0, 1], "accuracy": 0.5720000000000001}
{"config": [3, 16, 16, 41, 0, 1], "accuracy": 0.592}
{"config": [3, 64, 64, 41, 1, 1], "accuracy": 0.5701538462}
{"config": [3, 32, 16, 64, 1, 0], "accuracy": 0.5689230769}
{"config": [9, 16, 16, 64, 0, 1], "accuracy": 0.5393846154}
{"config": [3, 32, 32, 41, 1, 1], "accuracy": 0.5855384615}
{"config": [9, 32, 64, 32, 1, 0], "accuracy": 0.5935384615}
{"config": [6, 16, 64, 32, 1, 1], "accuracy": 0.46707692310000004}
{"config": [9, 64, 32, 64, 0, 1], "accuracy": 0.4772307692}
{"config": [9, 64, 16, 32, 0, 1], "accuracy": 0.3895384615}
