{"config": [9, 32, 16, 41, 0, 1], "accuracy": 0.7947951274}
{"config": [3, 32, 32, 64, 0, 1], "accuracy": 0.8552602436000001}
{"config": [6, 16, 16, 64, 0, 0], "accuracy": 0.8274640089}
{"config": [6, 16, 16, 64, 1, 0], "accuracy": 0.8317829457}
{"config": [3, 32, 16, 41, 0, 1], "accuracy": 0.8503875969}
{"config": [3, 16, 128, 32, 0, 0], "accuracy": 0.8222591362}
{"config": [3, 64, 128, 64, 1, 0], "accuracy": 0.84606866}
{"config": [3, 64, 16, 64, 0, 1], "accuracy": 0.8646733112}
{"config": [3, 64, 64, 41, 1, 0], "accuracy": 0.8367663344}
{"config": [3, 16, 128, 64, 1, 1], "accuracy": 0.8595791805}
{"config": [3, 64, 128, 41, 1, 1], "accuracy": 0.8509413068}
{"config": [3, 64, 16, 32, 1, 0], "accuracy": 0.8409745293}
{"config": [3, 16, 64, 64, 1, 1], "accuracy": 0.8366555925}
{"config": [9, 32, 128, 64, 1, 1], "accuracy": 0.7243632337}
{"config": [3, 16, 32, 32, 1, 1], "accuracy": 0.8599114064000001}
{"config": [3, 64, 64, 64, 0, 1], "accuracy": 0.8132890365000001}
{"config": [3, 32, 64, 32, 1, 0], "accuracy": 0.8130675526000001}
{"config": [3, 16, 16, 32, 1, 0], "accuracy": 0.8455149502}
{"config": [3, 64, 32, 41, 0, 0], "accuracy": 0.8692137320000001}
{"config": [3, 16, 32, 41, 1, 0], "accuracy": 0.8594684385}
{"config": [3, 64, 128, 32, 1, 0], "accuracy": 0.7194905869}
{"config": [3, 64, 32, 64, 1, 1], "accuracy": 0.8311184939}
{"config": [3, 16, 128, 41, 0, 1], "accuracy": 0.8503875969}
{"config": [3, 32, 16, 64, 1, 0], "accuracy": 0.8365448505}
{"config": [3, 16, 32, 64, 1, 1], "accuracy": 0.9018826135}
{"config": [6, 16, 64, 32, 1, 1], "accuracy": 0.8551495017}
{"config": [3, 32, 128, 41, 1, 0], "accuracy": 0.8125138427}
{"config": [9, 64, 32, 32, 0, 1], "accuracy": 0.8176079734}
{"config": [9, 64, 16, 41, 1, 1], "accuracy": 0.8737541528}
{"config": [9, 64, 128, 41, 1, 1], "accuracy": 0.7666666667}
{"config": [9, 16, 32, 64, 1, 1], "accuracy": 0.8595791805}
{"config": [3, 32, 64, 64, 1, 1], "accuracy": 0.8459579181}
{"config": [9, 32, 64, 41, 1, 1], "accuracy": 0.8456256921}
{"config": [3, 64, 16, 41, 0, 1], "accuracy": 0.9112956811}
{"config": [9, 64, 64, 32, 0, 1], "accuracy": 0.7850498339}
{"config": [9, 16, 128, 41, 1, 0], "accuracy": 0.7800664452}
{"config": [3, 32, 32, 32, 0, 0], "accuracy": 0.8507198228}
{"config": [6, 16, 64, 41, 0, 0], "accuracy": 0.8181616833}
{"config": [9, 64, 64, 64, 1, 0], "accuracy": 0.8317829457}
{"config": [9, 32, 64, 64, 0, 1], "accuracy": 0.8736434109000001}
{"config": [9, 64, 32, 64, 0, 1], "accuracy": 0.8316722038000001}
{"config": [3, 32, 32, 41, 1, 1], "accuracy": 0.8410852713}
{"config": [9, 16, 32, 32, 0, 0], "accuracy": 0.8454042082000001}
{"config": [3, 16, 16, 41, 0, 1], "accuracy": 0.8317829457}
{"config": [3, 32, 128, 64, 0, 0], "accuracy": 0.8596899225}
{"config": [9, 64, 64, 41, 0, 1], "accuracy": 0.6343300111}
{"config": [3, 64, 64, 32, 1, 1], "accuracy": 0.8689922481000001}
{"config": [9, 16, 64, 64, 0, 0], "accuracy": 0.8035437431}
{"config": [3, 32, 16, 32, 1, 0], "accuracy": 0.8506090808000001}
{"config": [9, 32, 32, 64, 1, 0], "accuracy": 0.7903654485}
