{"config": [9, 32, 16, 41, 0, 1], "accuracy": 0.9644292237000001}
{"config": [6, 64, 32, 64, 0, 0], "accuracy": 0.9689954338000001}
{"config": [6, 16, 16, 64, 0, 0], "accuracy": 0.9735408883000001}
{"config": [6, 16, 16, 64, 1, 0], "accuracy": 0.9671523454000001}
{"config": [3, 32, 16, 41, 0, 1], "accuracy": 0.9707928601}
{"config": [3, 16, 128, 32, 0, 0], "accuracy": 0.9707970112000001}
{"config": [3, 64, 128, 64, 0, 1], "accuracy": 0.9680489830000001}
{"config": [3, 16, 128, 64, 0, 0], "accuracy": 0.9708011623}
{"config": [6, 16, 64, 64, 0, 1], "accuracy": 0.9662308012}
{"config": [3, 64, 64, 32, 0, 0], "accuracy": 0.9744499792}
{"config": [3, 16, 32, 32, 0, 0], "accuracy": 0.9698837692000001}
{"config": [9, 64, 128, 32, 0, 0], "accuracy": 0.9616894977}
{"config": [3, 64, 16, 32, 0, 1], "accuracy": 0.9717268576}
{"config": [9, 16, 128, 32, 1, 1], "accuracy": 0.9717310087000001}
{"config": [3, 64, 64, 64, 0, 1], "accuracy": 0.9671731009000001}
{"config": [3, 64, 16, 64, 0, 1], "accuracy": 0.9717102532}
{"config": [6, 32, 128, 64, 0, 0], "accuracy": 0.9644458281}
{"config": [9, 16, 64, 41, 0, 0], "accuracy": 0.9680572852}
{"config": [3, 32, 32, 64, 0, 1], "accuracy": 0.9616811955000001}
{"config": [9, 64, 128, 64, 1, 0], "accuracy": 0.9626068908000001}
{"config": [9, 64, 64, 41, 0, 1], "accuracy": 0.9644167704000001}
{"config": [6, 32, 64, 32, 0, 1], "accuracy": 0.9662349523}
{"config": [3, 16, 16, 32, 0, 1], "accuracy": 0.9717351598}
{"config": [3, 64, 128, 41, 1, 1], "accuracy": 0.9644126193}
{"config": [3, 64, 32, 41, 0, 1], "accuracy": 0.9689746783000001}
{"config": [9, 16, 128, 64, 0, 0], "accuracy": 0.9607513491}
{"config": [9, 32, 128, 32, 0, 0], "accuracy": 0.9644167704000001}
{"config": [6, 32, 64, 64, 0, 0], "accuracy": 0.9662474056}
{"config": [9, 64, 16, 41, 1, 0], "accuracy": 0.9708094645}
{"config": [9, 64, 32, 32, 1, 0], "accuracy": 0.9671606476000001}
{"config": [3, 16, 128, 41, 0, 1], "accuracy": 0.9717061021000001}
{"config": [6, 32, 16, 64, 0, 0], "accuracy": 0.9698920714}
{"config": [6, 32, 16, 32, 0, 0], "accuracy": 0.9726193441000001}
{"config": [6, 16, 64, 32, 1, 1], "accuracy": 0.9689705272}
{"config": [9, 16, 32, 64, 1, 0], "accuracy": 0.9717061021000001}
{"config": [9, 16, 16, 41, 0, 0], "accuracy": 0.9707970112000001}
{"config": [3, 16, 32, 64, 0, 0], "accuracy": 0.9708011623}
{"config": [9, 64, 64, 64, 1, 0], "accuracy": 0.9689912827}
{"config": [3, 32, 128, 32, 0, 1], "accuracy": 0.9662308012}
{"config": [3, 64, 128, 32, 1, 0], "accuracy": 0.9726151930000001}
{"config": [3, 32, 128, 41, 1, 0], "accuracy": 0.9689788294}
{"config": [3, 64, 64, 41, 1, 0], "accuracy": 0.9707970112000001}
{"config": [9, 16, 32, 32, 1, 1], "accuracy": 0.9680614363000001}
{"config": [3, 32, 32, 32, 0, 0], "accuracy": 0.9671440432}
{"config": [9, 64, 64, 32, 1, 0], "accuracy": 0.9726276463}
{"config": [3, 64, 16, 41, 1, 0], "accuracy": 0.9753715235}
{"config": [3, 16, 32, 41, 0, 1], "accuracy": 0.9644250726}
{"config": [9, 32, 32, 41, 0, 0], "accuracy": 0.9689746783000001}
{"config": [3, 16, 64, 64, 1, 0], "accuracy": 0.9717227065}
{"config": [9, 32, 64, 41, 1, 1], "accuracy": 0.9662391034000001}
