{"config": [6, 64, 128, 64, 0, 0], "accuracy": 0.8034482759}
{"config": [3, 16, 16, 64, 1, 1], "accuracy": 0.7834975369}
{"config": [6, 64, 64, 32, 0, 0], "accuracy": 0.7827586207}
{"config": [6, 16, 128, 41, 1, 1], "accuracy": 0.7618226601}
{"config": [6, 16, 16, 64, 0, 1], "accuracy": 0.8320197044000001}
{"config": [9, 16, 64, 64, 0, 0], "accuracy": 0.7684729064}
{"config": [6, 64, 16, 64, 1, 1], "accuracy": 0.8672413793}
{"config": [9, 64, 16, 32, 0, 1], "accuracy": 0.8529556650000001}
{"config": [9, 64, 128, 32, 0, 0], "accuracy": 0.7960591133}
{"config": [9, 16, 16, 32, 1, 1], "accuracy": 0.754679803}
{"config": [9, 64, 32, 64, 0, 1], "accuracy": 0.7906403941}
{"config": [9, 16, 128, 64, 0, 0], "accuracy": 0.7630541872000001}
{"config": [6, 32, 16, 64, 0, 0], "accuracy": 0.7266009852}
{"config": [9, 16, 64, 32, 1, 1], "accuracy": 0.818226601}
{"config": [9, 64, 16, 41, 1, 0], "accuracy": 0.7618226601}
{"config": [3, 64, 64, 64, 0, 1], "accuracy": 0.8115763547}
{"config": [9, 32, 128, 32, 0, 1], "accuracy": 0.7413793103}
{"config": [3, 64, 16, 32, 0, 1], "accuracy": 0.8115763547}
{"config": [3, 32, 128, 64, 0, 0], "accuracy": 0.7697044335000001}
{"config": [9, 16, 32, 64, 1, 1], "accuracy": 0.8041871921}
{"config": [3, 64, 128, 41, 0, 1], "accuracy": 0.8253694581000001}
{"config": [6, 32, 64, 32, 0, 1], "accuracy": 0.7908866995}
{"config": [3, 64, 16, 64, 0, 1], "accuracy": 0.8120689655000001}
{"config": [9, 64, 64, 64, 1, 0], "accuracy": 0.8256157635}
{"config": [9, 16, 16, 64, 1, 1], "accuracy": 0.7903940887}
{"config": [3, 16, 32, 32, 0, 1], "accuracy": 0.8115763547}
{"config": [9, 64, 32, 32, 0, 1], "accuracy": 0.7972906404000001}
{"config": [9, 32, 64, 64, 0, 1], "accuracy": 0.7773399015}
{"config": [6, 16, 64, 41, 0, 0], "accuracy": 0.7692118227}
{"config": [9, 32, 16, 32, 0, 1], "accuracy": 0.7768472906}
{"config": [3, 16, 128, 32, 0, 0], "accuracy": 0.7832512315}
{"config": [3, 64, 128, 32, 1, 0], "accuracy": 0.7817733990000001}
{"config": [9, 16, 32, 32, 0, 0], "accuracy": 0.8105911330000001}
{"config": [3, 16, 128, 64, 1, 1], "accuracy": 0.797044335}
{"config": [9, 64, 64, 41, 0, 1], "accuracy": 0.7822660099000001}
{"config": [3, 16, 16, 41, 0, 1], "accuracy": 0.7758620690000001}
{"config": [9, 64, 128, 41, 1, 1], "accuracy": 0.7564039409000001}
{"config": [3, 64, 128, 64, 0, 1], "accuracy": 0.8248768473}
{"config": [3, 16, 32, 64, 0, 0], "accuracy": 0.797044335}
{"config": [6, 32, 32, 32, 0, 1], "accuracy": 0.7975369458}
{"config": [3, 32, 128, 41, 1, 0], "accuracy": 0.7615763547000001}
{"config": [9, 32, 32, 64, 0, 1], "accuracy": 0.7482758621000001}
{"config": [6, 16, 32, 41, 0, 1], "accuracy": 0.825862069}
{"config": [3, 16, 64, 64, 1, 1], "accuracy": 0.8458128079}
{"config": [9, 64, 64, 32, 0, 1], "accuracy": 0.8189655172}
{"config": [3, 32, 128, 32, 0, 1], "accuracy": 0.7689655172000001}
{"config": [3, 32, 64, 64, 1, 1], "accuracy": 0.8320197044000001}
{"config": [9, 32, 64, 41, 1, 1], "accuracy": 0.8113300493000001}
{"config": [9, 32, 32, 41, 0, 0], "accuracy": 0.7906403941}
{"config": [6, 64, 16, 64, 1, 0], "accuracy": 0.8034482759}
