{"config": [6, 64, 128, 64, 0, 0], "accuracy": 0.8026666667}
{"config": [3, 16, 16, 64, 1, 1], "accuracy": 0.8843333333000001}
{"config": [6, 64, 64, 32, 0, 0], "accuracy": 0.867}
{"config": [6, 16, 128, 41, 1, 1], "accuracy": 0.8513333333}
{"config": [6, 16, 16, 64, 0, 1], "accuracy": 0.8260000000000001}
{"config": [3, 16, 64, 64, 1, 0], "accuracy": 0.9013333333}
{"config": [3, 64, 16, 64, 0, 1], "accuracy": 0.867}
{"config": [3, 16, 32, 32, 0, 0], "accuracy": 0.9013333333}
{"config": [3, 64, 16, 32, 1, 0], "accuracy": 0.9343333333}
{"config": [3, 64, 128, 32, 1, 0], "accuracy": 0.884}
{"config": [3, 64, 32, 32, 0, 1], "accuracy": 0.8753333333000001}
{"config": [3, 32, 64, 32, 1, 0], "accuracy": 0.8586666667}
{"config": [3, 16, 16, 32, 1, 0], "accuracy": 0.8846666667}
{"config": [3, 16, 128, 64, 0, 0], "accuracy": 0.785}
{"config": [3, 64, 64, 64, 0, 1], "accuracy": 0.876}
{"config": [3, 32, 32, 64, 1, 0], "accuracy": 0.8596666667}
{"config": [3, 16, 128, 32, 0, 0], "accuracy": 0.776}
{"config": [9, 32, 128, 41, 1, 0], "accuracy": 0.8926666667}
{"config": [9, 64, 128, 32, 1, 0], "accuracy": 0.8260000000000001}
{"config": [3, 32, 16, 41, 1, 1], "accuracy": 0.8346666667}
{"config": [6, 16, 64, 32, 1, 1], "accuracy": 0.9423333333}
{"config": [6, 16, 64, 41, 0, 0], "accuracy": 0.8506666667}
{"config": [3, 16, 32, 64, 1, 1], "accuracy": 0.843}
{"config": [3, 32, 64, 64, 1, 1], "accuracy": 0.835}
{"config": [9, 64, 16, 32, 1, 0], "accuracy": 0.9006666667000001}
{"config": [3, 64, 32, 64, 1, 1], "accuracy": 0.8266666667}
{"config": [9, 32, 128, 64, 1, 1], "accuracy": 0.8096666667}
{"config": [3, 64, 128, 41, 1, 1], "accuracy": 0.7923333333}
{"config": [3, 32, 16, 64, 1, 0], "accuracy": 0.8926666667}
{"config": [3, 64, 16, 41, 1, 0], "accuracy": 0.9096666667000001}
{"config": [9, 64, 64, 64, 1, 0], "accuracy": 0.843}
{"config": [9, 16, 64, 32, 1, 1], "accuracy": 0.851}
{"config": [3, 32, 128, 41, 1, 0], "accuracy": 0.8673333333000001}
{"config": [3, 64, 64, 41, 1, 0], "accuracy": 0.8753333333000001}
{"config": [9, 32, 128, 32, 0, 1], "accuracy": 0.851}
{"config": [3, 32, 32, 32, 0, 0], "accuracy": 0.859}
{"config": [3, 32, 16, 32, 1, 0], "accuracy": 0.8836666667}
{"config": [3, 64, 64, 32, 1, 1], "accuracy": 0.868}
{"config": [3, 64, 16, 32, 0, 1], "accuracy": 0.892}
{"config": [6, 16, 64, 32, 1, 0], "accuracy": 0.834}
{"config": [3, 16, 32, 32, 1, 1], "accuracy": 0.8603333333000001}
{"config": [3, 16, 32, 41, 0, 1], "accuracy": 0.8753333333000001}
{"config": [9, 16, 64, 64, 0, 1], "accuracy": 0.9003333333}
{"config": [9, 64, 32, 41, 0, 0], "accuracy": 0.851}
{"config": [9, 64, 64, 41, 0, 1], "accuracy": 0.8516666667}
{"config": [6, 32, 64, 41, 0, 1], "accuracy": 0.8596666667}
{"config": [3, 16, 16, 41, 0, 1], "accuracy": 0.8503333333}
{"config": [9, 16, 128, 64, 0, 0], "accuracy": 0.8280000000000001}
{"config": [9, 32, 16, 32, 0, 1], "accuracy": 0.8173333333}
{"config": [9, 64, 32, 64, 1, 0], "accuracy": 0.8933333333000001}
