{"config": [9, 64, 64, 32, 1, 0], "accuracy": 0.7763546798000001}
{"config": [3, 64, 64, 32, 0, 1], "accuracy": 0.8391625616}
{"config": [3, 16, 128, 64, 1, 1], "accuracy": 0.797044335}
{"config": [6, 16, 128, 64, 0, 1], "accuracy": 0.7623152709000001}
{"config": [6, 16, 32, 41, 0, 1], "accuracy": 0.825862069}
{"config": [3, 64, 16, 64, 0, 1], "accuracy": 0.8120689655000001}
{"config": [3, 16, 64, 64, 1, 1], "accuracy": 0.8458128079}
{"config": [3, 64, 128, 32, 1, 0], "accuracy": 0.7817733990000001}
{"config": [3, 16, 128, 32, 0, 0], "accuracy": 0.7832512315}
{"config": [3, 16, 16, 32, 1, 0], "accuracy": 0.7967980296}
{"config": [3, 64, 64, 64, 0, 1], "accuracy": 0.8115763547}
{"config": [3, 16, 16, 64, 1, 1], "accuracy": 0.7834975369}
{"config": [3, 32, 64, 32, 1, 0], "accuracy": 0.8105911330000001}
{"config": [3, 64, 16, 32, 0, 1], "accuracy": 0.8115763547}
{"config": [3, 64, 128, 64, 0, 1], "accuracy": 0.8248768473}
{"config": [3, 32, 32, 41, 1, 1], "accuracy": 0.8458128079}
{"config": [3, 64, 32, 41, 0, 0], "accuracy": 0.8391625616}
{"config": [3, 32, 32, 64, 0, 1], "accuracy": 0.7977832512}
{"config": [3, 32, 128, 41, 1, 0], "accuracy": 0.7615763547000001}
{"config": [3, 16, 32, 32, 1, 1], "accuracy": 0.8248768473}
{"config": [6, 16, 64, 41, 0, 0], "accuracy": 0.7692118227}
{"config": [3, 32, 64, 64, 1, 1], "accuracy": 0.8320197044000001}
{"config": [9, 32, 16, 32, 0, 1], "accuracy": 0.7768472906}
{"config": [3, 64, 64, 41, 1, 1], "accuracy": 0.8598522167}
{"config": [9, 64, 16, 41, 1, 1], "accuracy": 0.7901477833}
{"config": [3, 64, 32, 64, 1, 1], "accuracy": 0.7834975369}
{"config": [9, 16, 32, 64, 1, 0], "accuracy": 0.7674876847000001}
{"config": [3, 32, 16, 41, 0, 0], "accuracy": 0.8174876847}
{"config": [3, 32, 128, 64, 0, 0], "accuracy": 0.7697044335000001}
{"config": [9, 64, 128, 64, 1, 1], "accuracy": 0.7270935961}
{"config": [3, 64, 32, 32, 1, 1], "accuracy": 0.8118226601}
{"config": [3, 16, 32, 64, 0, 0], "accuracy": 0.797044335}
{"config": [3, 64, 128, 41, 0, 1], "accuracy": 0.8253694581000001}
{"config": [3, 32, 32, 32, 0, 0], "accuracy": 0.8103448276}
{"config": [3, 64, 16, 41, 1, 1], "accuracy": 0.8039408867000001}
{"config": [6, 32, 64, 41, 0, 1], "accuracy": 0.7694581281}
{"config": [3, 32, 16, 64, 1, 0], "accuracy": 0.8322660099}
{"config": [3, 16, 128, 41, 1, 0], "accuracy": 0.8322660099}
{"config": [9, 16, 16, 41, 1, 0], "accuracy": 0.8312807882000001}
{"config": [3, 64, 64, 41, 0, 0], "accuracy": 0.7901477833}
{"config": [9, 16, 64, 32, 1, 1], "accuracy": 0.818226601}
{"config": [9, 16, 128, 32, 1, 1], "accuracy": 0.7839901478}
{"config": [9, 16, 64, 64, 0, 1], "accuracy": 0.7837438424000001}
{"config": [9, 16, 32, 32, 1, 0], "accuracy": 0.8041871921}
{"config": [9, 64, 64, 64, 1, 0], "accuracy": 0.8256157635}
{"config": [9, 64, 32, 64, 0, 1], "accuracy": 0.7906403941}
{"config": [3, 16, 16, 41, 1, 1], "accuracy": 0.8325123153}
{"config": [9, 32, 32, 41, 1, 0], "accuracy": 0.8118226601}
{"config": [9, 64, 128, 41, 1, 1], "accuracy": 0.7564039409000001}
{"config": [6, 64, 32, 41, 0, 1], "accuracy": 0.8608374384}
