{"config": [6, 16, 128, 64, 1, 1], "accuracy": 0.9991666667}
{"config": [3, 64, 16, 64, 0, 1], "accuracy": 1.0}
{"config": [9, 16, 128, 41, 1, 0], "accuracy": 1.0}
{"config": [9, 64, 32, 32, 0, 1], "accuracy": 1.0}
{"config": [3, 64, 128, 64, 0, 1], "accuracy": 0.9966666667}
{"config": [6, 16, 128, 64, 1, 0], "accuracy": 0.99875}
{"config": [3, 16, 16, 32, 0, 1], "accuracy": 0.9970833333}
{"config": [9, 16, 16, 64, 0, 1], "accuracy": 1.0}
{"config": [9, 64, 32, 64, 1, 0], "accuracy": 1.0}
{"config": [6, 32, 32, 64, 1, 0], "accuracy": 0.9995833333}
{"config": [9, 64, 64, 64, 1, 0], "accuracy": 1.0}
{"config": [9, 32, 64, 32, 1, 1], "accuracy": 1.0}
{"config": [3, 32, 32, 41, 1, 0], "accuracy": 0.9991666667}
{"config": [3, 64, 128, 32, 1, 0], "accuracy": 0.9983333333000001}
{"config": [6, 64, 128, 64, 0, 1], "accuracy": 1.0}
{"config": [9, 16, 64, 64, 0, 0], "accuracy": 1.0}
{"config": [9, 64, 16, 32, 1, 0], "accuracy": 1.0}
{"config": [3, 32, 128, 32, 0, 1], "accuracy": 0.9983333333000001}
{"config": [9, 32, 16, 41, 0, 1], "accuracy": 1.0}
{"config": [3, 16, 128, 41, 1, 0], "accuracy": 0.9958333333}
{"config": [6, 16, 32, 32, 0, 1], "accuracy": 1.0}
{"config": [3, 64, 64, 32, 0, 0], "accuracy": 0.9979166667}
{"config": [6, 64, 32, 32, 0, 0], "accuracy": 1.0}
{"config": [9, 32, 128, 32, 0, 0], "accuracy": 0.9991666667}
{"config": [9, 32, 128, 64, 1, 1], "accuracy": 1.0}
{"config": [6, 16, 64, 41, 0, 0], "accuracy": 0.9991666667}
{"config": [3, 64, 16, 32, 1, 1], "accuracy": 1.0}
{"config": [9, 16, 16, 41, 1, 0], "accuracy": 1.0}
{"config": [3, 32, 64, 64, 1, 1], "accuracy": 0.9991666667}
{"config": [6, 64, 128, 41, 0, 1], "accuracy": 1.0}
{"config": [3, 16, 32, 64, 1, 1], "accuracy": 0.9983333333000001}
{"config": [3, 32, 16, 64, 1, 0], "accuracy": 0.9995833333}
{"config": [6, 16, 128, 32, 0, 1], "accuracy": 1.0}
{"config": [3, 16, 32, 64, 0, 0], "accuracy": 0.9975}
{"config": [9, 64, 64, 41, 1, 0], "accuracy": 1.0}
{"config": [9, 16, 32, 32, 1, 0], "accuracy": 1.0}
{"config": [9, 16, 128, 64, 0, 0], "accuracy": 0.9991666667}
{"config": [9, 16, 32, 32, 0, 0], "accuracy": 1.0}
{"config": [3, 32, 64, 32, 1, 0], "accuracy": 0.9970833333}
{"config": [3, 64, 64, 64, 0, 1], "accuracy": 0.9979166667}
{"config": [6, 32, 128, 64, 1, 1], "accuracy": 1.0}
{"config": [9, 64, 16, 41, 1, 1], "accuracy": 1.0}
{"config": [9, 16, 64, 32, 1, 1], "accuracy": 1.0}
{"config": [9, 64, 128, 32, 0, 0], "accuracy": 1.0}
{"config": [3, 16, 64, 64, 1, 1], "accuracy": 0.9975}
{"config": [9, 64, 32, 64, 0, 1], "accuracy": 1.0}
{"config": [3, 32, 16, 41, 0, 0], "accuracy": 1.0}
{"config": [6, 32, 128, 41, 1, 0], "accuracy": 0.9991666667}
{"config": [9, 16, 32, 64, 1, 1], "accuracy": 1.0}
{"config": [6, 32, 128, 64, 0, 0], "accuracy": 0.9995833333}
