{"config": [9, 32, 16, 41, 0, 1], "accuracy": 0.8212135141}
{"config": [6, 64, 32, 64, 0, 0], "accuracy": 0.830870298}
{"config": [6, 16, 16, 64, 0, 0], "accuracy": 0.8273385429000001}
{"config": [6, 16, 16, 64, 1, 0], "accuracy": 0.8167930744}
{"config": [3, 32, 16, 41, 0, 1], "accuracy": 0.8334597411}
{"config": [3, 16, 128, 32, 0, 0], "accuracy": 0.8194744503}
{"config": [3, 64, 128, 64, 0, 1], "accuracy": 0.8212288363}
{"config": [6, 16, 64, 64, 0, 1], "accuracy": 0.8281965832}
{"config": [3, 64, 64, 32, 0, 0], "accuracy": 0.8264575193}
{"config": [3, 16, 128, 64, 0, 0], "accuracy": 0.8124760591}
{"config": [3, 16, 32, 32, 0, 0], "accuracy": 0.8273423734}
{"config": [3, 64, 16, 32, 0, 1], "accuracy": 0.8387190684}
{"config": [9, 64, 128, 32, 0, 0], "accuracy": 0.8255688348}
{"config": [3, 64, 16, 64, 0, 1], "accuracy": 0.8089902704}
{"config": [3, 64, 64, 64, 0, 1], "accuracy": 0.8185781047}
{"config": [3, 32, 32, 64, 0, 1], "accuracy": 0.8299471386}
{"config": [9, 32, 128, 64, 1, 1], "accuracy": 0.8281927526}
{"config": [9, 16, 64, 41, 0, 0], "accuracy": 0.7887612043000001}
{"config": [3, 32, 128, 32, 0, 1], "accuracy": 0.8238336015000001}
{"config": [9, 64, 32, 32, 0, 1], "accuracy": 0.8387420516}
{"config": [3, 16, 16, 32, 0, 1], "accuracy": 0.8273270513000001}
{"config": [3, 64, 32, 41, 0, 0], "accuracy": 0.8273500345}
{"config": [6, 32, 64, 64, 0, 0], "accuracy": 0.8378763503000001}
{"config": [9, 64, 128, 64, 1, 0], "accuracy": 0.8247261166000001}
{"config": [3, 32, 32, 32, 0, 0], "accuracy": 0.8142074619}
{"config": [9, 64, 64, 41, 0, 1], "accuracy": 0.811533747}
{"config": [3, 16, 32, 64, 0, 0], "accuracy": 0.7992798590000001}
{"config": [6, 32, 16, 64, 0, 0], "accuracy": 0.8202980158000001}
{"config": [9, 16, 128, 41, 1, 0], "accuracy": 0.8194476366000001}
{"config": [3, 64, 128, 41, 1, 1], "accuracy": 0.839607753}
{"config": [3, 32, 64, 32, 1, 0], "accuracy": 0.8396498889}
{"config": [9, 64, 16, 41, 1, 1], "accuracy": 0.8273653566}
{"config": [3, 32, 128, 41, 1, 0], "accuracy": 0.8115375776}
{"config": [3, 64, 128, 32, 1, 0], "accuracy": 0.8343445951}
{"config": [3, 32, 64, 64, 1, 1], "accuracy": 0.818566613}
{"config": [9, 32, 64, 32, 1, 1], "accuracy": 0.8246916418}
{"config": [9, 32, 32, 64, 0, 1], "accuracy": 0.8151267908000001}
{"config": [3, 16, 16, 41, 0, 1], "accuracy": 0.8203095074000001}
{"config": [9, 16, 128, 64, 0, 0], "accuracy": 0.8352179576000001}
{"config": [9, 64, 64, 64, 1, 0], "accuracy": 0.8185857657000001}
{"config": [6, 16, 64, 32, 1, 1], "accuracy": 0.8098061748000001}
{"config": [9, 32, 128, 32, 0, 0], "accuracy": 0.8290890983}
{"config": [9, 64, 16, 32, 1, 0], "accuracy": 0.8273232207000001}
{"config": [3, 64, 32, 32, 1, 1], "accuracy": 0.8387343906}
{"config": [9, 32, 64, 64, 0, 1], "accuracy": 0.8326055313}
{"config": [9, 64, 64, 32, 1, 0], "accuracy": 0.8317283383}
{"config": [9, 16, 32, 32, 0, 0], "accuracy": 0.8238450931}
{"config": [9, 16, 128, 32, 1, 1], "accuracy": 0.8334750632}
{"config": [3, 32, 16, 32, 1, 0], "accuracy": 0.8264651804}
{"config": [3, 32, 128, 64, 0, 0], "accuracy": 0.8229717306000001}
