{"config": [6, 64, 128, 64, 0, 0], "accuracy": 0.9637980547}
{"config": [3, 16, 16, 64, 1, 1], "accuracy": 0.9756276054}
{"config": [9, 16, 64, 41, 0, 1], "accuracy": 0.9709124595}
{"config": [6, 16, 128, 41, 1, 1], "accuracy": 0.9677721167000001}
{"config": [6, 16, 16, 64, 0, 1], "accuracy": 0.9787741238000001}
{"config": [9, 64, 16, 32, 0, 1], "accuracy": 0.981127065}
{"config": [9, 64, 32, 64, 1, 0], "accuracy": 0.9701096187}
{"config": [9, 64, 128, 32, 1, 0], "accuracy": 0.9701312336000001}
{"config": [9, 16, 16, 32, 1, 1], "accuracy": 0.9732993670000001}
{"config": [9, 16, 128, 64, 1, 0], "accuracy": 0.9669939787}
{"config": [3, 64, 64, 32, 0, 0], "accuracy": 0.9716875096}
{"config": [3, 32, 16, 41, 0, 0], "accuracy": 0.9834769183000001}
{"config": [3, 64, 16, 64, 0, 1], "accuracy": 0.9764211826}
{"config": [3, 32, 64, 64, 1, 1], "accuracy": 0.9732808399}
{"config": [3, 16, 128, 64, 0, 0], "accuracy": 0.9732530493}
{"config": [9, 32, 128, 32, 0, 0], "accuracy": 0.9756245175}
{"config": [9, 32, 32, 32, 1, 1], "accuracy": 0.9724779991}
{"config": [3, 16, 32, 32, 0, 1], "accuracy": 0.9756337811}
{"config": [9, 64, 64, 41, 0, 1], "accuracy": 0.9685348155000001}
{"config": [6, 32, 32, 64, 1, 0], "accuracy": 0.9685379034}
{"config": [3, 64, 64, 64, 0, 1], "accuracy": 0.9756214297}
{"config": [3, 64, 32, 41, 0, 1], "accuracy": 0.9795615254000001}
{"config": [3, 32, 128, 41, 1, 0], "accuracy": 0.9701065308000001}
{"config": [9, 16, 64, 64, 0, 0], "accuracy": 0.9716875096}
{"config": [3, 64, 128, 41, 0, 1], "accuracy": 0.9732715763}
{"config": [3, 16, 128, 32, 0, 0], "accuracy": 0.9693407442}
{"config": [3, 64, 16, 32, 1, 0], "accuracy": 0.9732684885}
{"config": [9, 32, 128, 64, 1, 1], "accuracy": 0.9638289331000001}
{"config": [3, 32, 64, 32, 1, 0], "accuracy": 0.9724841748}
{"config": [9, 64, 16, 41, 1, 0], "accuracy": 0.9803551027}
{"config": [3, 16, 32, 64, 0, 0], "accuracy": 0.9724779991}
{"config": [9, 64, 32, 32, 1, 0], "accuracy": 0.9724810869}
{"config": [3, 32, 128, 32, 0, 1], "accuracy": 0.9764026556000001}
{"config": [3, 16, 64, 64, 1, 1], "accuracy": 0.9646348618}
{"config": [3, 16, 16, 41, 0, 1], "accuracy": 0.9748371159}
{"config": [9, 16, 64, 32, 1, 1], "accuracy": 0.9787772117}
{"config": [6, 32, 16, 64, 0, 0], "accuracy": 0.9709031959000001}
{"config": [3, 64, 128, 32, 1, 0], "accuracy": 0.9811147136}
{"config": [9, 16, 32, 64, 1, 1], "accuracy": 0.9614914312}
{"config": [9, 16, 32, 32, 0, 0], "accuracy": 0.9764088312}
{"config": [9, 64, 64, 64, 1, 0], "accuracy": 0.9669785394}
{"config": [6, 32, 16, 32, 0, 0], "accuracy": 0.9748494673}
{"config": [9, 32, 64, 32, 1, 1], "accuracy": 0.9669847151000001}
{"config": [9, 16, 128, 32, 1, 1], "accuracy": 0.9724810869}
{"config": [3, 64, 32, 64, 1, 1], "accuracy": 0.9764150069}
{"config": [3, 64, 64, 41, 1, 0], "accuracy": 0.9724934383}
{"config": [3, 16, 32, 41, 1, 0], "accuracy": 0.9717029489000001}
{"config": [9, 32, 16, 41, 0, 1], "accuracy": 0.9732654006}
{"config": [3, 64, 128, 64, 1, 0], "accuracy": 0.9811239771}
{"config": [3, 32, 128, 64, 0, 0], "accuracy": 0.9748340281000001}
