{"config": [6, 64, 128, 64, 0, 0], "accuracy": 0.5894185094000001}
{"config": [3, 16, 16, 64, 1, 1], "accuracy": 0.6113185913}
{"config": [6, 64, 64, 32, 0, 0], "accuracy": 0.4771990172}
{"config": [6, 16, 128, 41, 1, 1], "accuracy": 0.5391809992000001}
{"config": [6, 16, 16, 64, 0, 1], "accuracy": 0.5968222768}
{"config": [3, 16, 64, 64, 1, 0], "accuracy": 0.5930548731}
{"config": [3, 64, 16, 64, 0, 1], "accuracy": 0.6093857494}
{"config": [3, 16, 128, 64, 0, 0], "accuracy": 0.4592301392}
{"config": [3, 64, 128, 32, 1, 0], "accuracy": 0.4395413595}
{"config": [3, 16, 32, 32, 1, 1], "accuracy": 0.5823587224}
{"config": [3, 64, 64, 64, 0, 1], "accuracy": 0.5102211302}
{"config": [3, 64, 16, 32, 1, 0], "accuracy": 0.6147092547}
{"config": [3, 32, 16, 41, 1, 0], "accuracy": 0.6093529894}
{"config": [3, 32, 32, 64, 1, 0], "accuracy": 0.5642096642000001}
{"config": [6, 16, 64, 32, 1, 1], "accuracy": 0.4953480753}
{"config": [3, 16, 16, 32, 1, 0], "accuracy": 0.593038493}
{"config": [9, 64, 16, 41, 1, 1], "accuracy": 0.5805896806}
{"config": [3, 64, 32, 41, 0, 1], "accuracy": 0.5840950041}
{"config": [9, 32, 128, 41, 1, 0], "accuracy": 0.4016380016}
{"config": [3, 16, 32, 64, 0, 0], "accuracy": 0.5895004095}
{"config": [3, 16, 128, 32, 0, 0], "accuracy": 0.46651924650000004}
{"config": [9, 32, 16, 32, 1, 1], "accuracy": 0.6021785422}
{"config": [9, 64, 32, 64, 1, 0], "accuracy": 0.5840131040000001}
{"config": [9, 16, 64, 64, 0, 1], "accuracy": 0.5424897625}
{"config": [3, 32, 32, 32, 0, 0], "accuracy": 0.5784275184000001}
{"config": [3, 32, 16, 64, 1, 0], "accuracy": 0.6113022113000001}
{"config": [9, 64, 32, 32, 1, 0], "accuracy": 0.557035217}
{"config": [9, 16, 16, 41, 1, 0], "accuracy": 0.5675675676}
{"config": [3, 64, 32, 64, 1, 1], "accuracy": 0.6058149058}
{"config": [3, 64, 128, 64, 1, 0], "accuracy": 0.451957412}
{"config": [9, 64, 128, 64, 1, 1], "accuracy": 0.5406224406}
{"config": [9, 64, 128, 32, 0, 0], "accuracy": 0.5028173628}
{"config": [9, 64, 16, 32, 0, 1], "accuracy": 0.6040131040000001}
{"config": [9, 16, 128, 64, 0, 0], "accuracy": 0.5208681409}
{"config": [6, 64, 128, 41, 0, 0], "accuracy": 0.46471744470000004}
{"config": [6, 32, 64, 64, 0, 0], "accuracy": 0.5750696151}
{"config": [6, 32, 64, 41, 0, 1], "accuracy": 0.5587059787}
{"config": [6, 16, 64, 41, 0, 0], "accuracy": 0.5604095004}
{"config": [3, 16, 16, 41, 0, 1], "accuracy": 0.5930221130000001}
{"config": [9, 16, 32, 32, 0, 0], "accuracy": 0.5354463554000001}
{"config": [3, 32, 16, 32, 1, 0], "accuracy": 0.6022276822}
{"config": [6, 32, 128, 64, 0, 0], "accuracy": 0.5822932023}
{"config": [3, 16, 32, 41, 1, 0], "accuracy": 0.5895167895}
{"config": [3, 64, 32, 32, 0, 1], "accuracy": 0.5750204750000001}
{"config": [3, 64, 16, 41, 0, 1], "accuracy": 0.6129074529}
{"config": [3, 32, 64, 32, 1, 0], "accuracy": 0.5930876331}
{"config": [9, 64, 64, 64, 1, 0], "accuracy": 0.5332841933}
{"config": [9, 16, 32, 64, 1, 1], "accuracy": 0.5514987715}
{"config": [9, 32, 64, 32, 1, 0], "accuracy": 0.5117280917}
{"config": [3, 32, 32, 41, 1, 1], "accuracy": 0.5822440622}
