{"config": [6, 64, 128, 64, 0, 0], "accuracy": 0.7844203126}
{"config": [3, 16, 16, 64, 1, 1], "accuracy": 0.8551879982}
{"config": [6, 64, 64, 32, 0, 0], "accuracy": 0.8249011361}
{"config": [6, 16, 128, 41, 1, 1], "accuracy": 0.8159563116}
{"config": [6, 16, 16, 64, 0, 1], "accuracy": 0.8406565815}
{"config": [3, 16, 16, 32, 1, 0], "accuracy": 0.8428974954}
{"config": [3, 64, 16, 64, 0, 1], "accuracy": 0.8463059444000001}
{"config": [3, 16, 64, 64, 1, 0], "accuracy": 0.8529282531}
{"config": [3, 64, 16, 32, 1, 1], "accuracy": 0.8574602975000001}
{"config": [3, 16, 128, 64, 0, 0], "accuracy": 0.8585964472000001}
{"config": [3, 64, 128, 32, 1, 0], "accuracy": 0.8653380202000001}
{"config": [3, 32, 32, 41, 1, 1], "accuracy": 0.8372167472}
{"config": [3, 64, 64, 64, 0, 1], "accuracy": 0.8597074885}
{"config": [3, 32, 128, 32, 0, 1], "accuracy": 0.8440399222}
{"config": [3, 32, 16, 64, 1, 0], "accuracy": 0.8338522378000001}
{"config": [3, 64, 32, 41, 0, 0], "accuracy": 0.8417738999000001}
{"config": [6, 16, 64, 32, 1, 1], "accuracy": 0.8394953236}
{"config": [9, 32, 128, 64, 1, 1], "accuracy": 0.8339526709}
{"config": [9, 64, 128, 32, 0, 0], "accuracy": 0.7599711255}
{"config": [3, 32, 64, 32, 1, 0], "accuracy": 0.8574351893000001}
{"config": [3, 64, 64, 41, 1, 1], "accuracy": 0.8653129119}
{"config": [9, 64, 32, 64, 1, 0], "accuracy": 0.8383968364000001}
{"config": [3, 32, 128, 41, 1, 0], "accuracy": 0.8597012115}
{"config": [3, 32, 64, 64, 1, 1], "accuracy": 0.8518674283000001}
{"config": [3, 16, 32, 64, 1, 0], "accuracy": 0.8349946645}
{"config": [9, 64, 16, 41, 1, 0], "accuracy": 0.8350134957}
{"config": [3, 16, 128, 64, 1, 1], "accuracy": 0.8372041931}
{"config": [3, 32, 128, 64, 0, 0], "accuracy": 0.8540832339000001}
{"config": [9, 32, 64, 41, 1, 0], "accuracy": 0.8350448810000001}
{"config": [3, 32, 16, 32, 1, 0], "accuracy": 0.8394513841}
{"config": [3, 64, 128, 41, 0, 1], "accuracy": 0.8642018706}
{"config": [3, 16, 32, 32, 0, 0], "accuracy": 0.8406440274}
{"config": [9, 16, 64, 64, 0, 0], "accuracy": 0.8372293014000001}
{"config": [6, 16, 64, 41, 0, 0], "accuracy": 0.8283472475}
{"config": [9, 64, 64, 64, 1, 0], "accuracy": 0.8036155922}
{"config": [9, 16, 128, 64, 0, 0], "accuracy": 0.7776724625}
{"config": [3, 64, 32, 64, 1, 1], "accuracy": 0.8563178708}
{"config": [3, 16, 128, 32, 0, 0], "accuracy": 0.8541146193}
{"config": [9, 16, 16, 41, 1, 1], "accuracy": 0.8361810307}
{"config": [9, 64, 32, 32, 0, 1], "accuracy": 0.8552319377000001}
{"config": [9, 32, 32, 32, 1, 1], "accuracy": 0.8249262444000001}
{"config": [3, 32, 32, 64, 0, 1], "accuracy": 0.8484589793}
{"config": [3, 16, 16, 41, 0, 1], "accuracy": 0.8507187245000001}
{"config": [3, 64, 32, 32, 1, 1], "accuracy": 0.8529721926}
{"config": [9, 64, 16, 32, 0, 1], "accuracy": 0.8429539891000001}
{"config": [3, 16, 128, 41, 0, 0], "accuracy": 0.8608373611}
{"config": [9, 32, 32, 64, 1, 1], "accuracy": 0.8552256607000001}
{"config": [9, 32, 16, 41, 0, 1], "accuracy": 0.8260937794000001}
{"config": [6, 16, 32, 41, 1, 1], "accuracy": 0.837285795}
{"config": [9, 64, 64, 41, 0, 1], "accuracy": 0.7451384094}
