{"config": [9, 32, 16, 41, 0, 1], "accuracy": 0.5697624898}
{"config": [3, 32, 32, 64, 0, 1], "accuracy": 0.5659459459}
{"config": [6, 16, 16, 64, 0, 0], "accuracy": 0.5931531532000001}
{"config": [6, 16, 16, 64, 1, 0], "accuracy": 0.6057330057}
{"config": [3, 32, 16, 41, 0, 1], "accuracy": 0.6183947584}
{"config": [3, 16, 128, 32, 0, 0], "accuracy": 0.46651924650000004}
{"config": [3, 16, 32, 32, 1, 1], "accuracy": 0.5823587224}
{"config": [3, 64, 128, 64, 1, 0], "accuracy": 0.451957412}
{"config": [3, 64, 16, 32, 1, 0], "accuracy": 0.6147092547}
{"config": [3, 64, 16, 64, 0, 1], "accuracy": 0.6093857494}
{"config": [3, 64, 128, 32, 1, 0], "accuracy": 0.4395413595}
{"config": [3, 16, 16, 32, 1, 0], "accuracy": 0.593038493}
{"config": [3, 64, 64, 32, 1, 1], "accuracy": 0.5118755119}
{"config": [3, 16, 128, 64, 1, 1], "accuracy": 0.46098280100000005}
{"config": [3, 32, 16, 64, 1, 0], "accuracy": 0.6113022113000001}
{"config": [3, 16, 64, 64, 1, 1], "accuracy": 0.5587551188000001}
{"config": [3, 64, 16, 41, 1, 1], "accuracy": 0.632972973}
{"config": [3, 64, 64, 64, 0, 1], "accuracy": 0.5102211302}
{"config": [3, 32, 64, 32, 1, 0], "accuracy": 0.5930876331}
{"config": [9, 16, 64, 32, 1, 1], "accuracy": 0.4739393939}
{"config": [3, 64, 32, 41, 0, 0], "accuracy": 0.5372153972}
{"config": [9, 32, 128, 41, 1, 0], "accuracy": 0.4016380016}
{"config": [9, 64, 16, 41, 1, 0], "accuracy": 0.5895986896000001}
{"config": [3, 16, 16, 64, 1, 1], "accuracy": 0.6113185913}
{"config": [3, 32, 16, 32, 1, 0], "accuracy": 0.6022276822}
{"config": [3, 32, 64, 64, 1, 1], "accuracy": 0.5403439803}
{"config": [3, 16, 32, 41, 1, 0], "accuracy": 0.5895167895}
{"config": [9, 64, 32, 64, 1, 0], "accuracy": 0.5840131040000001}
{"config": [9, 16, 32, 64, 1, 1], "accuracy": 0.5514987715}
{"config": [3, 32, 32, 41, 1, 1], "accuracy": 0.5822440622}
{"config": [3, 64, 32, 64, 1, 1], "accuracy": 0.6058149058}
{"config": [3, 32, 128, 64, 0, 0], "accuracy": 0.49380835380000004}
{"config": [3, 16, 16, 41, 1, 1], "accuracy": 0.6257002457}
{"config": [3, 32, 128, 32, 0, 1], "accuracy": 0.47390663390000004}
{"config": [9, 32, 64, 41, 1, 1], "accuracy": 0.5607207207}
{"config": [9, 64, 64, 41, 1, 0], "accuracy": 0.5712366912}
{"config": [9, 16, 64, 64, 0, 0], "accuracy": 0.5661588862}
{"config": [9, 32, 64, 32, 1, 0], "accuracy": 0.5117280917}
{"config": [3, 64, 64, 41, 1, 0], "accuracy": 0.558968059}
{"config": [6, 16, 64, 41, 0, 0], "accuracy": 0.5604095004}
{"config": [9, 16, 16, 41, 1, 1], "accuracy": 0.5711711712}
{"config": [9, 64, 64, 64, 1, 0], "accuracy": 0.5332841933}
{"config": [9, 64, 128, 41, 1, 1], "accuracy": 0.5171171171}
{"config": [9, 64, 128, 64, 1, 1], "accuracy": 0.5406224406}
{"config": [9, 64, 16, 32, 0, 1], "accuracy": 0.6040131040000001}
{"config": [9, 32, 128, 64, 1, 1], "accuracy": 0.5062899263}
{"config": [3, 16, 32, 64, 1, 0], "accuracy": 0.5676658477000001}
{"config": [3, 32, 32, 32, 0, 0], "accuracy": 0.5784275184000001}
{"config": [9, 64, 32, 32, 1, 0], "accuracy": 0.557035217}
{"config": [6, 64, 16, 64, 1, 1], "accuracy": 0.5787223587}
