{"config": [9, 32, 16, 41, 0, 1], "accuracy": 0.7545290745000001}
{"config": [3, 32, 32, 64, 0, 1], "accuracy": 0.713038493}
{"config": [6, 16, 16, 64, 0, 0], "accuracy": 0.722047502}
{"config": [6, 16, 16, 64, 1, 0], "accuracy": 0.7058640459000001}
{"config": [3, 32, 16, 41, 0, 1], "accuracy": 0.7363800164000001}
{"config": [6, 16, 128, 32, 0, 1], "accuracy": 0.6301556102}
{"config": [9, 16, 64, 32, 1, 1], "accuracy": 0.6911384111000001}
{"config": [6, 64, 128, 64, 0, 0], "accuracy": 0.6572481572000001}
{"config": [9, 64, 16, 32, 0, 1], "accuracy": 0.7509254709000001}
{"config": [9, 64, 128, 32, 0, 0], "accuracy": 0.4891564292}
{"config": [9, 16, 128, 64, 0, 0], "accuracy": 0.6446683047}
{"config": [3, 64, 16, 64, 0, 1], "accuracy": 0.7455200655}
{"config": [6, 64, 64, 64, 0, 0], "accuracy": 0.6209172809}
{"config": [9, 16, 32, 32, 0, 0], "accuracy": 0.6517117117}
{"config": [9, 16, 64, 64, 0, 1], "accuracy": 0.7202293202000001}
{"config": [6, 32, 16, 64, 0, 0], "accuracy": 0.7384275184}
{"config": [9, 64, 32, 41, 0, 0], "accuracy": 0.7219164619}
{"config": [6, 32, 64, 41, 0, 1], "accuracy": 0.6315806716}
{"config": [3, 64, 16, 41, 0, 1], "accuracy": 0.7508927109}
{"config": [9, 64, 32, 64, 0, 1], "accuracy": 0.7146928747}
{"config": [9, 64, 16, 41, 1, 0], "accuracy": 0.7293038493}
{"config": [3, 32, 128, 64, 0, 0], "accuracy": 0.5813431613}
{"config": [9, 64, 64, 32, 0, 1], "accuracy": 0.5685995086}
{"config": [9, 32, 16, 32, 0, 1], "accuracy": 0.7311056511}
{"config": [9, 16, 32, 64, 1, 1], "accuracy": 0.7527436527}
{"config": [3, 64, 32, 32, 0, 0], "accuracy": 0.7220966421}
{"config": [9, 32, 32, 41, 0, 0], "accuracy": 0.6841277641}
{"config": [9, 16, 16, 41, 0, 0], "accuracy": 0.7075511876}
{"config": [3, 16, 32, 64, 0, 0], "accuracy": 0.7165929566}
{"config": [9, 32, 128, 41, 1, 0], "accuracy": 0.7311547912}
{"config": [9, 32, 64, 64, 0, 1], "accuracy": 0.6625389025}
{"config": [9, 32, 128, 32, 0, 1], "accuracy": 0.48175266180000004}
{"config": [9, 16, 128, 41, 1, 0], "accuracy": 0.5792956593}
{"config": [3, 32, 128, 41, 1, 0], "accuracy": 0.5846355446}
{"config": [9, 16, 64, 41, 0, 0], "accuracy": 0.6389189189000001}
{"config": [9, 32, 128, 64, 1, 1], "accuracy": 0.6444226044}
{"config": [3, 64, 32, 64, 1, 1], "accuracy": 0.7346601147}
{"config": [3, 64, 16, 32, 1, 0], "accuracy": 0.7364291564000001}
{"config": [3, 16, 64, 64, 1, 1], "accuracy": 0.7346273546000001}
{"config": [9, 32, 32, 64, 0, 1], "accuracy": 0.6913677314000001}
{"config": [3, 32, 32, 32, 0, 0], "accuracy": 0.7220638821}
{"config": [3, 16, 32, 41, 0, 1], "accuracy": 0.732956593}
{"config": [3, 64, 32, 41, 0, 1], "accuracy": 0.7094021294}
{"config": [3, 32, 64, 32, 1, 0], "accuracy": 0.7147583948}
{"config": [3, 16, 16, 32, 0, 1], "accuracy": 0.7383128583}
{"config": [9, 64, 128, 41, 1, 0], "accuracy": 0.5905323505}
{"config": [9, 32, 64, 32, 1, 1], "accuracy": 0.6280589681000001}
{"config": [3, 64, 64, 41, 1, 0], "accuracy": 0.7094185094000001}
{"config": [3, 16, 16, 41, 0, 1], "accuracy": 0.7418837019000001}
{"config": [3, 32, 64, 64, 1, 1], "accuracy": 0.6495495495}
