{"config": [6, 64, 128, 64, 0, 0], "accuracy": 0.8776348001000001}
{"config": [3, 16, 16, 64, 1, 1], "accuracy": 0.8709308895000001}
{"config": [6, 64, 64, 32, 0, 0], "accuracy": 0.896761032}
{"config": [6, 16, 128, 41, 1, 1], "accuracy": 0.9023601783}
{"config": [6, 16, 16, 64, 0, 1], "accuracy": 0.9000941560000001}
{"config": [9, 16, 64, 64, 0, 0], "accuracy": 0.8776787396}
{"config": [9, 16, 16, 32, 1, 1], "accuracy": 0.9169669198}
{"config": [9, 64, 16, 32, 0, 1], "accuracy": 0.8832402235}
{"config": [9, 64, 128, 32, 0, 0], "accuracy": 0.8630092273000001}
{"config": [9, 64, 32, 64, 0, 1], "accuracy": 0.8765614211}
{"config": [9, 16, 128, 64, 0, 0], "accuracy": 0.8619735108000001}
{"config": [9, 16, 64, 32, 1, 1], "accuracy": 0.8967484778}
{"config": [9, 32, 32, 41, 0, 0], "accuracy": 0.8866549495}
{"config": [9, 16, 128, 32, 1, 0], "accuracy": 0.8843889272000001}
{"config": [3, 32, 128, 32, 0, 1], "accuracy": 0.9012114745}
{"config": [9, 64, 64, 64, 1, 0], "accuracy": 0.8810118637000001}
{"config": [3, 16, 128, 32, 0, 0], "accuracy": 0.8933714142}
{"config": [9, 16, 32, 64, 1, 1], "accuracy": 0.8709120583000001}
{"config": [9, 32, 64, 41, 1, 1], "accuracy": 0.8664741699}
{"config": [9, 16, 16, 41, 0, 0], "accuracy": 0.8843952043000001}
{"config": [9, 32, 16, 32, 0, 1], "accuracy": 0.8899943506}
{"config": [9, 64, 32, 32, 0, 1], "accuracy": 0.8664051221}
{"config": [9, 16, 32, 32, 0, 0], "accuracy": 0.8990144999999999}
{"config": [6, 32, 16, 64, 0, 0], "accuracy": 0.8821668445}
{"config": [3, 32, 128, 64, 0, 0], "accuracy": 0.8754189944}
{"config": [3, 64, 16, 64, 0, 1], "accuracy": 0.8799008223}
{"config": [3, 64, 128, 41, 1, 1], "accuracy": 0.8956186052}
{"config": [3, 64, 64, 64, 0, 1], "accuracy": 0.8922603729}
{"config": [3, 16, 16, 32, 0, 1], "accuracy": 0.8810369719000001}
{"config": [3, 64, 64, 41, 1, 1], "accuracy": 0.8743016760000001}
{"config": [3, 32, 64, 32, 1, 0], "accuracy": 0.8843826502000001}
{"config": [3, 32, 64, 64, 1, 1], "accuracy": 0.8652940807}
{"config": [9, 32, 128, 41, 1, 0], "accuracy": 0.8832778859}
{"config": [3, 64, 16, 32, 1, 0], "accuracy": 0.8978532421000001}
{"config": [3, 16, 128, 64, 1, 1], "accuracy": 0.8698449564}
{"config": [3, 64, 128, 32, 1, 0], "accuracy": 0.8911493315000001}
{"config": [3, 64, 16, 41, 0, 1], "accuracy": 0.8900131818}
{"config": [9, 16, 16, 64, 1, 1], "accuracy": 0.8933776913}
{"config": [9, 32, 32, 64, 0, 1], "accuracy": 0.8877471596000001}
{"config": [6, 16, 64, 41, 0, 0], "accuracy": 0.9034837738}
{"config": [3, 16, 64, 64, 1, 1], "accuracy": 0.8821542904}
{"config": [9, 32, 128, 64, 1, 1], "accuracy": 0.8731655263}
{"config": [3, 64, 32, 64, 1, 1], "accuracy": 0.8641830394000001}
{"config": [3, 32, 32, 32, 0, 0], "accuracy": 0.8978657962000001}
{"config": [3, 64, 64, 32, 0, 1], "accuracy": 0.8731780805}
{"config": [9, 64, 16, 41, 1, 0], "accuracy": 0.8933337518000001}
{"config": [3, 64, 32, 41, 0, 0], "accuracy": 0.8787897809}
{"config": [9, 64, 64, 41, 0, 1], "accuracy": 0.8776410771}
{"config": [9, 32, 32, 32, 1, 0], "accuracy": 0.8598016446000001}
{"config": [3, 16, 32, 41, 0, 1], "accuracy": 0.8900320131}
