{"config": [9, 16, 16, 41, 0, 0], "accuracy": 0.8386113589}
{"config": [6, 64, 32, 64, 0, 0], "accuracy": 0.8446221486000001}
{"config": [6, 64, 64, 64, 0, 0], "accuracy": 0.8284404514}
{"config": [3, 32, 32, 64, 1, 0], "accuracy": 0.8401052065}
{"config": [3, 32, 16, 41, 0, 1], "accuracy": 0.8431169732}
{"config": [6, 64, 32, 64, 1, 0], "accuracy": 0.8427297056}
{"config": [3, 16, 128, 32, 0, 0], "accuracy": 0.8382347111}
{"config": [9, 16, 128, 64, 0, 0], "accuracy": 0.8325715418}
{"config": [9, 64, 128, 32, 0, 0], "accuracy": 0.8291951630000001}
{"config": [3, 64, 128, 64, 0, 0], "accuracy": 0.8495093666}
{"config": [3, 64, 16, 32, 0, 0], "accuracy": 0.841975702}
{"config": [3, 16, 16, 64, 1, 1], "accuracy": 0.8506421421}
{"config": [6, 16, 64, 32, 1, 1], "accuracy": 0.845755632}
{"config": [3, 64, 64, 32, 0, 1], "accuracy": 0.8363443921}
{"config": [3, 16, 32, 32, 0, 0], "accuracy": 0.8457478442}
{"config": [3, 16, 64, 64, 1, 1], "accuracy": 0.8416089659}
{"config": [3, 64, 16, 64, 0, 1], "accuracy": 0.853276553}
{"config": [3, 32, 128, 64, 0, 0], "accuracy": 0.8491369667}
{"config": [9, 32, 128, 32, 0, 1], "accuracy": 0.8476480750000001}
{"config": [9, 64, 32, 32, 0, 1], "accuracy": 0.845757756}
{"config": [9, 64, 128, 64, 1, 1], "accuracy": 0.8164089603}
{"config": [3, 64, 128, 41, 1, 1], "accuracy": 0.8476324993000001}
{"config": [9, 32, 64, 41, 1, 0], "accuracy": 0.8374771675}
{"config": [9, 16, 32, 64, 1, 1], "accuracy": 0.8337014854}
{"config": [3, 64, 32, 41, 0, 1], "accuracy": 0.8442405449}
{"config": [9, 64, 16, 41, 1, 0], "accuracy": 0.8416004701}
{"config": [3, 16, 16, 32, 1, 1], "accuracy": 0.8416160458}
{"config": [3, 16, 128, 64, 1, 1], "accuracy": 0.8453627005000001}
{"config": [3, 32, 128, 41, 1, 0], "accuracy": 0.8397427184}
{"config": [9, 32, 32, 32, 1, 1], "accuracy": 0.8416004701}
{"config": [3, 32, 64, 32, 1, 0], "accuracy": 0.8476240035}
{"config": [6, 32, 16, 64, 0, 0], "accuracy": 0.8427304136}
{"config": [9, 32, 64, 64, 0, 1], "accuracy": 0.8431183892}
{"config": [3, 32, 128, 32, 0, 1], "accuracy": 0.844236297}
{"config": [3, 16, 128, 41, 0, 1], "accuracy": 0.8465075117}
{"config": [3, 32, 64, 64, 1, 1], "accuracy": 0.8434822933}
{"config": [9, 32, 16, 32, 1, 0], "accuracy": 0.8404896422}
{"config": [9, 16, 128, 32, 1, 1], "accuracy": 0.8303229826}
{"config": [9, 64, 64, 41, 0, 1], "accuracy": 0.8363245685}
{"config": [9, 32, 64, 32, 1, 1], "accuracy": 0.8404669867000001}
{"config": [9, 16, 16, 64, 0, 1], "accuracy": 0.8415948062}
{"config": [9, 64, 16, 32, 0, 1], "accuracy": 0.8329488977}
{"config": [3, 16, 32, 64, 0, 0], "accuracy": 0.8510216219000001}
{"config": [9, 16, 64, 41, 0, 0], "accuracy": 0.8292071988}
{"config": [3, 64, 128, 32, 1, 0], "accuracy": 0.8446249805}
{"config": [9, 64, 64, 32, 1, 0], "accuracy": 0.8344668168}
{"config": [3, 16, 32, 41, 1, 0], "accuracy": 0.8506506379000001}
{"config": [3, 32, 32, 32, 0, 0], "accuracy": 0.8389674752}
{"config": [9, 32, 128, 64, 1, 1], "accuracy": 0.8423742973}
{"config": [3, 64, 64, 41, 1, 0], "accuracy": 0.8446079889}
