{"config": [9, 64, 16, 41, 1, 0], "accuracy": 0.8416004701}
{"config": [3, 16, 16, 64, 1, 1], "accuracy": 0.8506421421}
{"config": [9, 16, 64, 41, 0, 1], "accuracy": 0.8404790224}
{"config": [6, 16, 128, 64, 0, 0], "accuracy": 0.8529048610000001}
{"config": [3, 16, 16, 32, 0, 1], "accuracy": 0.8472572675000001}
{"config": [6, 16, 128, 64, 1, 0], "accuracy": 0.8337092732}
{"config": [6, 64, 128, 32, 0, 0], "accuracy": 0.8254216049}
{"config": [3, 64, 64, 64, 0, 1], "accuracy": 0.8483695113}
{"config": [6, 64, 128, 64, 0, 1], "accuracy": 0.834085921}
{"config": [6, 16, 16, 64, 0, 0], "accuracy": 0.8453726123}
{"config": [3, 64, 16, 64, 0, 1], "accuracy": 0.853276553}
{"config": [3, 64, 16, 32, 0, 1], "accuracy": 0.8555428118}
{"config": [3, 16, 128, 32, 0, 0], "accuracy": 0.8382347111}
{"config": [3, 32, 32, 64, 0, 1], "accuracy": 0.8385964912}
{"config": [9, 64, 64, 32, 0, 1], "accuracy": 0.8352123246000001}
{"config": [3, 16, 64, 64, 1, 0], "accuracy": 0.8307067103}
{"config": [9, 32, 128, 32, 0, 1], "accuracy": 0.8476480750000001}
{"config": [3, 32, 128, 64, 0, 0], "accuracy": 0.8491369667}
{"config": [3, 64, 32, 41, 0, 0], "accuracy": 0.8423594296}
{"config": [3, 32, 16, 41, 0, 1], "accuracy": 0.8431169732}
{"config": [3, 16, 128, 41, 0, 1], "accuracy": 0.8465075117}
{"config": [9, 64, 32, 64, 0, 1], "accuracy": 0.8306975065000001}
{"config": [3, 32, 64, 32, 1, 0], "accuracy": 0.8476240035}
{"config": [9, 32, 64, 64, 0, 1], "accuracy": 0.8431183892}
{"config": [9, 32, 32, 32, 1, 1], "accuracy": 0.8416004701}
{"config": [3, 16, 32, 41, 0, 1], "accuracy": 0.8570430313}
{"config": [3, 32, 128, 32, 0, 1], "accuracy": 0.844236297}
{"config": [9, 16, 16, 41, 1, 1], "accuracy": 0.8337050253}
{"config": [9, 64, 32, 32, 0, 1], "accuracy": 0.845757756}
{"config": [9, 32, 128, 64, 1, 1], "accuracy": 0.8423742973}
{"config": [9, 16, 32, 64, 1, 1], "accuracy": 0.8337014854}
{"config": [9, 64, 64, 64, 1, 0], "accuracy": 0.8329630574}
{"config": [6, 16, 64, 32, 1, 1], "accuracy": 0.845755632}
{"config": [6, 32, 16, 64, 1, 0], "accuracy": 0.8502690342}
{"config": [3, 64, 64, 41, 0, 1], "accuracy": 0.8401052065}
{"config": [9, 16, 32, 32, 0, 0], "accuracy": 0.8367047562000001}
{"config": [3, 64, 128, 41, 0, 1], "accuracy": 0.8461089164000001}
{"config": [9, 32, 128, 41, 1, 0], "accuracy": 0.7754180649}
{"config": [9, 16, 128, 32, 1, 1], "accuracy": 0.8303229826}
{"config": [6, 32, 64, 32, 0, 1], "accuracy": 0.8329566855}
{"config": [3, 64, 64, 32, 1, 1], "accuracy": 0.8562791159}
{"config": [3, 32, 16, 32, 1, 0], "accuracy": 0.8408507144}
{"config": [3, 32, 32, 32, 0, 0], "accuracy": 0.8389674752}
{"config": [3, 32, 64, 64, 1, 1], "accuracy": 0.8434822933}
{"config": [3, 64, 32, 64, 1, 1], "accuracy": 0.8525289212}
{"config": [9, 64, 128, 41, 1, 1], "accuracy": 0.822787194}
{"config": [3, 16, 32, 32, 1, 1], "accuracy": 0.8506407261000001}
{"config": [9, 32, 16, 32, 0, 1], "accuracy": 0.8468742478}
{"config": [3, 16, 32, 64, 0, 0], "accuracy": 0.8510216219000001}
{"config": [3, 64, 32, 32, 1, 1], "accuracy": 0.8457499681}
