{"config": [9, 64, 64, 32, 1, 0], "accuracy": 0.9969387755}
{"config": [3, 64, 64, 32, 0, 1], "accuracy": 0.9969387755}
{"config": [3, 16, 128, 41, 0, 0], "accuracy": 0.9979591837}
{"config": [9, 32, 32, 32, 1, 0], "accuracy": 0.9979591837}
{"config": [3, 32, 16, 41, 1, 1], "accuracy": 1.0}
{"config": [9, 64, 32, 64, 1, 0], "accuracy": 0.9979591837}
{"config": [9, 64, 128, 64, 1, 1], "accuracy": 0.9969387755}
{"config": [3, 16, 64, 64, 1, 0], "accuracy": 0.9979591837}
{"config": [6, 32, 32, 64, 1, 0], "accuracy": 0.9969387755}
{"config": [9, 16, 128, 64, 0, 0], "accuracy": 0.9928571429}
{"config": [9, 16, 16, 64, 0, 1], "accuracy": 1.0}
{"config": [9, 16, 128, 32, 1, 1], "accuracy": 0.9969387755}
{"config": [3, 64, 128, 32, 1, 0], "accuracy": 0.9989795918000001}
{"config": [9, 64, 16, 32, 0, 1], "accuracy": 0.9979591837}
{"config": [3, 16, 128, 64, 1, 1], "accuracy": 1.0}
{"config": [3, 16, 16, 32, 1, 0], "accuracy": 1.0}
{"config": [9, 64, 64, 64, 1, 0], "accuracy": 0.9969387755}
{"config": [9, 32, 64, 32, 1, 1], "accuracy": 0.9989795918000001}
{"config": [3, 32, 32, 41, 1, 0], "accuracy": 0.9989795918000001}
{"config": [3, 64, 16, 64, 0, 1], "accuracy": 0.9979591837}
{"config": [6, 64, 128, 64, 0, 1], "accuracy": 0.9989795918000001}
{"config": [9, 32, 128, 32, 0, 1], "accuracy": 0.9979591837}
{"config": [6, 16, 32, 41, 0, 1], "accuracy": 0.9979591837}
{"config": [3, 32, 128, 41, 1, 0], "accuracy": 0.9989795918000001}
{"config": [3, 64, 32, 32, 1, 1], "accuracy": 0.9989795918000001}
{"config": [3, 16, 128, 41, 1, 0], "accuracy": 1.0}
{"config": [6, 16, 64, 32, 1, 0], "accuracy": 0.9979591837}
{"config": [3, 16, 16, 64, 1, 1], "accuracy": 0.9979591837}
{"config": [9, 64, 128, 41, 1, 1], "accuracy": 0.9969387755}
{"config": [9, 16, 16, 41, 1, 0], "accuracy": 0.9989795918000001}
{"config": [9, 32, 64, 64, 0, 1], "accuracy": 0.9989795918000001}
{"config": [3, 64, 16, 32, 1, 0], "accuracy": 0.9989795918000001}
{"config": [3, 64, 32, 41, 0, 0], "accuracy": 0.9989795918000001}
{"config": [3, 32, 128, 64, 0, 0], "accuracy": 0.9989795918000001}
{"config": [9, 16, 32, 64, 1, 1], "accuracy": 0.9948979592}
{"config": [3, 64, 32, 64, 1, 1], "accuracy": 0.9989795918000001}
{"config": [9, 64, 16, 41, 1, 1], "accuracy": 1.0}
{"config": [9, 16, 64, 41, 0, 1], "accuracy": 0.9979591837}
{"config": [3, 64, 128, 64, 1, 0], "accuracy": 0.9969387755}
{"config": [9, 64, 128, 32, 0, 0], "accuracy": 0.9979591837}
{"config": [6, 32, 16, 64, 1, 0], "accuracy": 0.9959183673}
{"config": [3, 16, 128, 32, 0, 0], "accuracy": 1.0}
{"config": [3, 64, 64, 41, 1, 0], "accuracy": 0.9989795918000001}
{"config": [9, 16, 16, 32, 1, 1], "accuracy": 0.9989795918000001}
{"config": [3, 64, 64, 64, 0, 1], "accuracy": 0.9979591837}
{"config": [3, 16, 32, 64, 0, 0], "accuracy": 0.9989795918000001}
{"config": [9, 16, 64, 64, 0, 0], "accuracy": 0.9979591837}
{"config": [9, 64, 64, 41, 0, 1], "accuracy": 0.9969387755}
{"config": [9, 32, 128, 64, 1, 1], "accuracy": 0.9979591837}
{"config": [3, 32, 64, 32, 1, 0], "accuracy": 1.0}
