{"config": [6, 64, 128, 64, 0, 0], "accuracy": 0.9892156863}
{"config": [3, 16, 16, 64, 1, 1], "accuracy": 0.9882352941}
{"config": [6, 64, 64, 32, 0, 0], "accuracy": 0.9941176471000001}
{"config": [6, 16, 128, 41, 1, 1], "accuracy": 0.9950980392000001}
{"config": [6, 16, 16, 64, 0, 1], "accuracy": 0.9862745098000001}
{"config": [9, 64, 32, 64, 1, 0], "accuracy": 0.9862745098000001}
{"config": [6, 32, 32, 64, 1, 0], "accuracy": 0.9823529412}
{"config": [3, 64, 16, 32, 0, 0], "accuracy": 0.9931372549}
{"config": [9, 64, 128, 32, 1, 0], "accuracy": 0.9901960784}
{"config": [9, 16, 16, 32, 1, 1], "accuracy": 0.9911764706}
{"config": [9, 16, 128, 64, 1, 0], "accuracy": 0.9901960784}
{"config": [6, 16, 64, 32, 1, 0], "accuracy": 0.9941176471000001}
{"config": [3, 16, 64, 64, 1, 1], "accuracy": 0.9901960784}
{"config": [3, 16, 128, 32, 0, 0], "accuracy": 0.9931372549}
{"config": [3, 64, 16, 64, 0, 1], "accuracy": 0.9872549020000001}
{"config": [3, 64, 128, 41, 1, 1], "accuracy": 0.9911764706}
{"config": [3, 16, 32, 32, 0, 1], "accuracy": 0.9950980392000001}
{"config": [3, 64, 64, 64, 0, 1], "accuracy": 0.9882352941}
{"config": [3, 32, 128, 64, 0, 0], "accuracy": 0.9931372549}
{"config": [9, 64, 32, 32, 0, 1], "accuracy": 0.9862745098000001}
{"config": [9, 32, 128, 32, 0, 1], "accuracy": 0.9921568627}
{"config": [3, 32, 16, 41, 0, 0], "accuracy": 0.9911764706}
{"config": [3, 32, 64, 32, 1, 0], "accuracy": 0.9941176471000001}
{"config": [3, 64, 32, 41, 0, 0], "accuracy": 0.9901960784}
{"config": [9, 64, 16, 41, 1, 1], "accuracy": 0.9901960784}
{"config": [9, 32, 64, 64, 0, 1], "accuracy": 0.9911764706}
{"config": [3, 32, 128, 41, 1, 0], "accuracy": 0.9931372549}
{"config": [9, 32, 128, 64, 1, 1], "accuracy": 0.9911764706}
{"config": [9, 32, 32, 32, 1, 0], "accuracy": 0.9931372549}
{"config": [3, 16, 128, 64, 1, 1], "accuracy": 0.9941176471000001}
{"config": [6, 16, 32, 41, 0, 0], "accuracy": 0.9941176471000001}
{"config": [9, 64, 64, 41, 0, 1], "accuracy": 0.9921568627}
{"config": [9, 16, 32, 64, 1, 1], "accuracy": 0.9901960784}
{"config": [9, 16, 128, 32, 1, 0], "accuracy": 0.9931372549}
{"config": [9, 16, 64, 41, 0, 1], "accuracy": 0.9941176471000001}
{"config": [9, 64, 64, 64, 1, 0], "accuracy": 0.9882352941}
{"config": [3, 16, 32, 64, 0, 0], "accuracy": 0.9892156863}
{"config": [3, 16, 16, 32, 1, 0], "accuracy": 0.9921568627}
{"config": [3, 64, 128, 32, 1, 0], "accuracy": 0.9941176471000001}
{"config": [3, 64, 64, 32, 1, 1], "accuracy": 0.9970588235000001}
{"config": [9, 32, 64, 32, 1, 1], "accuracy": 0.9941176471000001}
{"config": [3, 32, 32, 41, 1, 0], "accuracy": 0.9911764706}
{"config": [6, 64, 128, 64, 0, 1], "accuracy": 0.9882352941}
{"config": [9, 16, 64, 64, 0, 0], "accuracy": 0.9931372549}
{"config": [3, 16, 128, 41, 1, 0], "accuracy": 0.9921568627}
{"config": [6, 32, 16, 64, 1, 0], "accuracy": 0.9823529412}
{"config": [3, 64, 128, 64, 1, 0], "accuracy": 0.9901960784}
{"config": [3, 64, 32, 64, 1, 1], "accuracy": 0.9882352941}
{"config": [6, 16, 32, 32, 0, 1], "accuracy": 0.9950980392000001}
{"config": [6, 64, 32, 32, 0, 0], "accuracy": 0.9901960784}
