{"config": [9, 64, 64, 32, 1, 0], "accuracy": 0.9608888889}
{"config": [3, 64, 64, 32, 0, 1], "accuracy": 0.9751111111}
{"config": [3, 16, 128, 41, 0, 0], "accuracy": 0.9724444444}
{"config": [9, 32, 32, 32, 1, 0], "accuracy": 0.9671111111}
{"config": [3, 32, 16, 41, 1, 1], "accuracy": 0.9644444444}
{"config": [3, 16, 64, 64, 1, 1], "accuracy": 0.9573333333}
{"config": [3, 64, 128, 32, 1, 0], "accuracy": 0.9733333333}
{"config": [3, 64, 128, 64, 0, 1], "accuracy": 0.9644444444}
{"config": [3, 16, 16, 32, 0, 1], "accuracy": 0.9724444444}
{"config": [3, 64, 16, 32, 0, 0], "accuracy": 0.9733333333}
{"config": [3, 64, 16, 64, 0, 1], "accuracy": 0.9564444444}
{"config": [6, 16, 64, 32, 1, 1], "accuracy": 0.9742222222}
{"config": [9, 32, 128, 32, 0, 1], "accuracy": 0.9688888889}
{"config": [9, 16, 16, 64, 0, 1], "accuracy": 0.96}
{"config": [6, 16, 128, 64, 1, 1], "accuracy": 0.9626666667}
{"config": [9, 64, 16, 32, 0, 1], "accuracy": 0.9671111111}
{"config": [9, 16, 128, 32, 1, 1], "accuracy": 0.9582222222000001}
{"config": [6, 64, 64, 64, 0, 0], "accuracy": 0.9591111111}
{"config": [9, 64, 128, 32, 0, 0], "accuracy": 0.9626666667}
{"config": [3, 64, 32, 41, 0, 1], "accuracy": 0.9617777778000001}
{"config": [9, 16, 64, 41, 0, 0], "accuracy": 0.9617777778000001}
{"config": [3, 32, 64, 32, 1, 0], "accuracy": 0.9786666667}
{"config": [3, 32, 32, 64, 0, 1], "accuracy": 0.9511111111}
{"config": [3, 32, 128, 64, 0, 0], "accuracy": 0.968}
{"config": [3, 16, 32, 41, 1, 0], "accuracy": 0.9591111111}
{"config": [9, 16, 16, 32, 1, 1], "accuracy": 0.9688888889}
{"config": [9, 32, 64, 64, 0, 1], "accuracy": 0.96}
{"config": [9, 64, 128, 64, 1, 0], "accuracy": 0.9528888889}
{"config": [9, 64, 32, 64, 1, 0], "accuracy": 0.9626666667}
{"config": [3, 64, 128, 41, 1, 1], "accuracy": 0.9733333333}
{"config": [3, 32, 128, 32, 0, 1], "accuracy": 0.9715555556000001}
{"config": [6, 32, 16, 64, 1, 0], "accuracy": 0.9564444444}
{"config": [3, 64, 32, 32, 1, 1], "accuracy": 0.9697777778000001}
{"config": [3, 16, 16, 64, 1, 1], "accuracy": 0.9573333333}
{"config": [9, 16, 32, 64, 1, 0], "accuracy": 0.9653333333}
{"config": [9, 16, 128, 64, 0, 0], "accuracy": 0.9582222222000001}
{"config": [3, 64, 64, 41, 1, 0], "accuracy": 0.9706666667}
{"config": [3, 32, 128, 41, 1, 0], "accuracy": 0.9617777778000001}
{"config": [6, 32, 16, 32, 0, 0], "accuracy": 0.9742222222}
{"config": [9, 32, 128, 64, 1, 1], "accuracy": 0.9626666667}
{"config": [9, 32, 64, 32, 1, 1], "accuracy": 0.9635555556000001}
{"config": [9, 64, 16, 41, 1, 0], "accuracy": 0.9644444444}
{"config": [9, 16, 16, 41, 0, 0], "accuracy": 0.9537777778000001}
{"config": [9, 16, 32, 32, 0, 0], "accuracy": 0.9564444444}
{"config": [3, 64, 32, 64, 1, 1], "accuracy": 0.9644444444}
{"config": [3, 32, 64, 64, 1, 1], "accuracy": 0.9617777778000001}
{"config": [6, 32, 64, 41, 0, 1], "accuracy": 0.968}
{"config": [3, 16, 128, 32, 0, 0], "accuracy": 0.9608888889}
{"config": [3, 32, 32, 32, 0, 0], "accuracy": 0.9688888889}
{"config": [9, 64, 64, 41, 0, 1], "accuracy": 0.9608888889}
