{"config": [6, 64, 128, 64, 0, 0], "accuracy": 0.9735574433}
{"config": [3, 16, 16, 64, 1, 1], "accuracy": 0.9786232259000001}
{"config": [6, 64, 64, 32, 0, 0], "accuracy": 0.9776338962000001}
{"config": [6, 16, 128, 41, 1, 1], "accuracy": 0.9755620015}
{"config": [6, 16, 16, 64, 0, 1], "accuracy": 0.9725422149}
{"config": [3, 64, 16, 64, 0, 1], "accuracy": 0.9755827204}
{"config": [3, 16, 16, 32, 0, 1], "accuracy": 0.9735263649}
{"config": [3, 64, 128, 32, 1, 0], "accuracy": 0.9725422149}
{"config": [3, 16, 128, 64, 0, 0], "accuracy": 0.9786543044}
{"config": [3, 32, 64, 64, 1, 1], "accuracy": 0.9715425256}
{"config": [9, 64, 16, 32, 1, 0], "accuracy": 0.9796539936}
{"config": [6, 16, 64, 32, 1, 0], "accuracy": 0.9725163162}
{"config": [9, 64, 64, 64, 1, 0], "accuracy": 0.9786284057}
{"config": [9, 16, 128, 64, 1, 0], "accuracy": 0.9715114472}
{"config": [3, 32, 16, 41, 1, 0], "accuracy": 0.9684605822000001}
{"config": [3, 64, 32, 32, 1, 1], "accuracy": 0.9775976380000001}
{"config": [9, 32, 128, 32, 0, 0], "accuracy": 0.9674246348000001}
{"config": [3, 16, 64, 64, 1, 0], "accuracy": 0.9714803688}
{"config": [9, 64, 128, 41, 1, 1], "accuracy": 0.9735522635}
{"config": [9, 16, 32, 32, 1, 1], "accuracy": 0.9806640423}
{"config": [9, 64, 32, 64, 1, 0], "accuracy": 0.9796488138}
{"config": [6, 32, 128, 64, 1, 1], "accuracy": 0.9643841293000001}
{"config": [3, 16, 32, 64, 0, 0], "accuracy": 0.9735522635}
{"config": [9, 16, 16, 41, 1, 0], "accuracy": 0.9745415933}
{"config": [3, 64, 64, 64, 0, 1], "accuracy": 0.9654148969}
{"config": [9, 64, 32, 41, 0, 0], "accuracy": 0.9694965296}
{"config": [9, 32, 64, 32, 1, 1], "accuracy": 0.9705065783000001}
{"config": [3, 16, 128, 32, 0, 0], "accuracy": 0.9725266756000001}
{"config": [9, 32, 32, 64, 1, 1], "accuracy": 0.9776235367}
{"config": [3, 32, 128, 41, 1, 0], "accuracy": 0.976613488}
{"config": [3, 64, 16, 41, 1, 1], "accuracy": 0.9745726717000001}
{"config": [3, 16, 32, 41, 0, 1], "accuracy": 0.9745726717000001}
{"config": [9, 16, 64, 64, 0, 1], "accuracy": 0.9796436341}
{"config": [3, 32, 16, 64, 1, 0], "accuracy": 0.9705013985000001}
{"config": [9, 64, 64, 32, 1, 1], "accuracy": 0.9704806796000001}
{"config": [3, 64, 64, 41, 1, 0], "accuracy": 0.9684554025000001}
{"config": [3, 64, 128, 41, 0, 1], "accuracy": 0.9705065783000001}
{"config": [9, 16, 64, 41, 0, 0], "accuracy": 0.976613488}
{"config": [3, 32, 32, 32, 0, 0], "accuracy": 0.9715218067}
{"config": [3, 64, 16, 32, 0, 0], "accuracy": 0.9694602714}
{"config": [9, 32, 16, 32, 0, 1], "accuracy": 0.9705117580000001}
{"config": [9, 64, 128, 32, 0, 0], "accuracy": 0.9776183570000001}
{"config": [3, 32, 128, 32, 0, 1], "accuracy": 0.9745415933}
{"config": [9, 16, 32, 64, 1, 1], "accuracy": 0.9796643531}
{"config": [3, 64, 32, 64, 1, 1], "accuracy": 0.9725473946000001}
{"config": [3, 32, 64, 32, 1, 0], "accuracy": 0.9776338962000001}
{"config": [9, 32, 32, 41, 1, 0], "accuracy": 0.9684502227}
{"config": [3, 64, 128, 64, 1, 0], "accuracy": 0.9684605822000001}
{"config": [9, 32, 64, 64, 0, 1], "accuracy": 0.9796591733000001}
{"config": [6, 64, 16, 64, 1, 0], "accuracy": 0.9745571325000001}
