{"config": [6, 16, 128, 64, 1, 1], "accuracy": 0.8380985634}
{"config": [3, 64, 64, 32, 0, 1], "accuracy": 0.8499279230000001}
{"config": [9, 32, 32, 64, 1, 1], "accuracy": 0.8432367318}
{"config": [9, 64, 32, 32, 0, 1], "accuracy": 0.8244755088}
{"config": [9, 32, 64, 41, 1, 1], "accuracy": 0.8356412111}
{"config": [3, 64, 64, 32, 0, 0], "accuracy": 0.8517188747000001}
{"config": [9, 64, 128, 64, 1, 0], "accuracy": 0.8374339086}
{"config": [3, 16, 16, 32, 1, 0], "accuracy": 0.8508230247}
{"config": [3, 64, 128, 32, 1, 0], "accuracy": 0.8490368117}
{"config": [3, 64, 16, 64, 0, 1], "accuracy": 0.8490385575}
{"config": [3, 16, 64, 64, 1, 0], "accuracy": 0.8517226157000001}
{"config": [3, 16, 128, 32, 0, 0], "accuracy": 0.8546263966000001}
{"config": [6, 16, 16, 64, 0, 0], "accuracy": 0.8443510575000001}
{"config": [3, 64, 64, 64, 0, 1], "accuracy": 0.8468019254}
{"config": [3, 32, 128, 64, 0, 0], "accuracy": 0.8479187450000001}
{"config": [3, 32, 32, 41, 1, 0], "accuracy": 0.8405536712}
{"config": [9, 32, 128, 32, 0, 0], "accuracy": 0.8445752694}
{"config": [6, 16, 64, 32, 1, 0], "accuracy": 0.8387667099}
{"config": [3, 64, 16, 32, 1, 0], "accuracy": 0.8541792199}
{"config": [9, 32, 16, 32, 0, 1], "accuracy": 0.8387709497}
{"config": [3, 32, 16, 64, 1, 0], "accuracy": 0.8470356145}
{"config": [3, 32, 128, 41, 1, 0], "accuracy": 0.8517196229}
{"config": [3, 64, 128, 64, 0, 1], "accuracy": 0.8405531724}
{"config": [9, 64, 16, 41, 1, 0], "accuracy": 0.8360886373}
{"config": [9, 16, 64, 64, 0, 0], "accuracy": 0.8244690243}
{"config": [3, 32, 64, 32, 1, 0], "accuracy": 0.8517211193}
{"config": [3, 16, 32, 64, 1, 1], "accuracy": 0.8468089086}
{"config": [3, 32, 64, 64, 1, 1], "accuracy": 0.8430077813}
{"config": [3, 64, 32, 64, 1, 1], "accuracy": 0.8476980247}
{"config": [9, 64, 128, 41, 1, 1], "accuracy": 0.8204569034}
{"config": [9, 16, 32, 32, 1, 0], "accuracy": 0.8307280028}
{"config": [9, 16, 128, 32, 1, 0], "accuracy": 0.828502095}
{"config": [9, 16, 16, 41, 1, 1], "accuracy": 0.8360858939}
{"config": [9, 64, 64, 64, 1, 0], "accuracy": 0.8211292897}
{"config": [3, 64, 32, 41, 0, 0], "accuracy": 0.8430100259000001}
{"config": [3, 16, 32, 41, 0, 1], "accuracy": 0.8476967777000001}
{"config": [3, 64, 64, 41, 1, 0], "accuracy": 0.8304973065}
{"config": [3, 16, 128, 41, 0, 0], "accuracy": 0.847249601}
{"config": [3, 32, 32, 64, 0, 1], "accuracy": 0.8490400539}
{"config": [9, 32, 128, 64, 1, 1], "accuracy": 0.8380925778}
{"config": [3, 32, 128, 32, 0, 1], "accuracy": 0.8463604848}
{"config": [3, 32, 16, 41, 0, 0], "accuracy": 0.8481432063000001}
{"config": [9, 64, 32, 64, 0, 1], "accuracy": 0.8347456105000001}
{"config": [6, 16, 64, 41, 0, 0], "accuracy": 0.8358584397000001}
{"config": [3, 64, 16, 41, 0, 1], "accuracy": 0.8488163408}
{"config": [9, 64, 64, 32, 1, 0], "accuracy": 0.8329653831}
{"config": [9, 64, 128, 32, 0, 0], "accuracy": 0.8405446927}
{"config": [9, 16, 128, 64, 0, 0], "accuracy": 0.8369780028}
{"config": [3, 16, 16, 64, 1, 1], "accuracy": 0.8461390164}
{"config": [3, 32, 32, 32, 0, 0], "accuracy": 0.8409911213}
