{"config": [9, 64, 16, 41, 1, 0], "accuracy": 0.7775867917}
{"config": [3, 16, 16, 64, 1, 1], "accuracy": 0.7925446429}
{"config": [6, 32, 16, 64, 1, 0], "accuracy": 0.7822703013000001}
{"config": [6, 16, 128, 64, 0, 0], "accuracy": 0.7791458001}
{"config": [3, 16, 32, 64, 1, 1], "accuracy": 0.8019124102}
{"config": [3, 16, 32, 64, 1, 0], "accuracy": 0.7871780227}
{"config": [3, 64, 128, 32, 1, 0], "accuracy": 0.7780195032}
{"config": [3, 64, 64, 64, 0, 1], "accuracy": 0.7800414006}
{"config": [9, 16, 64, 32, 1, 1], "accuracy": 0.7760198025}
{"config": [9, 64, 128, 64, 1, 1], "accuracy": 0.7784749102}
{"config": [9, 16, 64, 64, 0, 1], "accuracy": 0.7815936752}
{"config": [9, 16, 128, 32, 1, 1], "accuracy": 0.7646268955000001}
{"config": [3, 32, 16, 41, 0, 1], "accuracy": 0.7987948923}
{"config": [3, 64, 16, 64, 0, 1], "accuracy": 0.8019221369}
{"config": [3, 64, 16, 32, 1, 1], "accuracy": 0.7889729649}
{"config": [9, 16, 16, 32, 1, 1], "accuracy": 0.7878558958}
{"config": [3, 64, 128, 64, 0, 1], "accuracy": 0.7731190144000001}
{"config": [9, 64, 64, 32, 0, 1], "accuracy": 0.7784774042}
{"config": [6, 32, 128, 64, 1, 1], "accuracy": 0.7943143955}
{"config": [9, 64, 32, 64, 0, 1], "accuracy": 0.7731212590000001}
{"config": [3, 32, 64, 64, 1, 1], "accuracy": 0.8059442338}
{"config": [3, 64, 64, 41, 1, 1], "accuracy": 0.7934322626}
{"config": [3, 16, 32, 32, 1, 1], "accuracy": 0.7914270750000001}
{"config": [9, 32, 32, 32, 1, 1], "accuracy": 0.7760262869}
{"config": [3, 32, 128, 32, 0, 1], "accuracy": 0.7842779828}
{"config": [9, 64, 128, 41, 1, 1], "accuracy": 0.7784806464}
{"config": [3, 16, 64, 64, 1, 1], "accuracy": 0.803256684}
{"config": [3, 16, 128, 41, 1, 0], "accuracy": 0.7780247406}
{"config": [3, 32, 64, 32, 1, 0], "accuracy": 0.7811552275}
{"config": [3, 64, 32, 41, 0, 1], "accuracy": 0.7900862929}
{"config": [3, 16, 128, 64, 1, 1], "accuracy": 0.7885265363}
{"config": [3, 32, 32, 64, 0, 1], "accuracy": 0.7974603452}
{"config": [9, 16, 16, 64, 0, 1], "accuracy": 0.7751279429}
{"config": [9, 32, 128, 41, 1, 0], "accuracy": 0.780700818}
{"config": [6, 16, 32, 41, 1, 1], "accuracy": 0.7733300080000001}
{"config": [3, 64, 32, 64, 1, 1], "accuracy": 0.7867308460000001}
{"config": [3, 64, 64, 32, 0, 1], "accuracy": 0.7673126995}
{"config": [9, 32, 64, 41, 1, 1], "accuracy": 0.7927653631}
{"config": [3, 16, 16, 32, 1, 1], "accuracy": 0.7891822127}
{"config": [9, 64, 32, 32, 0, 1], "accuracy": 0.7702112430000001}
{"config": [9, 64, 128, 32, 0, 0], "accuracy": 0.7905279828}
{"config": [9, 32, 16, 32, 0, 1], "accuracy": 0.7775800579000001}
{"config": [9, 64, 64, 64, 1, 0], "accuracy": 0.7760225459000001}
{"config": [3, 32, 128, 64, 0, 0], "accuracy": 0.7950032422000001}
{"config": [6, 16, 64, 41, 0, 0], "accuracy": 0.7845011971}
{"config": [3, 32, 32, 41, 1, 1], "accuracy": 0.7856155227}
{"config": [3, 64, 16, 41, 0, 1], "accuracy": 0.8012547386000001}
{"config": [9, 32, 32, 64, 1, 1], "accuracy": 0.766634577}
{"config": [3, 16, 16, 41, 0, 1], "accuracy": 0.7979062749}
{"config": [9, 32, 64, 64, 0, 1], "accuracy": 0.7746800180000001}
