{"config": [9, 64, 16, 41, 1, 0], "accuracy": 0.8360886373}
{"config": [3, 16, 16, 64, 1, 1], "accuracy": 0.8461390164}
{"config": [6, 16, 128, 64, 0, 1], "accuracy": 0.8282674082}
{"config": [6, 16, 128, 64, 0, 0], "accuracy": 0.8360873903}
{"config": [3, 16, 16, 32, 0, 1], "accuracy": 0.8530611532}
{"config": [3, 64, 128, 32, 1, 0], "accuracy": 0.8490368117}
{"config": [6, 16, 64, 32, 1, 0], "accuracy": 0.8387667099}
{"config": [3, 64, 128, 64, 0, 0], "accuracy": 0.8392141361000001}
{"config": [3, 64, 16, 32, 1, 0], "accuracy": 0.8541792199}
{"config": [3, 16, 128, 32, 0, 0], "accuracy": 0.8546263966000001}
{"config": [3, 64, 64, 32, 0, 0], "accuracy": 0.8517188747000001}
{"config": [9, 32, 128, 32, 0, 0], "accuracy": 0.8445752694}
{"config": [3, 64, 16, 64, 0, 1], "accuracy": 0.8490385575}
{"config": [3, 32, 16, 41, 0, 0], "accuracy": 0.8481432063000001}
{"config": [9, 64, 64, 64, 1, 0], "accuracy": 0.8211292897}
{"config": [6, 16, 64, 64, 0, 0], "accuracy": 0.8461342777}
{"config": [9, 64, 128, 32, 0, 0], "accuracy": 0.8405446927}
{"config": [9, 16, 16, 64, 0, 1], "accuracy": 0.8401025040000001}
{"config": [3, 64, 32, 41, 0, 0], "accuracy": 0.8430100259000001}
{"config": [9, 16, 128, 32, 1, 0], "accuracy": 0.828502095}
{"config": [3, 32, 32, 64, 1, 0], "accuracy": 0.845240423}
{"config": [3, 16, 32, 32, 0, 0], "accuracy": 0.8463564944}
{"config": [3, 32, 128, 41, 1, 0], "accuracy": 0.8517196229}
{"config": [3, 32, 64, 32, 1, 0], "accuracy": 0.8517211193}
{"config": [9, 64, 32, 32, 0, 1], "accuracy": 0.8244755088}
{"config": [3, 32, 128, 64, 0, 0], "accuracy": 0.8479187450000001}
{"config": [3, 64, 64, 64, 0, 1], "accuracy": 0.8468019254}
{"config": [9, 32, 16, 32, 1, 0], "accuracy": 0.8432290004}
{"config": [6, 32, 64, 64, 0, 0], "accuracy": 0.8367542897}
{"config": [3, 16, 32, 64, 0, 0], "accuracy": 0.85104998}
{"config": [9, 16, 16, 41, 1, 0], "accuracy": 0.8438973962}
{"config": [6, 64, 32, 64, 0, 0], "accuracy": 0.8418924581}
{"config": [3, 64, 128, 41, 0, 1], "accuracy": 0.8501551277}
{"config": [6, 32, 16, 64, 0, 0], "accuracy": 0.841672486}
{"config": [9, 64, 128, 64, 1, 1], "accuracy": 0.8358551975}
{"config": [3, 64, 64, 41, 1, 1], "accuracy": 0.8490383081}
{"config": [9, 16, 64, 41, 0, 1], "accuracy": 0.8343051676000001}
{"config": [9, 16, 32, 64, 1, 1], "accuracy": 0.8354132582}
{"config": [9, 32, 64, 32, 1, 0], "accuracy": 0.8340767159}
{"config": [3, 32, 32, 32, 0, 0], "accuracy": 0.8409911213}
{"config": [3, 64, 16, 41, 0, 1], "accuracy": 0.8488163408}
{"config": [3, 16, 128, 41, 0, 0], "accuracy": 0.847249601}
{"config": [9, 32, 128, 64, 1, 1], "accuracy": 0.8380925778}
{"config": [3, 16, 64, 64, 1, 1], "accuracy": 0.8526079908}
{"config": [3, 16, 32, 41, 0, 1], "accuracy": 0.8476967777000001}
{"config": [3, 64, 32, 64, 1, 1], "accuracy": 0.8476980247}
{"config": [9, 64, 128, 41, 1, 0], "accuracy": 0.8363066141000001}
{"config": [9, 64, 64, 32, 0, 1], "accuracy": 0.8316265962}
{"config": [9, 64, 16, 32, 0, 1], "accuracy": 0.845244164}
{"config": [9, 16, 32, 32, 1, 1], "accuracy": 0.8380963188}
