{"config": [9, 16, 64, 64, 0, 1], "accuracy": 0.9796792698000001}
{"config": [9, 64, 32, 32, 0, 1], "accuracy": 0.9778915603}
{"config": [6, 64, 128, 32, 0, 0], "accuracy": 0.9707452115}
{"config": [3, 64, 64, 41, 0, 0], "accuracy": 0.9448391361}
{"config": [6, 32, 16, 32, 1, 0], "accuracy": 0.9707449621}
{"config": [9, 16, 64, 64, 0, 0], "accuracy": 0.9787856644}
{"config": [9, 16, 128, 32, 1, 1], "accuracy": 0.9678449222000001}
{"config": [6, 64, 16, 64, 1, 1], "accuracy": 0.9814662310000001}
{"config": [9, 64, 128, 64, 1, 1], "accuracy": 0.9807968376}
{"config": [9, 16, 16, 64, 0, 1], "accuracy": 0.9799004888}
{"config": [3, 16, 128, 64, 0, 0], "accuracy": 0.9513175878000001}
{"config": [9, 16, 64, 32, 1, 1], "accuracy": 0.9698536014}
{"config": [9, 32, 32, 64, 1, 1], "accuracy": 0.9763270650000001}
{"config": [9, 64, 64, 64, 1, 0], "accuracy": 0.9796782721}
{"config": [9, 32, 128, 64, 1, 1], "accuracy": 0.97677499}
{"config": [9, 64, 16, 32, 1, 0], "accuracy": 0.9747648144000001}
{"config": [9, 16, 16, 32, 1, 1], "accuracy": 0.9732015662000001}
{"config": [3, 16, 32, 64, 1, 1], "accuracy": 0.9580177574000001}
{"config": [3, 32, 128, 32, 0, 1], "accuracy": 0.9247443635}
{"config": [9, 64, 64, 32, 1, 1], "accuracy": 0.9761065942}
{"config": [9, 64, 128, 41, 1, 1], "accuracy": 0.9776695930000001}
{"config": [9, 16, 128, 64, 0, 0], "accuracy": 0.9774458799}
{"config": [9, 64, 32, 64, 1, 0], "accuracy": 0.9819119114}
{"config": [9, 32, 32, 41, 0, 0], "accuracy": 0.9772236632}
{"config": [9, 32, 64, 64, 0, 1], "accuracy": 0.977889565}
{"config": [6, 32, 16, 64, 0, 0], "accuracy": 0.9792293496000001}
{"config": [3, 16, 32, 32, 0, 0], "accuracy": 0.9198319034}
{"config": [3, 64, 16, 41, 1, 1], "accuracy": 0.9477454110000001}
{"config": [9, 32, 64, 32, 1, 0], "accuracy": 0.9718632781000001}
{"config": [3, 64, 128, 64, 1, 0], "accuracy": 0.9642692538000001}
{"config": [9, 32, 16, 41, 0, 1], "accuracy": 0.9776663508000001}
{"config": [3, 64, 32, 64, 1, 1], "accuracy": 0.9649391460000001}
{"config": [9, 32, 128, 32, 0, 0], "accuracy": 0.9685140662}
{"config": [9, 16, 128, 41, 1, 0], "accuracy": 0.9714148543000001}
{"config": [3, 16, 64, 64, 1, 1], "accuracy": 0.9535472366000001}
{"config": [9, 32, 32, 32, 1, 1], "accuracy": 0.9734237829000001}
{"config": [3, 16, 16, 64, 1, 1], "accuracy": 0.9582414705000001}
{"config": [9, 16, 64, 41, 0, 1], "accuracy": 0.9740979150000001}
{"config": [9, 16, 16, 41, 1, 0], "accuracy": 0.9754342079}
{"config": [9, 64, 128, 32, 1, 0], "accuracy": 0.9703005287}
{"config": [9, 64, 64, 41, 0, 1], "accuracy": 0.9745430966}
{"config": [3, 64, 64, 64, 0, 1], "accuracy": 0.9624827913}
{"config": [9, 64, 32, 41, 0, 0], "accuracy": 0.9776685954000001}
{"config": [9, 16, 32, 32, 1, 0], "accuracy": 0.9696296389000001}
{"config": [3, 64, 16, 64, 0, 1], "accuracy": 0.9673959996}
{"config": [9, 16, 32, 64, 1, 0], "accuracy": 0.9807965882}
{"config": [3, 16, 128, 32, 0, 0], "accuracy": 0.9234080706000001}
{"config": [9, 32, 64, 41, 1, 1], "accuracy": 0.9774458799}
{"config": [3, 64, 32, 32, 1, 0], "accuracy": 0.936802923}
{"config": [3, 32, 128, 64, 0, 0], "accuracy": 0.9582397247000001}
