{"config": [9, 16, 64, 41, 0, 0], "accuracy": 0.9734247805}
{"config": [3, 64, 16, 64, 0, 1], "accuracy": 0.9673959996}
{"config": [6, 64, 64, 41, 0, 0], "accuracy": 0.9736482442000001}
{"config": [9, 32, 16, 32, 1, 1], "accuracy": 0.9738722067000001}
{"config": [9, 32, 16, 41, 0, 1], "accuracy": 0.9776663508000001}
{"config": [9, 32, 16, 32, 0, 1], "accuracy": 0.9711956305}
{"config": [9, 64, 128, 64, 1, 1], "accuracy": 0.9807968376}
{"config": [3, 64, 128, 32, 1, 0], "accuracy": 0.9305511772}
{"config": [3, 16, 32, 64, 1, 0], "accuracy": 0.9548905128}
{"config": [9, 16, 128, 64, 1, 0], "accuracy": 0.9776683460000001}
{"config": [9, 64, 32, 64, 1, 0], "accuracy": 0.9819119114}
{"config": [9, 64, 16, 32, 1, 0], "accuracy": 0.9747648144000001}
{"config": [9, 32, 64, 64, 0, 1], "accuracy": 0.977889565}
{"config": [9, 16, 128, 32, 1, 1], "accuracy": 0.9678449222000001}
{"config": [9, 16, 16, 64, 1, 1], "accuracy": 0.9796792698000001}
{"config": [3, 32, 128, 64, 0, 0], "accuracy": 0.9582397247000001}
{"config": [9, 32, 64, 32, 1, 1], "accuracy": 0.9709709198}
{"config": [9, 64, 64, 64, 1, 0], "accuracy": 0.9796782721}
{"config": [9, 32, 128, 41, 1, 0], "accuracy": 0.9754337091}
{"config": [3, 16, 16, 32, 1, 1], "accuracy": 0.9294321129}
{"config": [6, 32, 16, 64, 1, 0], "accuracy": 0.9816874501}
{"config": [3, 64, 32, 32, 1, 1], "accuracy": 0.9314462789}
{"config": [9, 64, 64, 32, 1, 1], "accuracy": 0.9761065942}
{"config": [9, 16, 32, 32, 1, 0], "accuracy": 0.9696296389000001}
{"config": [3, 16, 128, 41, 1, 0], "accuracy": 0.9356853551000001}
{"config": [9, 16, 64, 64, 0, 0], "accuracy": 0.9787856644}
{"config": [9, 64, 128, 32, 0, 0], "accuracy": 0.9689609936}
{"config": [9, 32, 32, 64, 1, 1], "accuracy": 0.9763270650000001}
{"config": [3, 64, 128, 64, 0, 0], "accuracy": 0.9631531824}
{"config": [9, 16, 16, 41, 1, 0], "accuracy": 0.9754342079}
{"config": [9, 64, 128, 41, 1, 1], "accuracy": 0.9776695930000001}
{"config": [9, 64, 32, 41, 0, 0], "accuracy": 0.9776685954000001}
{"config": [3, 16, 64, 64, 1, 1], "accuracy": 0.9535472366000001}
{"config": [9, 32, 128, 32, 0, 1], "accuracy": 0.9678434258}
{"config": [9, 32, 32, 41, 1, 0], "accuracy": 0.9783382382}
{"config": [3, 64, 64, 64, 0, 1], "accuracy": 0.9624827913}
{"config": [9, 64, 16, 41, 1, 1], "accuracy": 0.9783387370000001}
{"config": [9, 32, 128, 64, 1, 1], "accuracy": 0.97677499}
{"config": [6, 16, 64, 32, 1, 0], "accuracy": 0.9606963288}
{"config": [3, 64, 16, 41, 1, 0], "accuracy": 0.9468538009}
{"config": [6, 64, 16, 64, 1, 0], "accuracy": 0.9799012370000001}
{"config": [3, 16, 128, 64, 1, 1], "accuracy": 0.9542188747}
{"config": [9, 32, 64, 41, 1, 0], "accuracy": 0.9763300579}
{"config": [3, 16, 16, 64, 1, 1], "accuracy": 0.9582414705000001}
{"config": [3, 64, 64, 32, 0, 0], "accuracy": 0.9227341879000001}
{"config": [3, 16, 32, 41, 0, 1], "accuracy": 0.9370258879000001}
{"config": [3, 64, 32, 64, 1, 1], "accuracy": 0.9649391460000001}
{"config": [9, 16, 128, 41, 1, 0], "accuracy": 0.9714148543000001}
{"config": [9, 16, 64, 32, 1, 1], "accuracy": 0.9698536014}
{"config": [9, 32, 32, 32, 1, 0], "accuracy": 0.9743186353000001}
