{"config": [6, 16, 128, 64, 1, 1], "accuracy": 0.7704317139}
{"config": [3, 64, 64, 32, 0, 1], "accuracy": 0.7673126995}
{"config": [6, 64, 128, 41, 0, 0], "accuracy": 0.7811482442000001}
{"config": [9, 64, 32, 32, 0, 1], "accuracy": 0.7702112430000001}
{"config": [6, 16, 32, 32, 1, 0], "accuracy": 0.7862849162000001}
{"config": [6, 16, 32, 32, 0, 0], "accuracy": 0.7820520750000001}
{"config": [9, 16, 128, 32, 1, 1], "accuracy": 0.7646268955000001}
{"config": [9, 16, 16, 64, 1, 1], "accuracy": 0.772005437}
{"config": [3, 64, 16, 32, 1, 0], "accuracy": 0.8075034916}
{"config": [3, 64, 16, 64, 0, 1], "accuracy": 0.8019221369}
{"config": [3, 64, 128, 64, 1, 0], "accuracy": 0.7878516560000001}
{"config": [3, 16, 64, 64, 1, 0], "accuracy": 0.7891884477000001}
{"config": [3, 32, 16, 41, 1, 1], "accuracy": 0.7885297785000001}
{"config": [9, 64, 64, 64, 1, 0], "accuracy": 0.7760225459000001}
{"config": [3, 32, 128, 41, 1, 0], "accuracy": 0.7829394453}
{"config": [9, 32, 64, 32, 1, 0], "accuracy": 0.7746725359000001}
{"config": [3, 32, 32, 64, 1, 0], "accuracy": 0.7976773244}
{"config": [3, 64, 128, 32, 1, 0], "accuracy": 0.7780195032}
{"config": [9, 32, 128, 64, 1, 1], "accuracy": 0.7860607043000001}
{"config": [3, 16, 16, 32, 1, 0], "accuracy": 0.7972261572}
{"config": [9, 32, 16, 32, 1, 0], "accuracy": 0.7681943336}
{"config": [3, 64, 32, 64, 1, 1], "accuracy": 0.7867308460000001}
{"config": [3, 32, 64, 64, 1, 1], "accuracy": 0.8059442338}
{"config": [6, 16, 64, 32, 1, 1], "accuracy": 0.7686397646}
{"config": [9, 64, 16, 41, 1, 0], "accuracy": 0.7775867917}
{"config": [3, 16, 32, 64, 1, 1], "accuracy": 0.8019124102}
{"config": [9, 64, 128, 64, 1, 1], "accuracy": 0.7784749102}
{"config": [3, 16, 16, 64, 1, 1], "accuracy": 0.7925446429}
{"config": [3, 32, 32, 32, 0, 0], "accuracy": 0.7883028232}
{"config": [9, 32, 128, 32, 0, 1], "accuracy": 0.7739984038000001}
{"config": [9, 32, 64, 64, 0, 1], "accuracy": 0.7746800180000001}
{"config": [3, 64, 32, 41, 0, 0], "accuracy": 0.7929873304}
{"config": [3, 64, 64, 64, 0, 1], "accuracy": 0.7800414006}
{"config": [3, 32, 128, 64, 0, 0], "accuracy": 0.7950032422000001}
{"config": [3, 16, 32, 41, 1, 0], "accuracy": 0.8014769553000001}
{"config": [9, 64, 128, 32, 1, 0], "accuracy": 0.7903035215}
{"config": [9, 64, 64, 41, 1, 0], "accuracy": 0.7753499102}
{"config": [3, 32, 16, 64, 1, 0], "accuracy": 0.8037076018}
{"config": [3, 16, 128, 32, 0, 0], "accuracy": 0.7815994114}
{"config": [3, 32, 64, 32, 1, 0], "accuracy": 0.7811552275}
{"config": [9, 16, 16, 41, 1, 0], "accuracy": 0.7811557263000001}
{"config": [3, 16, 128, 41, 0, 1], "accuracy": 0.7963385375}
{"config": [6, 32, 64, 41, 0, 1], "accuracy": 0.7778070132}
{"config": [3, 64, 16, 41, 1, 1], "accuracy": 0.8014769553000001}
{"config": [9, 16, 128, 41, 1, 0], "accuracy": 0.7648333998}
{"config": [3, 64, 32, 32, 1, 0], "accuracy": 0.7851775738000001}
{"config": [9, 64, 32, 64, 0, 1], "accuracy": 0.7731212590000001}
{"config": [9, 32, 32, 41, 1, 0], "accuracy": 0.7816031524}
{"config": [9, 16, 32, 64, 1, 0], "accuracy": 0.772885824}
{"config": [9, 64, 64, 32, 1, 0], "accuracy": 0.7813684657000001}
