{"config": [3, 64, 16, 32, 1, 0], "accuracy": 0.8399256784}
{"config": [6, 64, 16, 64, 1, 0], "accuracy": 0.9799012370000001}
{"config": [3, 64, 16, 41, 1, 1], "accuracy": 0.9477454110000001}
{"config": [6, 16, 128, 64, 0, 0], "accuracy": 0.9756576716}
{"config": [9, 64, 32, 64, 0, 1], "accuracy": 0.9810168097}
{"config": [6, 64, 16, 64, 1, 1], "accuracy": 0.9814662310000001}
{"config": [3, 16, 64, 64, 1, 1], "accuracy": 0.9535472366000001}
{"config": [3, 64, 128, 64, 0, 1], "accuracy": 0.9642727454000001}
{"config": [3, 32, 128, 32, 0, 1], "accuracy": 0.9247443635}
{"config": [3, 64, 64, 64, 0, 1], "accuracy": 0.9624827913}
{"config": [3, 32, 16, 64, 1, 1], "accuracy": 0.9629294693}
{"config": [6, 32, 64, 41, 0, 1], "accuracy": 0.9738704609000001}
{"config": [9, 32, 128, 64, 1, 1], "accuracy": 0.97677499}
{"config": [9, 64, 128, 32, 0, 0], "accuracy": 0.9689609936}
{"config": [3, 64, 64, 41, 1, 1], "accuracy": 0.9421667997000001}
{"config": [3, 16, 32, 41, 0, 1], "accuracy": 0.9370258879000001}
{"config": [3, 64, 32, 64, 1, 1], "accuracy": 0.9649391460000001}
{"config": [9, 32, 64, 64, 0, 1], "accuracy": 0.977889565}
{"config": [9, 16, 128, 41, 1, 0], "accuracy": 0.9714148543000001}
{"config": [9, 16, 64, 41, 0, 1], "accuracy": 0.9740979150000001}
{"config": [9, 32, 16, 41, 0, 1], "accuracy": 0.9776663508000001}
{"config": [9, 16, 16, 64, 0, 1], "accuracy": 0.9799004888}
{"config": [9, 32, 32, 64, 0, 1], "accuracy": 0.9810165603000001}
{"config": [3, 64, 128, 41, 1, 1], "accuracy": 0.9426117318}
{"config": [9, 64, 128, 64, 1, 0], "accuracy": 0.9794518156}
{"config": [9, 64, 32, 41, 0, 0], "accuracy": 0.9776685954000001}
{"config": [9, 32, 32, 41, 1, 0], "accuracy": 0.9783382382}
{"config": [9, 16, 16, 41, 1, 0], "accuracy": 0.9754342079}
{"config": [9, 32, 128, 41, 1, 0], "accuracy": 0.9754337091}
{"config": [9, 16, 32, 64, 1, 0], "accuracy": 0.9807965882}
{"config": [9, 64, 64, 64, 1, 0], "accuracy": 0.9796782721}
{"config": [9, 16, 64, 64, 0, 0], "accuracy": 0.9787856644}
{"config": [9, 64, 64, 41, 0, 1], "accuracy": 0.9745430966}
{"config": [3, 32, 128, 64, 0, 0], "accuracy": 0.9582397247000001}
{"config": [9, 32, 64, 32, 1, 0], "accuracy": 0.9718632781000001}
{"config": [9, 64, 16, 41, 1, 1], "accuracy": 0.9783387370000001}
{"config": [9, 16, 32, 32, 1, 1], "accuracy": 0.9702985335000001}
{"config": [9, 16, 128, 32, 1, 0], "accuracy": 0.9640447925000001}
{"config": [9, 64, 128, 41, 1, 1], "accuracy": 0.9776695930000001}
{"config": [3, 16, 16, 32, 1, 1], "accuracy": 0.9294321129}
{"config": [6, 16, 64, 32, 1, 0], "accuracy": 0.9606963288}
{"config": [3, 16, 128, 64, 1, 1], "accuracy": 0.9542188747}
{"config": [3, 16, 16, 64, 1, 1], "accuracy": 0.9582414705000001}
{"config": [9, 64, 64, 32, 1, 1], "accuracy": 0.9761065942}
{"config": [9, 32, 64, 41, 1, 0], "accuracy": 0.9763300579}
{"config": [9, 32, 128, 32, 0, 1], "accuracy": 0.9678434258}
{"config": [9, 32, 32, 32, 1, 1], "accuracy": 0.9734237829000001}
{"config": [3, 16, 32, 64, 0, 0], "accuracy": 0.9557803771000001}
{"config": [9, 16, 128, 64, 1, 0], "accuracy": 0.9776683460000001}
{"config": [9, 32, 16, 32, 1, 0], "accuracy": 0.9763298085000001}
