{"config": [3, 32, 32, 64, 0, 1], "accuracy": 0.794555816}
{"config": [9, 32, 16, 41, 0, 1], "accuracy": 0.784278731}
{"config": [6, 64, 64, 64, 0, 0], "accuracy": 0.7713263168000001}
{"config": [6, 16, 32, 41, 0, 1], "accuracy": 0.7773511073}
{"config": [6, 32, 16, 32, 1, 0], "accuracy": 0.7845029429}
{"config": [6, 32, 16, 32, 0, 0], "accuracy": 0.7914265762}
{"config": [3, 16, 128, 64, 0, 0], "accuracy": 0.7961160714000001}
{"config": [3, 64, 128, 32, 1, 0], "accuracy": 0.7780284816}
{"config": [3, 16, 128, 32, 0, 0], "accuracy": 0.7941091381000001}
{"config": [3, 64, 16, 32, 0, 1], "accuracy": 0.7900885375000001}
{"config": [3, 64, 16, 64, 0, 1], "accuracy": 0.7827149840000001}
{"config": [3, 64, 128, 64, 0, 1], "accuracy": 0.7943268655}
{"config": [6, 16, 16, 64, 0, 0], "accuracy": 0.7920984637}
{"config": [9, 32, 128, 32, 0, 0], "accuracy": 0.7784661812}
{"config": [3, 64, 64, 32, 0, 1], "accuracy": 0.7925508779}
{"config": [3, 32, 64, 32, 1, 0], "accuracy": 0.7880831006}
{"config": [6, 16, 64, 64, 0, 1], "accuracy": 0.789859587}
{"config": [3, 16, 16, 32, 0, 1], "accuracy": 0.8019216381000001}
{"config": [3, 32, 128, 41, 1, 0], "accuracy": 0.7798042199}
{"config": [9, 64, 128, 64, 1, 0], "accuracy": 0.7735639465}
{"config": [9, 64, 32, 32, 0, 1], "accuracy": 0.7704307163}
{"config": [9, 16, 64, 32, 1, 1], "accuracy": 0.7757906026}
{"config": [9, 32, 128, 64, 1, 1], "accuracy": 0.7737901536}
{"config": [9, 16, 128, 41, 1, 0], "accuracy": 0.7769001895000001}
{"config": [3, 64, 32, 41, 0, 0], "accuracy": 0.7914205906}
{"config": [3, 32, 16, 41, 0, 1], "accuracy": 0.7963397845}
{"config": [9, 32, 64, 64, 0, 1], "accuracy": 0.7585958699}
{"config": [9, 64, 32, 64, 0, 1], "accuracy": 0.7766904429}
{"config": [6, 64, 128, 41, 0, 1], "accuracy": 0.7746682961}
{"config": [9, 64, 16, 41, 1, 0], "accuracy": 0.7757935954}
{"config": [6, 32, 16, 64, 0, 0], "accuracy": 0.7905352155}
{"config": [6, 16, 64, 41, 0, 0], "accuracy": 0.7793592877000001}
{"config": [9, 16, 32, 64, 1, 0], "accuracy": 0.7722129389}
{"config": [9, 64, 64, 41, 0, 1], "accuracy": 0.7655090283}
{"config": [3, 32, 128, 64, 0, 0], "accuracy": 0.7967807263000001}
{"config": [3, 32, 32, 32, 0, 0], "accuracy": 0.7885235435}
{"config": [3, 16, 64, 64, 1, 0], "accuracy": 0.7842812251}
{"config": [9, 16, 16, 41, 0, 0], "accuracy": 0.783156674}
{"config": [9, 16, 128, 64, 0, 0], "accuracy": 0.7646161712}
{"config": [3, 64, 32, 64, 1, 1], "accuracy": 0.7802538907000001}
{"config": [3, 16, 128, 41, 0, 1], "accuracy": 0.7894181464000001}
{"config": [3, 16, 32, 64, 0, 0], "accuracy": 0.8010277833}
{"config": [9, 64, 128, 32, 0, 0], "accuracy": 0.7809225359}
{"config": [3, 16, 32, 32, 0, 0], "accuracy": 0.797007931}
{"config": [9, 64, 64, 32, 1, 0], "accuracy": 0.7664188448}
{"config": [9, 16, 128, 32, 1, 1], "accuracy": 0.7753451716}
{"config": [3, 64, 64, 41, 1, 0], "accuracy": 0.7853967977}
{"config": [9, 32, 64, 41, 1, 0], "accuracy": 0.7713175878}
{"config": [9, 16, 32, 32, 0, 0], "accuracy": 0.7719922187}
{"config": [3, 16, 16, 64, 1, 1], "accuracy": 0.8003591381}
