{"config": [3, 16, 16, 41, 1, 1], "accuracy": 0.8070558160000001}
{"config": [6, 64, 16, 64, 1, 1], "accuracy": 0.7820465882000001}
{"config": [6, 64, 64, 64, 0, 0], "accuracy": 0.7717682562}
{"config": [6, 16, 32, 41, 0, 1], "accuracy": 0.7735594573}
{"config": [6, 32, 16, 32, 1, 0], "accuracy": 0.7773635774000001}
{"config": [3, 16, 16, 41, 0, 1], "accuracy": 0.7979062749}
{"config": [3, 16, 128, 64, 1, 1], "accuracy": 0.7885265363}
{"config": [3, 64, 128, 32, 1, 0], "accuracy": 0.7780195032}
{"config": [6, 16, 16, 64, 1, 0], "accuracy": 0.7958913607}
{"config": [6, 64, 128, 64, 1, 1], "accuracy": 0.774450818}
{"config": [3, 64, 16, 32, 1, 1], "accuracy": 0.7889729649}
{"config": [3, 32, 64, 64, 1, 1], "accuracy": 0.8059442338}
{"config": [9, 64, 32, 64, 1, 0], "accuracy": 0.7742261073000001}
{"config": [3, 16, 128, 32, 0, 0], "accuracy": 0.7815994114}
{"config": [3, 32, 32, 64, 1, 0], "accuracy": 0.7976773244}
{"config": [3, 16, 64, 64, 1, 0], "accuracy": 0.7891884477000001}
{"config": [3, 64, 64, 32, 1, 1], "accuracy": 0.7909764066}
{"config": [9, 32, 128, 41, 1, 0], "accuracy": 0.780700818}
{"config": [3, 32, 64, 32, 1, 0], "accuracy": 0.7811552275}
{"config": [3, 32, 128, 41, 1, 0], "accuracy": 0.7829394453}
{"config": [3, 16, 16, 32, 1, 1], "accuracy": 0.7891822127}
{"config": [3, 32, 16, 64, 1, 1], "accuracy": 0.7907634178}
{"config": [3, 64, 32, 41, 0, 0], "accuracy": 0.7929873304}
{"config": [9, 64, 16, 41, 1, 0], "accuracy": 0.7775867917}
{"config": [9, 32, 128, 64, 1, 1], "accuracy": 0.7860607043000001}
{"config": [3, 16, 32, 64, 1, 1], "accuracy": 0.8019124102}
{"config": [9, 32, 64, 41, 1, 1], "accuracy": 0.7927653631}
{"config": [9, 64, 128, 41, 1, 1], "accuracy": 0.7784806464}
{"config": [9, 16, 64, 32, 1, 1], "accuracy": 0.7760198025}
{"config": [9, 64, 32, 32, 1, 0], "accuracy": 0.7704339585000001}
{"config": [9, 16, 16, 41, 1, 1], "accuracy": 0.7782531923}
{"config": [9, 16, 128, 41, 1, 0], "accuracy": 0.7648333998}
{"config": [9, 32, 64, 64, 0, 1], "accuracy": 0.7746800180000001}
{"config": [9, 64, 64, 41, 1, 0], "accuracy": 0.7753499102}
{"config": [3, 32, 128, 64, 0, 0], "accuracy": 0.7950032422000001}
{"config": [3, 64, 32, 64, 1, 1], "accuracy": 0.7867308460000001}
{"config": [3, 32, 32, 41, 1, 1], "accuracy": 0.7856155227}
{"config": [9, 32, 128, 32, 0, 1], "accuracy": 0.7739984038000001}
{"config": [6, 16, 64, 41, 0, 0], "accuracy": 0.7845011971}
{"config": [9, 16, 128, 64, 0, 0], "accuracy": 0.789407921}
{"config": [3, 64, 128, 41, 0, 1], "accuracy": 0.7903072626000001}
{"config": [3, 64, 64, 41, 1, 0], "accuracy": 0.7918682662000001}
{"config": [9, 16, 32, 64, 1, 0], "accuracy": 0.772885824}
{"config": [3, 32, 16, 41, 1, 0], "accuracy": 0.7854000399000001}
{"config": [9, 32, 32, 32, 1, 0], "accuracy": 0.7816011572}
{"config": [3, 16, 32, 32, 1, 1], "accuracy": 0.7914270750000001}
{"config": [3, 16, 128, 41, 0, 1], "accuracy": 0.7963385375}
{"config": [9, 32, 32, 64, 1, 1], "accuracy": 0.766634577}
{"config": [9, 64, 128, 32, 0, 0], "accuracy": 0.7905279828}
{"config": [3, 64, 16, 41, 1, 0], "accuracy": 0.8130873404000001}
