{"config": [9, 32, 16, 41, 0, 1], "accuracy": 0.7250377074000001}
{"config": [3, 32, 32, 64, 0, 1], "accuracy": 0.6938159879}
{"config": [6, 16, 16, 64, 0, 0], "accuracy": 0.6633484163000001}
{"config": [6, 16, 16, 64, 1, 0], "accuracy": 0.7441176471000001}
{"config": [3, 32, 16, 41, 0, 1], "accuracy": 0.7134238311000001}
{"config": [6, 32, 16, 64, 1, 0], "accuracy": 0.6592006033000001}
{"config": [6, 16, 32, 41, 1, 1], "accuracy": 0.7984917044000001}
{"config": [6, 16, 16, 41, 1, 1], "accuracy": 0.7251131222}
{"config": [9, 32, 32, 41, 1, 0], "accuracy": 0.7092006033}
{"config": [3, 16, 64, 64, 1, 1], "accuracy": 0.7672699849}
{"config": [9, 16, 128, 32, 1, 1], "accuracy": 0.7598793363}
{"config": [6, 32, 128, 64, 1, 1], "accuracy": 0.7479638009}
{"config": [6, 64, 128, 32, 1, 0], "accuracy": 0.6283559578}
{"config": [6, 16, 64, 32, 1, 1], "accuracy": 0.7947963801}
{"config": [9, 64, 64, 64, 1, 0], "accuracy": 0.6364253394}
{"config": [9, 64, 128, 64, 1, 1], "accuracy": 0.7209653092}
{"config": [9, 64, 16, 32, 1, 0], "accuracy": 0.7012066365}
{"config": [3, 64, 64, 32, 1, 1], "accuracy": 0.7328054299}
{"config": [3, 16, 32, 64, 1, 1], "accuracy": 0.7208898944000001}
{"config": [3, 32, 128, 41, 1, 0], "accuracy": 0.7709653092000001}
{"config": [3, 32, 64, 64, 1, 1], "accuracy": 0.7367269985}
{"config": [3, 16, 128, 64, 1, 1], "accuracy": 0.7518099548}
{"config": [3, 64, 32, 64, 1, 1], "accuracy": 0.7438159879}
{"config": [3, 16, 32, 32, 1, 1], "accuracy": 0.7520361991000001}
{"config": [3, 64, 32, 32, 1, 1], "accuracy": 0.7478883861000001}
{"config": [3, 16, 128, 41, 1, 0], "accuracy": 0.6978883861}
{"config": [9, 32, 128, 32, 0, 1], "accuracy": 0.7092006033}
{"config": [3, 64, 128, 64, 1, 0], "accuracy": 0.7407239819}
{"config": [3, 64, 16, 41, 1, 1], "accuracy": 0.7211915535}
{"config": [3, 32, 64, 32, 1, 0], "accuracy": 0.7558823529}
{"config": [9, 16, 128, 64, 1, 0], "accuracy": 0.7134238311000001}
{"config": [9, 32, 16, 32, 1, 1], "accuracy": 0.6780542986}
{"config": [9, 32, 64, 41, 1, 1], "accuracy": 0.6393665158}
{"config": [3, 64, 64, 41, 1, 1], "accuracy": 0.7288838612}
{"config": [9, 64, 32, 41, 0, 0], "accuracy": 0.7053544495}
{"config": [3, 32, 128, 32, 0, 1], "accuracy": 0.7130467572}
{"config": [3, 16, 32, 41, 1, 0], "accuracy": 0.7750377074}
{"config": [9, 16, 32, 64, 1, 1], "accuracy": 0.646907994}
{"config": [3, 64, 128, 41, 1, 1], "accuracy": 0.7011312217}
{"config": [6, 64, 16, 64, 1, 1], "accuracy": 0.6079939668000001}
{"config": [3, 64, 64, 64, 0, 1], "accuracy": 0.7052036199}
{"config": [3, 32, 32, 41, 1, 1], "accuracy": 0.7562594268}
{"config": [9, 16, 32, 32, 1, 0], "accuracy": 0.6858974359000001}
{"config": [3, 16, 16, 64, 1, 1], "accuracy": 0.7366515837000001}
{"config": [6, 16, 64, 41, 0, 0], "accuracy": 0.7129713424}
{"config": [9, 64, 64, 32, 1, 1], "accuracy": 0.6164404223000001}
{"config": [9, 64, 32, 64, 1, 0], "accuracy": 0.6825037707}
{"config": [3, 32, 128, 64, 0, 0], "accuracy": 0.7401960784}
{"config": [9, 64, 128, 41, 1, 0], "accuracy": 0.6670437406}
{"config": [9, 64, 16, 41, 1, 1], "accuracy": 0.542760181}
