{"config": [9, 64, 64, 32, 1, 0], "accuracy": 0.6195324284}
{"config": [3, 64, 64, 32, 0, 1], "accuracy": 0.7177224736000001}
{"config": [3, 16, 128, 64, 1, 1], "accuracy": 0.741025641}
{"config": [6, 16, 128, 64, 0, 1], "accuracy": 0.7097285068}
{"config": [6, 16, 32, 41, 0, 1], "accuracy": 0.7907239819}
{"config": [3, 64, 16, 64, 0, 1], "accuracy": 0.7166666667}
{"config": [3, 16, 64, 64, 1, 1], "accuracy": 0.7168929110000001}
{"config": [3, 16, 16, 32, 0, 1], "accuracy": 0.8063348416}
{"config": [3, 16, 128, 32, 0, 0], "accuracy": 0.8024132730000001}
{"config": [3, 64, 128, 32, 1, 0], "accuracy": 0.744494721}
{"config": [3, 16, 16, 64, 1, 1], "accuracy": 0.7560331825000001}
{"config": [3, 32, 32, 32, 0, 0], "accuracy": 0.7674962293}
{"config": [3, 64, 128, 64, 0, 1], "accuracy": 0.7167420814000001}
{"config": [6, 16, 64, 32, 1, 1], "accuracy": 0.6667420814}
{"config": [3, 64, 64, 64, 0, 1], "accuracy": 0.7012066365}
{"config": [3, 64, 16, 32, 0, 1], "accuracy": 0.7868778281000001}
{"config": [3, 32, 128, 32, 0, 1], "accuracy": 0.8100301659}
{"config": [3, 32, 16, 41, 0, 1], "accuracy": 0.7361236802000001}
{"config": [3, 64, 32, 41, 0, 1], "accuracy": 0.7173453997}
{"config": [3, 16, 32, 32, 1, 1], "accuracy": 0.8255656109}
{"config": [3, 32, 128, 41, 1, 0], "accuracy": 0.7787330317000001}
{"config": [3, 16, 32, 64, 0, 0], "accuracy": 0.7874057315}
{"config": [9, 16, 16, 32, 1, 1], "accuracy": 0.6708144796000001}
{"config": [3, 16, 32, 41, 1, 0], "accuracy": 0.7790346908}
{"config": [3, 16, 128, 41, 0, 1], "accuracy": 0.7132730015000001}
{"config": [3, 32, 128, 64, 0, 0], "accuracy": 0.7323529412}
{"config": [3, 32, 32, 64, 0, 1], "accuracy": 0.7398944193}
{"config": [9, 32, 128, 32, 0, 0], "accuracy": 0.7009049774}
{"config": [9, 32, 64, 64, 0, 1], "accuracy": 0.6905731523}
{"config": [3, 16, 32, 32, 0, 0], "accuracy": 0.7906485671}
{"config": [9, 16, 32, 64, 1, 1], "accuracy": 0.6038461538000001}
{"config": [3, 32, 64, 32, 1, 0], "accuracy": 0.7868024133}
{"config": [3, 32, 64, 64, 1, 1], "accuracy": 0.7178733032}
{"config": [6, 32, 64, 41, 0, 1], "accuracy": 0.7558069382}
{"config": [3, 64, 32, 64, 1, 1], "accuracy": 0.7404977376}
{"config": [3, 64, 128, 41, 0, 1], "accuracy": 0.7635746606}
{"config": [3, 16, 16, 41, 0, 1], "accuracy": 0.7478129713}
{"config": [9, 64, 16, 41, 1, 1], "accuracy": 0.7205128205}
{"config": [3, 64, 16, 41, 0, 1], "accuracy": 0.7711915535}
{"config": [9, 32, 64, 32, 1, 1], "accuracy": 0.6972850679}
{"config": [9, 64, 128, 64, 1, 0], "accuracy": 0.6747360483}
{"config": [3, 32, 16, 64, 1, 1], "accuracy": 0.7519607843}
{"config": [3, 64, 64, 41, 1, 1], "accuracy": 0.7521116139}
{"config": [3, 32, 32, 41, 1, 1], "accuracy": 0.7912518854}
{"config": [9, 64, 32, 64, 0, 1], "accuracy": 0.6741327300000001}
{"config": [9, 16, 128, 32, 1, 1], "accuracy": 0.7252639517}
{"config": [9, 64, 128, 32, 0, 0], "accuracy": 0.6585218703}
{"config": [3, 16, 32, 41, 0, 1], "accuracy": 0.778959276}
{"config": [9, 16, 32, 32, 1, 1], "accuracy": 0.6782051282}
{"config": [3, 32, 16, 32, 1, 0], "accuracy": 0.728280543}
