{"config": [9, 64, 64, 32, 1, 0], "accuracy": 0.6280542986000001}
{"config": [3, 64, 64, 32, 0, 1], "accuracy": 0.744494721}
{"config": [3, 16, 128, 64, 1, 1], "accuracy": 0.7518099548}
{"config": [6, 16, 128, 64, 0, 1], "accuracy": 0.6938914027}
{"config": [6, 16, 32, 41, 0, 1], "accuracy": 0.6941930618000001}
{"config": [3, 64, 16, 64, 0, 1], "accuracy": 0.6939668175}
{"config": [3, 64, 128, 64, 0, 1], "accuracy": 0.7599547511}
{"config": [3, 16, 128, 32, 0, 0], "accuracy": 0.7285822021}
{"config": [3, 16, 64, 64, 1, 0], "accuracy": 0.7209653092}
{"config": [3, 16, 16, 32, 1, 0], "accuracy": 0.7437405732}
{"config": [3, 64, 128, 41, 1, 1], "accuracy": 0.7011312217}
{"config": [3, 64, 16, 32, 0, 1], "accuracy": 0.7328054299}
{"config": [3, 32, 64, 32, 1, 0], "accuracy": 0.7558823529}
{"config": [3, 64, 64, 64, 0, 1], "accuracy": 0.7052036199}
{"config": [3, 16, 16, 64, 1, 1], "accuracy": 0.7366515837000001}
{"config": [3, 32, 128, 64, 0, 0], "accuracy": 0.7401960784}
{"config": [3, 32, 32, 32, 0, 0], "accuracy": 0.736199095}
{"config": [3, 16, 32, 32, 1, 1], "accuracy": 0.7520361991000001}
{"config": [3, 32, 16, 41, 1, 1], "accuracy": 0.7518099548}
{"config": [3, 64, 32, 32, 1, 0], "accuracy": 0.7634992459000001}
{"config": [3, 32, 32, 64, 1, 0], "accuracy": 0.7521116139}
{"config": [3, 16, 32, 41, 1, 0], "accuracy": 0.7750377074}
{"config": [3, 64, 64, 41, 1, 0], "accuracy": 0.7671945701}
{"config": [3, 64, 32, 41, 0, 1], "accuracy": 0.7442684766000001}
{"config": [3, 64, 128, 64, 1, 0], "accuracy": 0.7407239819}
{"config": [3, 16, 128, 41, 0, 1], "accuracy": 0.7443438914}
{"config": [3, 32, 128, 32, 0, 1], "accuracy": 0.7130467572}
{"config": [3, 32, 64, 64, 1, 1], "accuracy": 0.7367269985}
{"config": [3, 16, 32, 64, 1, 1], "accuracy": 0.7208898944000001}
{"config": [3, 32, 16, 64, 1, 0], "accuracy": 0.732428356}
{"config": [6, 16, 64, 32, 1, 0], "accuracy": 0.6826546003}
{"config": [3, 64, 16, 41, 1, 0], "accuracy": 0.6698340875000001}
{"config": [3, 64, 32, 64, 1, 1], "accuracy": 0.7438159879}
{"config": [3, 16, 16, 41, 0, 1], "accuracy": 0.7399698341000001}
{"config": [3, 32, 32, 41, 1, 1], "accuracy": 0.7562594268}
{"config": [9, 64, 128, 64, 1, 1], "accuracy": 0.7209653092}
{"config": [9, 64, 128, 32, 0, 0], "accuracy": 0.5975113122}
{"config": [9, 64, 32, 64, 0, 1], "accuracy": 0.6972096531}
{"config": [6, 32, 64, 41, 0, 1], "accuracy": 0.7481900452}
{"config": [3, 32, 16, 32, 1, 0], "accuracy": 0.7553544495000001}
{"config": [9, 16, 128, 32, 1, 1], "accuracy": 0.7598793363}
{"config": [9, 32, 128, 41, 1, 0], "accuracy": 0.7016591252000001}
{"config": [9, 64, 16, 32, 0, 1], "accuracy": 0.6894419306}
{"config": [9, 16, 16, 64, 1, 1], "accuracy": 0.6431372549000001}
{"config": [6, 16, 64, 41, 0, 0], "accuracy": 0.7129713424}
{"config": [9, 32, 128, 64, 1, 1], "accuracy": 0.705505279}
{"config": [3, 64, 64, 41, 0, 1], "accuracy": 0.7362745098}
{"config": [9, 32, 64, 64, 0, 1], "accuracy": 0.7209653092}
{"config": [9, 64, 64, 64, 1, 0], "accuracy": 0.6364253394}
{"config": [9, 32, 64, 41, 1, 0], "accuracy": 0.6196832579}
