{"config": [9, 16, 16, 41, 0, 0], "accuracy": 0.8928853755}
{"config": [6, 64, 32, 64, 0, 0], "accuracy": 0.7750988142}
{"config": [6, 64, 64, 64, 0, 0], "accuracy": 0.6577075099}
{"config": [3, 32, 32, 64, 1, 0], "accuracy": 0.6197628458000001}
{"config": [6, 32, 16, 32, 1, 0], "accuracy": 0.8830039526000001}
{"config": [9, 16, 16, 41, 1, 0], "accuracy": 0.9019762846}
{"config": [9, 64, 16, 32, 1, 0], "accuracy": 0.8735177866}
{"config": [9, 16, 128, 32, 1, 1], "accuracy": 0.7375494071}
{"config": [9, 64, 128, 32, 1, 0], "accuracy": 0.6857707510000001}
{"config": [9, 16, 32, 32, 1, 1], "accuracy": 0.7826086957}
{"config": [9, 16, 128, 64, 1, 0], "accuracy": 0.7367588933}
{"config": [3, 16, 16, 32, 1, 1], "accuracy": 0.6853754941}
{"config": [9, 32, 16, 41, 0, 1], "accuracy": 0.8830039526000001}
{"config": [9, 64, 64, 32, 1, 0], "accuracy": 0.7924901186000001}
{"config": [9, 64, 32, 32, 1, 0], "accuracy": 0.7932806324}
{"config": [9, 32, 64, 32, 1, 0], "accuracy": 0.7391304348000001}
{"config": [9, 64, 128, 64, 1, 0], "accuracy": 0.5403162055}
{"config": [9, 16, 16, 64, 1, 1], "accuracy": 0.8367588933000001}
{"config": [9, 16, 64, 64, 0, 0], "accuracy": 0.6699604743}
{"config": [9, 32, 16, 32, 1, 0], "accuracy": 0.8826086957}
{"config": [3, 64, 16, 41, 1, 0], "accuracy": 0.74743083}
{"config": [3, 32, 128, 41, 1, 0], "accuracy": 0.6944664032}
{"config": [9, 32, 32, 41, 1, 0], "accuracy": 0.7035573123000001}
{"config": [9, 16, 64, 32, 1, 1], "accuracy": 0.6920948617}
{"config": [6, 64, 16, 64, 1, 0], "accuracy": 0.7833992095000001}
{"config": [6, 32, 16, 64, 1, 0], "accuracy": 0.7750988142}
{"config": [9, 32, 128, 64, 1, 1], "accuracy": 0.6830039526}
{"config": [9, 16, 32, 64, 1, 0], "accuracy": 0.7830039526}
{"config": [3, 64, 64, 41, 1, 1], "accuracy": 0.5924901186}
{"config": [9, 32, 128, 32, 0, 0], "accuracy": 0.5853754941}
{"config": [3, 16, 128, 41, 0, 1], "accuracy": 0.8296442688000001}
{"config": [3, 16, 32, 41, 1, 0], "accuracy": 0.6592885375}
{"config": [3, 64, 16, 32, 0, 1], "accuracy": 0.7395256917}
{"config": [9, 32, 64, 64, 0, 1], "accuracy": 0.7209486166}
{"config": [9, 16, 128, 41, 1, 0], "accuracy": 0.7328063241}
{"config": [3, 16, 128, 64, 1, 1], "accuracy": 0.7000000000000001}
{"config": [9, 64, 16, 41, 1, 1], "accuracy": 0.8924901186}
{"config": [3, 64, 128, 41, 0, 1], "accuracy": 0.6581027668}
{"config": [3, 16, 128, 32, 0, 0], "accuracy": 0.5513833992}
{"config": [9, 64, 32, 41, 0, 0], "accuracy": 0.8197628458}
{"config": [9, 32, 64, 41, 1, 1], "accuracy": 0.7387351779}
{"config": [3, 16, 16, 64, 1, 1], "accuracy": 0.74743083}
{"config": [3, 32, 16, 41, 1, 0], "accuracy": 0.6944664032}
{"config": [9, 32, 32, 32, 1, 1], "accuracy": 0.7747035573000001}
{"config": [6, 16, 64, 41, 0, 0], "accuracy": 0.6841897233}
{"config": [9, 32, 32, 64, 0, 1], "accuracy": 0.84743083}
{"config": [9, 64, 32, 64, 0, 1], "accuracy": 0.8213438735}
{"config": [3, 32, 64, 32, 1, 0], "accuracy": 0.5584980237}
{"config": [9, 64, 64, 41, 0, 1], "accuracy": 0.6225296443}
{"config": [9, 16, 16, 41, 1, 1], "accuracy": 0.8553359684}
