{"config": [6, 64, 128, 64, 0, 0], "accuracy": 0.7094268477}
{"config": [3, 16, 16, 64, 1, 1], "accuracy": 0.7366515837000001}
{"config": [6, 64, 64, 32, 0, 0], "accuracy": 0.7214177979}
{"config": [6, 16, 128, 41, 1, 1], "accuracy": 0.7061085973}
{"config": [6, 16, 16, 64, 0, 1], "accuracy": 0.6822775264000001}
{"config": [3, 16, 64, 64, 1, 0], "accuracy": 0.7209653092}
{"config": [3, 64, 16, 64, 0, 1], "accuracy": 0.6939668175}
{"config": [3, 64, 128, 32, 1, 0], "accuracy": 0.7674962293}
{"config": [3, 16, 16, 32, 1, 0], "accuracy": 0.7437405732}
{"config": [3, 64, 16, 32, 1, 1], "accuracy": 0.7248868778}
{"config": [3, 16, 128, 64, 0, 0], "accuracy": 0.7407993967000001}
{"config": [3, 32, 64, 32, 1, 0], "accuracy": 0.7558823529}
{"config": [3, 16, 128, 32, 0, 0], "accuracy": 0.7285822021}
{"config": [3, 64, 64, 41, 1, 1], "accuracy": 0.7288838612}
{"config": [3, 32, 32, 41, 1, 0], "accuracy": 0.7945701357}
{"config": [3, 32, 128, 41, 1, 0], "accuracy": 0.7709653092000001}
{"config": [3, 32, 32, 64, 1, 0], "accuracy": 0.7521116139}
{"config": [3, 32, 16, 41, 0, 0], "accuracy": 0.7128959276}
{"config": [3, 16, 32, 32, 1, 1], "accuracy": 0.7520361991000001}
{"config": [3, 64, 32, 32, 1, 0], "accuracy": 0.7634992459000001}
{"config": [9, 32, 128, 32, 0, 0], "accuracy": 0.7288084465}
{"config": [9, 64, 64, 64, 1, 0], "accuracy": 0.6364253394}
{"config": [3, 32, 128, 64, 0, 0], "accuracy": 0.7401960784}
{"config": [3, 32, 32, 32, 0, 0], "accuracy": 0.736199095}
{"config": [3, 16, 32, 64, 1, 0], "accuracy": 0.7519607843}
{"config": [9, 64, 32, 41, 0, 0], "accuracy": 0.7053544495}
{"config": [9, 64, 128, 41, 1, 0], "accuracy": 0.6670437406}
{"config": [3, 32, 64, 64, 1, 1], "accuracy": 0.7367269985}
{"config": [3, 64, 32, 64, 1, 1], "accuracy": 0.7438159879}
{"config": [3, 16, 32, 41, 1, 0], "accuracy": 0.7750377074}
{"config": [9, 16, 64, 32, 1, 1], "accuracy": 0.7561085973}
{"config": [9, 32, 64, 41, 1, 1], "accuracy": 0.6393665158}
{"config": [3, 32, 128, 32, 0, 1], "accuracy": 0.7130467572}
{"config": [3, 64, 32, 41, 0, 0], "accuracy": 0.7407239819}
{"config": [6, 16, 64, 32, 1, 0], "accuracy": 0.6826546003}
{"config": [9, 16, 32, 32, 1, 1], "accuracy": 0.7595022624000001}
{"config": [3, 16, 16, 41, 1, 1], "accuracy": 0.7248114630000001}
{"config": [3, 32, 16, 64, 1, 1], "accuracy": 0.7170437406}
{"config": [9, 16, 128, 64, 1, 0], "accuracy": 0.7134238311000001}
{"config": [9, 32, 64, 32, 1, 1], "accuracy": 0.6466817496}
{"config": [9, 16, 64, 64, 0, 1], "accuracy": 0.7054298643}
{"config": [9, 16, 64, 41, 0, 1], "accuracy": 0.7407239819}
{"config": [3, 64, 128, 41, 0, 1], "accuracy": 0.7480392157}
{"config": [9, 64, 16, 41, 1, 0], "accuracy": 0.6559577677}
{"config": [3, 64, 64, 64, 0, 1], "accuracy": 0.7052036199}
{"config": [9, 32, 16, 32, 1, 1], "accuracy": 0.6780542986}
{"config": [3, 64, 64, 32, 1, 1], "accuracy": 0.7328054299}
{"config": [9, 16, 128, 32, 1, 0], "accuracy": 0.7056561086}
{"config": [9, 64, 32, 64, 0, 1], "accuracy": 0.6972096531}
{"config": [9, 32, 32, 41, 0, 0], "accuracy": 0.7248868778}
