{"config": [6, 64, 128, 64, 0, 0], "accuracy": 0.7478129713}
{"config": [3, 16, 16, 64, 1, 1], "accuracy": 0.7560331825000001}
{"config": [6, 64, 64, 32, 0, 0], "accuracy": 0.6513574661}
{"config": [6, 16, 128, 41, 1, 1], "accuracy": 0.7085972851}
{"config": [6, 16, 16, 64, 0, 1], "accuracy": 0.7280542986}
{"config": [3, 16, 64, 64, 1, 0], "accuracy": 0.7441930618}
{"config": [3, 64, 16, 64, 0, 1], "accuracy": 0.7166666667}
{"config": [3, 16, 128, 64, 1, 1], "accuracy": 0.741025641}
{"config": [3, 16, 16, 32, 1, 0], "accuracy": 0.7825791855}
{"config": [3, 64, 128, 32, 1, 0], "accuracy": 0.744494721}
{"config": [3, 64, 16, 32, 1, 0], "accuracy": 0.7711161388000001}
{"config": [3, 32, 16, 32, 1, 0], "accuracy": 0.728280543}
{"config": [6, 16, 64, 32, 1, 1], "accuracy": 0.6667420814}
{"config": [3, 64, 64, 64, 0, 1], "accuracy": 0.7012066365}
{"config": [3, 16, 32, 41, 0, 1], "accuracy": 0.778959276}
{"config": [3, 32, 128, 64, 0, 0], "accuracy": 0.7323529412}
{"config": [9, 64, 128, 41, 1, 1], "accuracy": 0.6431372549000001}
{"config": [3, 64, 128, 64, 0, 1], "accuracy": 0.7167420814000001}
{"config": [3, 16, 32, 64, 1, 0], "accuracy": 0.7711915535}
{"config": [3, 16, 128, 32, 0, 0], "accuracy": 0.8024132730000001}
{"config": [9, 16, 128, 64, 0, 0], "accuracy": 0.7288084465}
{"config": [3, 64, 32, 41, 0, 0], "accuracy": 0.7523378582}
{"config": [3, 16, 32, 32, 0, 0], "accuracy": 0.7906485671}
{"config": [3, 16, 128, 41, 0, 0], "accuracy": 0.7481900452}
{"config": [9, 64, 32, 64, 1, 0], "accuracy": 0.7245852187}
{"config": [3, 32, 128, 32, 0, 1], "accuracy": 0.8100301659}
{"config": [3, 32, 32, 64, 1, 0], "accuracy": 0.7673453997}
{"config": [9, 64, 16, 41, 1, 0], "accuracy": 0.6312971342}
{"config": [3, 64, 32, 32, 1, 1], "accuracy": 0.7751131222000001}
{"config": [3, 32, 64, 32, 1, 0], "accuracy": 0.7868024133}
{"config": [3, 32, 64, 64, 1, 1], "accuracy": 0.7178733032}
{"config": [9, 32, 128, 32, 0, 0], "accuracy": 0.7009049774}
{"config": [3, 32, 32, 32, 0, 0], "accuracy": 0.7674962293}
{"config": [3, 64, 32, 64, 1, 1], "accuracy": 0.7404977376}
{"config": [3, 32, 16, 64, 1, 0], "accuracy": 0.7442684766000001}
{"config": [9, 16, 64, 64, 0, 0], "accuracy": 0.7243589744000001}
{"config": [3, 32, 128, 41, 1, 0], "accuracy": 0.7787330317000001}
{"config": [9, 16, 32, 32, 1, 0], "accuracy": 0.7408748115}
{"config": [9, 32, 64, 41, 1, 0], "accuracy": 0.6552790347}
{"config": [3, 16, 16, 41, 1, 1], "accuracy": 0.752413273}
{"config": [9, 64, 64, 64, 1, 0], "accuracy": 0.6628959276}
{"config": [3, 64, 64, 41, 1, 0], "accuracy": 0.7129713424}
{"config": [3, 32, 32, 41, 1, 0], "accuracy": 0.7711161388000001}
{"config": [3, 16, 32, 32, 1, 1], "accuracy": 0.8255656109}
{"config": [9, 32, 32, 64, 1, 1], "accuracy": 0.6941930618000001}
{"config": [9, 32, 128, 64, 1, 1], "accuracy": 0.7182503771000001}
{"config": [9, 16, 16, 32, 1, 1], "accuracy": 0.6708144796000001}
{"config": [3, 16, 32, 41, 1, 0], "accuracy": 0.7790346908}
{"config": [3, 64, 16, 41, 1, 1], "accuracy": 0.7477375566000001}
{"config": [3, 64, 128, 41, 0, 1], "accuracy": 0.7635746606}
