precision,accuracy,recall,duration
0.7934572202864886,0.8116666666666666,0.8040993970044739,163.48786282539368
