precision,accuracy,recall,duration
0.84092185734753,0.8356643356643356,0.809313298822667,1583.9762799739838
