precision,accuracy,recall,duration
0.5562772554143393,0.7725,0.5008220291350397,277.1143169403076
