precision,accuracy,recall,duration
0.7463662924917537,0.78,0.6544594041374455,329.3989803791046
