precision,accuracy,recall,duration
0.6015143649959572,0.6724137931034483,0.5169622293030267,302.50911235809326
