precision,accuracy,recall,duration
0.49102006150859584,0.7875,0.5034073357277108,266.52355551719666
