precision,accuracy,recall,duration
0.9053844374104596,0.8366863905325443,0.9205943449215488,213.30062055587769
