precision,accuracy,recall,duration
0.9344035594035592,0.9297520661157025,0.9124364765669114,484.92730808258057
