precision,accuracy,recall,duration
0.797954822954823,0.8082191780821918,0.8112364243943191,282.0090479850769
