precision,accuracy,recall,duration
0.795710754534284,0.7647058823529411,0.7703658953658954,183.30710196495056
