precision,accuracy,recall,duration
0.9201567051495372,0.91996699669967,0.9197399011915142,631.9728310108185
