precision,accuracy,recall,duration
0.8356685141224616,0.841025641025641,0.8337990474815565,507.56254172325134
