precision,accuracy,recall,duration
0.7435045662100457,0.8292682926829268,0.8231461675579324,200.53540587425232
