precision,accuracy,recall,duration
0.8936057342737781,0.8017751479289941,0.9062400497080342,482.9550621509552
