precision,accuracy,recall,duration
0.8584178648342397,0.8487179487179487,0.8561684552401361,1232.7390353679657
