precision,accuracy,recall,duration
0.9663156899810964,0.9659863945578231,0.9659492724058207,145.45033645629883
