precision,accuracy,recall,duration
0.6136490960020372,0.6132596685082873,0.6122656296814142,265.63606905937195
