precision,accuracy,recall,duration
0.6259208063816195,0.6202020202020202,0.6202020202020201,130.44151663780212
