precision,accuracy,recall,duration
0.8605150503926922,0.8571428571428571,0.8661015404247561,98.85207295417786
