precision,accuracy,recall,duration
0.7403361344537814,0.6666666666666666,0.625,90.78739666938782
