precision,accuracy,recall,duration
0.43034693472958585,0.6190476190476191,0.41213088438149637,159.28824496269226
