precision,accuracy,recall,duration
0.9576806314511233,0.9462809917355371,0.9304849739632348,263.2314908504486
