precision,accuracy,recall,duration
0.8932325829528958,0.9,0.8893642079010721,1842.4205017089844
