precision,accuracy,recall,duration
0.5637254901960784,0.7763975155279503,0.5407523510971787,385.86833477020264
