precision,accuracy,recall,duration
0.932780358930933,0.9326182618261826,0.932423350770125,887.2198927402496
