precision,accuracy,recall,duration
0.8501127617778272,0.8512820512820513,0.8459094983756028,198.2631392478943
