precision,accuracy,recall,duration
0.8873182888392427,0.7857988165680473,0.8967992883510488,391.3549087047577
