precision,accuracy,recall,duration
0.7671651780562673,0.775,0.6158117450807096,201.56566715240479
