precision,accuracy,recall,duration
0.7916666666666667,0.7333333333333333,0.7333333333333334,88.64702033996582
