precision,accuracy,recall,duration
0.5925324675324676,0.8074534161490683,0.5260579937304075,172.12255311012268
