precision,accuracy,recall,duration
0.9882314112795956,0.9879396984924623,0.9879061469548057,190.7420151233673
