precision,accuracy,recall,duration
0.7208155420258496,0.775,0.6338900175613787,327.14951062202454
