precision,accuracy,recall,duration
0.6857338156435577,0.9351111111111111,0.582955349823571,655.7390360832214
