precision,accuracy,recall,duration
0.8281310369545664,0.8081841432225064,0.8134499134499135,477.92391633987427
