precision,accuracy,recall,duration
0.7453496574175773,0.7825,0.6360253128718402,121.21674990653992
