precision,accuracy,recall,duration
0.7223490862914232,0.9382222222222222,0.5895135990099558,571.5435564517975
