precision,accuracy,recall,duration
0.9698863733413422,0.975230694511899,0.9568546768595955,2826.437783241272
