precision,accuracy,recall,duration
0.9043578306574845,0.9013333333333333,0.9013333333333334,1540.8511703014374
