precision,accuracy,recall,duration
0.789398798500384,0.8033333333333333,0.8115638980743046,323.34001183509827
