precision,accuracy,recall,duration
0.9588141398331027,0.9629268292682926,0.946022987013667,258.56642270088196
