precision,accuracy,recall,duration
0.7252903380740404,0.9413333333333334,0.5831213452704964,118.94930338859558
