precision,accuracy,recall,duration
0.8743781094527363,0.8900343642611683,0.8699202534411186,129.62068796157837
