precision,accuracy,recall,duration
0.6766946516911964,0.7288401253918495,0.5755149620820326,416.15521025657654
