precision,accuracy,recall,duration
0.9017857142857143,0.9,0.9,264.4139919281006
