precision,accuracy,recall,duration
0.7580357142857143,0.7666666666666667,0.7810737210659404,296.529025554657
