precision,accuracy,recall,duration
0.9297925824632169,0.9202558635394457,0.9210058115939549,572.43204164505
