precision,accuracy,recall,duration
0.9306237146156627,0.9304180418041804,0.9301965271723336,566.7526037693024
