precision,accuracy,recall,duration
0.7571535580524346,0.8585365853658536,0.7504991087344028,444.14351892471313
