precision,accuracy,recall,duration
0.8873873873873874,0.8752079866888519,0.89067055393586,317.0523450374603
