precision,accuracy,recall,duration
0.8936418887330528,0.89,0.8654513888888888,72.31958794593811
