precision,accuracy,recall,duration
0.7901069518716577,0.77,0.6722051964846635,191.6404263973236
