precision,accuracy,recall,duration
0.6552083333333333,0.6666666666666666,0.6277777777777778,143.92392373085022
