precision,accuracy,recall,duration
0.9499941722445409,0.9488,0.9507234208476445,342.81936740875244
