precision,accuracy,recall,duration
0.7704751637210262,0.785,0.781031031031031,84.81787729263306
