precision,accuracy,recall,duration
0.6892857142857143,0.7333333333333333,0.6583333333333333,111.57603025436401
