precision,accuracy,recall,duration
0.8263867020445969,0.8260869565217391,0.8336806211806211,472.0907475948334
