precision,accuracy,recall,duration
0.8282323042045651,0.8330729166666667,0.7904327591790089,272.9766631126404
