precision,accuracy,recall,duration
0.5190304776779169,0.4581818181818182,0.47807425714382007,807.9369471073151
