precision,accuracy,recall,duration
0.9507312670195515,0.9380165289256198,0.9140645586297761,491.3214621543884
