precision,accuracy,recall,duration
0.9671300255479157,0.9673170731707317,0.9536337277867875,277.4873023033142
