precision,accuracy,recall,duration
0.8265763319939992,0.835,0.8515691300507455,576.6888966560364
