precision,accuracy,recall,duration
0.8889852896052837,0.8136094674556213,0.9141632575168653,344.28293776512146
