precision,accuracy,recall,duration
0.8183673469387756,0.7945205479452054,0.8080200501253134,446.13418889045715
