precision,accuracy,recall,duration
0.7350713238686053,0.8390243902439024,0.7665329768270945,672.1204354763031
