precision,accuracy,recall,duration
0.743421052631579,0.7428571428571429,0.7418300653594772,264.6948709487915
