precision,accuracy,recall,duration
0.9442062098345436,0.9248366013071896,0.8749194068343005,263.91496992111206
