precision,accuracy,recall,duration
0.8802567473109866,0.8777955271565495,0.8743372488606458,377.05208587646484
