precision,accuracy,recall,duration
0.809881187300542,0.8216145833333334,0.7831218012641482,118.44324922561646
