precision,accuracy,recall,duration
0.6749816279172868,0.9375555555555556,0.5749530709211073,831.0032744407654
