precision,accuracy,recall,duration
0.9551455159200803,0.9611752360965372,0.964900754822477,50.16761374473572
