precision,accuracy,recall,duration
0.9258672824234426,0.9297520661157025,0.9086485977790325,290.51613187789917
