precision,accuracy,recall,duration
0.459869376635049,0.74,0.4673353800653342,88.60220527648926
