precision,accuracy,recall,duration
0.6633918128654971,0.6408839779005525,0.6214018775591731,165.48237133026123
