precision,accuracy,recall,duration
0.9066492450638792,0.906,0.8880912381579176,1647.4121894836426
