precision,accuracy,recall,duration
0.9011176926873987,0.906,0.8940664022584388,1646.831984758377
