precision,accuracy,recall,duration
0.8595160707836764,0.8457142857142858,0.8593564852793728,196.7584195137024
