precision,accuracy,recall,duration
0.7084599560718654,0.9366666666666666,0.5954313850597988,682.6852827072144
