precision,accuracy,recall,duration
0.6259428906208206,0.6287878787878788,0.6287878787878788,130.64898252487183
