precision,accuracy,recall,duration
0.9564571994062345,0.9555555555555556,0.9555555555555555,592.1182477474213
