precision,accuracy,recall,duration
0.5332758130132957,0.525974025974026,0.5241895813887896,563.3946018218994
