precision,accuracy,recall,duration
0.6052852348993288,0.8012422360248447,0.5491771159874609,520.0728795528412
