precision,accuracy,recall,duration
0.936020477926289,0.9253731343283582,0.9261325706621414,205.8187460899353
