precision,accuracy,recall,duration
0.6186067422589162,0.6243093922651933,0.6210287875761511,452.6816999912262
