precision,accuracy,recall,duration
0.6977777777777778,0.6333333333333333,0.6333333333333333,626.706184387207
