precision,accuracy,recall,duration
0.8483420209019118,0.8512820512820513,0.846013634857782,297.18736839294434
