precision,accuracy,recall,duration
0.9953540825796983,0.9953542392566783,0.9953540825796983,204.17908692359924
