precision,accuracy,recall,duration
0.8543195118217827,0.8677083333333333,0.8414526963614178,1406.0042419433594
