precision,accuracy,recall,duration
0.9565217391304347,0.95,0.9500000000000001,106.7679660320282
