precision,accuracy,recall,duration
0.7261493751816332,0.824390243902439,0.7872638146167558,387.7179231643677
