precision,accuracy,recall,duration
0.8613963295795446,0.865625,0.8328191504376199,604.9585902690887
