precision,accuracy,recall,duration
0.8487289631166814,0.8384615384615385,0.846694789247653,872.644787311554
