{"dataset": "Cricket_Z", "depth": 6, "nb_filters": 32, "batch_size": 16, "kernel_size": 32, "use_residual": "False", "use_bottleneck": "True", "acc": 0.8589743589743589, "precision": 0.8534165928432448, "recall": 0.8527871133054222, "budget_ran": 1500, "duration": 856.4601681232452}
{"dataset": "Cricket_Z", "depth": 9, "nb_filters": 32, "batch_size": 16, "kernel_size": 64, "use_residual": "False", "use_bottleneck": "True", "acc": 0.8487179487179487, "precision": 0.8445447540867819, "recall": 0.840998441244818, "budget_ran": 1500, "duration": 1249.6753690242767}
{"dataset": "Cricket_Z", "depth": 3, "nb_filters": 64, "batch_size": 32, "kernel_size": 32, "use_residual": "False", "use_bottleneck": "True", "acc": 0.8589743589743589, "precision": 0.857593977906478, "recall": 0.8536683065749536, "budget_ran": 1500, "duration": 285.36922788619995}
{"dataset": "Cricket_Z", "depth": 3, "nb_filters": 32, "batch_size": 128, "kernel_size": 32, "use_residual": "False", "use_bottleneck": "True", "acc": 0.8256410256410256, "precision": 0.8236272541301005, "recall": 0.8184747993131146, "budget_ran": 1500, "duration": 134.2562336921692}
{"dataset": "Cricket_Z", "depth": 3, "nb_filters": 64, "batch_size": 16, "kernel_size": 41, "use_residual": "False", "use_bottleneck": "True", "acc": 0.8487179487179487, "precision": 0.849504702230926, "recall": 0.8413034004505393, "budget_ran": 1500, "duration": 540.2578818798065}
{"dataset": "Cricket_Z", "depth": 9, "nb_filters": 64, "batch_size": 64, "kernel_size": 32, "use_residual": "True", "use_bottleneck": "False", "acc": 0.8461538461538461, "precision": 0.8480694685745761, "recall": 0.8409457112236818, "budget_ran": 1500, "duration": 534.840752363205}
{"dataset": "Cricket_Z", "depth": 3, "nb_filters": 16, "batch_size": 128, "kernel_size": 64, "use_residual": "False", "use_bottleneck": "False", "acc": 0.8692307692307693, "precision": 0.8718519432980217, "recall": 0.8641857362342176, "budget_ran": 1500, "duration": 129.90033316612244}
{"dataset": "Cricket_Z", "depth": 9, "nb_filters": 32, "batch_size": 32, "kernel_size": 41, "use_residual": "False", "use_bottleneck": "True", "acc": 0.8461538461538461, "precision": 0.8410261294155982, "recall": 0.8398337392529102, "budget_ran": 1500, "duration": 688.1712851524353}
{"dataset": "Cricket_Z", "depth": 9, "nb_filters": 32, "batch_size": 16, "kernel_size": 32, "use_residual": "True", "use_bottleneck": "False", "acc": 0.8589743589743589, "precision": 0.8538878868842104, "recall": 0.8517228448603221, "budget_ran": 1500, "duration": 1180.140282869339}
{"dataset": "Cricket_Z", "depth": 6, "nb_filters": 64, "batch_size": 16, "kernel_size": 41, "use_residual": "False", "use_bottleneck": "False", "acc": 0.8512820512820513, "precision": 0.8466703278189079, "recall": 0.8455127568245763, "budget_ran": 1500, "duration": 901.7777810096741}
