precision,accuracy,recall,duration
0.9557744113107628,0.9504132231404959,0.9383242361503231,270.38772892951965
