precision,accuracy,recall,duration
0.8961199045114403,0.8029585798816568,0.909602926627567,959.665753364563
