precision,accuracy,recall,duration
0.9486983910139647,0.9338842975206612,0.9058802308802308,445.49310755729675
