precision,accuracy,recall,duration
0.6764541839001381,0.7075606276747504,0.6296220859323787,2838.9813706874847
