precision,accuracy,recall,duration
0.5399715956558062,0.5324675324675324,0.529699164536755,1298.0254287719727
