precision,accuracy,recall,duration
0.7648305084745763,0.764,0.764,269.4732675552368
