precision,accuracy,recall,duration
0.6781284520033791,0.9362222222222222,0.5816990997615809,433.3780119419098
