precision,accuracy,recall,duration
0.968930468930469,0.9692982456140351,0.9699074074074074,627.5572669506073
