precision,accuracy,recall,duration
0.7088714484096148,0.9404444444444444,0.5828998534696981,549.9318158626556
