precision,accuracy,recall,duration
0.7909418689334877,0.805,0.7903975403975404,122.65332961082458
