precision,accuracy,recall,duration
0.9803053321996492,0.9798994974874372,0.9802769156175201,311.25515699386597
