precision,accuracy,recall,duration
0.8388694382115435,0.8158567774936062,0.8230935730935731,281.4858057498932
