precision,accuracy,recall,duration
0.8344349626739542,0.8358974358974359,0.8379044838802003,800.1356573104858
