precision,accuracy,recall,duration
0.9584986167361905,0.9556503198294243,0.9559652730258021,221.57819843292236
