precision,accuracy,recall,duration
0.857593977906478,0.8589743589743589,0.8536683065749536,285.36922788619995
