precision,accuracy,recall,duration
0.3765693614377825,0.6040100250626567,0.3747743146626255,278.5911228656769
