precision,accuracy,recall,duration
0.9265240841146647,0.9265676567656765,0.9265348009299622,267.2927622795105
