precision,accuracy,recall,duration
0.7744209408783205,0.7883333333333333,0.7864650364650365,868.8836777210236
