precision,accuracy,recall,duration
0.8379203324011497,0.8435897435897436,0.8353917016402338,1197.6615109443665
