precision,accuracy,recall,duration
0.8919265280052745,0.8906666666666667,0.8906666666666667,564.0809502601624
