precision,accuracy,recall,duration
0.928444629786549,0.9390243902439024,0.918397930918518,150.27810192108154
