precision,accuracy,recall,duration
0.7044121253269234,0.942,0.5815805613825253,265.70207929611206
