precision,accuracy,recall,duration
0.8404542772861356,0.8019966722129783,0.8260503536962958,505.4307622909546
