precision,accuracy,recall,duration
0.9452636374804839,0.9452929741738406,0.9452509931383171,1103.235648393631
