precision,accuracy,recall,duration
0.5999203821656052,0.8136645962732919,0.5163923719958203,204.74823307991028
