precision,accuracy,recall,duration
0.9262298713092786,0.9267886855241264,0.9348995412118335,375.091096162796
