precision,accuracy,recall,duration
0.9482236533891963,0.9475153545505304,0.9477270971625155,1405.9529700279236
