precision,accuracy,recall,duration
0.7051282051282051,0.6952380952380952,0.6917211328976034,625.53750872612
