precision,accuracy,recall,duration
0.9769047619047618,0.9771428571428571,0.9784811165845648,98.54718708992004
