precision,accuracy,recall,duration
0.83711567843604,0.8388020833333333,0.8003564057627889,116.6350953578949
