precision,accuracy,recall,duration
0.653162891299728,0.7304075235109718,0.5934748076793022,164.17077088356018
