precision,accuracy,recall,duration
0.6293257317395249,0.6022099447513812,0.5856119794267453,145.92686104774475
