precision,accuracy,recall,duration
0.9689200012088974,0.9689018464528668,0.9689129153633438,129.96581315994263
