precision,accuracy,recall,duration
0.9357809782809782,0.925,0.925,952.7180898189545
