precision,accuracy,recall,duration
0.9585909869743472,0.940724946695096,0.9408648854242904,201.5083727836609
