precision,accuracy,recall,duration
0.8154114906832298,0.812,0.812,1250.8236815929413
