precision,accuracy,recall,duration
0.9313444425944427,0.9216666666666666,0.9216666666666667,3445.567144870758
