precision,accuracy,recall,duration
0.9763895524765089,0.9771428571428571,0.9780670889045273,627.0753407478333
