precision,accuracy,recall,duration
0.49833223255150166,0.47454545454545455,0.5044154448367176,424.4813606739044
