precision,accuracy,recall,duration
0.9164410161507811,0.9152915291529153,0.9147250072653299,1018.3582830429077
