precision,accuracy,recall,duration
0.935319016848165,0.9297520661157025,0.9066534914361002,334.2399663925171
