precision,accuracy,recall,duration
0.8410459895036168,0.8461538461538461,0.8397695892734992,377.035959482193
