precision,accuracy,recall,duration
0.8306138306138307,0.7925,0.6674529114011225,331.3391468524933
