precision,accuracy,recall,duration
0.9391334899031343,0.9401888772298006,0.933866834404995,268.97327160835266
