precision,accuracy,recall,duration
0.8760566806543819,0.8742857142857143,0.8820526843496491,71.42260503768921
