precision,accuracy,recall,duration
0.902348493969315,0.8986666666666666,0.8986666666666667,326.2281982898712
