precision,accuracy,recall,duration
0.44428539106452536,0.41454545454545455,0.4287979941874293,507.7830238342285
