precision,accuracy,recall,duration
0.6629746835443038,0.8198757763975155,0.5201802507836991,127.69436931610107
