precision,accuracy,recall,duration
0.5434288150904825,0.5454545454545454,0.5439327562218133,323.25383615493774
