precision,accuracy,recall,duration
0.8975637413068975,0.885,0.8537080656055699,9984.914233922958
