precision,accuracy,recall,duration
0.9722751322751322,0.9714285714285714,0.9722906403940887,344.52503728866577
