precision,accuracy,recall,duration
0.8400135811900518,0.8356164383561644,0.85843776106934,265.80235743522644
