precision,accuracy,recall,duration
0.8877391745560071,0.8806666666666667,0.8758500476424258,131.49972987174988
