precision,accuracy,recall,duration
0.9683129370629371,0.9575163398692811,0.9506769825918762,452.8755373954773
