precision,accuracy,recall,duration
0.6481208548268238,0.6476190476190476,0.6459694989106755,159.56556606292725
