precision,accuracy,recall,duration
0.49111392463051534,0.7475,0.501965427740727,122.3200945854187
