precision,accuracy,recall,duration
0.9694736842105263,0.9607843137254902,0.9238394584139265,317.9990200996399
