precision,accuracy,recall,duration
0.8230433729692195,0.8152173913043478,0.8150796578847296,385.9640476703644
