precision,accuracy,recall,duration
0.9594993991845043,0.9580487804878048,0.9382047102854634,262.57746410369873
