precision,accuracy,recall,duration
0.9752812874199939,0.9748743718592965,0.9749026705134267,55.11221098899841
