precision,accuracy,recall,duration
0.6265306122448979,0.640625,0.5941295546558705,83.14671421051025
