precision,accuracy,recall,duration
0.8935356368736453,0.8913738019169329,0.8883137556967713,202.41563510894775
