precision,accuracy,recall,duration
0.8295302449714214,0.8132992327365729,0.8207645957645957,267.2327780723572
