precision,accuracy,recall,duration
0.5969387755102041,0.7950310559006211,0.552115987460815,263.40562081336975
