precision,accuracy,recall,duration
0.4980537590840852,0.76,0.505606541185844,372.2234375476837
