precision,accuracy,recall,duration
0.9389978077478076,0.93,0.93,2124.9424588680267
