precision,accuracy,recall,duration
0.9731918747962904,0.9718592964824121,0.9714063362602814,467.892117023468
