precision,accuracy,recall,duration
0.8214770304322543,0.8,0.8207091422842039,207.18079614639282
