precision,accuracy,recall,duration
0.7698713577364509,0.785,0.7782425282425283,201.76017689704895
