precision,accuracy,recall,duration
0.6581488975508611,0.6824017637141746,0.6052039733235075,5370.543288707733
