precision,accuracy,recall,duration
0.8500423554669906,0.86015625,0.8314617672330537,606.6960887908936
