precision,accuracy,recall,duration
0.8135930047694754,0.7904761904761904,0.7864923747276689,79.07947301864624
