precision,accuracy,recall,duration
0.7940840583480924,0.7986842105263158,0.7817101649725298,850.6121435165405
