precision,accuracy,recall,duration
0.8476263226263228,0.8158567774936062,0.82501335001335,288.8282210826874
