precision,accuracy,recall,duration
0.934192643433972,0.9342684268426843,0.934328683522232,1099.5404341220856
