precision,accuracy,recall,duration
0.977540192627084,0.9789946576007771,0.9605199115314789,907.6574757099152
