precision,accuracy,recall,duration
0.7587121212121212,0.8333333333333334,0.7416666666666666,87.10791873931885
