precision,accuracy,recall,duration
0.8878787878787879,0.8833333333333333,0.8836032388663968,314.2321996688843
