precision,accuracy,recall,duration
0.960122053872054,0.9444444444444444,0.9302063185041909,507.9468584060669
