precision,accuracy,recall,duration
0.9310612753259812,0.92,0.9200000000000002,1945.888304233551
