precision,accuracy,recall,duration
0.9863247863247864,0.9859525899912204,0.9859649122807017,507.69496726989746
