precision,accuracy,recall,duration
0.48853962113641475,0.7475,0.4932478981292045,262.7579879760742
