precision,accuracy,recall,duration
0.7385207039337475,0.7413333333333333,0.7413333333333334,1346.2233290672302
