precision,accuracy,recall,duration
0.45865384615384613,0.7950310559006211,0.4915752351097179,529.2485103607178
