precision,accuracy,recall,duration
0.9382920719809831,0.9383504582060539,0.9383391517194334,3870.4261775016785
