precision,accuracy,recall,duration
0.896240593750564,0.8961661341853036,0.8946453559278515,65.86646747589111
