precision,accuracy,recall,duration
0.8688875901032533,0.8685714285714285,0.877221766475253,80.02170634269714
