precision,accuracy,recall,duration
0.8214735957417005,0.7833333333333333,0.7833333333333334,353.2953517436981
