precision,accuracy,recall,duration
0.7103963420037639,0.9377777777777778,0.6100212964739659,1588.202922821045
