precision,accuracy,recall,duration
0.8631336497123332,0.8692307692307693,0.8608597686861138,447.24917125701904
