precision,accuracy,recall,duration
0.7535353535353535,0.6666666666666666,0.6666666666666667,60.16020750999451
