precision,accuracy,recall,duration
0.9395023506478616,0.9338842975206612,0.9099316142794404,481.41996335983276
