precision,accuracy,recall,duration
0.9751172795890827,0.9787518212724624,0.9627132624149365,905.7800772190094
