precision,accuracy,recall,duration
0.8411909199797596,0.8420289855072464,0.841859788483335,264.5286638736725
