precision,accuracy,recall,duration
0.9545282303902994,0.9485714285714286,0.9505958245367113,83.53949093818665
