precision,accuracy,recall,duration
0.9689799163748477,0.9759592034968432,0.9606103104118038,2305.826691389084
