precision,accuracy,recall,duration
0.8030313087090465,0.8483516483516483,0.7588645359628333,1733.6903109550476
