precision,accuracy,recall,duration
0.45774870366924214,0.3236363636363636,0.33752341876483005,207.77229690551758
