precision,accuracy,recall,duration
0.9398109717306848,0.9397389613996112,0.9395951205810361,4691.9529004096985
