precision,accuracy,recall,duration
0.754738262813446,0.7578947368421053,0.7283650091555174,362.18006896972656
