precision,accuracy,recall,duration
0.8144625603864735,0.7885714285714286,0.806672135630298,171.8089051246643
