precision,accuracy,recall,duration
0.8161628166447242,0.8115942028985508,0.8114147169165149,246.03654265403748
