precision,accuracy,recall,duration
0.9410561079966779,0.9408497639544571,0.9406223666787047,2641.323189973831
