precision,accuracy,recall,duration
0.621742458277176,0.6353591160220995,0.6264103665235193,136.63104724884033
