precision,accuracy,recall,duration
0.7948051948051947,0.7,0.7000000000000001,79.71209383010864
