precision,accuracy,recall,duration
0.6669965363681345,0.6666666666666666,0.6666666666666667,263.81513142585754
