precision,accuracy,recall,duration
0.9416093216708812,0.9256198347107438,0.899062049062049,323.1811172962189
