precision,accuracy,recall,duration
0.9475765336844556,0.9475145792835323,0.9473897516151037,903.8936192989349
