precision,accuracy,recall,duration
0.8357629892173927,0.8256410256410256,0.8346461357853373,297.48932361602783
