precision,accuracy,recall,duration
0.8312719027004741,0.8082191780821918,0.8223057644110277,144.09606075286865
