precision,accuracy,recall,duration
0.8317803983555528,0.8171428571428572,0.8322851153039833,173.27538537979126
