precision,accuracy,recall,duration
0.7909090909090909,0.7,0.7,203.66666221618652
