precision,accuracy,recall,duration
0.8876839949960124,0.887213847012842,0.8875828812999063,562.2966735363007
