precision,accuracy,recall,duration
0.9577562813082086,0.9570731707317073,0.9407677959738151,166.6127827167511
