precision,accuracy,recall,duration
0.8277605124518161,0.8256410256410256,0.8299416802675642,413.21781945228577
