precision,accuracy,recall,duration
0.8004273504273505,0.8333333333333334,0.7763888888888889,206.27740669250488
