precision,accuracy,recall,duration
0.9095238095238095,0.9,0.8732638888888888,385.48734951019287
