precision,accuracy,recall,duration
0.8269191788640482,0.8282051282051283,0.8300689136724273,864.7805922031403
