precision,accuracy,recall,duration
0.6500801245538088,0.778021978021978,0.6593527514109557,657.8309183120728
