precision,accuracy,recall,duration
0.8356812856812856,0.8235294117647058,0.8311992436992437,210.86277174949646
