precision,accuracy,recall,duration
0.8120199692780339,0.812,0.812,865.7379858493805
