precision,accuracy,recall,duration
0.973855711628482,0.9728643216080402,0.9726170771839793,193.95797896385193
