precision,accuracy,recall,duration
0.7670338637290901,0.78,0.7807807807807807,436.01053857803345
