precision,accuracy,recall,duration
0.8518801073814924,0.8614583333333333,0.8283016710147709,419.59090876579285
