precision,accuracy,recall,duration
0.8499083344119747,0.86015625,0.8315893162902328,1425.316777229309
