precision,accuracy,recall,duration
0.9693901727783043,0.9669421487603306,0.9638512453729845,165.8495533466339
