precision,accuracy,recall,duration
0.9756443021609691,0.9774162214667315,0.9576160961759004,923.6880571842194
