precision,accuracy,recall,duration
0.934225136751281,0.9412381951731374,0.9445881092162892,264.76374983787537
