precision,accuracy,recall,duration
0.9978070175438596,0.9977777777777778,0.9977777777777778,103.83871483802795
