precision,accuracy,recall,duration
0.854518709181149,0.841025641025641,0.8485827655466034,172.1331009864807
