precision,accuracy,recall,duration
0.7777777777777778,0.7666666666666667,0.7666666666666666,228.24346685409546
