precision,accuracy,recall,duration
0.7842958539243519,0.7876811594202898,0.7868615230771397,685.6721301078796
