precision,accuracy,recall,duration
0.9633752886404329,0.9658536585365853,0.9506388951987372,268.3480384349823
