precision,accuracy,recall,duration
0.9689560074428496,0.9607843137254902,0.9238394584139265,203.88346791267395
