precision,accuracy,recall,duration
0.9006211180124224,0.8935108153078203,0.9067055393586005,54.40553545951843
