precision,accuracy,recall,duration
0.7825413028026678,0.7789473684210526,0.7605358939019528,172.8622100353241
