precision,accuracy,recall,duration
0.7809523809523811,0.7,0.7,485.1222252845764
