precision,accuracy,recall,duration
0.7083844855661185,0.9393333333333334,0.5692378045342836,192.33170986175537
