precision,accuracy,recall,duration
0.4146968087285025,0.6215538847117794,0.40398826523673526,152.41656374931335
