precision,accuracy,recall,duration
0.9018281059600793,0.9013333333333333,0.9013333333333334,540.8922109603882
