precision,accuracy,recall,duration
0.915210373496366,0.9233997901364114,0.9290932811480757,263.9119665622711
