precision,accuracy,recall,duration
0.8495838956365273,0.8435897435897436,0.8506514451888124,516.114985704422
