precision,accuracy,recall,duration
0.6391874889243311,0.6353591160220995,0.6222977629082194,265.0249638557434
