precision,accuracy,recall,duration
0.85,0.7666666666666667,0.7666666666666668,452.93072843551636
