precision,accuracy,recall,duration
0.8323278073278073,0.8132992327365729,0.8212688587688586,387.73428106307983
