precision,accuracy,recall,duration
0.8201998314674371,0.7942857142857143,0.8187950050132167,127.00559329986572
