precision,accuracy,recall,duration
0.7728556753980482,0.772,0.772,203.31272625923157
