precision,accuracy,recall,duration
0.7305180602192791,0.8175824175824176,0.6927539041797556,814.3152232170105
