precision,accuracy,recall,duration
0.599002849002849,0.7701863354037267,0.5907784743991641,376.89137029647827
