precision,accuracy,recall,duration
0.7460780486650815,0.77,0.6589825113154198,278.72700715065
