precision,accuracy,recall,duration
0.7697368421052632,0.6666666666666666,0.65,144.16684007644653
