precision,accuracy,recall,duration
0.6877687817998173,0.9382222222222222,0.5672771883851119,807.7708015441895
