precision,accuracy,recall,duration
0.8465787754936458,0.8541666666666666,0.8177255601713905,723.8785758018494
