precision,accuracy,recall,duration
0.8931818181818181,0.8833333333333333,0.8775303643724697,106.74978160858154
