precision,accuracy,recall,duration
0.9775627665346072,0.9789946576007771,0.9608715937598337,750.093775510788
