precision,accuracy,recall,duration
0.7130841068371169,0.938,0.5780673402995276,684.2043731212616
