precision,accuracy,recall,duration
0.8322607018573644,0.8171428571428572,0.8352018959073922,687.3636147975922
