precision,accuracy,recall,duration
0.7971014492753623,0.78125,0.7489878542510121,323.97760581970215
