precision,accuracy,recall,duration
0.9567635323916218,0.9509594882729211,0.9512526398477776,374.0836269855499
