precision,accuracy,recall,duration
0.8737373737373737,0.8356164383561644,0.8349624060150376,69.21402907371521
