precision,accuracy,recall,duration
0.9014141206679344,0.9017308766052484,0.9019852727050448,1008.2676651477814
