precision,accuracy,recall,duration
0.9785926382769768,0.9793589120932491,0.960868853442002,582.0088691711426
