precision,accuracy,recall,duration
0.6085578415425034,0.5848484848484848,0.5848484848484848,119.80770683288574
