precision,accuracy,recall,duration
0.7277777777777777,0.6666666666666666,0.6666666666666667,444.74773383140564
