precision,accuracy,recall,duration
0.7739158858139028,0.7883333333333333,0.7846060346060346,507.7823941707611
