precision,accuracy,recall,duration
0.798098355362739,0.7947368421052632,0.7658436075458701,628.0236144065857
