precision,accuracy,recall,duration
0.8522690963466039,0.8358974358974359,0.8449230707327008,143.99194884300232
