precision,accuracy,recall,duration
0.8498990948059153,0.8435897435897436,0.8518837769106744,490.370055437088
