precision,accuracy,recall,duration
0.46784622554069294,0.42727272727272725,0.4507215287188243,378.2864451408386
