precision,accuracy,recall,duration
0.9374301994829363,0.9375173562899195,0.9376529834276313,3851.1375374794006
