precision,accuracy,recall,duration
0.7938808373590982,0.792,0.792,177.68623757362366
