precision,accuracy,recall,duration
0.9621468169588632,0.9595121951219512,0.9390380428444297,656.2324788570404
