precision,accuracy,recall,duration
0.9764049660206254,0.9758793969849247,0.9758736197133647,385.2551453113556
