precision,accuracy,recall,duration
0.920117183946042,0.9196919691969196,0.9193566550421388,896.1056618690491
