precision,accuracy,recall,duration
0.7627315980257157,0.7723785166240409,0.7720604470604471,327.7433285713196
