precision,accuracy,recall,duration
0.7137434226855299,0.9406666666666667,0.5679087258637221,313.55755829811096
