precision,accuracy,recall,duration
0.8853672985781991,0.8900343642611683,0.8553091544679922,336.4581389427185
