precision,accuracy,recall,duration
0.7582520630157539,0.7523809523809524,0.75,376.58354783058167
