precision,accuracy,recall,duration
0.7659523809523809,0.7333333333333333,0.7333333333333333,503.0260398387909
