precision,accuracy,recall,duration
0.9323690103000448,0.9256198347107438,0.8998196248196249,690.5039775371552
