precision,accuracy,recall,duration
0.6454767353165523,0.6519337016574586,0.6248794067711974,190.85885167121887
