precision,accuracy,recall,duration
0.6095202489939332,0.5911602209944752,0.5648593078997304,181.10811805725098
