precision,accuracy,recall,duration
0.766916716916717,0.7928388746803069,0.8007570882570882,130.84847116470337
