precision,accuracy,recall,duration
0.6406529702181876,0.6519337016574586,0.6469656945970239,288.5071966648102
