precision,accuracy,recall,duration
0.8436516774348904,0.8546875,0.8230927683789443,321.8951530456543
