precision,accuracy,recall,duration
0.7432601880877744,0.7775,0.6627706422720369,202.69952392578125
