precision,accuracy,recall,duration
0.8071691520559057,0.7942857142857143,0.8100446632029897,418.0943169593811
