precision,accuracy,recall,duration
0.7660609546404972,0.7825,0.6816871932019483,110.84795689582825
