precision,accuracy,recall,duration
0.9671257422304453,0.9668292682926829,0.9522447951681833,270.14700293540955
