precision,accuracy,recall,duration
0.9233933180662566,0.922992299229923,0.922671461784365,986.829674243927
