precision,accuracy,recall,duration
0.9079934218145601,0.9066666666666666,0.9066666666666666,928.4719128608704
