precision,accuracy,recall,duration
0.8746723621723621,0.8465473145780051,0.8575559575559576,323.92013454437256
