precision,accuracy,recall,duration
0.5029742022226423,0.755,0.5134135169550774,90.34557604789734
