precision,accuracy,recall,duration
0.9563223099498626,0.9570731707317073,0.9372244703060221,83.79462265968323
