precision,accuracy,recall,duration
0.9711514572384138,0.9714285714285714,0.9712643678160919,144.79962968826294
