precision,accuracy,recall,duration
0.9389778794813118,0.9333333333333333,0.9333333333333332,445.7549841403961
