precision,accuracy,recall,duration
0.9035591204281355,0.8966942148760331,0.8718551979421544,712.9508340358734
