precision,accuracy,recall,duration
0.8359842241582294,0.8414918414918415,0.8268415868798388,3949.456166267395
