precision,accuracy,recall,duration
0.9764285714285714,0.9771428571428571,0.9769137184654425,247.0017340183258
