precision,accuracy,recall,duration
0.776412213740458,0.7569060773480663,0.7268796992481203,128.30909895896912
