precision,accuracy,recall,duration
0.8586471002761262,0.8507246376811595,0.8509270366095658,225.3768937587738
