precision,accuracy,recall,duration
0.5245537773974797,0.4909090909090909,0.5029453036643404,266.02405071258545
