precision,accuracy,recall,duration
0.670316291920692,0.9377777777777778,0.5753934714368559,1081.6338975429535
