precision,accuracy,recall,duration
0.9699778565436559,0.9698736637512148,0.9698535745047372,144.3137857913971
