precision,accuracy,recall,duration
0.7452980679964545,0.7710526315789473,0.7537778181207456,645.5227012634277
