precision,accuracy,recall,duration
0.8122384946890576,0.8102564102564103,0.8047216116001478,177.25853514671326
