precision,accuracy,recall,duration
0.8738121345029239,0.8685714285714285,0.877221766475253,207.13010168075562
