precision,accuracy,recall,duration
0.9937888198757764,0.9942857142857143,0.9950738916256158,155.6295301914215
