precision,accuracy,recall,duration
0.9496648323637203,0.9497361843932242,0.9497672645559969,2029.0044250488281
