precision,accuracy,recall,duration
0.5212278945612279,0.7525,0.5157812886727586,74.65205240249634
