precision,accuracy,recall,duration
0.6976593401663262,0.9393333333333334,0.5752242308301613,682.682897567749
