precision,accuracy,recall,duration
0.923606369121075,0.915,0.9149999999999999,866.937308549881
