precision,accuracy,recall,duration
0.8934459518791711,0.8883333333333333,0.8842968062822781,227.89858746528625
