precision,accuracy,recall,duration
0.9323670311170311,0.9216666666666666,0.9216666666666666,1023.7299013137817
