precision,accuracy,recall,duration
0.914413180394875,0.9128162816281629,0.9121403661726242,278.90505027770996
