precision,accuracy,recall,duration
0.9765546953046953,0.9758793969849247,0.9758070422346933,263.5977928638458
