precision,accuracy,recall,duration
0.7570486838002761,0.7633333333333333,0.7806360630227582,264.5144102573395
