precision,accuracy,recall,duration
0.6849815913835144,0.9342222222222222,0.566146108001184,447.9513816833496
