precision,accuracy,recall,duration
0.9875776397515528,0.9885714285714285,0.9901477832512315,207.00250148773193
