precision,accuracy,recall,duration
0.7167310167310168,0.7237569060773481,0.7110275689223058,169.59735703468323
