precision,accuracy,recall,duration
0.9050592504361812,0.8966942148760331,0.8667011732229124,687.264214515686
