precision,accuracy,recall,duration
0.7559121764596348,0.8390243902439024,0.7846256684491979,174.9906313419342
