precision,accuracy,recall,duration
0.42858624122103633,0.606516290726817,0.4048322963416293,280.25946593284607
