precision,accuracy,recall,duration
0.7814410435004698,0.8,0.7634661514463408,473.3064787387848
