precision,accuracy,recall,duration
0.8353270510241447,0.8102564102564103,0.8231848142908089,171.9121413230896
