precision,accuracy,recall,duration
0.9577642037103548,0.9609756097560975,0.9412300492226991,222.8155014514923
