precision,accuracy,recall,duration
0.5031203456509445,0.745,0.4958105734992455,83.76956605911255
