precision,accuracy,recall,duration
0.9523809523809522,0.95,0.9500000000000001,324.8175137042999
