precision,accuracy,recall,duration
0.8940859592215014,0.9003436426116839,0.8716135022940791,814.3311536312103
