precision,accuracy,recall,duration
0.8848616725792701,0.8826666666666667,0.8826666666666667,257.11905908584595
