precision,accuracy,recall,duration
0.8304591694537348,0.8171428571428572,0.8352018959073922,124.85789060592651
