precision,accuracy,recall,duration
0.6162853345709371,0.6131313131313131,0.6131313131313131,255.4801299571991
