precision,accuracy,recall,duration
0.8537931034482759,0.8518518518518519,0.8518518518518519,437.8976836204529
