precision,accuracy,recall,duration
0.8772300741427248,0.8865979381443299,0.855718811448547,696.7016446590424
