precision,accuracy,recall,duration
0.872325603192112,0.8710217755443886,0.8712344392238183,503.8403947353363
