precision,accuracy,recall,duration
0.9361483886483887,0.9283333333333333,0.9283333333333333,1945.5022387504578
