precision,accuracy,recall,duration
0.8333312735123064,0.8307692307692308,0.831692925927635,447.37237644195557
