precision,accuracy,recall,duration
0.7622180526009673,0.78,0.65280656849129,339.8962173461914
