precision,accuracy,recall,duration
0.9720187220187219,0.9714285714285714,0.9721147079521464,254.37477135658264
