precision,accuracy,recall,duration
0.8333333333333333,0.75,0.75,422.34535217285156
