precision,accuracy,recall,duration
0.8236688577387081,0.8057142857142857,0.822623279555191,207.24013018608093
