precision,accuracy,recall,duration
0.7776570759784965,0.7684210526315789,0.7369130408740485,85.63542437553406
