precision,accuracy,recall,duration
0.8546832531044912,0.8557291666666667,0.8237428397883103,323.051171541214
