precision,accuracy,recall,duration
0.6609177241949091,0.6519337016574586,0.6214351343253771,228.27023243904114
