precision,accuracy,recall,duration
0.8350772362517439,0.8205128205128205,0.8227932521566584,145.72264862060547
