precision,accuracy,recall,duration
0.9023847448423573,0.8966942148760331,0.8525534851621807,310.61412286758423
