precision,accuracy,recall,duration
0.8307168377577433,0.8328125,0.7905781774013748,250.00082445144653
