precision,accuracy,recall,duration
0.8045295819614885,0.76,0.6441861888747327,287.6290509700775
