precision,accuracy,recall,duration
0.8356416407897077,0.8358974358974359,0.836113697590195,211.0951726436615
