precision,accuracy,recall,duration
0.9671497584541062,0.9695697796432319,0.9685863386450471,204.09579730033875
