precision,accuracy,recall,duration
0.7890476047556219,0.8,0.7783562162784277,618.7725689411163
