precision,accuracy,recall,duration
0.8271448577486016,0.8195652173913044,0.8197823307158757,444.6410825252533
