precision,accuracy,recall,duration
0.5482399863825457,0.7208791208791209,0.5513387824765533,445.27620935440063
