precision,accuracy,recall,duration
0.9323973380944652,0.9401888772298006,0.9468549063461,236.1539831161499
