precision,accuracy,recall,duration
0.646755438859715,0.75,0.6177492221796018,89.45232129096985
