precision,accuracy,recall,duration
0.9374358531264175,0.9375173562899195,0.9375546727659404,2965.83344745636
