precision,accuracy,recall,duration
0.8210066769388803,0.82,0.8200000000000001,323.2796905040741
