precision,accuracy,recall,duration
0.8956430428695247,0.8901830282861897,0.9023493118177504,47.26611638069153
