precision,accuracy,recall,duration
0.4193384514833298,0.6240601503759399,0.4042301368731907,144.67007780075073
