precision,accuracy,recall,duration
0.7525510204081632,0.7523809523809524,0.7516339869281046,654.5388135910034
