precision,accuracy,recall,duration
0.9204965779972978,0.9201331114808652,0.9290686374217461,116.35612297058105
