precision,accuracy,recall,duration
0.9718935883532156,0.9714285714285714,0.9741672531081399,443.20132207870483
