precision,accuracy,recall,duration
0.611336032388664,0.625,0.611336032388664,265.3803958892822
