precision,accuracy,recall,duration
0.3922547783337764,0.5989974937343359,0.38591886693477884,160.0532853603363
