precision,accuracy,recall,duration
0.8562471570647551,0.8461538461538461,0.8529938197348222,302.1654305458069
