precision,accuracy,recall,duration
0.8762996176841137,0.8189349112426035,0.9081374056057757,214.18157744407654
