precision,accuracy,recall,duration
0.9973684048247453,0.9973661106233538,0.9973653377732556,146.52280640602112
