precision,accuracy,recall,duration
0.8924803976622782,0.888,0.888,144.11982917785645
