precision,accuracy,recall,duration
0.7806872200825685,0.7592105263157894,0.711911242866393,95.18657660484314
