precision,accuracy,recall,duration
0.7017347313046696,0.9366666666666666,0.5651805765997931,363.5207529067993
