precision,accuracy,recall,duration
0.9303407830611619,0.9304180418041804,0.9305016710258646,596.9563140869141
