precision,accuracy,recall,duration
0.7730759842382398,0.7883333333333333,0.77995852995853,123.89709901809692
