precision,accuracy,recall,duration
0.8748491078934275,0.7745562130177515,0.8920906912787618,485.20905900001526
