precision,accuracy,recall,duration
0.9775132275132273,0.9771428571428571,0.979093361482524,247.43233227729797
