precision,accuracy,recall,duration
0.6759300092984304,0.6740331491712708,0.6446851343253771,162.92424702644348
