precision,accuracy,recall,duration
0.8767009315358908,0.7869822485207101,0.8976967591036346,327.9546592235565
