precision,accuracy,recall,duration
0.6772705282379491,0.7692307692307693,0.6326255410396278,505.17691683769226
