precision,accuracy,recall,duration
0.9238000962614432,0.9235423542354235,0.9232853821563499,1586.7163372039795
