precision,accuracy,recall,duration
0.9427945249800256,0.9427936684254373,0.9427149793346976,458.63195848464966
