precision,accuracy,recall,duration
0.9586250387052435,0.9535181236673774,0.9539694578976479,624.8197598457336
