precision,accuracy,recall,duration
0.8951722065477815,0.8053254437869822,0.9072001312679508,985.0452697277069
