precision,accuracy,recall,duration
0.902834008097166,0.9,0.902834008097166,366.9764997959137
