precision,accuracy,recall,duration
0.7718614718614718,0.6666666666666666,0.6666666666666667,190.3186159133911
