precision,accuracy,recall,duration
0.9024564082421632,0.907,0.8948501013179999,1946.256795167923
