precision,accuracy,recall,duration
0.8566666666666667,0.9230769230769231,0.9205974842767295,83.64650654792786
