precision,accuracy,recall,duration
0.9550819460640433,0.9575609756097561,0.9436890141571599,179.66766023635864
