precision,accuracy,recall,duration
0.8640150242755402,0.8521739130434782,0.8523049119397133,143.23243641853333
