precision,accuracy,recall,duration
0.769793275004289,0.77,0.6509241723387241,189.23405385017395
