precision,accuracy,recall,duration
0.9178156783303844,0.9083333333333333,0.9083333333333333,1243.7076089382172
