precision,accuracy,recall,duration
0.35702647911950236,0.5739348370927319,0.35761659478152746,386.0483486652374
