precision,accuracy,recall,duration
0.7979044173074024,0.8133333333333334,0.7882707644427154,284.23466634750366
