precision,accuracy,recall,duration
0.9303813190907961,0.9277777777777778,0.9277777777777778,224.91769123077393
