precision,accuracy,recall,duration
0.8491101968403226,0.8487179487179487,0.8426614100148849,505.37572264671326
