precision,accuracy,recall,duration
0.8199141853553619,0.7851662404092071,0.7906455406455406,231.7650589942932
