precision,accuracy,recall,duration
0.4042140508631624,0.606516290726817,0.3916520710691458,148.78246188163757
