precision,accuracy,recall,duration
0.7463913632933166,0.7368421052631579,0.731198128392842,186.05022358894348
