precision,accuracy,recall,duration
0.8382902639481586,0.8209718670076727,0.8292552792552792,1234.1066873073578
