precision,accuracy,recall,duration
0.8253325621746674,0.824,0.8240000000000001,624.6809911727905
