precision,accuracy,recall,duration
0.9099060963526444,0.904,0.904,471.7424385547638
