precision,accuracy,recall,duration
0.6485326688815061,0.6685082872928176,0.6444436232897234,280.8664104938507
