precision,accuracy,recall,duration
0.6136712749615976,0.7111801242236024,0.6691483803552769,88.95251727104187
