precision,accuracy,recall,duration
0.7618181818181818,0.7619047619047619,0.761437908496732,330.8690104484558
