precision,accuracy,recall,duration
0.8326541413702233,0.8307692307692308,0.8310276923494019,1271.9672122001648
