precision,accuracy,recall,duration
0.6827808248481219,0.778021978021978,0.6540723592540929,589.323965549469
