precision,accuracy,recall,duration
0.8462447778607028,0.8342857142857143,0.8482362592288761,127.88698720932007
