precision,accuracy,recall,duration
0.9763897706111394,0.9758793969849247,0.9759189306760284,376.3753082752228
