precision,accuracy,recall,duration
0.7983751132334855,0.8023450586264657,0.8005054573489202,263.765353679657
