precision,accuracy,recall,duration
0.8349249885240598,0.8235294117647058,0.8262477012477012,469.65052795410156
