precision,accuracy,recall,duration
0.813953488372093,0.7037037037037037,0.7037037037037037,94.52554965019226
