precision,accuracy,recall,duration
0.905812324929972,0.9538461538461539,0.9555817610062893,441.2461042404175
