precision,accuracy,recall,duration
0.3592674340163933,0.5964912280701754,0.37476285189718483,91.29638719558716
