precision,accuracy,recall,duration
0.7076638990648675,0.7978021978021979,0.6978224603741632,451.3227791786194
