precision,accuracy,recall,duration
0.891605800565222,0.8906666666666667,0.8906666666666667,268.5378804206848
