precision,accuracy,recall,duration
0.8258569015147963,0.8005115089514067,0.8086235836235836,281.496465921402
