precision,accuracy,recall,duration
0.8129815100154083,0.812,0.812,1825.7059078216553
