precision,accuracy,recall,duration
0.5741758241758241,0.5740740740740741,0.5740740740740741,120.18698000907898
