precision,accuracy,recall,duration
0.9370127576212537,0.9369619550124966,0.9368303840134826,4768.212542295456
