precision,accuracy,recall,duration
0.9482786357786358,0.9281045751633987,0.8972437137330754,367.2207524776459
