precision,accuracy,recall,duration
0.6030432334607257,0.7163009404388715,0.5609832468665339,304.70755195617676
