precision,accuracy,recall,duration
0.8200384619557551,0.8082191780821918,0.8306599832915623,78.68904685974121
