precision,accuracy,recall,duration
0.9441378103817392,0.9248366013071896,0.8798355899419729,263.68855261802673
