precision,accuracy,recall,duration
0.8202020202020203,0.7,0.7000000000000001,203.71217727661133
