precision,accuracy,recall,duration
0.9775618873575395,0.9791160757649344,0.9609417101530463,812.9863698482513
