precision,accuracy,recall,duration
0.8239208715073613,0.7875,0.6452306891789004,207.1408886909485
