precision,accuracy,recall,duration
0.7940337967080495,0.8116666666666666,0.7934010892822407,162.62423634529114
