precision,accuracy,recall,duration
0.7587301587301588,0.7,0.7,70.01417303085327
