precision,accuracy,recall,duration
0.9591711854665401,0.9444444444444444,0.9203739522888459,204.3827826976776
