precision,accuracy,recall,duration
0.9245612951862952,0.9166666666666666,0.9166666666666667,1686.6049227714539
