precision,accuracy,recall,duration
0.8594135762313447,0.8512820512820513,0.8522707923466734,503.2051863670349
