precision,accuracy,recall,duration
0.9788214431071574,0.9771428571428571,0.9780670889045273,90.23001956939697
