precision,accuracy,recall,duration
0.6790522248307106,0.7163009404388715,0.5944035346170502,394.02791118621826
