precision,accuracy,recall,duration
0.9640741524303168,0.9640427599611273,0.9640566208803663,161.25494050979614
