precision,accuracy,recall,duration
0.707871478047245,0.9417777777777778,0.5672556250427939,248.6484751701355
