precision,accuracy,recall,duration
0.675256007495536,0.9393333333333334,0.587627408627353,1573.690013885498
