precision,accuracy,recall,duration
0.8561315342002448,0.8674479166666667,0.8349977042663341,602.4760439395905
