precision,accuracy,recall,duration
0.8928300381336188,0.888,0.888,566.4009165763855
