precision,accuracy,recall,duration
0.906477398882871,0.7857988165680473,0.8970911542675204,833.6031672954559
