precision,accuracy,recall,duration
0.806946281002642,0.8025,0.6889634960534723,247.68109273910522
