precision,accuracy,recall,duration
0.8502487562189055,0.8694158075601375,0.8460782171728207,132.77778935432434
