precision,accuracy,recall,duration
0.9593773275819636,0.9539445628997868,0.9541283160348564,118.60692381858826
