precision,accuracy,recall,duration
0.8260827390808414,0.8205128205128205,0.8290003510346805,445.3700501918793
