precision,accuracy,recall,duration
0.9631473361819383,0.9653725078698846,0.9636264094678968,203.1728401184082
