precision,accuracy,recall,duration
0.8947368421052632,0.8666666666666667,0.8666666666666667,396.5577709674835
