precision,accuracy,recall,duration
0.955586529154682,0.9565853658536585,0.9395387237912133,258.39297342300415
