precision,accuracy,recall,duration
0.8485743985743986,0.8337595907928389,0.8368893493893496,654.7066612243652
