precision,accuracy,recall,duration
0.7822250236369367,0.7933333333333333,0.7987987987987988,613.4339118003845
