precision,accuracy,recall,duration
0.9553571428571428,0.934640522875817,0.9025628626692457,386.2288751602173
