precision,accuracy,recall,duration
0.8155079634010606,0.8133333333333334,0.8133333333333335,326.2386567592621
