precision,accuracy,recall,duration
0.6190517075674349,0.6156565656565657,0.6156565656565657,516.2435965538025
