precision,accuracy,recall,duration
0.8197886902784238,0.808,0.808,1929.9310009479523
