precision,accuracy,recall,duration
0.8599393106607123,0.8352745424292846,0.8552048726467332,385.6084485054016
