precision,accuracy,recall,duration
0.8119975262832406,0.8082191780821918,0.8306599832915623,88.72646975517273
