precision,accuracy,recall,duration
0.7960676291793314,0.81,0.7971542971542971,386.28854727745056
