precision,accuracy,recall,duration
0.8291662008767272,0.8132992327365729,0.8204413454413454,177.4411656856537
