precision,accuracy,recall,duration
0.9743144331069787,0.9775376396308888,0.9592523358179865,1527.05237865448
