precision,accuracy,recall,duration
0.8868173191542756,0.8925619834710744,0.8682320095363574,479.54605436325073
