precision,accuracy,recall,duration
0.8333333333333333,0.8333333333333334,0.7541666666666667,329.4311521053314
