precision,accuracy,recall,duration
0.9702589710834979,0.9722675367047309,0.9692997705305612,565.6072206497192
