precision,accuracy,recall,duration
0.8412066548423461,0.8461538461538461,0.8407669243796071,527.2120730876923
