precision,accuracy,recall,duration
0.8118130457113507,0.8057142857142857,0.8211648892534864,540.9031507968903
