precision,accuracy,recall,duration
0.5405244392996206,0.538961038961039,0.5363408483590232,597.3265964984894
