precision,accuracy,recall,duration
0.9061882561882562,0.9018302828618968,0.9135139105476078,82.7905490398407
