precision,accuracy,recall,duration
0.8545454545454546,0.8666666666666667,0.8458333333333333,205.04095554351807
