precision,accuracy,recall,duration
0.9715976242081071,0.9762020398251579,0.9583320619594767,2967.332756280899
