precision,accuracy,recall,duration
0.9301638255028086,0.9297520661157025,0.9120914110044543,371.2515368461609
