precision,accuracy,recall,duration
0.8948412698412699,0.88,0.8454861111111112,142.0194809436798
