precision,accuracy,recall,duration
0.8499198421506967,0.84,0.8486920061981588,207.1388382911682
