precision,accuracy,recall,duration
0.6246286508110322,0.6247474747474747,0.6247474747474748,404.73056411743164
