precision,accuracy,recall,duration
0.7538461538461538,0.7428571428571429,0.7396514161220044,120.8165693283081
