precision,accuracy,recall,duration
0.808641975308642,0.8055555555555556,0.8055555555555556,323.86419105529785
