precision,accuracy,recall,duration
0.8382578007578008,0.8312020460358056,0.8409390159390159,469.59511041641235
