precision,accuracy,recall,duration
0.6703877790834313,0.6611111111111111,0.6611111111111111,239.5767204761505
