precision,accuracy,recall,duration
0.6222826086956521,0.6222222222222222,0.6222222222222222,201.36696910858154
