precision,accuracy,recall,duration
0.9255893081568218,0.9249174917491749,0.9245023249055507,888.9974555969238
