precision,accuracy,recall,duration
0.564033189033189,0.6975,0.5626283936410519,140.8137435913086
