precision,accuracy,recall,duration
0.5096941663491082,0.7575,0.4773722231871413,269.9650013446808
