precision,accuracy,recall,duration
0.8787430896805897,0.872,0.8417274286011188,3386.8315575122833
