precision,accuracy,recall,duration
0.645887372510993,0.7037617554858934,0.5629458789523111,293.13258028030396
