precision,accuracy,recall,duration
0.9315817588843905,0.9183333333333333,0.9183333333333333,1533.019716501236
