precision,accuracy,recall,duration
0.9492424242424242,0.9333333333333333,0.9230769230769231,253.68625831604004
