precision,accuracy,recall,duration
0.8639960161566979,0.866,0.8418053655241691,2101.3970894813538
