precision,accuracy,recall,duration
0.970181994295585,0.9717073170731707,0.9608171857470434,452.84788489341736
