precision,accuracy,recall,duration
0.749599358974359,0.7433333333333333,0.7726609609025481,160.5774896144867
