precision,accuracy,recall,duration
0.7703296703296704,0.7704918032786885,0.7662337662337663,515.6833407878876
