precision,accuracy,recall,duration
0.8432638462050227,0.8286445012787724,0.835485647985648,381.12078070640564
