precision,accuracy,recall,duration
0.6269108782899627,0.7084639498432602,0.5728719446306987,183.29585099220276
