precision,accuracy,recall,duration
0.764762916108777,0.78,0.7733447733447734,196.15176224708557
