precision,accuracy,recall,duration
0.8147424511545294,0.8193473193473193,0.7993380365568739,913.6165075302124
