precision,accuracy,recall,duration
0.5067216022209258,0.795,0.5131032897534563,276.189501285553
