precision,accuracy,recall,duration
0.9659109632087859,0.9663414634146341,0.9484302088356961,447.36969661712646
