precision,accuracy,recall,duration
0.9738183718499593,0.9755301794453507,0.9728519110863871,505.5853683948517
