precision,accuracy,recall,duration
0.6182249943945046,0.735,0.6111274488911619,162.92130589485168
