precision,accuracy,recall,duration
0.8186634468483565,0.8333333333333334,0.8144329896907216,208.3582639694214
