precision,accuracy,recall,duration
0.8729290363143233,0.7875739644970414,0.8960561952899431,320.87715911865234
