precision,accuracy,recall,duration
0.6241977160956905,0.7919254658385093,0.5973092998955067,920.7471241950989
