precision,accuracy,recall,duration
0.6827067669172933,0.6666666666666666,0.6666666666666666,61.43772864341736
