precision,accuracy,recall,duration
0.7634698323773955,0.8536585365853658,0.7634402852049912,654.2950286865234
