precision,accuracy,recall,duration
0.5497314446629514,0.5454545454545454,0.5442913428183453,866.0651185512543
