precision,accuracy,recall,duration
0.833494089132908,0.7925,0.6624944044626563,83.37169075012207
