precision,accuracy,recall,duration
0.9738854462697257,0.9785089849441476,0.9632867948875052,1406.7465341091156
