precision,accuracy,recall,duration
0.7740980480706509,0.7485714285714286,0.7713973202078206,79.23651123046875
