precision,accuracy,recall,duration
0.4841120434627649,0.74,0.4861519833889798,200.7096164226532
