precision,accuracy,recall,duration
0.6916069299021983,0.9391111111111111,0.5899503977769339,672.8530814647675
