precision,accuracy,recall,duration
0.9139621365787695,0.9209621993127147,0.9012999781516278,1346.2983152866364
