precision,accuracy,recall,duration
0.563907284768212,0.7950310559006211,0.525208986415883,483.44793367385864
