precision,accuracy,recall,duration
0.8556528613999878,0.8514285714285714,0.86127062255036,109.48659563064575
