precision,accuracy,recall,duration
0.7804673310540036,0.7776315789473685,0.7181555106976277,289.6178846359253
