precision,accuracy,recall,duration
0.9024985184640811,0.8986666666666666,0.8986666666666666,154.55391001701355
