precision,accuracy,recall,duration
0.9473684210526316,0.9473684210526315,0.9486111111111111,84.45221996307373
