precision,accuracy,recall,duration
0.49367128889499495,0.7525,0.48554295746130527,135.25594305992126
