precision,accuracy,recall,duration
0.8003075148952528,0.8,0.8,1106.1348793506622
