precision,accuracy,recall,duration
0.8020768913626056,0.7808219178082192,0.8000835421888054,264.4541997909546
