precision,accuracy,recall,duration
0.965373783922171,0.967373572593801,0.963464524951904,864.3394000530243
