precision,accuracy,recall,duration
0.8591127048145171,0.86796875,0.8377814688752512,612.4956803321838
