precision,accuracy,recall,duration
0.8149105654541836,0.7885714285714286,0.809588916233707,171.9886338710785
