precision,accuracy,recall,duration
0.8762822812051649,0.8763333333333333,0.874912164163336,683.5571892261505
