precision,accuracy,recall,duration
0.702323991797676,0.6133333333333333,0.6871231277961486,445.7052674293518
