precision,accuracy,recall,duration
0.7175330687830688,0.94,0.5748661711946819,184.87091827392578
