precision,accuracy,recall,duration
0.8120199692780339,0.812,0.812,323.57476472854614
