precision,accuracy,recall,duration
0.8241558441558442,0.8114285714285714,0.824537416826178,507.3899416923523
