precision,accuracy,recall,duration
0.7233082706766918,0.7037037037037037,0.7037037037037037,119.67997288703918
