precision,accuracy,recall,duration
0.9669811320754718,0.954248366013072,0.9480174081237911,427.1221663951874
