precision,accuracy,recall,duration
0.838906588906589,0.8461538461538461,0.8363751671267418,374.13031220436096
