precision,accuracy,recall,duration
0.9603276726879324,0.9504132231404959,0.9348657381266077,574.5921730995178
