precision,accuracy,recall,duration
0.9020265700483092,0.8986666666666666,0.8986666666666667,929.3803851604462
