precision,accuracy,recall,duration
0.7889896153477644,0.7675,0.6498329947315864,207.01539826393127
