precision,accuracy,recall,duration
0.8685319620891309,0.8685714285714285,0.877221766475253,71.24812150001526
