precision,accuracy,recall,duration
0.8335652484167335,0.837995337995338,0.8212126070823217,1133.90331697464
