precision,accuracy,recall,duration
0.963201949965989,0.9630709426627794,0.9630479622829684,508.0605528354645
