precision,accuracy,recall,duration
0.9057142857142857,0.896,0.8689014357713157,1428.6748299598694
