precision,accuracy,recall,duration
0.9093214920734183,0.903,0.8797649768787128,2426.242719888687
