precision,accuracy,recall,duration
0.8478964726667767,0.8384615384615385,0.8463657854858203,1254.440374135971
