precision,accuracy,recall,duration
0.99457111834962,0.9944444444444445,0.9944444444444445,349.4814643859863
