precision,accuracy,recall,duration
0.662420424752801,0.934,0.5529702227988479,631.4765853881836
