precision,accuracy,recall,duration
0.8531308496004328,0.8461538461538461,0.8530381121588126,392.85887026786804
