precision,accuracy,recall,duration
0.8191303326365246,0.8235294117647058,0.8285194535194534,471.7087004184723
