precision,accuracy,recall,duration
0.8200142588631798,0.816,0.8160000000000001,1782.7642152309418
