precision,accuracy,recall,duration
0.9609761756551823,0.9648780487804878,0.9486098005293283,472.78118562698364
