precision,accuracy,recall,duration
0.8975853766962003,0.903,0.8911177886697033,2906.7885847091675
