precision,accuracy,recall,duration
0.9188311688311688,0.9168053244592346,0.9271137026239067,48.36070108413696
