precision,accuracy,recall,duration
0.9625548290669145,0.9678048780487805,0.9581720711102906,367.00956416130066
