precision,accuracy,recall,duration
0.7569326542161856,0.7513812154696132,0.7275689223057644,175.82487535476685
