precision,accuracy,recall,duration
0.9240132596606574,0.923785594639866,0.9240419028131301,1043.7487881183624
