precision,accuracy,recall,duration
0.8000769534743455,0.7885714285714286,0.8052137453285937,385.4755697250366
