precision,accuracy,recall,duration
0.9011468531468532,0.9013333333333333,0.900398516719074,497.7444968223572
