precision,accuracy,recall,duration
0.8403622851946023,0.8461538461538461,0.8377844380066275,1199.4390189647675
