precision,accuracy,recall,duration
0.6891983836901352,0.9355555555555556,0.5899552689251655,820.8277928829193
