precision,accuracy,recall,duration
0.5142625301165319,0.5032467532467533,0.5012528368531393,1745.9756631851196
