precision,accuracy,recall,duration
0.8370570107858244,0.836,0.8360000000000001,323.2722728252411
