precision,accuracy,recall,duration
0.8438173574460494,0.8515625,0.8195147389991271,187.30193328857422
