precision,accuracy,recall,duration
0.6012801143563865,0.6426332288401254,0.4847984309677489,133.4683713912964
