precision,accuracy,recall,duration
0.7588611702775789,0.7698209718670077,0.7749714249714249,122.58367848396301
