precision,accuracy,recall,duration
0.994201858427136,0.9941927990708479,0.9941858582806329,203.73167657852173
