precision,accuracy,recall,duration
0.8972441690425341,0.8921725239616614,0.8877963925797547,448.07326889038086
