precision,accuracy,recall,duration
0.9563286175324587,0.9466950959488273,0.9469355553932921,208.87212944030762
