precision,accuracy,recall,duration
0.8627011698592867,0.8564102564102564,0.8583024182250037,1084.4042375087738
