precision,accuracy,recall,duration
0.5369386104050808,0.5454545454545454,0.5443063630561394,581.8172619342804
