precision,accuracy,recall,duration
0.6512458493476613,0.6353591160220995,0.6245972735443923,102.2681794166565
