precision,accuracy,recall,duration
0.831674468206976,0.8081841432225064,0.8123414498414498,285.0453963279724
