precision,accuracy,recall,duration
0.5888485673016445,0.5898989898989899,0.5898989898989899,144.25461530685425
