precision,accuracy,recall,duration
0.9503563871255151,0.9538300104931794,0.9521945764607213,143.63128447532654
