precision,accuracy,recall,duration
0.6599451419434849,0.9337777777777778,0.5644628313403721,865.9287548065186
