precision,accuracy,recall,duration
0.892848013337038,0.8933333333333333,0.8947475398148177,407.0320529937744
