precision,accuracy,recall,duration
0.9076018166927259,0.9013333333333333,0.9013333333333334,1069.4227163791656
