precision,accuracy,recall,duration
0.7405555555555555,0.6666666666666666,0.6666666666666666,668.3418846130371
