precision,accuracy,recall,duration
0.9594403745711163,0.9653658536585366,0.9536875682872343,367.728262424469
