precision,accuracy,recall,duration
0.8131507009815032,0.8168620882188722,0.815082182995273,1295.6156077384949
