precision,accuracy,recall,duration
0.9636034503305891,0.9607675906183369,0.9609750440667718,702.4126269817352
