precision,accuracy,recall,duration
0.9082033769902011,0.8207100591715977,0.919686692543567,634.202285528183
