precision,accuracy,recall,duration
0.7771257172665623,0.772,0.772,1464.4973425865173
