precision,accuracy,recall,duration
0.8466835121246885,0.8209718670076727,0.8344630594630593,241.82275390625
