precision,accuracy,recall,duration
0.9015572212837838,0.895367412140575,0.890633545156942,456.98459553718567
