precision,accuracy,recall,duration
0.8503731343283581,0.84,0.8574423480083858,79.41503643989563
