precision,accuracy,recall,duration
0.7807721958808915,0.731457800511509,0.7269723894723893,169.8509418964386
