precision,accuracy,recall,duration
0.967938256493948,0.967930029154519,0.967938256493948,56.34674906730652
