precision,accuracy,recall,duration
0.9487056054771074,0.9248366013071896,0.8896679561573179,204.07062888145447
