precision,accuracy,recall,duration
0.782051282051282,0.7333333333333333,0.6138888888888888,457.1387825012207
