precision,accuracy,recall,duration
0.7001800233624981,0.9362222222222222,0.5784760631310328,587.7272491455078
