precision,accuracy,recall,duration
0.9435992398257161,0.9433490697028604,0.9431022029613578,518.9209372997284
