precision,accuracy,recall,duration
0.8454428670260589,0.8358974358974359,0.8370445356000179,504.76258397102356
