precision,accuracy,recall,duration
0.8700000000000001,0.85,0.85,805.9675884246826
