precision,accuracy,recall,duration
0.8126665833749792,0.8,0.8148755810773859,83.72926235198975
