precision,accuracy,recall,duration
0.9504861133396363,0.9505692863093586,0.9506360097909394,325.46545219421387
