precision,accuracy,recall,duration
0.8264803422698158,0.8228571428571428,0.8312824719715614,58.282965660095215
