precision,accuracy,recall,duration
0.9612696470776964,0.95863539445629,0.9589292892679089,172.41776037216187
