precision,accuracy,recall,duration
0.9640533165407221,0.965742251223491,0.9611814199290731,324.5827536582947
