precision,accuracy,recall,duration
0.9514684511814248,0.951402388225493,0.9512800449420168,489.6560878753662
