precision,accuracy,recall,duration
0.9520200076952674,0.9517543859649122,0.9532407407407408,222.36262011528015
