precision,accuracy,recall,duration
0.8322205730484433,0.8282051282051283,0.8287077467126379,654.9063408374786
