precision,accuracy,recall,duration
0.7385791898615558,0.7283333333333334,0.759993191985995,377.52097511291504
