precision,accuracy,recall,duration
0.780601439719274,0.7789473684210526,0.7304966816978821,163.88922381401062
