precision,accuracy,recall,duration
0.6411119372326268,0.6408839779005525,0.6506340507340458,107.0362503528595
