precision,accuracy,recall,duration
0.848416026088982,0.84,0.8516087868015677,109.53212428092957
