precision,accuracy,recall,duration
0.9573558464007903,0.9444444444444444,0.900709219858156,224.09500360488892
