precision,accuracy,recall,duration
0.9407811208652979,0.9408497639544571,0.9408611211428113,1023.5758016109467
