precision,accuracy,recall,duration
0.8258172463329196,0.8307692307692308,0.8225608444330087,414.823171377182
