precision,accuracy,recall,duration
0.6194408109875735,0.7888198757763976,0.5954153605015674,865.5528428554535
