precision,accuracy,recall,duration
0.6833333333333333,0.6333333333333333,0.6333333333333333,285.2596242427826
