precision,accuracy,recall,duration
0.8824755074360247,0.8753993610223643,0.8699762500802362,350.54799008369446
