precision,accuracy,recall,duration
0.6268484323860283,0.7021943573667712,0.551569498683943,543.8757073879242
