precision,accuracy,recall,duration
0.9608962280194717,0.9556503198294243,0.9559399664747401,195.44597148895264
