precision,accuracy,recall,duration
0.8185919042047658,0.8294270833333334,0.7959181611947174,184.2142527103424
