precision,accuracy,recall,duration
0.7747767857142858,0.7833333333333333,0.7993094728652013,158.4943106174469
