precision,accuracy,recall,duration
0.8570749688050302,0.841304347826087,0.8416671336726911,684.8884809017181
