precision,accuracy,recall,duration
0.9599962620315857,0.9586776859504132,0.9624464756258235,263.2723808288574
