precision,accuracy,recall,duration
0.9248429468874928,0.9278350515463918,0.9063251037797684,1291.7499928474426
