precision,accuracy,recall,duration
0.6904761904761905,0.6857142857142857,0.6830065359477124,143.31333827972412
