precision,accuracy,recall,duration
0.8868380927843845,0.7881656804733728,0.8967512746149424,626.1086993217468
