precision,accuracy,recall,duration
0.7712418300653594,0.7714285714285715,0.7712418300653594,565.2940163612366
