precision,accuracy,recall,duration
0.9758484269353834,0.9771428571428571,0.9775259633634017,353.1268458366394
