precision,accuracy,recall,duration
0.8359694103115156,0.8337595907928389,0.838416875916876,876.0585694313049
