precision,accuracy,recall,duration
0.9589166159464395,0.9444444444444444,0.8908768536428111,219.70573496818542
