precision,accuracy,recall,duration
0.9594672250605577,0.9580487804878048,0.936987602068624,203.4728708267212
