precision,accuracy,recall,duration
0.8841080232906953,0.8849840255591054,0.8846524167148084,137.5636806488037
