precision,accuracy,recall,duration
0.8037481490415218,0.815,0.7184853597787036,114.38625454902649
