precision,accuracy,recall,duration
0.8028571428571428,0.7333333333333333,0.7333333333333333,135.14422011375427
