precision,accuracy,recall,duration
0.9664928234840042,0.9658536585365853,0.94660597030311,323.8079423904419
