precision,accuracy,recall,duration
0.6343870967741936,0.6353591160220995,0.6312846050134825,193.34299492835999
