precision,accuracy,recall,duration
0.8105628654970759,0.7925,0.6919366872123319,200.35094332695007
