precision,accuracy,recall,duration
0.7048097411038465,0.94,0.5752967851270417,119.77752566337585
