precision,accuracy,recall,duration
0.6383059858949556,0.9346666666666666,0.5700346386970494,1557.8973920345306
