precision,accuracy,recall,duration
0.49069928235268284,0.28909090909090907,0.2873433569350623,498.5226786136627
