precision,accuracy,recall,duration
0.8681194214851496,0.8768229166666667,0.8476450282634715,610.6679604053497
