precision,accuracy,recall,duration
0.7771351455561981,0.776,0.776,1805.747905254364
