precision,accuracy,recall,duration
0.6025326797385622,0.8074534161490683,0.5327847439916406,204.5700032711029
