precision,accuracy,recall,duration
0.7805790237241851,0.805,0.6625739854382119,314.4556550979614
