precision,accuracy,recall,duration
0.6859345987748892,0.9346666666666666,0.5927454352548136,1605.9154403209686
