precision,accuracy,recall,duration
0.9444444444444445,0.9333333333333333,0.9333333333333332,71.24487686157227
