precision,accuracy,recall,duration
0.9505495217845474,0.9505692863093586,0.9505236547490068,550.2056634426117
