precision,accuracy,recall,duration
0.6522802197802199,0.756043956043956,0.6186926401599776,404.8539762496948
