precision,accuracy,recall,duration
0.6784483014754081,0.9362222222222222,0.6017956018953985,815.4451727867126
