precision,accuracy,recall,duration
0.9741232444978092,0.9775376396308888,0.9596040180463413,1642.040409564972
