precision,accuracy,recall,duration
0.9519925207432511,0.9543230016313213,0.9482418932387642,443.21094965934753
