precision,accuracy,recall,duration
0.73109003706126,0.81,0.6716764421182312,323.6866581439972
