precision,accuracy,recall,duration
0.9434210526315789,0.9183006535947712,0.8941811734364926,463.03796458244324
