precision,accuracy,recall,duration
0.8907139897960541,0.7804733727810651,0.8929383433403766,142.81918287277222
