precision,accuracy,recall,duration
0.8959696212576469,0.8966666666666666,0.8976677323858157,130.92414903640747
