precision,accuracy,recall,duration
0.7006123427752934,0.7648351648351648,0.6278011692126243,203.08646821975708
