precision,accuracy,recall,duration
0.6133602452102386,0.6141414141414141,0.6141414141414141,238.4913580417633
