precision,accuracy,recall,duration
0.864711289647351,0.8388746803069054,0.8392907767907768,290.7955367565155
