precision,accuracy,recall,duration
0.977442859131825,0.978630403108305,0.9593827075953767,1107.73033618927
