precision,accuracy,recall,duration
0.6774376418854071,0.9357777777777778,0.5833425184726782,1548.6410219669342
