precision,accuracy,recall,duration
0.9704676094686687,0.9726829268292683,0.9557416423230922,626.1980602741241
