precision,accuracy,recall,duration
0.8451024980505458,0.8326086956521739,0.8332052328395672,589.1948578357697
