precision,accuracy,recall,duration
0.7600394255139398,0.7716666666666666,0.7750965250965252,457.1530120372772
