precision,accuracy,recall,duration
0.9101799839504757,0.904,0.9039999999999999,725.7000067234039
