precision,accuracy,recall,duration
0.9215686274509804,0.9201331114808652,0.9300291545189505,81.61105442047119
