precision,accuracy,recall,duration
0.7348278507187247,0.7316666666666667,0.7517160017160017,90.41767954826355
