precision,accuracy,recall,duration
0.8286949188277463,0.8228571428571428,0.8371160331783795,63.03517746925354
