precision,accuracy,recall,duration
0.962435590052045,0.9629268292682926,0.942610861074752,161.93753576278687
