precision,accuracy,recall,duration
0.9178743961352657,0.9,0.8906882591093117,106.63786506652832
