precision,accuracy,recall,duration
0.8578318947061994,0.8512820512820513,0.8539090327627835,563.2884042263031
