precision,accuracy,recall,duration
0.9180026210173268,0.9033333333333333,0.9033333333333334,312.54269766807556
