precision,accuracy,recall,duration
0.8653062008682163,0.8615384615384616,0.8558788509147816,286.7961378097534
