precision,accuracy,recall,duration
0.52306712174653,0.5162337662337663,0.5148952654175063,617.5273299217224
