precision,accuracy,recall,duration
0.9468929962697941,0.9469591780061094,0.9471570161711007,2110.374547958374
