precision,accuracy,recall,duration
0.7021632034170576,0.9424444444444444,0.5773661973588059,116.38005805015564
