precision,accuracy,recall,duration
0.9044911615108813,0.9017571884984026,0.8985724372552795,137.82361674308777
