precision,accuracy,recall,duration
0.9608736660764405,0.9577825159914712,0.9579387542898468,685.616717338562
