precision,accuracy,recall,duration
0.8402454315059358,0.8171428571428572,0.8322851153039833,264.0782570838928
