precision,accuracy,recall,duration
0.9572767115006802,0.9572400388726919,0.9572283421732626,213.0644040107727
