precision,accuracy,recall,duration
0.9600335249042145,0.9504132231404959,0.9350461133069828,323.922660112381
