precision,accuracy,recall,duration
0.6344972478501889,0.7494505494505495,0.6095851829800746,352.9448993206024
