precision,accuracy,recall,duration
0.7200268713019663,0.7725,0.5964364557388214,198.92198157310486
