precision,accuracy,recall,duration
0.9481675483419669,0.9472,0.9480363460177126,180.8202986717224
