precision,accuracy,recall,duration
0.9387181915158433,0.9386281588447654,0.9384695638216765,6565.679506063461
