precision,accuracy,recall,duration
0.8426147806792968,0.8342857142857143,0.8482362592288761,207.27781438827515
