precision,accuracy,recall,duration
0.9454349529780565,0.9183006535947712,0.8843488072211476,478.65967202186584
