precision,accuracy,recall,duration
0.8616124027888734,0.8312020460358056,0.8381207756207755,280.31549644470215
