precision,accuracy,recall,duration
0.5262458135745732,0.49818181818181817,0.5145045826659544,195.59225702285767
