precision,accuracy,recall,duration
0.6880073317622415,0.6961325966850829,0.6799498746867167,394.476793050766
