precision,accuracy,recall,duration
0.9342493255536733,0.9173553719008265,0.894500909718301,143.22277760505676
