precision,accuracy,recall,duration
0.960741311189982,0.9633943427620633,0.9664892535087124,84.48724102973938
