precision,accuracy,recall,duration
0.43980208639380447,0.4218181818181818,0.44305100552885934,328.5686731338501
