precision,accuracy,recall,duration
0.8449519351315541,0.8384615384615385,0.8440801414361361,1212.1906516551971
