precision,accuracy,recall,duration
0.6711295733457388,0.7335423197492164,0.5921617638526734,204.07814073562622
