precision,accuracy,recall,duration
0.9453525808290446,0.9452929741738406,0.9451667268568678,2876.034291267395
