precision,accuracy,recall,duration
0.9404531652557968,0.9283333333333333,0.9283333333333333,2364.823178768158
