precision,accuracy,recall,duration
0.8397753040610184,0.821917808219178,0.8421470342522974,201.9142551422119
