precision,accuracy,recall,duration
0.614474329995462,0.6080808080808081,0.608080808080808,135.39019632339478
