precision,accuracy,recall,duration
0.9022435897435898,0.8333333333333334,0.7416666666666666,144.35945916175842
