precision,accuracy,recall,duration
0.8280542986425339,0.8222222222222222,0.8222222222222222,553.8445081710815
