precision,accuracy,recall,duration
0.8579286162851236,0.8564102564102564,0.8618667225805604,867.5748445987701
