precision,accuracy,recall,duration
0.9233089595589594,0.9116666666666666,0.9116666666666667,895.8334538936615
