precision,accuracy,recall,duration
0.7755225166940022,0.7697368421052632,0.7560961334680499,334.74678111076355
