precision,accuracy,recall,duration
0.42967742754879273,0.41454545454545455,0.43885777470645165,138.9387891292572
