precision,accuracy,recall,duration
0.74152070512387,0.7625,0.6191407550245056,197.48756504058838
