precision,accuracy,recall,duration
0.8428354274905999,0.8333333333333334,0.8391122203075572,523.0440874099731
