precision,accuracy,recall,duration
0.7709962442493635,0.785,0.7828900328900329,327.31417894363403
