precision,accuracy,recall,duration
0.7775807722616234,0.77,0.6556768400231091,125.38785243034363
