precision,accuracy,recall,duration
0.9693686340425471,0.968,0.9691287249982903,657.8509185314178
