precision,accuracy,recall,duration
0.9331524842946888,0.9347079037800687,0.9142724492025345,1806.4648880958557
