precision,accuracy,recall,duration
0.9759674671674411,0.9777804759592035,0.9586788033454177,503.9640598297119
