precision,accuracy,recall,duration
0.9837124520361992,0.9829145728643216,0.9825317138498072,336.9218053817749
