precision,accuracy,recall,duration
0.9887912087912089,0.9885714285714285,0.9899718508092893,151.64250016212463
