precision,accuracy,recall,duration
0.505734973606326,0.795,0.4779817202989319,117.34284734725952
