precision,accuracy,recall,duration
0.8226197902668492,0.7800511508951407,0.7801384426384427,521.744969367981
