precision,accuracy,recall,duration
0.7787524499749305,0.78,0.652497809610168,206.9284975528717
