precision,accuracy,recall,duration
0.8700896914977374,0.8717948717948718,0.8677016681940883,280.2043561935425
