precision,accuracy,recall,duration
0.6610508819469817,0.7648351648351648,0.6256343598438026,324.06638073921204
