precision,accuracy,recall,duration
0.8033995416348357,0.7945205479452054,0.8112364243943191,207.72986364364624
