precision,accuracy,recall,duration
0.9834656084656085,0.9828571428571429,0.982452071737786,636.2185654640198
