precision,accuracy,recall,duration
0.9734308577144285,0.9628099173553719,0.9667168580212059,125.89875984191895
