precision,accuracy,recall,duration
0.7058566433566433,0.7666666666666667,0.6638888888888889,301.8415322303772
