precision,accuracy,recall,duration
0.4264815059294465,0.6190476190476191,0.40910861213110294,144.51588988304138
