precision,accuracy,recall,duration
0.4344080572034148,0.38727272727272727,0.40752442904386516,166.07181453704834
