precision,accuracy,recall,duration
0.8477116352116353,0.8312020460358056,0.8295814170814171,515.2341179847717
