precision,accuracy,recall,duration
0.828020993343574,0.828,0.828,203.27298974990845
