precision,accuracy,recall,duration
0.9070175438596492,0.9,0.8995083863504917,642.777179479599
