precision,accuracy,recall,duration
0.7720174091141834,0.772,0.772,625.5553810596466
