precision,accuracy,recall,duration
0.8310648501824973,0.8356164383561644,0.8296753789234993,207.9709587097168
