precision,accuracy,recall,duration
0.9456656499393021,0.953170731707317,0.9367877864490924,179.3096342086792
