precision,accuracy,recall,duration
0.4774159242863128,0.73,0.481666537241704,181.37718510627747
