precision,accuracy,recall,duration
0.9709466575352093,0.9697228144989339,0.9698489548628313,724.7797141075134
