precision,accuracy,recall,duration
0.8117216144975063,0.8052631578947368,0.781362261384217,625.9876804351807
