precision,accuracy,recall,duration
0.9571490094745909,0.9411764705882353,0.9127981947130883,386.1010191440582
