precision,accuracy,recall,duration
0.6450892857142857,0.6444444444444445,0.6444444444444445,263.88486886024475
