precision,accuracy,recall,duration
0.9802934139471228,0.9798994974874372,0.9800397856389346,99.0350866317749
