precision,accuracy,recall,duration
0.7923611111111111,0.81,0.8070900602995525,699.9200239181519
