precision,accuracy,recall,duration
0.7868045485757277,0.7948073701842546,0.7927632665950191,260.24327754974365
