precision,accuracy,recall,duration
0.8068181818181819,0.6851851851851852,0.6851851851851851,111.59312701225281
