precision,accuracy,recall,duration
0.9226723577787692,0.9224422442244224,0.9221973990119151,314.3880696296692
