precision,accuracy,recall,duration
0.9735490498202363,0.9669421487603306,0.9596351715916934,143.45138216018677
