precision,accuracy,recall,duration
0.8129158852843065,0.7877237851662404,0.7882692757692756,160.36332082748413
