precision,accuracy,recall,duration
0.8900414333558371,0.8833865814696485,0.8782643301880737,521.5668578147888
