precision,accuracy,recall,duration
0.9676229754131002,0.9586776859504132,0.9459156785243742,264.42372488975525
