precision,accuracy,recall,duration
0.7685504170001508,0.7825,0.6622648439562457,200.2785985469818
