precision,accuracy,recall,duration
0.839889970153128,0.7979539641943734,0.8081760581760581,267.0646903514862
