precision,accuracy,recall,duration
0.8486936354583414,0.8363171355498721,0.8406033156033155,447.92531752586365
