precision,accuracy,recall,duration
0.9710378870290439,0.9628099173553719,0.9600633665851057,135.09964299201965
