precision,accuracy,recall,duration
0.6836995184687551,0.7178057320710673,0.6297312111394614,3076.091379880905
