precision,accuracy,recall,duration
0.5291670410774874,0.74,0.47890854652873843,271.9214708805084
