precision,accuracy,recall,duration
0.9239630367108842,0.9275970619097587,0.9226237070170533,324.6114146709442
