precision,accuracy,recall,duration
0.902579456471672,0.9016666666666666,0.899801478724407,356.60967683792114
