precision,accuracy,recall,duration
0.9414271511626111,0.94140516523188,0.9413045222904378,4584.241105079651
