precision,accuracy,recall,duration
0.6311979286276901,0.6292929292929293,0.6292929292929293,86.98314929008484
