precision,accuracy,recall,duration
0.9555408505632862,0.9614634146341463,0.947185572830443,262.7279396057129
