precision,accuracy,recall,duration
0.5458259635331368,0.538961038961039,0.534308910953706,563.4554853439331
