precision,accuracy,recall,duration
0.8967934489873981,0.8945686900958466,0.8915283394312857,103.64024829864502
