precision,accuracy,recall,duration
0.8920125258209481,0.892,0.8907306556786064,867.4585814476013
