precision,accuracy,recall,duration
0.983451072736787,0.9828571428571429,0.9840194698569082,144.07337832450867
