precision,accuracy,recall,duration
0.845569183069183,0.8363171355498721,0.8416465666465666,1229.0464153289795
