precision,accuracy,recall,duration
0.8441982581967213,0.844,0.844,263.3324718475342
