precision,accuracy,recall,duration
0.9501788034862472,0.9453658536585365,0.9264126404561851,205.49058485031128
