precision,accuracy,recall,duration
0.7591478696741855,0.765,0.7772415272415272,184.50472688674927
