precision,accuracy,recall,duration
0.973654374030314,0.9669421487603306,0.9600633665851058,143.19567894935608
