precision,accuracy,recall,duration
0.8427134657985128,0.8549479166666667,0.8217194028858494,715.3052031993866
