precision,accuracy,recall,duration
0.7599238958545126,0.75,0.6408567963300927,170.37402486801147
