precision,accuracy,recall,duration
0.8816568047337279,0.8668885191347754,0.8833819241982508,203.24579405784607
