precision,accuracy,recall,duration
0.976162535141219,0.9799660029140359,0.9647033641341672,925.7334167957306
