precision,accuracy,recall,duration
0.7014980246016361,0.9348888888888889,0.5879417096362755,694.0886073112488
