precision,accuracy,recall,duration
0.969692608865543,0.9654584221748401,0.9655660458732174,203.4763960838318
