precision,accuracy,recall,duration
0.6663162008566645,0.9328888888888889,0.5657052937561191,1077.6813838481903
