precision,accuracy,recall,duration
0.5791034715200539,0.7,0.5556351134410206,146.041729927063
