precision,accuracy,recall,duration
0.9592600149629327,0.9591836734693877,0.9591663266693866,146.34207558631897
