precision,accuracy,recall,duration
0.882487700669519,0.8773333333333333,0.8773333333333334,626.6082541942596
