precision,accuracy,recall,duration
0.8862275449101796,0.8735440931780366,0.8892128279883382,385.7590878009796
