precision,accuracy,recall,duration
0.7210689519253394,0.7375,0.6010062402197659,459.1379089355469
