precision,accuracy,recall,duration
0.925047184000621,0.9246424642464246,0.9243225079918629,1249.0973179340363
