precision,accuracy,recall,duration
0.658974358974359,0.671875,0.6568825910931173,108.82561707496643
