precision,accuracy,recall,duration
0.7072052668361877,0.9406666666666667,0.5792621599095652,185.7424340248108
