precision,accuracy,recall,duration
0.5013783874480208,0.487012987012987,0.4808929454132029,263.2327582836151
