precision,accuracy,recall,duration
0.7962641651384774,0.81,0.7027715605140624,198.27293634414673
