precision,accuracy,recall,duration
0.7753973361937962,0.76,0.6113353152057054,352.6403558254242
