precision,accuracy,recall,duration
0.8253589167483212,0.8128205128205128,0.8140995650770605,203.51018834114075
