precision,accuracy,recall,duration
0.6907812516371692,0.9371111111111111,0.5829975492825149,424.7278459072113
