precision,accuracy,recall,duration
0.6209441639757757,0.6166666666666667,0.6166666666666667,266.1054799556732
