precision,accuracy,recall,duration
0.8511580411689645,0.8492753623188406,0.8494057496595674,143.1945025920868
