precision,accuracy,recall,duration
0.7933472897907721,0.8116666666666666,0.7998200739155806,334.7034184932709
