precision,accuracy,recall,duration
0.9344820384294068,0.9380165289256198,0.9236511073467595,659.8011314868927
