precision,accuracy,recall,duration
0.7072684112868672,0.9408888888888889,0.5975560727805905,267.0290467739105
