precision,accuracy,recall,duration
0.9304692891649413,0.9312714776632303,0.9088376665938387,1866.9263818264008
