precision,accuracy,recall,duration
0.780448717948718,0.78,0.78,624.9674763679504
