precision,accuracy,recall,duration
0.7148167428229896,0.745,0.6182228955997077,456.2357714176178
