precision,accuracy,recall,duration
0.8781790331084729,0.7686390532544378,0.8852273445398875,327.22457814216614
