precision,accuracy,recall,duration
0.9224917239623123,0.9173553719008265,0.8981240981240982,490.95401525497437
