precision,accuracy,recall,duration
0.6620220173493601,0.6408839779005525,0.6211093078997304,119.12396001815796
