precision,accuracy,recall,duration
0.8971851078925343,0.8933333333333333,0.8933333333333332,280.05680203437805
