precision,accuracy,recall,duration
0.6255864116280669,0.6277777777777778,0.6277777777777778,726.9645485877991
