precision,accuracy,recall,duration
0.9037518985742498,0.9013333333333333,0.9013333333333334,886.2599220275879
