precision,accuracy,recall,duration
0.8900235035603027,0.8853333333333333,0.8853333333333334,342.6487305164337
