precision,accuracy,recall,duration
0.6291417755193592,0.6297979797979798,0.6297979797979799,722.4685795307159
