precision,accuracy,recall,duration
0.8037234707843501,0.7842105263157895,0.7518851754459274,450.79819655418396
