precision,accuracy,recall,duration
0.8051587301587302,0.7945205479452054,0.8247284878863826,273.6508557796478
