precision,accuracy,recall,duration
0.8879799190807912,0.8849840255591054,0.8813813466846396,103.74056911468506
