precision,accuracy,recall,duration
0.644261015713115,0.645959595959596,0.645959595959596,128.65017008781433
