precision,accuracy,recall,duration
0.6280125418553527,0.6222222222222222,0.6222222222222222,205.97901463508606
