precision,accuracy,recall,duration
0.7962029256146903,0.7975,0.6815138750196083,269.5157778263092
