precision,accuracy,recall,duration
0.8151597676107482,0.815,0.7217910310710146,195.03014659881592
