precision,accuracy,recall,duration
0.8553167846702372,0.8260355029585799,0.914843648863363,623.8035018444061
