precision,accuracy,recall,duration
0.9557781201848998,0.956140350877193,0.9564814814814815,147.10710215568542
