precision,accuracy,recall,duration
0.7528971296131217,0.76,0.7759190818906827,274.4982328414917
