precision,accuracy,recall,duration
0.7785635611433485,0.8,0.6991334090883005,144.09217286109924
