precision,accuracy,recall,duration
0.6199199129522951,0.6232323232323232,0.6232323232323232,247.85105752944946
