precision,accuracy,recall,duration
0.845043966935768,0.8461538461538461,0.8388899814518008,298.6636621952057
