precision,accuracy,recall,duration
0.5994422679047344,0.5974747474747475,0.5974747474747475,169.86698007583618
