precision,accuracy,recall,duration
0.6346004691287817,0.6318181818181818,0.6318181818181817,146.09692192077637
