precision,accuracy,recall,duration
0.6853391943396508,0.7492163009404389,0.630869705292039,358.7655403614044
