precision,accuracy,recall,duration
0.7667306070477734,0.7575,0.6291518887090665,266.31273579597473
