precision,accuracy,recall,duration
0.7390668248319493,0.7975,0.6602328508736691,448.21222615242004
