precision,accuracy,recall,duration
0.9543081003836819,0.9379084967320261,0.9052224371373307,196.17936205863953
