precision,accuracy,recall,duration
0.8202934921417468,0.8123188405797102,0.8127931926829792,325.84088492393494
