precision,accuracy,recall,duration
0.8455667455667456,0.8312020460358056,0.8362406737406738,483.17784690856934
