precision,accuracy,recall,duration
0.7262657152565409,0.8048780487804879,0.8023885918003565,109.47099232673645
