precision,accuracy,recall,duration
0.9766985665755241,0.9748743718592965,0.974114011748258,470.9329762458801
