precision,accuracy,recall,duration
0.8546107795338118,0.8565104166666667,0.8196989520370425,359.5434763431549
