precision,accuracy,recall,duration
0.8573395147117351,0.8358974358974359,0.8453378305851915,306.30579233169556
