precision,accuracy,recall,duration
0.9181149868649869,0.9066666666666666,0.9066666666666666,1105.4417061805725
