precision,accuracy,recall,duration
0.6135692589091879,0.7494505494505495,0.6138750352502674,352.1955246925354
