precision,accuracy,recall,duration
0.9361240310077519,0.9173553719008265,0.8891304347826087,288.1898317337036
