precision,accuracy,recall,duration
0.938668092166929,0.9385817978782803,0.9387894367475356,1623.6902632713318
