precision,accuracy,recall,duration
0.9291979966975532,0.9287678767876788,0.9284437663469922,2311.0598108768463
