precision,accuracy,recall,duration
0.9284397127420383,0.9297520661157025,0.9208011794968316,384.63107442855835
