precision,accuracy,recall,duration
0.960592532213996,0.9639024390243902,0.9531254390446604,378.1951048374176
