precision,accuracy,recall,duration
0.8380566801619433,0.8333333333333334,0.8380566801619433,507.2640492916107
