precision,accuracy,recall,duration
0.6496550800348269,0.7675,0.6218947562829419,75.79591846466064
