precision,accuracy,recall,duration
0.9687070183098834,0.9684434968017057,0.9685300696300962,80.47343254089355
