precision,accuracy,recall,duration
0.5321921271217046,0.5292207792207793,0.5267536186687836,2021.815020084381
