precision,accuracy,recall,duration
0.655963929775493,0.7398119122257053,0.602848331987811,203.4363031387329
