precision,accuracy,recall,duration
0.9541666666666666,0.95,0.9483805668016194,185.7050895690918
