precision,accuracy,recall,duration
0.9701289541926398,0.9759592034968432,0.9587670017011605,2207.6045212745667
