precision,accuracy,recall,duration
0.7505759078792787,0.77,0.6852220423998255,252.19901299476624
