precision,accuracy,recall,duration
0.964189938863852,0.9632,0.9641708567484965,196.4677255153656
