precision,accuracy,recall,duration
0.9499356775300172,0.934640522875817,0.9074790457769182,604.0361111164093
