precision,accuracy,recall,duration
0.8104499479499481,0.8056265984654731,0.8124228624228624,432.3779630661011
