precision,accuracy,recall,duration
0.9408726010326668,0.9256198347107438,0.899407114624506,985.7719776630402
