precision,accuracy,recall,duration
0.9977011494252874,0.9976771196283392,0.9976635514018692,263.88876080513
