precision,accuracy,recall,duration
0.8398663261185947,0.8333333333333334,0.8344232370735472,804.8378863334656
