precision,accuracy,recall,duration
0.8204025817744229,0.7825,0.6475951623949282,446.31411838531494
