precision,accuracy,recall,duration
0.8309216838628602,0.782608695652174,0.7923614298614298,348.560822725296
