precision,accuracy,recall,duration
0.919200244200244,0.9173553719008265,0.887502352719744,324.4974546432495
