precision,accuracy,recall,duration
0.7058498113884804,0.9342222222222222,0.5936269334872379,338.6461055278778
