precision,accuracy,recall,duration
0.7656148938207761,0.7671052631578947,0.7419136342921715,196.59110808372498
