precision,accuracy,recall,duration
0.9269005847953217,0.9166666666666666,0.9166666666666666,363.3868787288666
