precision,accuracy,recall,duration
0.9499943274097674,0.9449893390191898,0.9453633764820578,574.3844223022461
