precision,accuracy,recall,duration
0.5689338672851673,0.71,0.557763997215474,324.5732421875
