precision,accuracy,recall,duration
0.761914774320157,0.7569060773480663,0.7341478696741854,163.8667278289795
