precision,accuracy,recall,duration
0.8993572733953755,0.7982248520710059,0.9040264006315775,391.22153425216675
