precision,accuracy,recall,duration
0.7131364951191326,0.9371111111111111,0.5899285302512316,1113.8320322036743
