precision,accuracy,recall,duration
0.5705176294073518,0.7670807453416149,0.5552507836990596,504.6140167713165
