precision,accuracy,recall,duration
0.7604568744410068,0.7657894736842106,0.726211468403078,208.8326301574707
