precision,accuracy,recall,duration
0.9506914132232397,0.9492682926829268,0.919388496488076,227.63503289222717
