precision,accuracy,recall,duration
0.9536236634122953,0.9521951219512195,0.9276828915224741,110.97209095954895
