precision,accuracy,recall,duration
0.8899332488151551,0.891,0.8715556209840836,1657.7910995483398
