precision,accuracy,recall,duration
0.7932141211552977,0.7774936061381074,0.7743451743451742,382.3052752017975
