precision,accuracy,recall,duration
0.7254974207811349,0.7238095238095238,0.7222222222222222,626.3646705150604
