precision,accuracy,recall,duration
0.7840909090909092,0.78,0.78,1945.860286474228
