precision,accuracy,recall,duration
0.4888755008560751,0.4636363636363636,0.4936602280850533,229.1468961238861
