precision,accuracy,recall,duration
0.48705422360879647,0.7475,0.49929283359879556,320.9781858921051
