precision,accuracy,recall,duration
0.8950408046605267,0.827810650887574,0.9204094512457809,288.73404145240784
