precision,accuracy,recall,duration
0.7801613729508197,0.78,0.78,203.19860696792603
