precision,accuracy,recall,duration
0.8191299450974374,0.8056265984654731,0.8109016734016734,433.3105640411377
