precision,accuracy,recall,duration
0.7431669357860283,0.744,0.7440000000000001,910.5130767822266
