precision,accuracy,recall,duration
0.8981285814116003,0.8906666666666667,0.8906666666666667,543.4974985122681
