precision,accuracy,recall,duration
0.7925333594976453,0.81,0.7899727679439797,507.6327543258667
