precision,accuracy,recall,duration
0.6164965986394558,0.8012422360248447,0.5626306165099269,324.2794756889343
