precision,accuracy,recall,duration
0.7579979360165119,0.756,0.756,1225.766580581665
