precision,accuracy,recall,duration
0.9831691297208538,0.9828571428571429,0.9831691297208539,251.46423983573914
