precision,accuracy,recall,duration
0.9344996434110968,0.9345434543454345,0.9345212147631502,748.9879004955292
