precision,accuracy,recall,duration
0.9668846895233701,0.9657142857142857,0.9668234064785788,331.6648807525635
