precision,accuracy,recall,duration
0.9373931390738113,0.944386149003148,0.9481781753797409,327.8926818370819
