precision,accuracy,recall,duration
0.8095898553596195,0.8,0.8,1945.7272622585297
