precision,accuracy,recall,duration
0.39040627628361535,0.5964912280701754,0.3925763901031649,144.80705380439758
