precision,accuracy,recall,duration
0.5262255049140295,0.8,0.5012326840117748,275.54238843917847
