precision,accuracy,recall,duration
0.3941622108026525,0.6115288220551378,0.3918871670455208,205.9470772743225
