precision,accuracy,recall,duration
0.868014705882353,0.87,0.84673271099257,1826.8298649787903
