precision,accuracy,recall,duration
0.9649950461970922,0.9690048939641109,0.9677757689544074,882.12229180336
