precision,accuracy,recall,duration
0.7365079365079364,0.6666666666666666,0.6666666666666667,268.3239653110504
