precision,accuracy,recall,duration
0.4677073864513375,0.745,0.4816300428493774,75.19916939735413
