precision,accuracy,recall,duration
0.9415292353823088,0.9318181818181818,0.9388111888111889,687.4025180339813
