precision,accuracy,recall,duration
0.8258234531067348,0.8081841432225064,0.8122388872388872,1229.920134305954
