precision,accuracy,recall,duration
0.8177713533212254,0.8056265984654731,0.8133347883347882,480.0876214504242
