precision,accuracy,recall,duration
0.9392814347961406,0.9283333333333333,0.9283333333333333,968.1267604827881
