precision,accuracy,recall,duration
0.9525162337662337,0.9313725490196079,0.9097356544165055,488.132780790329
