precision,accuracy,recall,duration
0.59375,0.59375,0.597165991902834,238.59307503700256
