precision,accuracy,recall,duration
0.8344062364189483,0.8285714285714286,0.840488560751071,62.13717794418335
