precision,accuracy,recall,duration
0.9425838585778391,0.9380165289256198,0.9165851057155406,291.28257274627686
