precision,accuracy,recall,duration
0.9494060019542739,0.9494584837545126,0.9494542755106135,906.1758313179016
