precision,accuracy,recall,duration
0.973656806556973,0.9785089849441476,0.9631482021566202,3548.4397127628326
