precision,accuracy,recall,duration
0.8542250961368608,0.8337595907928389,0.8384127884127883,522.689836025238
