precision,accuracy,recall,duration
0.8353013833992096,0.8591065292096219,0.8706849464714879,130.51555156707764
