precision,accuracy,recall,duration
0.9511701480990274,0.9559286463798531,0.9564928711210512,203.2027678489685
