precision,accuracy,recall,duration
0.79618354494524,0.7975,0.6927749656615741,117.25016713142395
