precision,accuracy,recall,duration
0.9610684061590583,0.9682926829268292,0.9556601077819699,505.7160928249359
