precision,accuracy,recall,duration
0.9345887556635808,0.9346733668341709,0.9348123617562708,3027.24556350708
