precision,accuracy,recall,duration
0.9085728241013865,0.827810650887574,0.9219293965777802,901.6911489963531
