precision,accuracy,recall,duration
0.45147079772079773,0.725,0.48203404146023693,326.415620803833
