precision,accuracy,recall,duration
0.8835911191926733,0.8793333333333333,0.8837350589734163,112.30418419837952
