precision,accuracy,recall,duration
0.633708853250335,0.7178683385579937,0.5722801426418379,561.4829406738281
