precision,accuracy,recall,duration
0.5051521444812024,0.4636363636363636,0.4861173954171198,364.1794464588165
