precision,accuracy,recall,duration
0.807932731257622,0.8829268292682927,0.8164438502673796,705.4746618270874
