precision,accuracy,recall,duration
0.7464503042596348,0.8439024390243902,0.739590017825312,284.95510053634644
