precision,accuracy,recall,duration
0.8494743239562078,0.85390625,0.816980006690954,204.08050441741943
