precision,accuracy,recall,duration
0.7944808000987775,0.7944444444444444,0.7944444444444445,203.97780013084412
