precision,accuracy,recall,duration
0.9302696008637309,0.9301430143014301,0.9299658529497239,2362.0331678390503
