precision,accuracy,recall,duration
0.9329808343351434,0.9338842975206612,0.9144927536231884,203.6356635093689
