precision,accuracy,recall,duration
0.7823276053302768,0.7907894736842105,0.7506266101621064,204.8209264278412
