precision,accuracy,recall,duration
0.6800949788023212,0.9371111111111111,0.581152211937397,670.0998833179474
