precision,accuracy,recall,duration
0.745785445805637,0.7544757033248082,0.7631088881088881,120.28481221199036
