precision,accuracy,recall,duration
0.8121798155737705,0.812,0.812,263.25509428977966
