precision,accuracy,recall,duration
0.8319211537447208,0.8179487179487179,0.827625977668688,206.64055824279785
