precision,accuracy,recall,duration
0.8587962962962963,0.8444444444444444,0.8444444444444444,530.9646801948547
