precision,accuracy,recall,duration
0.8075747868513135,0.8233333333333334,0.8034915386111652,286.0644292831421
