precision,accuracy,recall,duration
0.9876376576004038,0.9869346733668342,0.9865089105055348,445.8392312526703
