precision,accuracy,recall,duration
0.7939850567147697,0.7894736842105263,0.7407718412006734,347.309876203537
