precision,accuracy,recall,duration
0.780448717948718,0.78,0.78,383.3334918022156
