precision,accuracy,recall,duration
0.7930626578577533,0.7906197654941374,0.7885626187908065,921.9942421913147
