precision,accuracy,recall,duration
0.9277963400055176,0.9271177117711771,0.9267037198488811,772.9301936626434
