precision,accuracy,recall,duration
0.738328139806614,0.7631578947368421,0.731985278596542,621.2296588420868
