precision,accuracy,recall,duration
0.8422150381726993,0.8333333333333334,0.8414804098990231,203.95044255256653
