precision,accuracy,recall,duration
0.5285760011133146,0.525974025974026,0.5219931010493994,323.3024697303772
