precision,accuracy,recall,duration
0.9527387902123959,0.95,0.95,349.25437569618225
