precision,accuracy,recall,duration
0.7391405846032181,0.785,0.6259583194640528,317.196875333786
