precision,accuracy,recall,duration
0.974668763218459,0.9782661486158329,0.9610901638929666,1359.3081452846527
