precision,accuracy,recall,duration
0.8925767065521606,0.8906666666666667,0.888052137297743,842.7294278144836
