precision,accuracy,recall,duration
0.8150072365865204,0.7723785166240409,0.7808881058881058,265.18375062942505
