precision,accuracy,recall,duration
0.9683894280354868,0.9668341708542714,0.9676675805578207,126.18003177642822
