precision,accuracy,recall,duration
0.8034860947904425,0.7828571428571428,0.798924437152493,546.2339081764221
