precision,accuracy,recall,duration
0.8846153846153846,0.8777777777777778,0.8777777777777778,451.81393218040466
