precision,accuracy,recall,duration
0.7951177478189861,0.7749360613810742,0.7864634614634615,337.14641189575195
