precision,accuracy,recall,duration
0.8779644268774703,0.8777777777777778,0.8777777777777778,204.2563030719757
