precision,accuracy,recall,duration
0.9160607434489982,0.9158415841584159,0.9155932141819239,549.8102705478668
