precision,accuracy,recall,duration
0.9481452091918179,0.9517313746065058,0.9499743733109682,230.6900954246521
