precision,accuracy,recall,duration
0.9684672997333588,0.9680170575692963,0.9680783822951,196.01521563529968
