precision,accuracy,recall,duration
0.9397594192964743,0.9397389613996112,0.9396372537217608,1227.4435336589813
