precision,accuracy,recall,duration
0.8219092735221768,0.8,0.7171087619419287,71.46363973617554
