precision,accuracy,recall,duration
0.9750006020425707,0.9785089849441476,0.9618696651718014,2601.587575674057
