precision,accuracy,recall,duration
0.8009670928798598,0.7828571428571428,0.8047579983593108,180.55014038085938
