precision,accuracy,recall,duration
0.762609649122807,0.7619047619047619,0.7608932461873639,264.3892443180084
