precision,accuracy,recall,duration
0.9551952208235546,0.9379084967320261,0.9052224371373307,323.0100591182709
