precision,accuracy,recall,duration
0.83720570734771,0.8256410256410256,0.8346124384556249,196.71210432052612
