precision,accuracy,recall,duration
0.7772435897435898,0.7666666666666667,0.6541666666666667,72.42998886108398
