precision,accuracy,recall,duration
0.7520491803278688,0.7513812154696132,0.731203007518797,106.3735876083374
