precision,accuracy,recall,duration
0.661231884057971,0.5333333333333333,0.4819444444444444,103.82054853439331
