precision,accuracy,recall,duration
0.9544000061885249,0.9536585365853658,0.9250589112528989,145.56868767738342
