precision,accuracy,recall,duration
0.7441555280420435,0.8373626373626374,0.7198870923538107,1566.59042429924
