precision,accuracy,recall,duration
0.8966377009025424,0.8906666666666667,0.8906666666666667,279.3073961734772
