precision,accuracy,recall,duration
0.8003075148952528,0.8,0.8,887.2288129329681
