precision,accuracy,recall,duration
0.862762341356926,0.8376811594202899,0.838675200275163,625.6781287193298
