precision,accuracy,recall,duration
0.7246153846153847,0.734375,0.7216599190283401,108.09827923774719
