precision,accuracy,recall,duration
0.5689258742539204,0.564935064935065,0.5626150352125986,541.2721498012543
