precision,accuracy,recall,duration
0.8268872939925572,0.8082191780821918,0.8215121136173769,154.26183557510376
