precision,accuracy,recall,duration
0.9005541871921182,0.9106529209621993,0.8908400699147914,1828.076667547226
