precision,accuracy,recall,duration
0.7320275998638572,0.8292682926829268,0.7435918003565062,279.66068506240845
