precision,accuracy,recall,duration
0.9398431185625764,0.919202518363064,0.8955595937004939,112.51599860191345
