precision,accuracy,recall,duration
0.619064210524728,0.7375,0.5933945644916109,149.59395909309387
