precision,accuracy,recall,duration
0.8464476433712561,0.8153078202995009,0.8372319027278685,445.6221196651459
