precision,accuracy,recall,duration
0.40822784810126583,0.8012422360248447,0.48863636363636365,129.081387758255
