precision,accuracy,recall,duration
0.8846153846153846,0.8777777777777778,0.8777777777777778,226.72724056243896
