precision,accuracy,recall,duration
0.9393004974570294,0.9433368310598111,0.9410935607119559,238.62846755981445
