precision,accuracy,recall,duration
0.8792691066859495,0.8934707903780069,0.872432816255189,867.6506199836731
