precision,accuracy,recall,duration
0.9499868307879714,0.9504132231404959,0.934701047744526,360.17919087409973
