precision,accuracy,recall,duration
0.6547485190470312,0.7021943573667712,0.5646329124210784,310.45490741729736
