precision,accuracy,recall,duration
0.9561314011909109,0.9590243902439024,0.9444455014543021,231.78891110420227
