precision,accuracy,recall,duration
0.9156427831427831,0.9033333333333333,0.9033333333333334,1524.0902178287506
