precision,accuracy,recall,duration
0.9272846926954127,0.9268426842684269,0.9265111886079629,1937.8358850479126
