precision,accuracy,recall,duration
0.8324517725062858,0.8333333333333334,0.8355464584321811,427.1821370124817
