precision,accuracy,recall,duration
0.7200649457720744,0.7934065934065934,0.6699322591924759,897.0154824256897
