precision,accuracy,recall,duration
0.760266512909219,0.76,0.76,203.11415266990662
