precision,accuracy,recall,duration
0.9956064842736261,0.9955555555555555,0.9955555555555556,203.63309049606323
