precision,accuracy,recall,duration
0.9830287008119368,0.9829145728643216,0.9832378521106461,204.18270897865295
