precision,accuracy,recall,duration
0.8712238232642837,0.875,0.8548338211607405,3146.700940847397
