precision,accuracy,recall,duration
0.8817609758198222,0.8816666666666667,0.8801771771114439,544.8324036598206
