precision,accuracy,recall,duration
0.3643050879093798,0.5839598997493735,0.36272833245905467,223.37345790863037
