precision,accuracy,recall,duration
0.7437223333599399,0.9428888888888889,0.5910488289640005,203.79430413246155
