precision,accuracy,recall,duration
0.8782071707818517,0.878001116694584,0.8784171444756121,627.8526606559753
