precision,accuracy,recall,duration
0.7099356953725886,0.7055555555555556,0.7055555555555555,323.9553074836731
