precision,accuracy,recall,duration
0.842562520503697,0.8465473145780051,0.847008397008397,446.8667230606079
