precision,accuracy,recall,duration
0.76,0.6333333333333333,0.6333333333333333,573.7358849048615
