precision,accuracy,recall,duration
0.9809486269872553,0.9752066115702479,0.9739632348328001,203.13152384757996
