precision,accuracy,recall,duration
0.923076923076923,0.9,0.9,505.7612855434418
