precision,accuracy,recall,duration
0.6666666666666666,0.6666666666666666,0.6666666666666666,316.25267720222473
