precision,accuracy,recall,duration
0.8601194722711751,0.8286445012787724,0.8356761481761482,373.57761001586914
