precision,accuracy,recall,duration
0.7130829209428833,0.8,0.6848487759746272,263.52720522880554
