precision,accuracy,recall,duration
0.701439332795265,0.7071823204419889,0.68765664160401,303.0971779823303
