precision,accuracy,recall,duration
0.8354103178406584,0.8235294117647058,0.8321815571815572,323.5774130821228
