precision,accuracy,recall,duration
0.6522257403613335,0.79,0.5029861873569422,368.6303458213806
