precision,accuracy,recall,duration
0.956332581372865,0.9411764705882353,0.9127981947130883,215.38483595848083
