precision,accuracy,recall,duration
0.9632659296864595,0.9607675906183369,0.9609535698472882,313.2268965244293
