precision,accuracy,recall,duration
0.8461513632566264,0.8356164383561644,0.8500835421888054,254.58772373199463
