precision,accuracy,recall,duration
0.9401184705019013,0.9400166620383227,0.9398519321054533,923.7167541980743
