precision,accuracy,recall,duration
0.8834332443020988,0.7739644970414201,0.8894632256028573,391.7888882160187
