precision,accuracy,recall,duration
0.9802710259470855,0.979957356076759,0.980004575853239,110.62669920921326
