precision,accuracy,recall,duration
0.8952939557968369,0.867,0.823468539462062,898.5617809295654
