precision,accuracy,recall,duration
0.9620361666845296,0.9614740368509213,0.9615997120605773,2365.3303582668304
