precision,accuracy,recall,duration
0.6900700539540678,0.9371111111111111,0.5883478648383937,310.4495995044708
