precision,accuracy,recall,duration
0.7149116883851023,0.8131868131868132,0.6738024248025795,811.241571187973
