precision,accuracy,recall,duration
0.7807639099773931,0.7916666666666666,0.7974760474760474,283.95833683013916
