precision,accuracy,recall,duration
0.9631434282858571,0.9545454545454546,0.9384889265324047,647.7696523666382
