precision,accuracy,recall,duration
0.6412074441897971,0.7115987460815048,0.5856295864556781,360.11591815948486
