precision,accuracy,recall,duration
0.7845238095238096,0.7666666666666667,0.7666666666666668,145.28942847251892
