precision,accuracy,recall,duration
0.8481346123889986,0.8487179487179487,0.8428186068465773,518.2242004871368
