precision,accuracy,recall,duration
0.9533063368199483,0.944390243902439,0.9186893222997349,156.14359307289124
