precision,accuracy,recall,duration
0.8607940424210154,0.8653645833333333,0.8355080093805638,332.6249508857727
