precision,accuracy,recall,duration
0.9667087988380126,0.9678048780487805,0.9514967802517542,285.38510060310364
