precision,accuracy,recall,duration
0.826913139280591,0.81,0.6945073822832853,109.87517237663269
