precision,accuracy,recall,duration
0.6073170731707317,0.7919254658385093,0.5704022988505747,270.72051095962524
