precision,accuracy,recall,duration
0.8910965015552774,0.888,0.888,533.2555544376373
