precision,accuracy,recall,duration
0.5374293895600057,0.5227272727272727,0.5207611307867442,323.30073285102844
