precision,accuracy,recall,duration
0.7852514919011082,0.7983333333333333,0.799049049049049,629.1051690578461
