precision,accuracy,recall,duration
0.9449597662098279,0.9394456289978678,0.9397718732803017,505.8604302406311
