precision,accuracy,recall,duration
0.8241256335582938,0.8205128205128205,0.8285274902138139,481.4267454147339
