precision,accuracy,recall,duration
0.9416182134656692,0.9416828658705915,0.941687733237029,489.8258168697357
