precision,accuracy,recall,duration
0.851902173618715,0.8487179487179487,0.8541944547604431,474.55337834358215
