precision,accuracy,recall,duration
0.911642006897319,0.9209621993127147,0.904222197946253,771.2552683353424
