precision,accuracy,recall,duration
0.41785436785436786,0.6115288220551378,0.4039447941559325,149.30185294151306
