precision,accuracy,recall,duration
0.8167297453332478,0.816,0.8160000000000001,503.32367181777954
