precision,accuracy,recall,duration
0.9784428528473511,0.9794803302574066,0.9612265560992693,1045.942176580429
