precision,accuracy,recall,duration
0.8241307181558399,0.8205128205128205,0.8199033303830096,484.7828664779663
