precision,accuracy,recall,duration
0.5042052346333937,0.46545454545454545,0.48009683621818483,722.4175508022308
