precision,accuracy,recall,duration
0.8449526109172848,0.8333333333333334,0.8433387977997228,445.37790179252625
