precision,accuracy,recall,duration
0.8514986376021798,0.8186356073211315,0.8411078717201166,148.57481145858765
