precision,accuracy,recall,duration
0.8261337405020679,0.8298368298368298,0.8106704384076229,1043.9616944789886
