precision,accuracy,recall,duration
0.6886659592546651,0.9337777777777778,0.57443492636163,1165.6467916965485
