precision,accuracy,recall,duration
0.934159854801512,0.9337183718371838,0.9333969049694856,445.71330213546753
