precision,accuracy,recall,duration
0.9387967504634055,0.9630888780961632,0.9591444786604084,920.9253845214844
