precision,accuracy,recall,duration
0.9423863323246564,0.9422382671480144,0.9420468681032061,3028.85640001297
