precision,accuracy,recall,duration
0.9046805795360708,0.898,0.8734564159406987,1406.960098028183
