precision,accuracy,recall,duration
0.7362923524840218,0.7875,0.6452306891789004,440.44093108177185
