precision,accuracy,recall,duration
0.6646303258145363,0.6685082872928176,0.6365667132727454,164.70325994491577
