precision,accuracy,recall,duration
0.6434807172497389,0.7538461538461538,0.6311652235793103,354.48313212394714
