precision,accuracy,recall,duration
0.6820078824113308,0.7912087912087912,0.6616996507104866,566.0671546459198
