precision,accuracy,recall,duration
0.6806492993634723,0.731974921630094,0.5956989068841316,327.1800136566162
