precision,accuracy,recall,duration
0.7769458393113343,0.7866666666666666,0.7944372944372944,182.3982765674591
