precision,accuracy,recall,duration
0.8499699624699626,0.8337595907928389,0.8384878634878635,462.1575725078583
