precision,accuracy,recall,duration
0.98,0.9738562091503268,0.9590586718246293,615.7427875995636
