precision,accuracy,recall,duration
0.8445867570867571,0.8439897698209718,0.8479604854604854,661.2190959453583
