precision,accuracy,recall,duration
0.7779304877711667,0.75,0.7152957339699872,77.35738611221313
