precision,accuracy,recall,duration
0.9073945437727832,0.9090909090909091,0.8775707384403036,318.87652015686035
