precision,accuracy,recall,duration
0.7291776544916003,0.8292682926829268,0.7291354723707665,164.98919653892517
