precision,accuracy,recall,duration
0.956634254345136,0.947547974413646,0.9478132775728455,203.21630120277405
