precision,accuracy,recall,duration
0.8236694677871148,0.821917808219178,0.8153896646377851,185.47452855110168
