precision,accuracy,recall,duration
0.956183932346723,0.9379084967320261,0.9003062540296582,190.31234622001648
