precision,accuracy,recall,duration
0.8955579464078587,0.896,0.895324698878873,141.2898564338684
