precision,accuracy,recall,duration
0.8108649312059945,0.808,0.808,761.096638917923
