precision,accuracy,recall,duration
0.8739110017410834,0.8717948717948718,0.86801856078322,532.2636759281158
