precision,accuracy,recall,duration
0.5028315503814597,0.4909090909090909,0.5052997948289066,505.6261374950409
