precision,accuracy,recall,duration
0.5797266851207966,0.7025,0.5616957195016267,204.1275544166565
