precision,accuracy,recall,duration
0.9368784511976269,0.9367436743674368,0.9365700377797153,445.11796402931213
