precision,accuracy,recall,duration
0.76592750822229,0.7783333333333333,0.7803875303875304,201.0526521205902
