precision,accuracy,recall,duration
0.9201211519961521,0.91,0.91,204.3814766407013
