precision,accuracy,recall,duration
0.577324973876698,0.8167701863354038,0.5048328108672936,108.01958584785461
