precision,accuracy,recall,duration
0.8407971331786862,0.8333333333333334,0.8411411503923064,262.6006500720978
