precision,accuracy,recall,duration
0.8765515673545682,0.8742857142857143,0.8849694649530582,110.51471328735352
