precision,accuracy,recall,duration
0.7151747655583973,0.6883333333333334,0.7301351877066719,276.16583466529846
