precision,accuracy,recall,duration
0.8922172747563342,0.892,0.8905394605706995,130.24319982528687
