precision,accuracy,recall,duration
0.7551319648093842,0.77,0.7654082654082655,627.7420415878296
