{"config": [3, 64, 128, 41, 1, 1], "accuracy": 0.6754067151}
{"config": [6, 64, 64, 41, 0, 0], "accuracy": 0.7625129803}
{"config": [6, 32, 128, 32, 1, 0], "accuracy": 0.7088438906}
{"config": [3, 64, 128, 32, 1, 0], "accuracy": 0.7754932503}
{"config": [6, 64, 128, 64, 0, 0], "accuracy": 0.7179473866}
{"config": [6, 64, 64, 41, 1, 0], "accuracy": 0.7515057113}
{"config": [9, 16, 64, 64, 0, 0], "accuracy": 0.7254932503}
{"config": [6, 32, 64, 32, 0, 1], "accuracy": 0.7643475251}
{"config": [6, 32, 16, 64, 0, 0], "accuracy": 0.7588092766000001}
{"config": [9, 64, 16, 32, 0, 1], "accuracy": 0.7327795085000001}
{"config": [3, 16, 16, 32, 0, 1], "accuracy": 0.7680858429}
{"config": [9, 64, 32, 64, 0, 1], "accuracy": 0.7179646937}
{"config": [9, 32, 32, 41, 0, 0], "accuracy": 0.740238837}
{"config": [9, 64, 128, 32, 0, 0], "accuracy": 0.5306507442}
{"config": [3, 16, 128, 64, 0, 0], "accuracy": 0.6976981655000001}
{"config": [3, 64, 64, 64, 0, 1], "accuracy": 0.7587919695}
{"config": [3, 16, 32, 64, 0, 0], "accuracy": 0.7643475251}
{"config": [3, 64, 64, 32, 0, 0], "accuracy": 0.7476981655}
{"config": [3, 32, 64, 64, 1, 1], "accuracy": 0.7494115611000001}
{"config": [3, 16, 128, 32, 0, 0], "accuracy": 0.7366043614000001}
{"config": [6, 16, 64, 32, 1, 0], "accuracy": 0.7754759432}
{"config": [3, 64, 32, 41, 0, 0], "accuracy": 0.7681377639}
{"config": [3, 64, 16, 64, 0, 1], "accuracy": 0.7420214607000001}
{"config": [9, 16, 16, 64, 0, 1], "accuracy": 0.7346486674}
{"config": [3, 32, 16, 41, 0, 0], "accuracy": 0.7755797854}
{"config": [3, 32, 128, 64, 0, 0], "accuracy": 0.6418310834000001}
{"config": [3, 16, 32, 41, 0, 1], "accuracy": 0.7626514365}
{"config": [3, 32, 32, 32, 0, 0], "accuracy": 0.7457424714}
{"config": [6, 16, 64, 41, 0, 0], "accuracy": 0.7495500173}
{"config": [3, 64, 16, 41, 0, 1], "accuracy": 0.7624783662}
{"config": [3, 64, 128, 64, 1, 0], "accuracy": 0.5473174109}
{"config": [3, 32, 32, 64, 0, 1], "accuracy": 0.7569055036}
{"config": [9, 16, 128, 41, 1, 0], "accuracy": 0.6773451021}
{"config": [9, 32, 16, 32, 0, 1], "accuracy": 0.7458116996}
{"config": [9, 16, 16, 41, 1, 0], "accuracy": 0.740290758}
{"config": [9, 64, 128, 64, 1, 1], "accuracy": 0.7049844237}
{"config": [9, 16, 32, 32, 0, 0], "accuracy": 0.7421253029}
{"config": [9, 64, 64, 64, 1, 0], "accuracy": 0.7494807892}
{"config": [9, 32, 64, 64, 0, 1], "accuracy": 0.7438906196}
{"config": [3, 16, 16, 64, 1, 1], "accuracy": 0.7569228107}
{"config": [3, 32, 128, 41, 1, 0], "accuracy": 0.7198511596}
{"config": [9, 16, 128, 64, 0, 0], "accuracy": 0.7365524403}
{"config": [3, 64, 32, 32, 0, 1], "accuracy": 0.7735894773}
{"config": [3, 64, 16, 32, 1, 0], "accuracy": 0.7588785047000001}
{"config": [3, 32, 64, 32, 1, 0], "accuracy": 0.7718241606}
{"config": [9, 64, 32, 32, 1, 0], "accuracy": 0.7402215299}
{"config": [3, 32, 128, 32, 0, 1], "accuracy": 0.7532537210000001}
{"config": [9, 32, 64, 41, 1, 0], "accuracy": 0.7459155417000001}
{"config": [3, 64, 32, 64, 1, 1], "accuracy": 0.7643475251}
{"config": [9, 16, 32, 64, 1, 1], "accuracy": 0.7550190377}
