{"config": [3, 32, 16, 41, 0, 0], "accuracy": 0.8310649351}
{"config": [9, 64, 64, 32, 1, 1], "accuracy": 0.7922207792}
{"config": [6, 32, 64, 64, 0, 0], "accuracy": 0.7808311688}
{"config": [9, 32, 32, 64, 1, 1], "accuracy": 0.7750454545000001}
{"config": [3, 64, 32, 32, 1, 1], "accuracy": 0.8242077922000001}
{"config": [3, 32, 16, 41, 0, 1], "accuracy": 0.8276688312}
{"config": [3, 16, 128, 32, 0, 0], "accuracy": 0.8481688312000001}
{"config": [3, 64, 128, 64, 0, 0], "accuracy": 0.8207922078000001}
{"config": [3, 64, 128, 32, 1, 0], "accuracy": 0.8344805195}
{"config": [3, 16, 128, 64, 1, 1], "accuracy": 0.8265}
{"config": [3, 16, 16, 32, 1, 0], "accuracy": 0.8127467532}
{"config": [3, 64, 16, 64, 0, 1], "accuracy": 0.8299090909}
{"config": [9, 64, 16, 32, 0, 1], "accuracy": 0.8013831169000001}
{"config": [9, 32, 128, 41, 1, 0], "accuracy": 0.7511168831}
{"config": [3, 16, 16, 64, 1, 1], "accuracy": 0.8116948052}
{"config": [6, 16, 64, 32, 1, 0], "accuracy": 0.7751038961000001}
{"config": [3, 64, 64, 64, 0, 1], "accuracy": 0.8196558442}
{"config": [3, 32, 128, 32, 0, 1], "accuracy": 0.8288116883000001}
{"config": [3, 64, 64, 32, 0, 0], "accuracy": 0.8162012987}
{"config": [3, 16, 64, 64, 1, 0], "accuracy": 0.8241948052}
{"config": [3, 16, 32, 41, 0, 1], "accuracy": 0.8254090909}
{"config": [3, 64, 16, 41, 1, 0], "accuracy": 0.7991623377}
{"config": [3, 32, 32, 32, 0, 0], "accuracy": 0.8390454545}
{"config": [9, 64, 32, 64, 0, 1], "accuracy": 0.8104935065000001}
{"config": [3, 16, 128, 41, 0, 1], "accuracy": 0.8298766234}
{"config": [9, 64, 128, 32, 0, 0], "accuracy": 0.7512727273}
{"config": [3, 32, 128, 64, 0, 0], "accuracy": 0.8207532468000001}
{"config": [9, 16, 16, 41, 0, 0], "accuracy": 0.8332792208}
{"config": [9, 32, 16, 32, 1, 0], "accuracy": 0.8493441558}
{"config": [9, 16, 32, 32, 0, 0], "accuracy": 0.8047272727}
{"config": [3, 32, 64, 32, 1, 0], "accuracy": 0.8310844156}
{"config": [3, 64, 32, 64, 1, 1], "accuracy": 0.8071363636000001}
{"config": [9, 64, 32, 41, 0, 0], "accuracy": 0.8013506494}
{"config": [3, 64, 128, 41, 1, 1], "accuracy": 0.8367207792}
{"config": [3, 16, 32, 64, 0, 0], "accuracy": 0.8219090909000001}
{"config": [9, 16, 64, 64, 0, 1], "accuracy": 0.7681883117}
{"config": [3, 64, 64, 41, 1, 1], "accuracy": 0.8264675325}
{"config": [6, 64, 16, 64, 1, 0], "accuracy": 0.8287857143}
{"config": [6, 32, 16, 64, 0, 0], "accuracy": 0.8218961039}
{"config": [9, 16, 16, 64, 0, 1], "accuracy": 0.8071168831000001}
{"config": [9, 16, 128, 32, 1, 1], "accuracy": 0.8059415584}
{"config": [9, 64, 128, 64, 1, 1], "accuracy": 0.7967597403000001}
{"config": [9, 16, 128, 64, 0, 0], "accuracy": 0.8139545455}
{"config": [9, 64, 64, 64, 1, 0], "accuracy": 0.7670714286}
{"config": [6, 32, 64, 41, 0, 1], "accuracy": 0.7830844156000001}
{"config": [9, 32, 32, 41, 1, 0], "accuracy": 0.8036493506}
{"config": [9, 32, 128, 64, 1, 1], "accuracy": 0.7831038961}
{"config": [3, 32, 16, 32, 1, 0], "accuracy": 0.8322337662}
{"config": [3, 32, 32, 64, 0, 1], "accuracy": 0.8059675325000001}
{"config": [9, 32, 64, 32, 1, 1], "accuracy": 0.742025974}
