{"config": [6, 64, 128, 32, 0, 0], "accuracy": 0.7983169705000001}
{"config": [6, 64, 64, 41, 1, 1], "accuracy": 0.7831463301}
{"config": [9, 16, 16, 41, 1, 1], "accuracy": 0.7961430575}
{"config": [3, 64, 128, 41, 0, 1], "accuracy": 0.7852033661000001}
{"config": [6, 32, 32, 41, 1, 0], "accuracy": 0.7829593268}
{"config": [6, 64, 128, 32, 1, 0], "accuracy": 0.7982935951}
{"config": [9, 16, 128, 32, 1, 1], "accuracy": 0.7938055166}
{"config": [9, 64, 16, 32, 0, 1], "accuracy": 0.7917251052000001}
{"config": [9, 64, 128, 64, 1, 0], "accuracy": 0.6105423095}
{"config": [3, 16, 16, 32, 0, 1], "accuracy": 0.7982000935}
{"config": [3, 64, 16, 64, 0, 1], "accuracy": 0.7981767181}
{"config": [3, 16, 16, 64, 1, 1], "accuracy": 0.8005376344}
{"config": [3, 32, 128, 32, 0, 1], "accuracy": 0.8004441328}
{"config": [6, 16, 64, 32, 1, 1], "accuracy": 0.7918419822}
{"config": [3, 16, 64, 64, 1, 1], "accuracy": 0.7896446938}
{"config": [3, 16, 128, 32, 0, 0], "accuracy": 0.7873071529}
{"config": [3, 16, 128, 64, 1, 1], "accuracy": 0.7940392707}
{"config": [3, 64, 32, 32, 1, 1], "accuracy": 0.7982234689000001}
{"config": [3, 64, 16, 41, 1, 1], "accuracy": 0.7939223936}
{"config": [3, 64, 64, 32, 0, 1], "accuracy": 0.7851799906}
{"config": [9, 64, 32, 64, 0, 1], "accuracy": 0.7504441328}
{"config": [3, 32, 16, 64, 1, 1], "accuracy": 0.7982468443}
{"config": [9, 32, 64, 41, 1, 1], "accuracy": 0.7807854137}
{"config": [3, 64, 64, 64, 0, 1], "accuracy": 0.7939925199000001}
{"config": [9, 32, 16, 32, 1, 1], "accuracy": 0.7939691445}
{"config": [9, 16, 32, 32, 1, 1], "accuracy": 0.7959560542}
{"config": [9, 32, 128, 41, 1, 0], "accuracy": 0.7983169705000001}
{"config": [9, 16, 32, 64, 1, 0], "accuracy": 0.8004207574000001}
{"config": [3, 32, 64, 64, 1, 1], "accuracy": 0.8006077606}
{"config": [3, 16, 32, 64, 1, 1], "accuracy": 0.7938288920000001}
{"config": [9, 16, 128, 64, 0, 0], "accuracy": 0.7960028050000001}
{"config": [3, 64, 16, 32, 1, 0], "accuracy": 0.7983169705000001}
{"config": [3, 16, 128, 41, 0, 1], "accuracy": 0.7981767181}
{"config": [3, 32, 64, 32, 1, 0], "accuracy": 0.7961196821000001}
{"config": [9, 16, 16, 64, 0, 1], "accuracy": 0.7568723703}
{"config": [3, 32, 128, 64, 0, 0], "accuracy": 0.7982702197}
{"config": [9, 16, 64, 64, 0, 0], "accuracy": 0.7939457691}
{"config": [9, 64, 32, 32, 1, 0], "accuracy": 0.7614773259000001}
{"config": [3, 16, 32, 41, 1, 0], "accuracy": 0.7982234689000001}
{"config": [3, 32, 16, 41, 1, 1], "accuracy": 0.7872837775}
{"config": [3, 32, 32, 64, 1, 0], "accuracy": 0.7984338476}
{"config": [3, 64, 32, 64, 1, 1], "accuracy": 0.7656615241}
{"config": [9, 32, 128, 64, 1, 1], "accuracy": 0.7896213184}
{"config": [3, 64, 128, 32, 1, 0], "accuracy": 0.791771856}
{"config": [9, 64, 64, 64, 1, 0], "accuracy": 0.7634174848}
{"config": [6, 16, 64, 41, 0, 0], "accuracy": 0.7982000935}
{"config": [3, 32, 32, 32, 0, 0], "accuracy": 0.7939925199000001}
{"config": [3, 64, 32, 41, 0, 0], "accuracy": 0.7982000935}
{"config": [6, 64, 16, 64, 1, 0], "accuracy": 0.7938055166}
{"config": [9, 32, 128, 32, 0, 1], "accuracy": 0.7982935951}
