{"config": [9, 32, 16, 41, 0, 1], "accuracy": 0.952854195}
{"config": [3, 16, 32, 64, 0, 0], "accuracy": 0.9544818621000001}
{"config": [9, 64, 64, 32, 1, 0], "accuracy": 0.9542767529}
{"config": [3, 32, 16, 64, 1, 0], "accuracy": 0.9567168090000001}
{"config": [6, 64, 32, 32, 0, 0], "accuracy": 0.9536705047}
{"config": [3, 32, 16, 64, 1, 1], "accuracy": 0.9567186662}
{"config": [9, 64, 32, 64, 1, 0], "accuracy": 0.9489955016}
{"config": [3, 16, 128, 32, 0, 0], "accuracy": 0.956715571}
{"config": [3, 64, 128, 64, 0, 1], "accuracy": 0.9556988981000001}
{"config": [9, 16, 128, 64, 1, 0], "accuracy": 0.956512938}
{"config": [9, 64, 128, 32, 0, 0], "accuracy": 0.9544824811}
{"config": [3, 16, 16, 32, 1, 0], "accuracy": 0.9510271966}
{"config": [3, 32, 64, 64, 1, 1], "accuracy": 0.9559058644}
{"config": [9, 16, 64, 32, 1, 1], "accuracy": 0.9518420618000001}
{"config": [3, 64, 128, 32, 1, 0], "accuracy": 0.9544800050000001}
{"config": [9, 64, 16, 32, 1, 0], "accuracy": 0.9491985473000001}
{"config": [3, 64, 16, 64, 0, 1], "accuracy": 0.9565137634}
{"config": [3, 32, 128, 64, 0, 0], "accuracy": 0.957122075}
{"config": [9, 32, 128, 41, 1, 0], "accuracy": 0.9532600801000001}
{"config": [9, 16, 16, 64, 0, 1], "accuracy": 0.9554962651000001}
{"config": [3, 64, 64, 64, 0, 1], "accuracy": 0.9554964715}
{"config": [6, 32, 32, 64, 1, 0], "accuracy": 0.9518387603}
{"config": [9, 64, 64, 64, 1, 0], "accuracy": 0.9496015435}
{"config": [9, 32, 64, 32, 1, 1], "accuracy": 0.949400974}
{"config": [9, 16, 64, 64, 0, 0], "accuracy": 0.9510257521000001}
{"config": [3, 64, 16, 41, 1, 1], "accuracy": 0.9567151583000001}
{"config": [3, 16, 128, 64, 1, 1], "accuracy": 0.9579361149000001}
{"config": [9, 16, 128, 32, 1, 1], "accuracy": 0.9467576658}
{"config": [9, 16, 32, 32, 1, 0], "accuracy": 0.9557005489}
{"config": [3, 32, 32, 32, 0, 0], "accuracy": 0.9544824811}
{"config": [9, 64, 128, 64, 1, 0], "accuracy": 0.956512938}
{"config": [3, 64, 64, 41, 0, 0], "accuracy": 0.9532600801000001}
{"config": [3, 32, 128, 32, 0, 1], "accuracy": 0.9540759771}
{"config": [3, 16, 32, 41, 0, 1], "accuracy": 0.9536705047}
{"config": [6, 64, 128, 41, 0, 1], "accuracy": 0.9538688044}
{"config": [3, 16, 64, 64, 1, 0], "accuracy": 0.9540749453}
{"config": [3, 64, 16, 32, 0, 1], "accuracy": 0.9557001362}
{"config": [3, 64, 64, 32, 1, 1], "accuracy": 0.9548854773000001}
{"config": [3, 16, 128, 41, 0, 1], "accuracy": 0.9563078288}
{"config": [9, 32, 128, 64, 1, 1], "accuracy": 0.9554983286000001}
{"config": [3, 64, 32, 64, 1, 1], "accuracy": 0.9575277537}
{"config": [6, 16, 64, 41, 0, 0], "accuracy": 0.9552938385}
{"config": [3, 16, 16, 64, 1, 1], "accuracy": 0.9544797986}
{"config": [9, 16, 32, 64, 1, 1], "accuracy": 0.9489948826000001}
{"config": [9, 16, 16, 41, 0, 0], "accuracy": 0.9520432504}
{"config": [3, 32, 64, 32, 1, 0], "accuracy": 0.9552932194}
{"config": [3, 32, 32, 41, 1, 0], "accuracy": 0.9550893484}
{"config": [3, 32, 16, 32, 1, 0], "accuracy": 0.9518360778}
{"config": [6, 64, 128, 64, 0, 1], "accuracy": 0.9512294169000001}
{"config": [9, 16, 16, 32, 1, 1], "accuracy": 0.9498068590000001}
