{"config": [6, 64, 128, 32, 0, 0], "accuracy": 0.9298262155}
{"config": [6, 64, 64, 41, 1, 1], "accuracy": 0.9365690525}
{"config": [9, 16, 16, 41, 1, 1], "accuracy": 0.9392735178}
{"config": [3, 64, 128, 41, 0, 1], "accuracy": 0.9302746426}
{"config": [6, 32, 32, 41, 1, 0], "accuracy": 0.9356727038}
{"config": [9, 16, 16, 41, 1, 0], "accuracy": 0.9390445015000001}
{"config": [9, 16, 128, 64, 1, 0], "accuracy": 0.9365738552}
{"config": [6, 64, 16, 64, 1, 1], "accuracy": 0.9383713553}
{"config": [9, 16, 64, 64, 0, 1], "accuracy": 0.9390452598000001}
{"config": [9, 64, 128, 64, 1, 0], "accuracy": 0.9289253169}
{"config": [9, 64, 16, 32, 0, 1], "accuracy": 0.9358969174}
{"config": [6, 16, 128, 32, 0, 1], "accuracy": 0.9320749232000001}
{"config": [3, 16, 16, 64, 1, 1], "accuracy": 0.9343211031}
{"config": [3, 16, 16, 32, 0, 1], "accuracy": 0.9331970021}
{"config": [6, 16, 64, 32, 1, 1], "accuracy": 0.9271250363}
{"config": [3, 32, 128, 64, 0, 0], "accuracy": 0.9361203726}
{"config": [3, 64, 64, 64, 0, 1], "accuracy": 0.9403943327000001}
{"config": [9, 64, 32, 64, 0, 1], "accuracy": 0.9318443902}
{"config": [9, 32, 128, 41, 1, 0], "accuracy": 0.9262269183}
{"config": [3, 64, 32, 32, 1, 0], "accuracy": 0.9302738843}
{"config": [3, 16, 64, 64, 1, 0], "accuracy": 0.9331980132000001}
{"config": [9, 32, 16, 32, 1, 1], "accuracy": 0.9325200642}
{"config": [6, 32, 16, 64, 0, 0], "accuracy": 0.9363476195}
{"config": [9, 16, 32, 32, 0, 0], "accuracy": 0.9311730135}
{"config": [9, 32, 64, 64, 0, 1], "accuracy": 0.9340958785000001}
{"config": [3, 64, 16, 41, 0, 1], "accuracy": 0.9352182101000001}
{"config": [9, 16, 32, 64, 1, 0], "accuracy": 0.9354457097000001}
{"config": [3, 64, 64, 32, 0, 0], "accuracy": 0.9318466652}
{"config": [3, 16, 128, 41, 1, 0], "accuracy": 0.9322935757}
{"config": [3, 32, 128, 32, 0, 1], "accuracy": 0.929150036}
{"config": [9, 64, 64, 64, 1, 0], "accuracy": 0.9289227891}
{"config": [3, 64, 128, 64, 1, 0], "accuracy": 0.9349993049}
{"config": [9, 32, 64, 32, 1, 1], "accuracy": 0.9221774245000001}
{"config": [3, 16, 128, 64, 1, 1], "accuracy": 0.9397196699}
{"config": [9, 16, 16, 64, 0, 1], "accuracy": 0.9559184035}
{"config": [9, 64, 32, 41, 0, 0], "accuracy": 0.9356719455}
{"config": [9, 16, 64, 41, 0, 0], "accuracy": 0.9296002326}
{"config": [9, 32, 128, 64, 1, 1], "accuracy": 0.932075176}
{"config": [9, 64, 64, 32, 0, 1], "accuracy": 0.9284753732000001}
{"config": [3, 16, 32, 41, 0, 1], "accuracy": 0.9320731538}
{"config": [3, 32, 32, 64, 0, 1], "accuracy": 0.9361221420000001}
{"config": [3, 64, 32, 64, 1, 1], "accuracy": 0.9406198102000001}
{"config": [9, 64, 16, 41, 1, 0], "accuracy": 0.9379221698}
{"config": [3, 32, 16, 41, 0, 0], "accuracy": 0.9372467487}
{"config": [9, 64, 128, 41, 1, 0], "accuracy": 0.9289225364}
{"config": [3, 32, 32, 32, 0, 0], "accuracy": 0.9331947271000001}
{"config": [3, 64, 128, 32, 1, 0], "accuracy": 0.9300489124}
{"config": [6, 32, 64, 41, 0, 1], "accuracy": 0.9345473389000001}
{"config": [3, 64, 16, 32, 1, 0], "accuracy": 0.9349985465}
{"config": [9, 32, 32, 64, 1, 1], "accuracy": 0.9406162713}
