{"config": [6, 16, 32, 41, 0, 0], "accuracy": 0.5487377279}
{"config": [9, 32, 64, 32, 1, 1], "accuracy": 0.39915848530000003}
{"config": [6, 64, 64, 64, 0, 1], "accuracy": 0.5143057504}
{"config": [9, 32, 16, 41, 0, 1], "accuracy": 0.5377279102}
{"config": [3, 64, 64, 41, 1, 0], "accuracy": 0.5940626461}
{"config": [3, 64, 64, 41, 0, 0], "accuracy": 0.5658017765000001}
{"config": [3, 64, 32, 32, 1, 0], "accuracy": 0.507713885}
{"config": [3, 32, 32, 64, 1, 0], "accuracy": 0.5268115942}
{"config": [3, 64, 128, 41, 1, 1], "accuracy": 0.5533193081000001}
{"config": [3, 16, 128, 64, 1, 1], "accuracy": 0.5226273960000001}
{"config": [3, 64, 128, 64, 1, 0], "accuracy": 0.5440860215000001}
{"config": [3, 16, 16, 64, 1, 1], "accuracy": 0.5659654044}
{"config": [3, 16, 16, 32, 1, 0], "accuracy": 0.5830995792}
{"config": [9, 16, 128, 32, 1, 0], "accuracy": 0.5681626928}
{"config": [6, 64, 16, 64, 1, 0], "accuracy": 0.5141421225}
{"config": [3, 32, 128, 41, 1, 0], "accuracy": 0.5377279102}
{"config": [9, 16, 16, 41, 1, 0], "accuracy": 0.5182094437}
{"config": [3, 16, 64, 64, 1, 1], "accuracy": 0.5595137915}
{"config": [3, 32, 16, 41, 1, 0], "accuracy": 0.5701028518}
{"config": [9, 64, 64, 32, 1, 1], "accuracy": 0.37795698920000004}
{"config": [3, 64, 16, 41, 1, 1], "accuracy": 0.5681626928}
{"config": [3, 16, 128, 32, 0, 0], "accuracy": 0.6025946704}
{"config": [3, 32, 64, 64, 1, 1], "accuracy": 0.5766012155}
{"config": [3, 16, 128, 41, 1, 0], "accuracy": 0.5398550725}
{"config": [3, 16, 32, 32, 1, 1], "accuracy": 0.570056101}
{"config": [3, 64, 32, 64, 1, 1], "accuracy": 0.524801309}
{"config": [3, 16, 32, 64, 1, 1], "accuracy": 0.5162225339000001}
{"config": [6, 16, 64, 41, 0, 0], "accuracy": 0.5398784479000001}
{"config": [3, 64, 128, 32, 1, 0], "accuracy": 0.5725338943}
{"config": [3, 32, 128, 64, 0, 0], "accuracy": 0.6025712950000001}
{"config": [9, 32, 128, 64, 1, 1], "accuracy": 0.5315801777}
{"config": [3, 32, 16, 64, 1, 1], "accuracy": 0.5354137447}
{"config": [3, 32, 32, 41, 1, 1], "accuracy": 0.5483169705000001}
{"config": [9, 64, 16, 32, 1, 0], "accuracy": 0.5097007948}
{"config": [3, 32, 16, 32, 1, 0], "accuracy": 0.5853669939}
{"config": [9, 64, 128, 32, 1, 0], "accuracy": 0.3107059374}
{"config": [9, 16, 64, 64, 0, 0], "accuracy": 0.5356708742}
{"config": [9, 16, 16, 64, 0, 1], "accuracy": 0.4472650771}
{"config": [3, 32, 128, 32, 0, 1], "accuracy": 0.5657784011}
{"config": [9, 64, 32, 41, 0, 0], "accuracy": 0.4923328658}
{"config": [9, 16, 32, 32, 1, 0], "accuracy": 0.5118045816}
{"config": [3, 16, 16, 41, 0, 1], "accuracy": 0.5443665264}
{"config": [6, 16, 64, 32, 1, 0], "accuracy": 0.5266012155}
{"config": [9, 16, 128, 64, 0, 0], "accuracy": 0.5528985507}
{"config": [3, 32, 64, 32, 1, 0], "accuracy": 0.5465404395}
{"config": [3, 64, 64, 64, 0, 1], "accuracy": 0.5184198223}
{"config": [9, 64, 32, 64, 1, 0], "accuracy": 0.5376577840000001}
{"config": [3, 32, 32, 32, 0, 0], "accuracy": 0.5529219261}
{"config": [3, 64, 64, 32, 1, 1], "accuracy": 0.5571061244000001}
{"config": [9, 64, 16, 41, 1, 0], "accuracy": 0.5182561945}
