{"config": [6, 64, 64, 64, 0, 1], "accuracy": 0.5698461538}
{"config": [6, 32, 16, 64, 1, 0], "accuracy": 0.6723076923}
{"config": [6, 64, 16, 64, 1, 1], "accuracy": 0.5175384615}
{"config": [3, 16, 32, 41, 1, 0], "accuracy": 0.6175384615}
{"config": [6, 16, 64, 41, 0, 0], "accuracy": 0.5393846154}
{"config": [6, 32, 16, 64, 0, 0], "accuracy": 0.5707692308}
{"config": [3, 32, 16, 64, 1, 1], "accuracy": 0.6473846154}
{"config": [6, 32, 32, 64, 1, 0], "accuracy": 0.5541538462}
{"config": [6, 32, 32, 41, 1, 0], "accuracy": 0.5701538462}
{"config": [3, 32, 16, 41, 1, 0], "accuracy": 0.632}
{"config": [9, 16, 16, 41, 1, 0], "accuracy": 0.5953846154}
{"config": [9, 16, 16, 64, 1, 1], "accuracy": 0.5710769231}
{"config": [9, 64, 32, 64, 1, 0], "accuracy": 0.49261538460000004}
{"config": [3, 32, 64, 64, 1, 1], "accuracy": 0.6006153846}
{"config": [3, 64, 128, 64, 1, 0], "accuracy": 0.6169230769}
{"config": [9, 32, 64, 41, 1, 1], "accuracy": 0.4695384615}
{"config": [3, 64, 128, 41, 1, 1], "accuracy": 0.5175384615}
{"config": [3, 32, 128, 64, 0, 0], "accuracy": 0.5867692308}
{"config": [9, 32, 128, 41, 1, 0], "accuracy": 0.4298461538}
{"config": [9, 64, 16, 32, 1, 0], "accuracy": 0.4990769231}
{"config": [3, 64, 64, 41, 1, 0], "accuracy": 0.5775384615}
{"config": [3, 16, 128, 41, 1, 0], "accuracy": 0.5701538462}
{"config": [6, 16, 128, 64, 1, 0], "accuracy": 0.6153846154}
{"config": [6, 16, 64, 32, 1, 0], "accuracy": 0.5535384615}
{"config": [3, 16, 64, 64, 1, 0], "accuracy": 0.6556923077}
{"config": [9, 64, 64, 64, 1, 0], "accuracy": 0.4430769231}
{"config": [3, 64, 64, 64, 0, 1], "accuracy": 0.6089230769}
{"config": [3, 64, 32, 41, 0, 1], "accuracy": 0.5701538462}
{"config": [9, 16, 32, 32, 1, 1], "accuracy": 0.5547692308000001}
{"config": [3, 16, 32, 64, 1, 0], "accuracy": 0.5861538462}
{"config": [9, 32, 16, 32, 1, 1], "accuracy": 0.47630769230000003}
{"config": [9, 16, 64, 64, 0, 1], "accuracy": 0.49230769230000004}
{"config": [9, 64, 64, 32, 0, 1], "accuracy": 0.6412307692}
{"config": [3, 64, 64, 32, 0, 1], "accuracy": 0.5935384615}
{"config": [9, 64, 32, 32, 1, 0], "accuracy": 0.4147692308}
{"config": [3, 64, 16, 41, 1, 1], "accuracy": 0.5775384615}
{"config": [9, 64, 128, 64, 1, 1], "accuracy": 0.6243076923}
{"config": [3, 16, 16, 32, 1, 0], "accuracy": 0.5396923077}
{"config": [9, 16, 128, 32, 1, 1], "accuracy": 0.5846153846000001}
{"config": [9, 64, 128, 32, 0, 0], "accuracy": 0.5704615385}
{"config": [3, 32, 128, 32, 0, 1], "accuracy": 0.6098461538000001}
{"config": [3, 16, 128, 64, 1, 1], "accuracy": 0.6033846154}
{"config": [3, 16, 128, 32, 0, 0], "accuracy": 0.5464615385}
{"config": [3, 32, 64, 32, 1, 0], "accuracy": 0.6338461538}
{"config": [3, 64, 32, 64, 1, 1], "accuracy": 0.5956923077}
{"config": [3, 64, 128, 32, 1, 0], "accuracy": 0.5843076923}
{"config": [9, 32, 128, 64, 1, 1], "accuracy": 0.4698461538}
{"config": [3, 32, 32, 32, 0, 0], "accuracy": 0.6015384615}
{"config": [3, 16, 32, 32, 1, 1], "accuracy": 0.5464615385}
{"config": [3, 64, 16, 32, 1, 1], "accuracy": 0.5563076923}
