{"config": [3, 64, 32, 64, 1, 1], "accuracy": 0.6058149058}
{"config": [3, 32, 16, 41, 1, 0], "accuracy": 0.6093529894}
{"config": [3, 16, 16, 64, 1, 1], "accuracy": 0.6113185913}
{"config": [6, 16, 32, 32, 0, 0], "accuracy": 0.5911711712000001}
{"config": [3, 32, 16, 41, 0, 1], "accuracy": 0.6183947584}
{"config": [3, 64, 128, 64, 0, 1], "accuracy": 0.4554954955}
{"config": [9, 64, 16, 32, 0, 1], "accuracy": 0.6040131040000001}
{"config": [3, 16, 128, 32, 0, 0], "accuracy": 0.46651924650000004}
{"config": [3, 64, 64, 32, 0, 1], "accuracy": 0.5840950041}
{"config": [3, 16, 64, 64, 1, 1], "accuracy": 0.5587551188000001}
{"config": [3, 64, 16, 32, 0, 0], "accuracy": 0.6239639640000001}
{"config": [3, 16, 16, 32, 1, 1], "accuracy": 0.6093529894}
{"config": [3, 64, 16, 64, 0, 1], "accuracy": 0.6093857494}
{"config": [9, 16, 128, 64, 0, 0], "accuracy": 0.5208681409}
{"config": [6, 64, 64, 64, 0, 0], "accuracy": 0.5641932842}
{"config": [9, 64, 128, 32, 0, 0], "accuracy": 0.5028173628}
{"config": [9, 32, 32, 64, 0, 1], "accuracy": 0.5533660934}
{"config": [3, 64, 32, 41, 0, 1], "accuracy": 0.5840950041}
{"config": [6, 16, 64, 32, 1, 1], "accuracy": 0.4953480753}
{"config": [9, 16, 16, 41, 0, 0], "accuracy": 0.6093529894}
{"config": [9, 32, 16, 32, 0, 1], "accuracy": 0.5985585586000001}
{"config": [3, 16, 32, 64, 0, 0], "accuracy": 0.5895004095}
{"config": [3, 32, 128, 64, 0, 0], "accuracy": 0.49380835380000004}
{"config": [3, 64, 16, 41, 1, 1], "accuracy": 0.632972973}
{"config": [3, 32, 64, 64, 1, 1], "accuracy": 0.5403439803}
{"config": [9, 32, 128, 41, 1, 0], "accuracy": 0.4016380016}
{"config": [3, 32, 16, 64, 1, 1], "accuracy": 0.6075511876}
{"config": [3, 64, 128, 32, 1, 0], "accuracy": 0.4395413595}
{"config": [9, 64, 64, 41, 0, 1], "accuracy": 0.50997543}
{"config": [3, 32, 32, 32, 0, 0], "accuracy": 0.5784275184000001}
{"config": [9, 16, 16, 64, 0, 1], "accuracy": 0.6004586405}
{"config": [3, 16, 32, 41, 0, 1], "accuracy": 0.5913677314}
{"config": [9, 64, 32, 64, 0, 1], "accuracy": 0.5947420147}
{"config": [3, 32, 64, 32, 1, 0], "accuracy": 0.5930876331}
{"config": [3, 16, 128, 64, 1, 1], "accuracy": 0.46098280100000005}
{"config": [9, 16, 64, 64, 0, 0], "accuracy": 0.5661588862}
{"config": [9, 32, 64, 32, 1, 1], "accuracy": 0.5186732187}
{"config": [3, 64, 32, 32, 1, 1], "accuracy": 0.5821949222}
{"config": [9, 64, 128, 64, 1, 0], "accuracy": 0.565978706}
{"config": [9, 64, 16, 41, 1, 0], "accuracy": 0.5895986896000001}
{"config": [9, 16, 32, 64, 1, 1], "accuracy": 0.5514987715}
{"config": [6, 32, 64, 41, 0, 1], "accuracy": 0.5587059787}
{"config": [9, 16, 16, 32, 1, 1], "accuracy": 0.5860442260000001}
{"config": [9, 32, 128, 64, 1, 1], "accuracy": 0.5062899263}
{"config": [9, 64, 128, 41, 1, 0], "accuracy": 0.4807698608}
{"config": [3, 64, 64, 41, 1, 0], "accuracy": 0.558968059}
{"config": [3, 32, 16, 32, 1, 0], "accuracy": 0.6022276822}
{"config": [9, 16, 128, 32, 1, 0], "accuracy": 0.4553808354}
{"config": [3, 16, 16, 41, 0, 1], "accuracy": 0.5930221130000001}
{"config": [9, 32, 32, 41, 0, 0], "accuracy": 0.5442424242}
