{"config": [6, 64, 64, 64, 0, 1], "accuracy": 0.8400924628}
{"config": [9, 32, 16, 41, 0, 1], "accuracy": 0.8464954760000001}
{"config": [9, 16, 64, 41, 0, 0], "accuracy": 0.8292071988}
{"config": [9, 32, 128, 32, 0, 1], "accuracy": 0.8476480750000001}
{"config": [3, 64, 64, 41, 0, 0], "accuracy": 0.8457464282}
{"config": [9, 32, 128, 32, 0, 0], "accuracy": 0.8250435411}
{"config": [3, 64, 128, 64, 0, 1], "accuracy": 0.8502555825}
{"config": [3, 16, 16, 64, 1, 1], "accuracy": 0.8506421421}
{"config": [3, 64, 64, 32, 1, 1], "accuracy": 0.8562791159}
{"config": [3, 16, 128, 41, 0, 1], "accuracy": 0.8465075117}
{"config": [3, 16, 16, 32, 0, 1], "accuracy": 0.8472572675000001}
{"config": [3, 64, 128, 41, 0, 1], "accuracy": 0.8461089164000001}
{"config": [3, 64, 16, 32, 0, 1], "accuracy": 0.8555428118}
{"config": [6, 16, 128, 64, 0, 1], "accuracy": 0.8498888464000001}
{"config": [3, 32, 64, 64, 1, 1], "accuracy": 0.8434822933}
{"config": [3, 64, 16, 64, 0, 1], "accuracy": 0.853276553}
{"config": [3, 32, 32, 64, 0, 1], "accuracy": 0.8385964912}
{"config": [9, 64, 128, 64, 1, 1], "accuracy": 0.8164089603}
{"config": [6, 32, 64, 32, 0, 1], "accuracy": 0.8329566855}
{"config": [9, 16, 64, 64, 0, 1], "accuracy": 0.8359712841}
{"config": [9, 64, 32, 32, 0, 1], "accuracy": 0.845757756}
{"config": [6, 32, 128, 64, 1, 1], "accuracy": 0.8239213854}
{"config": [9, 16, 128, 32, 1, 1], "accuracy": 0.8303229826}
{"config": [3, 16, 32, 41, 0, 1], "accuracy": 0.8570430313}
{"config": [3, 64, 32, 41, 0, 1], "accuracy": 0.8442405449}
{"config": [9, 64, 16, 41, 1, 1], "accuracy": 0.8401044985}
{"config": [9, 16, 32, 32, 1, 1], "accuracy": 0.8216671623}
{"config": [9, 64, 64, 32, 0, 1], "accuracy": 0.8352123246000001}
{"config": [3, 16, 64, 64, 1, 1], "accuracy": 0.8416089659}
{"config": [9, 16, 16, 64, 0, 1], "accuracy": 0.8415948062}
{"config": [3, 32, 128, 32, 0, 1], "accuracy": 0.844236297}
{"config": [3, 32, 16, 64, 1, 1], "accuracy": 0.8555279442}
{"config": [3, 32, 32, 32, 0, 0], "accuracy": 0.8389674752}
{"config": [9, 64, 32, 64, 0, 1], "accuracy": 0.8306975065000001}
{"config": [9, 64, 128, 32, 0, 0], "accuracy": 0.8291951630000001}
{"config": [9, 16, 16, 41, 1, 0], "accuracy": 0.8427360775}
{"config": [9, 16, 32, 64, 1, 1], "accuracy": 0.8337014854}
{"config": [3, 16, 128, 64, 1, 1], "accuracy": 0.8453627005000001}
{"config": [3, 64, 32, 64, 1, 1], "accuracy": 0.8525289212}
{"config": [3, 32, 32, 41, 1, 1], "accuracy": 0.8419884457}
{"config": [6, 16, 64, 32, 1, 1], "accuracy": 0.845755632}
{"config": [3, 32, 16, 32, 1, 0], "accuracy": 0.8408507144}
{"config": [3, 64, 128, 32, 1, 0], "accuracy": 0.8446249805}
{"config": [3, 64, 32, 32, 1, 0], "accuracy": 0.8566642595}
{"config": [3, 32, 16, 41, 0, 0], "accuracy": 0.8393568667}
{"config": [9, 64, 16, 32, 1, 0], "accuracy": 0.8340753012000001}
{"config": [3, 16, 16, 41, 1, 1], "accuracy": 0.8483928748}
{"config": [9, 32, 128, 41, 1, 0], "accuracy": 0.7754180649}
{"config": [3, 16, 32, 64, 0, 0], "accuracy": 0.8510216219000001}
{"config": [3, 64, 64, 64, 0, 1], "accuracy": 0.8483695113}
