{"config": [9, 32, 16, 41, 0, 1], "accuracy": 0.9694758106}
{"config": [3, 16, 32, 64, 0, 0], "accuracy": 0.9735522635}
{"config": [9, 64, 64, 32, 1, 0], "accuracy": 0.9765824096000001}
{"config": [3, 32, 16, 64, 1, 0], "accuracy": 0.9705013985000001}
{"config": [6, 64, 32, 32, 0, 0], "accuracy": 0.9664249456}
{"config": [9, 64, 64, 32, 1, 1], "accuracy": 0.9704806796000001}
{"config": [9, 16, 128, 32, 1, 0], "accuracy": 0.983720087}
{"config": [9, 64, 128, 64, 1, 0], "accuracy": 0.9725266756000001}
{"config": [3, 64, 128, 32, 1, 0], "accuracy": 0.9725422149}
{"config": [3, 16, 16, 32, 1, 0], "accuracy": 0.9725318554000001}
{"config": [9, 16, 128, 64, 1, 0], "accuracy": 0.9715114472}
{"config": [3, 32, 64, 32, 1, 0], "accuracy": 0.9776338962000001}
{"config": [9, 64, 32, 64, 1, 0], "accuracy": 0.9796488138}
{"config": [3, 64, 64, 64, 0, 1], "accuracy": 0.9654148969}
{"config": [3, 16, 128, 32, 0, 0], "accuracy": 0.9725266756000001}
{"config": [9, 64, 128, 32, 0, 0], "accuracy": 0.9776183570000001}
{"config": [9, 16, 64, 64, 0, 0], "accuracy": 0.9796695328}
{"config": [9, 16, 64, 32, 1, 1], "accuracy": 0.9644203874}
{"config": [9, 32, 128, 41, 1, 0], "accuracy": 0.9735470838}
{"config": [9, 16, 16, 64, 1, 1], "accuracy": 0.9694913498000001}
{"config": [9, 64, 16, 32, 1, 0], "accuracy": 0.9796539936}
{"config": [3, 64, 16, 64, 0, 1], "accuracy": 0.9755827204}
{"config": [3, 64, 16, 41, 1, 0], "accuracy": 0.9664353051000001}
{"config": [9, 32, 32, 32, 1, 0], "accuracy": 0.9715321662}
{"config": [3, 16, 64, 64, 1, 0], "accuracy": 0.9714803688}
{"config": [9, 32, 64, 64, 0, 1], "accuracy": 0.9796591733000001}
{"config": [3, 32, 128, 64, 0, 0], "accuracy": 0.9735833420000001}
{"config": [9, 32, 128, 32, 0, 0], "accuracy": 0.9674246348000001}
{"config": [9, 32, 64, 41, 1, 0], "accuracy": 0.976613488}
{"config": [9, 32, 32, 64, 1, 0], "accuracy": 0.9715321662}
{"config": [3, 16, 32, 41, 1, 0], "accuracy": 0.9796488138}
{"config": [9, 64, 64, 64, 1, 0], "accuracy": 0.9786284057}
{"config": [9, 16, 32, 32, 0, 0], "accuracy": 0.9755723609}
{"config": [3, 64, 128, 41, 0, 1], "accuracy": 0.9705065783000001}
{"config": [9, 32, 128, 64, 1, 1], "accuracy": 0.9806536828}
{"config": [3, 64, 64, 41, 0, 0], "accuracy": 0.9695017093}
{"config": [9, 16, 16, 41, 1, 0], "accuracy": 0.9745415933}
{"config": [9, 64, 16, 41, 1, 0], "accuracy": 0.9735626230000001}
{"config": [3, 16, 128, 64, 1, 1], "accuracy": 0.9755827204}
{"config": [3, 64, 128, 64, 0, 1], "accuracy": 0.9786284057}
{"config": [6, 16, 64, 41, 0, 0], "accuracy": 0.9735729825}
{"config": [3, 16, 128, 41, 0, 1], "accuracy": 0.9715166270000001}
{"config": [3, 32, 16, 32, 1, 0], "accuracy": 0.9704910391}
{"config": [6, 64, 16, 64, 1, 0], "accuracy": 0.9745571325000001}
{"config": [3, 16, 16, 41, 0, 1], "accuracy": 0.9643944888}
{"config": [9, 16, 32, 64, 1, 1], "accuracy": 0.9796643531}
{"config": [3, 64, 32, 64, 1, 1], "accuracy": 0.9725473946000001}
{"config": [3, 64, 64, 32, 0, 0], "accuracy": 0.9633585414}
{"config": [9, 16, 16, 32, 1, 1], "accuracy": 0.9684657619}
{"config": [3, 32, 32, 41, 1, 0], "accuracy": 0.9715166270000001}
