{"config": [6, 64, 128, 32, 0, 0], "accuracy": 0.9698752228}
{"config": [6, 64, 64, 41, 1, 1], "accuracy": 0.9878787879}
{"config": [9, 16, 16, 41, 1, 1], "accuracy": 0.9818181818}
{"config": [3, 64, 128, 41, 0, 1], "accuracy": 0.9518716578}
{"config": [6, 32, 32, 41, 1, 0], "accuracy": 0.9818181818}
{"config": [6, 64, 64, 41, 1, 0], "accuracy": 0.9759358289000001}
{"config": [9, 16, 128, 32, 1, 1], "accuracy": 0.9818181818}
{"config": [3, 64, 16, 32, 0, 1], "accuracy": 0.9818181818}
{"config": [6, 16, 64, 32, 1, 1], "accuracy": 0.976114082}
{"config": [6, 64, 16, 64, 1, 1], "accuracy": 0.9638146168}
{"config": [9, 64, 32, 32, 0, 1], "accuracy": 0.9639928699}
{"config": [3, 16, 16, 64, 1, 1], "accuracy": 0.9878787879}
{"config": [3, 16, 16, 32, 0, 1], "accuracy": 1.0}
{"config": [3, 32, 128, 32, 0, 1], "accuracy": 0.976114082}
{"config": [9, 32, 64, 64, 0, 1], "accuracy": 0.9638146168}
{"config": [6, 16, 128, 64, 1, 1], "accuracy": 0.9575757576}
{"config": [3, 16, 64, 64, 1, 1], "accuracy": 0.9818181818}
{"config": [3, 64, 64, 64, 0, 1], "accuracy": 0.9818181818}
{"config": [3, 64, 64, 32, 0, 1], "accuracy": 0.9518716578}
{"config": [9, 64, 128, 64, 1, 1], "accuracy": 0.9638146168}
{"config": [3, 32, 16, 41, 1, 1], "accuracy": 0.9641711230000001}
{"config": [3, 16, 32, 41, 0, 1], "accuracy": 0.988057041}
{"config": [9, 32, 128, 41, 1, 0], "accuracy": 0.9818181818}
{"config": [9, 16, 32, 64, 1, 1], "accuracy": 0.9698752228}
{"config": [3, 64, 32, 64, 1, 1], "accuracy": 0.9818181818}
{"config": [9, 16, 32, 32, 1, 1], "accuracy": 0.9515151515}
{"config": [6, 32, 64, 41, 0, 1], "accuracy": 0.9638146168}
{"config": [3, 32, 32, 64, 0, 1], "accuracy": 0.988057041}
{"config": [3, 64, 32, 41, 0, 1], "accuracy": 0.9759358289000001}
{"config": [3, 16, 128, 41, 1, 0], "accuracy": 0.9700534759}
{"config": [9, 64, 16, 41, 1, 1], "accuracy": 0.9696969697000001}
{"config": [9, 32, 128, 64, 1, 1], "accuracy": 0.9636363636}
{"config": [9, 64, 64, 64, 1, 0], "accuracy": 0.9757575758}
{"config": [9, 64, 128, 41, 1, 1], "accuracy": 0.9759358289000001}
{"config": [9, 16, 64, 41, 0, 1], "accuracy": 0.976114082}
{"config": [9, 64, 32, 64, 0, 1], "accuracy": 0.976114082}
{"config": [6, 32, 16, 64, 0, 0], "accuracy": 0.9698752228}
{"config": [9, 32, 16, 32, 0, 1], "accuracy": 0.976114082}
{"config": [3, 16, 32, 64, 0, 0], "accuracy": 0.9878787879}
{"config": [3, 32, 128, 64, 0, 0], "accuracy": 0.9878787879}
{"config": [9, 64, 64, 32, 0, 1], "accuracy": 0.9818181818}
{"config": [9, 16, 16, 64, 0, 1], "accuracy": 0.9939393939000001}
{"config": [3, 32, 32, 32, 0, 0], "accuracy": 0.9757575758}
{"config": [3, 64, 128, 64, 1, 0], "accuracy": 0.9818181818}
{"config": [3, 32, 64, 64, 1, 1], "accuracy": 0.9878787879}
{"config": [9, 32, 64, 32, 1, 1], "accuracy": 0.9759358289000001}
{"config": [9, 32, 128, 32, 0, 0], "accuracy": 1.0}
{"config": [3, 16, 128, 32, 0, 0], "accuracy": 0.9581105169}
{"config": [9, 32, 32, 64, 1, 0], "accuracy": 0.9757575758}
{"config": [3, 16, 16, 41, 0, 1], "accuracy": 0.988057041}
