{"config": [6, 64, 128, 32, 0, 0], "accuracy": 0.7887390263}
{"config": [6, 64, 64, 41, 1, 1], "accuracy": 0.7715507781000001}
{"config": [9, 16, 16, 41, 1, 1], "accuracy": 0.7831659018}
{"config": [3, 64, 128, 41, 0, 1], "accuracy": 0.7791423085}
{"config": [6, 32, 32, 41, 1, 0], "accuracy": 0.7816019054000001}
{"config": [6, 64, 128, 32, 1, 0], "accuracy": 0.7822785315}
{"config": [6, 16, 128, 32, 0, 1], "accuracy": 0.7974543595}
{"config": [3, 64, 16, 32, 0, 1], "accuracy": 0.7900885375000001}
{"config": [9, 16, 128, 64, 0, 0], "accuracy": 0.7646161712}
{"config": [9, 64, 32, 64, 1, 0], "accuracy": 0.7766904429}
{"config": [3, 16, 16, 64, 1, 1], "accuracy": 0.8003591381}
{"config": [3, 16, 32, 32, 0, 0], "accuracy": 0.797007931}
{"config": [9, 16, 64, 64, 0, 1], "accuracy": 0.7726608639}
{"config": [3, 64, 16, 64, 0, 1], "accuracy": 0.7827149840000001}
{"config": [9, 64, 128, 64, 1, 0], "accuracy": 0.7735639465}
{"config": [3, 64, 64, 64, 0, 1], "accuracy": 0.7994682761}
{"config": [9, 32, 128, 32, 0, 0], "accuracy": 0.7784661812}
{"config": [3, 32, 16, 32, 1, 0], "accuracy": 0.8041550279}
{"config": [6, 16, 64, 32, 1, 0], "accuracy": 0.7798084597}
{"config": [6, 32, 16, 64, 0, 0], "accuracy": 0.7905352155}
{"config": [3, 32, 128, 64, 0, 0], "accuracy": 0.7967807263000001}
{"config": [3, 32, 64, 64, 1, 1], "accuracy": 0.7923201816000001}
{"config": [3, 16, 128, 41, 0, 0], "accuracy": 0.7880738727000001}
{"config": [3, 64, 32, 32, 0, 0], "accuracy": 0.7851713388}
{"config": [9, 32, 16, 32, 0, 1], "accuracy": 0.7802513966}
{"config": [3, 16, 32, 64, 0, 0], "accuracy": 0.8010277833}
{"config": [3, 16, 16, 41, 0, 1], "accuracy": 0.8072830208}
{"config": [3, 32, 64, 32, 1, 0], "accuracy": 0.7880831006}
{"config": [3, 64, 128, 64, 0, 0], "accuracy": 0.7945570630000001}
{"config": [3, 32, 32, 64, 0, 1], "accuracy": 0.794555816}
{"config": [3, 32, 128, 32, 0, 1], "accuracy": 0.7936547287}
{"config": [3, 16, 64, 64, 1, 0], "accuracy": 0.7842812251}
{"config": [3, 16, 16, 32, 1, 0], "accuracy": 0.7934260275}
{"config": [3, 64, 64, 32, 0, 0], "accuracy": 0.7766794693}
{"config": [9, 64, 16, 41, 1, 0], "accuracy": 0.7757935954}
{"config": [9, 64, 64, 64, 1, 0], "accuracy": 0.7594972067}
{"config": [3, 16, 128, 64, 1, 1], "accuracy": 0.7885195531}
{"config": [3, 64, 32, 41, 0, 1], "accuracy": 0.7950014964000001}
{"config": [9, 16, 16, 64, 0, 1], "accuracy": 0.7845024441}
{"config": [6, 16, 64, 41, 0, 0], "accuracy": 0.7793592877000001}
{"config": [3, 64, 32, 64, 1, 1], "accuracy": 0.7802538907000001}
{"config": [3, 32, 16, 41, 1, 1], "accuracy": 0.7947752893000001}
{"config": [9, 32, 64, 32, 1, 1], "accuracy": 0.7655180068}
{"config": [3, 16, 128, 32, 0, 0], "accuracy": 0.7941091381000001}
{"config": [3, 32, 32, 32, 0, 0], "accuracy": 0.7885235435}
{"config": [3, 16, 32, 41, 0, 1], "accuracy": 0.7871750299}
{"config": [9, 32, 128, 64, 1, 1], "accuracy": 0.7737901536}
{"config": [3, 64, 16, 41, 1, 0], "accuracy": 0.7932140363}
{"config": [9, 32, 32, 64, 1, 0], "accuracy": 0.7717719972}
{"config": [9, 64, 64, 32, 0, 1], "accuracy": 0.7570313747}
