{"config": [6, 32, 16, 64, 1, 0], "accuracy": 0.8416729848000001}
{"config": [6, 64, 32, 32, 0, 0], "accuracy": 0.8425678372000001}
{"config": [9, 64, 32, 32, 1, 0], "accuracy": 0.8276057462}
{"config": [9, 32, 32, 32, 1, 1], "accuracy": 0.8398872706}
{"config": [3, 16, 32, 32, 1, 1], "accuracy": 0.8499311652}
{"config": [3, 32, 128, 64, 0, 0], "accuracy": 0.8479187450000001}
{"config": [3, 64, 64, 64, 0, 1], "accuracy": 0.8468019254}
{"config": [3, 64, 128, 32, 1, 0], "accuracy": 0.8490368117}
{"config": [3, 16, 128, 32, 0, 0], "accuracy": 0.8546263966000001}
{"config": [3, 16, 64, 64, 1, 0], "accuracy": 0.8517226157000001}
{"config": [3, 32, 64, 32, 1, 0], "accuracy": 0.8517211193}
{"config": [3, 64, 16, 64, 0, 1], "accuracy": 0.8490385575}
{"config": [9, 16, 64, 41, 0, 0], "accuracy": 0.828502095}
{"config": [3, 64, 128, 64, 0, 1], "accuracy": 0.8405531724}
{"config": [3, 32, 16, 32, 1, 0], "accuracy": 0.8553000299}
{"config": [9, 32, 128, 32, 0, 1], "accuracy": 0.8450177075}
{"config": [6, 16, 128, 64, 1, 1], "accuracy": 0.8380985634}
{"config": [3, 64, 16, 32, 1, 1], "accuracy": 0.8526134777000001}
{"config": [3, 64, 64, 32, 0, 1], "accuracy": 0.8499279230000001}
{"config": [3, 32, 32, 41, 1, 1], "accuracy": 0.8515008978}
{"config": [3, 16, 16, 64, 1, 1], "accuracy": 0.8461390164}
{"config": [9, 32, 64, 64, 0, 1], "accuracy": 0.8300543695}
{"config": [3, 32, 128, 32, 0, 1], "accuracy": 0.8463604848}
{"config": [3, 16, 32, 64, 0, 0], "accuracy": 0.85104998}
{"config": [9, 16, 16, 41, 0, 0], "accuracy": 0.8374296688}
{"config": [3, 64, 32, 64, 1, 1], "accuracy": 0.8476980247}
{"config": [9, 64, 128, 64, 1, 0], "accuracy": 0.8374339086}
{"config": [9, 16, 128, 41, 1, 0], "accuracy": 0.8340832003}
{"config": [9, 64, 128, 32, 0, 0], "accuracy": 0.8405446927}
{"config": [3, 64, 16, 41, 1, 0], "accuracy": 0.8389879290000001}
{"config": [3, 32, 32, 64, 0, 1], "accuracy": 0.8490400539}
{"config": [9, 64, 32, 64, 0, 1], "accuracy": 0.8347456105000001}
{"config": [9, 16, 32, 64, 1, 1], "accuracy": 0.8354132582}
{"config": [9, 16, 128, 64, 0, 0], "accuracy": 0.8369780028}
{"config": [3, 16, 16, 32, 0, 1], "accuracy": 0.8530611532}
{"config": [9, 32, 128, 64, 1, 1], "accuracy": 0.8380925778}
{"config": [3, 64, 128, 41, 0, 1], "accuracy": 0.8501551277}
{"config": [3, 32, 16, 41, 0, 1], "accuracy": 0.8550720770000001}
{"config": [9, 64, 64, 41, 1, 0], "accuracy": 0.8360873903}
{"config": [6, 16, 64, 32, 1, 1], "accuracy": 0.8423366421}
{"config": [9, 64, 16, 32, 0, 1], "accuracy": 0.845244164}
{"config": [3, 64, 64, 41, 0, 1], "accuracy": 0.8313968974}
{"config": [3, 32, 32, 32, 0, 0], "accuracy": 0.8409911213}
{"config": [9, 32, 64, 32, 1, 1], "accuracy": 0.8300546189}
{"config": [9, 64, 64, 64, 1, 0], "accuracy": 0.8211292897}
{"config": [3, 32, 64, 64, 1, 1], "accuracy": 0.8430077813}
{"config": [9, 32, 16, 32, 0, 1], "accuracy": 0.8387709497}
{"config": [3, 32, 128, 41, 1, 0], "accuracy": 0.8517196229}
{"config": [3, 16, 32, 41, 1, 0], "accuracy": 0.846143755}
{"config": [3, 16, 128, 41, 0, 1], "accuracy": 0.8474778033}
