{"config": [6, 64, 16, 41, 1, 1], "accuracy": 0.8743083004000001}
{"config": [9, 16, 16, 64, 0, 1], "accuracy": 0.8458498024000001}
{"config": [3, 64, 32, 64, 1, 1], "accuracy": 0.7833992095000001}
{"config": [6, 32, 16, 32, 0, 1], "accuracy": 0.8837944664}
{"config": [3, 16, 16, 32, 1, 1], "accuracy": 0.6853754941}
{"config": [6, 32, 16, 32, 0, 0], "accuracy": 0.5849802372}
{"config": [3, 64, 16, 41, 1, 1], "accuracy": 0.8019762846}
{"config": [9, 32, 16, 32, 1, 1], "accuracy": 0.7830039526}
{"config": [6, 16, 16, 64, 1, 0], "accuracy": 0.8739130435}
{"config": [9, 64, 32, 64, 0, 1], "accuracy": 0.8213438735}
{"config": [6, 32, 16, 41, 1, 1], "accuracy": 0.8106719368}
{"config": [6, 16, 16, 41, 1, 1], "accuracy": 0.7664031621}
{"config": [6, 64, 16, 32, 1, 0], "accuracy": 0.8830039526000001}
{"config": [6, 64, 32, 41, 0, 1], "accuracy": 0.6664031621000001}
{"config": [9, 64, 32, 32, 1, 0], "accuracy": 0.7932806324}
{"config": [3, 64, 32, 32, 0, 1], "accuracy": 0.5960474308}
{"config": [6, 32, 16, 64, 1, 0], "accuracy": 0.7750988142}
{"config": [6, 64, 16, 64, 1, 1], "accuracy": 0.8735177866}
{"config": [6, 32, 32, 41, 1, 1], "accuracy": 0.8106719368}
{"config": [6, 32, 32, 32, 0, 1], "accuracy": 0.7739130435}
{"config": [6, 16, 32, 41, 0, 1], "accuracy": 0.7561264822}
{"config": [6, 16, 32, 64, 0, 1], "accuracy": 0.7754940711}
{"config": [6, 32, 32, 64, 1, 0], "accuracy": 0.7470355731}
{"config": [3, 16, 32, 32, 1, 1], "accuracy": 0.5588932806}
{"config": [9, 64, 16, 32, 0, 1], "accuracy": 0.7656126482000001}
{"config": [6, 32, 64, 41, 0, 1], "accuracy": 0.6833992095}
{"config": [6, 16, 64, 41, 0, 0], "accuracy": 0.6841897233}
{"config": [9, 32, 64, 32, 1, 0], "accuracy": 0.7391304348000001}
{"config": [9, 16, 64, 32, 1, 1], "accuracy": 0.6920948617}
{"config": [9, 32, 64, 64, 0, 1], "accuracy": 0.7209486166}
{"config": [9, 16, 64, 64, 0, 1], "accuracy": 0.7837944664000001}
{"config": [3, 16, 64, 64, 1, 0], "accuracy": 0.4517786561}
{"config": [9, 64, 64, 41, 1, 0], "accuracy": 0.7110671937}
{"config": [9, 64, 64, 64, 1, 0], "accuracy": 0.5778656126}
{"config": [3, 64, 64, 32, 0, 1], "accuracy": 0.5782608696}
{"config": [3, 32, 64, 32, 1, 0], "accuracy": 0.5584980237}
{"config": [9, 32, 128, 41, 1, 0], "accuracy": 0.6019762846}
{"config": [9, 16, 128, 41, 1, 0], "accuracy": 0.7328063241}
{"config": [3, 16, 128, 32, 0, 0], "accuracy": 0.5513833992}
{"config": [9, 16, 128, 64, 1, 0], "accuracy": 0.7367588933}
{"config": [9, 32, 128, 64, 1, 1], "accuracy": 0.6830039526}
{"config": [3, 16, 128, 64, 1, 1], "accuracy": 0.7000000000000001}
{"config": [9, 64, 128, 64, 1, 1], "accuracy": 0.5498023715}
{"config": [9, 64, 128, 41, 1, 1], "accuracy": 0.6940711462}
{"config": [3, 64, 128, 32, 1, 0], "accuracy": 0.6015810277}
{"config": [3, 16, 16, 64, 1, 1], "accuracy": 0.74743083}
{"config": [3, 32, 128, 32, 0, 1], "accuracy": 0.4845849802}
{"config": [3, 64, 16, 32, 1, 1], "accuracy": 0.7557312253}
{"config": [3, 64, 16, 64, 0, 1], "accuracy": 0.7383399209}
{"config": [3, 16, 128, 41, 0, 1], "accuracy": 0.8296442688000001}
