{"config": [3, 16, 32, 32, 1, 1], "accuracy": 0.7520361991000001}
{"config": [6, 16, 32, 41, 1, 1], "accuracy": 0.7984917044000001}
{"config": [6, 16, 32, 64, 1, 0], "accuracy": 0.6897435897}
{"config": [6, 64, 64, 32, 0, 0], "accuracy": 0.7214177979}
{"config": [9, 16, 64, 64, 0, 0], "accuracy": 0.7515837104}
{"config": [6, 16, 32, 41, 0, 1], "accuracy": 0.6941930618000001}
{"config": [3, 32, 32, 41, 1, 0], "accuracy": 0.7945701357}
{"config": [9, 32, 64, 41, 1, 0], "accuracy": 0.6196832579}
{"config": [3, 32, 64, 64, 1, 1], "accuracy": 0.7367269985}
{"config": [9, 32, 32, 64, 1, 1], "accuracy": 0.5891402715}
{"config": [3, 16, 16, 41, 1, 1], "accuracy": 0.7248114630000001}
{"config": [3, 64, 32, 32, 1, 0], "accuracy": 0.7634992459000001}
{"config": [9, 64, 64, 64, 1, 0], "accuracy": 0.6364253394}
{"config": [9, 32, 16, 32, 1, 1], "accuracy": 0.6780542986}
{"config": [3, 64, 128, 64, 1, 0], "accuracy": 0.7407239819}
{"config": [6, 32, 128, 64, 1, 1], "accuracy": 0.7479638009}
{"config": [3, 64, 128, 32, 1, 0], "accuracy": 0.7674962293}
{"config": [3, 16, 128, 64, 1, 1], "accuracy": 0.7518099548}
{"config": [9, 64, 128, 41, 1, 1], "accuracy": 0.6748114630000001}
{"config": [3, 16, 64, 64, 1, 0], "accuracy": 0.7209653092}
{"config": [9, 16, 128, 64, 1, 0], "accuracy": 0.7134238311000001}
{"config": [3, 64, 64, 41, 1, 1], "accuracy": 0.7288838612}
{"config": [9, 16, 128, 32, 1, 1], "accuracy": 0.7598793363}
{"config": [3, 32, 128, 41, 1, 0], "accuracy": 0.7709653092000001}
{"config": [9, 32, 32, 32, 1, 0], "accuracy": 0.5866515837}
{"config": [3, 64, 16, 32, 1, 1], "accuracy": 0.7248868778}
{"config": [6, 64, 16, 64, 1, 0], "accuracy": 0.6784313725000001}
{"config": [3, 16, 128, 41, 1, 0], "accuracy": 0.6978883861}
{"config": [3, 32, 128, 32, 0, 1], "accuracy": 0.7130467572}
{"config": [3, 32, 16, 41, 1, 0], "accuracy": 0.6941176471}
{"config": [3, 64, 32, 64, 1, 1], "accuracy": 0.7438159879}
{"config": [9, 64, 16, 41, 1, 1], "accuracy": 0.542760181}
{"config": [6, 16, 64, 32, 1, 1], "accuracy": 0.7947963801}
{"config": [3, 64, 64, 32, 1, 1], "accuracy": 0.7328054299}
{"config": [9, 16, 64, 41, 0, 1], "accuracy": 0.7407239819}
{"config": [3, 16, 32, 41, 1, 0], "accuracy": 0.7750377074}
{"config": [9, 16, 16, 32, 1, 1], "accuracy": 0.7519607843}
{"config": [9, 16, 16, 64, 1, 1], "accuracy": 0.6431372549000001}
{"config": [9, 32, 128, 41, 1, 0], "accuracy": 0.7016591252000001}
{"config": [3, 64, 128, 41, 1, 1], "accuracy": 0.7011312217}
{"config": [9, 16, 64, 32, 1, 1], "accuracy": 0.7561085973}
{"config": [3, 64, 32, 41, 0, 1], "accuracy": 0.7442684766000001}
{"config": [3, 32, 128, 64, 0, 0], "accuracy": 0.7401960784}
{"config": [9, 64, 128, 64, 1, 0], "accuracy": 0.6360482655}
{"config": [9, 64, 64, 32, 1, 1], "accuracy": 0.6164404223000001}
{"config": [3, 64, 64, 64, 0, 1], "accuracy": 0.7052036199}
{"config": [3, 32, 64, 32, 1, 0], "accuracy": 0.7558823529}
{"config": [9, 16, 16, 41, 1, 0], "accuracy": 0.6544494721}
{"config": [3, 32, 16, 64, 1, 1], "accuracy": 0.7170437406}
{"config": [3, 16, 16, 32, 1, 1], "accuracy": 0.6704374057}
