{"config": [9, 64, 64, 32, 0, 1], "accuracy": 0.6551282051}
{"config": [6, 16, 16, 32, 1, 0], "accuracy": 0.7591251885}
{"config": [6, 32, 16, 32, 1, 0], "accuracy": 0.740346908}
{"config": [6, 64, 128, 32, 1, 0], "accuracy": 0.7368778281}
{"config": [6, 16, 16, 64, 0, 1], "accuracy": 0.7280542986}
{"config": [6, 16, 16, 32, 1, 1], "accuracy": 0.7406485671}
{"config": [3, 16, 128, 64, 0, 0], "accuracy": 0.7950226244}
{"config": [3, 16, 128, 32, 0, 0], "accuracy": 0.8024132730000001}
{"config": [9, 16, 128, 32, 1, 0], "accuracy": 0.7130467572}
{"config": [3, 16, 64, 64, 1, 0], "accuracy": 0.7441930618}
{"config": [3, 64, 128, 64, 0, 0], "accuracy": 0.7174208145000001}
{"config": [3, 64, 16, 32, 0, 0], "accuracy": 0.7516591252}
{"config": [3, 16, 32, 32, 0, 0], "accuracy": 0.7906485671}
{"config": [3, 64, 16, 64, 0, 1], "accuracy": 0.7166666667}
{"config": [3, 32, 128, 41, 1, 0], "accuracy": 0.7787330317000001}
{"config": [3, 16, 16, 32, 1, 0], "accuracy": 0.7825791855}
{"config": [6, 16, 64, 32, 1, 0], "accuracy": 0.7322021116}
{"config": [3, 16, 128, 41, 1, 0], "accuracy": 0.7948717949}
{"config": [3, 64, 32, 32, 1, 0], "accuracy": 0.6788838612}
{"config": [3, 64, 64, 64, 0, 1], "accuracy": 0.7012066365}
{"config": [3, 32, 16, 41, 0, 0], "accuracy": 0.7331825038}
{"config": [3, 16, 32, 64, 1, 0], "accuracy": 0.7711915535}
{"config": [3, 32, 64, 32, 1, 0], "accuracy": 0.7868024133}
{"config": [3, 32, 128, 64, 0, 0], "accuracy": 0.7323529412}
{"config": [3, 32, 32, 64, 1, 0], "accuracy": 0.7673453997}
{"config": [6, 32, 64, 64, 0, 0], "accuracy": 0.7326546003000001}
{"config": [9, 64, 32, 64, 1, 0], "accuracy": 0.7245852187}
{"config": [3, 32, 128, 32, 0, 1], "accuracy": 0.8100301659}
{"config": [9, 64, 16, 41, 1, 0], "accuracy": 0.6312971342}
{"config": [3, 64, 128, 41, 0, 1], "accuracy": 0.7635746606}
{"config": [9, 16, 128, 64, 0, 0], "accuracy": 0.7288084465}
{"config": [3, 32, 32, 32, 0, 0], "accuracy": 0.7674962293}
{"config": [9, 16, 32, 64, 1, 0], "accuracy": 0.6742835596}
{"config": [3, 32, 16, 64, 1, 0], "accuracy": 0.7442684766000001}
{"config": [3, 64, 32, 64, 1, 1], "accuracy": 0.7404977376}
{"config": [9, 64, 128, 41, 1, 1], "accuracy": 0.6431372549000001}
{"config": [3, 64, 64, 32, 0, 0], "accuracy": 0.7211161388}
{"config": [3, 16, 32, 41, 1, 0], "accuracy": 0.7790346908}
{"config": [6, 32, 64, 41, 0, 1], "accuracy": 0.7558069382}
{"config": [3, 16, 128, 41, 0, 1], "accuracy": 0.7132730015000001}
{"config": [3, 64, 64, 41, 1, 0], "accuracy": 0.7129713424}
{"config": [9, 32, 64, 32, 1, 0], "accuracy": 0.6898944193000001}
{"config": [3, 16, 128, 64, 1, 1], "accuracy": 0.741025641}
{"config": [6, 32, 128, 32, 1, 0], "accuracy": 0.7174208145000001}
{"config": [6, 16, 64, 41, 0, 0], "accuracy": 0.7634992459000001}
{"config": [3, 16, 16, 41, 0, 1], "accuracy": 0.7478129713}
{"config": [9, 64, 64, 64, 1, 0], "accuracy": 0.6628959276}
{"config": [9, 32, 32, 41, 0, 0], "accuracy": 0.7056561086}
{"config": [9, 16, 64, 64, 0, 0], "accuracy": 0.7243589744000001}
{"config": [9, 64, 16, 32, 0, 1], "accuracy": 0.7790346908}
