precision,accuracy,recall,duration
0.6264076565176765,0.6242424242424243,0.6242424242424242,127.33730101585388
