precision,accuracy,recall,duration
0.9338378288378288,0.9233333333333333,0.9233333333333335,1090.398166179657
