precision,accuracy,recall,duration
0.9752205790431298,0.9765662943176299,0.955420565443653,1327.9287316799164
