precision,accuracy,recall,duration
0.7246042721543279,0.8065934065934066,0.690730922517455,779.6391978263855
