precision,accuracy,recall,duration
0.575268817204301,0.578125,0.5779352226720648,445.24370861053467
