precision,accuracy,recall,duration
0.8150178311979923,0.7944444444444444,0.7944444444444445,386.50463461875916
