precision,accuracy,recall,duration
0.9095052820200269,0.9087102177554439,0.9088061266995082,383.71840953826904
