precision,accuracy,recall,duration
0.8418971787956654,0.8333333333333334,0.8411145090508326,535.8368301391602
