precision,accuracy,recall,duration
0.4713484771028104,0.45636363636363636,0.4778069778430751,451.68915843963623
