precision,accuracy,recall,duration
0.8817204301075269,0.8166666666666667,0.8166666666666668,143.3034257888794
