precision,accuracy,recall,duration
0.9820480586836533,0.9819095477386934,0.9822349450439599,263.9654383659363
