precision,accuracy,recall,duration
0.9288469384315566,0.9214876033057852,0.8918156722504548,123.21891927719116
