precision,accuracy,recall,duration
0.9821859694152538,0.9819095477386934,0.9819257979108799,385.29089093208313
