precision,accuracy,recall,duration
0.6749475220063456,0.6624040920716112,0.6767700017700018,138.61621475219727
