precision,accuracy,recall,duration
0.746900826446281,0.7458563535911602,0.724624060150376,144.22918605804443
