precision,accuracy,recall,duration
0.7558813077469794,0.7625,0.671516897566276,335.255574464798
