precision,accuracy,recall,duration
0.39075651434197395,0.6040100250626567,0.383264823881409,389.174791097641
