precision,accuracy,recall,duration
0.9120370370370371,0.9,0.9,446.02028584480286
