precision,accuracy,recall,duration
0.5996479705479705,0.7384615384615385,0.5785189045388737,250.98989248275757
