precision,accuracy,recall,duration
0.6409518173483233,0.6383838383838384,0.6383838383838384,326.1269335746765
