precision,accuracy,recall,duration
0.6111863949358954,0.735,0.6005249399764168,88.54635453224182
