precision,accuracy,recall,duration
0.3303405207870657,0.2872727272727273,0.3229586110058508,321.5100927352905
