precision,accuracy,recall,duration
0.8148925266709647,0.8102564102564103,0.8150225597615398,1131.664055109024
