precision,accuracy,recall,duration
0.9950738916256158,0.9942857142857143,0.9950738916256158,267.0022807121277
