precision,accuracy,recall,duration
0.47652435525553904,0.4381818181818182,0.4352750650219033,204.44386839866638
