precision,accuracy,recall,duration
0.8262646751490564,0.8171428571428572,0.8293683347005741,264.1049008369446
