precision,accuracy,recall,duration
0.7822764857309125,0.7697368421052632,0.7233911102968111,147.43223094940186
