precision,accuracy,recall,duration
0.946749031007752,0.9256198347107438,0.895026350461133,143.19260334968567
