precision,accuracy,recall,duration
0.8876352813852814,0.8863333333333333,0.8840073333151668,1005.3114750385284
