precision,accuracy,recall,duration
0.9553571428571428,0.934640522875817,0.9123952288845906,204.09149813652039
