precision,accuracy,recall,duration
0.8494648297965397,0.8461538461538461,0.8390672390929277,167.65449953079224
