precision,accuracy,recall,duration
0.9562169791570241,0.9552238805970149,0.9553419206921541,263.1985342502594
