precision,accuracy,recall,duration
0.9679863073737665,0.967930029154519,0.9679155900086132,78.34755659103394
