precision,accuracy,recall,duration
0.8218996563241203,0.8251748251748252,0.8046463420220807,855.1941101551056
