precision,accuracy,recall,duration
0.9604269293924467,0.9477124183006536,0.9279497098646035,313.1795699596405
