precision,accuracy,recall,duration
0.9699130869110636,0.9764448761534725,0.9607521832537698,1696.7176609039307
