precision,accuracy,recall,duration
0.5324676211961673,0.43636363636363634,0.4332881219861598,100.982253074646
