precision,accuracy,recall,duration
0.880779670289207,0.8761980830670927,0.8717234739071827,263.84050035476685
