precision,accuracy,recall,duration
0.7786626445449976,0.8634146341463415,0.8329322638146168,376.3611617088318
