precision,accuracy,recall,duration
0.9593131765584174,0.9504132231404959,0.9350461133069828,263.2683928012848
