precision,accuracy,recall,duration
0.7570483009570763,0.8505494505494505,0.7375059657061205,1507.61851811409
