precision,accuracy,recall,duration
0.9614005949534519,0.9653658536585366,0.9492901976786341,239.839998960495
