precision,accuracy,recall,duration
0.688955253080253,0.9388888888888889,0.589321192647633,799.3278906345367
