precision,accuracy,recall,duration
0.9221364221364221,0.93,0.9270833333333333,149.59398865699768
