precision,accuracy,recall,duration
0.8844868902065732,0.892,0.8807045497843745,1647.055585384369
