precision,accuracy,recall,duration
0.974815253664875,0.9669421487603306,0.9600633665851058,109.39706540107727
