precision,accuracy,recall,duration
0.8545412481467453,0.8513020833333333,0.8084830616916033,192.06504321098328
