precision,accuracy,recall,duration
0.785185532233883,0.8,0.7901472901472901,611.1133489608765
