precision,accuracy,recall,duration
0.6502384737678856,0.6296296296296297,0.6296296296296295,148.55523657798767
