precision,accuracy,recall,duration
0.5931453580898292,0.5696969696969697,0.5696969696969698,173.20681810379028
