precision,accuracy,recall,duration
0.65625,0.65625,0.6619433198380567,181.80683183670044
