precision,accuracy,recall,duration
0.9421038226439193,0.9485834207764953,0.9515795359239587,109.49249219894409
