precision,accuracy,recall,duration
0.9189468619615678,0.9083333333333333,0.9083333333333333,443.2622215747833
