precision,accuracy,recall,duration
0.9630706287683032,0.9630709426627794,0.9630706287683032,275.2372181415558
