precision,accuracy,recall,duration
0.8383796575129266,0.8358974358974359,0.830298677141483,144.32922744750977
