precision,accuracy,recall,duration
0.7725146198830409,0.765625,0.73582995951417,112.43326950073242
