precision,accuracy,recall,duration
0.8623376623376624,0.8444444444444444,0.8444444444444444,445.6390166282654
