precision,accuracy,recall,duration
0.597097097097097,0.609375,0.5981781376518218,484.18766593933105
