precision,accuracy,recall,duration
0.6667592141350641,0.6900531707949682,0.601523388131797,10522.354105234146
