precision,accuracy,recall,duration
0.9511555307054329,0.9538300104931794,0.9511555307054329,203.65375876426697
