precision,accuracy,recall,duration
0.6543550710288534,0.9306666666666666,0.5803004756326018,387.9583489894867
