precision,accuracy,recall,duration
0.949066975229766,0.9313725490196079,0.8851547388781431,247.6182405948639
