precision,accuracy,recall,duration
0.813588850174216,0.8111111111111111,0.8111111111111111,448.60554480552673
