precision,accuracy,recall,duration
0.8984060461210516,0.896,0.896,324.2402243614197
