precision,accuracy,recall,duration
0.7036199095022624,0.7,0.7,228.82465600967407
