precision,accuracy,recall,duration
0.8357545254913678,0.8307692307692308,0.8234068468585257,204.4978220462799
