precision,accuracy,recall,duration
0.8045944678856071,0.7657142857142857,0.791723635037827,136.22898507118225
