precision,accuracy,recall,duration
0.9782916861526433,0.9778894472361809,0.9781086504052307,469.19577169418335
