precision,accuracy,recall,duration
0.7821025375492247,0.7828947368421053,0.7487990903084851,638.4753329753876
