precision,accuracy,recall,duration
0.7144689753726441,0.9377777777777778,0.5892453344888252,325.8735976219177
