precision,accuracy,recall,duration
0.7829275393965862,0.8016666666666666,0.7835294689749076,116.88073086738586
