precision,accuracy,recall,duration
0.652933582933583,0.6464088397790055,0.6501413911914511,147.4339954853058
