precision,accuracy,recall,duration
0.8456747831747832,0.8312020460358056,0.8349331974331974,885.374856710434
