precision,accuracy,recall,duration
0.9821067163277867,0.9819095477386934,0.9822881694267158,216.36476373672485
