precision,accuracy,recall,duration
0.5904280904280904,0.715,0.5804877182514313,379.6898033618927
