precision,accuracy,recall,duration
0.8863892214956044,0.8873801916932907,0.8877553116374607,161.17151522636414
