precision,accuracy,recall,duration
0.6891538376490189,0.9371111111111111,0.5858334552543403,429.1927897930145
