precision,accuracy,recall,duration
0.9399849054454318,0.9150326797385621,0.866940683430045,188.6899449825287
