precision,accuracy,recall,duration
0.8983382471187349,0.906610703043022,0.9154878389712049,106.019864320755
