precision,accuracy,recall,duration
0.7666472257427741,0.7783333333333333,0.7890245088504182,161.0135953426361
