precision,accuracy,recall,duration
0.8257882011051384,0.823076923076923,0.8245353158822168,430.7957682609558
