precision,accuracy,recall,duration
0.8077894653787299,0.8112786152987158,0.8094458510182104,927.8107430934906
