precision,accuracy,recall,duration
0.8207729468599035,0.8057142857142857,0.822623279555191,146.83220958709717
