precision,accuracy,recall,duration
0.5510924327553193,0.49818181818181817,0.5037429309550758,699.241096496582
