precision,accuracy,recall,duration
0.7063990501941079,0.9355555555555556,0.5992020447058424,584.4152472019196
