precision,accuracy,recall,duration
0.6883993090786837,0.9373333333333334,0.5772097141835784,442.3397624492645
