precision,accuracy,recall,duration
0.8894717389273041,0.8775362318840579,0.8782306068335584,287.5693943500519
