precision,accuracy,recall,duration
0.8942911147772138,0.8936348408710217,0.8940626567676531,556.0510346889496
