precision,accuracy,recall,duration
0.40366943639335084,0.6040100250626567,0.40120435536515714,91.518075466156
