precision,accuracy,recall,duration
0.7522583125120124,0.752,0.752,2049.2737798690796
