precision,accuracy,recall,duration
0.7494595866535851,0.7825,0.6918100463329622,201.14757132530212
