precision,accuracy,recall,duration
0.7810492415755573,0.7212276214833759,0.7148336648336648,275.8147032260895
