precision,accuracy,recall,duration
0.5872356647004534,0.7325,0.5770049297475458,64.66093873977661
