precision,accuracy,recall,duration
0.8448807100859339,0.8285714285714286,0.849238902561298,505.2016110420227
