precision,accuracy,recall,duration
0.9602722329705394,0.9653725078698846,0.9677825924890504,72.49597334861755
