precision,accuracy,recall,duration
0.6903733780629648,0.7022435481779277,0.6231023847173746,24360.38345503807
