precision,accuracy,recall,duration
0.8312937062937062,0.8321678321678322,0.8103497640753127,540.2107374668121
