precision,accuracy,recall,duration
0.929410382898755,0.9254385964912281,0.9231481481481482,746.0812685489655
