precision,accuracy,recall,duration
0.8410083998319293,0.8209718670076727,0.8238855738855738,142.5068325996399
