precision,accuracy,recall,duration
0.8782991202346041,0.8618968386023295,0.8790087463556852,143.31784987449646
