precision,accuracy,recall,duration
0.6550153618376118,0.6886266372714305,0.5997212045569179,9449.722132921219
