precision,accuracy,recall,duration
0.9933333333333333,0.9933333333333333,0.9933333333333333,106.71089792251587
