precision,accuracy,recall,duration
0.9249529208910952,0.9246231155778895,0.9249486480174193,1619.1683473587036
