precision,accuracy,recall,duration
0.9300624666011306,0.929927414852038,0.9300888325173396,1258.874792098999
