precision,accuracy,recall,duration
0.8230184605184605,0.8081841432225064,0.815502703002703,375.1036276817322
