precision,accuracy,recall,duration
0.5625647428155265,0.6925,0.5576126951654378,266.0319447517395
