precision,accuracy,recall,duration
0.9613271660748702,0.9619512195121951,0.9456801530039493,231.53756427764893
