precision,accuracy,recall,duration
0.7285714285714284,0.6666666666666666,0.6666666666666666,567.1624252796173
