precision,accuracy,recall,duration
0.9479166666666666,0.9166666666666666,0.9038461538461539,101.13220143318176
