precision,accuracy,recall,duration
0.6416908581614466,0.6464088397790055,0.633277239588535,178.91442680358887
