precision,accuracy,recall,duration
0.9594946437989377,0.958961474036851,0.9590242509170915,2305.5468451976776
