precision,accuracy,recall,duration
0.96968612006206,0.9669421487603306,0.9600633665851058,143.27405834197998
