precision,accuracy,recall,duration
0.9211402386326553,0.9008264462809917,0.8700765418156723,194.1272041797638
