precision,accuracy,recall,duration
0.7966612894675699,0.7913043478260869,0.7917139046966722,1105.5950620174408
