precision,accuracy,recall,duration
0.9043913580746505,0.8035502958579882,0.9077825874089008,588.7851388454437
