precision,accuracy,recall,duration
0.8871551334237902,0.89,0.8715277777777778,116.34108114242554
