precision,accuracy,recall,duration
0.9405340877171864,0.9405720633157456,0.9405340877171864,3805.508061170578
