precision,accuracy,recall,duration
0.8917817957231264,0.888,0.888,254.06884765625
