precision,accuracy,recall,duration
0.8714285714285714,0.8,0.736111111111111,196.5968816280365
