{"config": [9, 64, 64, 32, 1, 1], "accuracy": 0.9197120709000001}
{"config": [9, 32, 64, 32, 1, 0], "accuracy": 0.8438538206}
{"config": [9, 32, 64, 41, 1, 0], "accuracy": 0.9190476190000001}
{"config": [3, 64, 64, 32, 1, 1], "accuracy": 0.9194905869000001}
{"config": [6, 16, 128, 64, 1, 1], "accuracy": 0.9339977852}
{"config": [9, 64, 32, 64, 0, 1], "accuracy": 0.8957918051}
{"config": [9, 64, 64, 64, 1, 0], "accuracy": 0.8339977852}
{"config": [3, 16, 32, 64, 1, 1], "accuracy": 0.938316722}
{"config": [3, 16, 64, 64, 1, 1], "accuracy": 0.9335548173}
{"config": [3, 64, 128, 32, 1, 0], "accuracy": 0.9337763012}
{"config": [3, 64, 16, 32, 1, 1], "accuracy": 0.9002214839}
{"config": [9, 32, 128, 41, 1, 0], "accuracy": 0.9384274640000001}
{"config": [9, 64, 128, 64, 1, 1], "accuracy": 0.9050941307}
{"config": [6, 32, 16, 64, 0, 0], "accuracy": 0.9049833887000001}
{"config": [3, 32, 128, 64, 0, 0], "accuracy": 0.9382059801}
{"config": [9, 32, 32, 64, 1, 1], "accuracy": 0.9287929125000001}
{"config": [3, 64, 32, 41, 0, 0], "accuracy": 0.9286821705}
{"config": [9, 16, 16, 41, 1, 1], "accuracy": 0.9384274640000001}
{"config": [3, 32, 32, 41, 1, 1], "accuracy": 0.9241417497000001}
{"config": [9, 64, 128, 41, 1, 1], "accuracy": 0.9146179402}
{"config": [3, 16, 128, 41, 0, 1], "accuracy": 0.9338870432}
{"config": [9, 16, 16, 64, 1, 1], "accuracy": 0.9287929125000001}
{"config": [9, 64, 16, 41, 1, 1], "accuracy": 0.9242524917}
{"config": [9, 16, 64, 64, 0, 0], "accuracy": 0.9384274640000001}
{"config": [9, 32, 64, 64, 0, 1], "accuracy": 0.9382059801}
{"config": [3, 32, 128, 32, 0, 1], "accuracy": 0.9147286822}
{"config": [3, 64, 16, 64, 0, 1], "accuracy": 0.8382059801}
{"config": [9, 64, 32, 32, 0, 1], "accuracy": 0.919379845}
{"config": [9, 32, 16, 41, 0, 1], "accuracy": 0.9002214839}
{"config": [3, 16, 32, 41, 0, 1], "accuracy": 0.9433001107000001}
{"config": [3, 16, 16, 41, 1, 1], "accuracy": 0.9429678848}
{"config": [9, 16, 128, 32, 1, 0], "accuracy": 0.9192691030000001}
{"config": [9, 32, 128, 64, 1, 1], "accuracy": 0.9002214839}
{"config": [3, 64, 128, 64, 0, 0], "accuracy": 0.9477297896}
{"config": [9, 16, 64, 41, 0, 1], "accuracy": 0.9526024363000001}
{"config": [3, 16, 16, 32, 1, 0], "accuracy": 0.9148394241000001}
{"config": [3, 64, 128, 41, 1, 1], "accuracy": 0.9479512735000001}
{"config": [3, 64, 64, 41, 0, 1], "accuracy": 0.9240310078}
{"config": [6, 16, 64, 41, 0, 0], "accuracy": 0.9478405316}
{"config": [9, 16, 32, 64, 1, 0], "accuracy": 0.9478405316}
{"config": [9, 16, 32, 32, 1, 0], "accuracy": 0.9524916944}
{"config": [3, 32, 64, 64, 1, 1], "accuracy": 0.9148394241000001}
{"config": [9, 32, 32, 41, 0, 0], "accuracy": 0.9431893688}
{"config": [3, 32, 128, 41, 1, 0], "accuracy": 0.9289036545}
{"config": [9, 16, 128, 64, 0, 0], "accuracy": 0.9382059801}
{"config": [3, 16, 128, 64, 0, 0], "accuracy": 0.9143964563}
{"config": [9, 16, 128, 41, 1, 0], "accuracy": 0.9290143965000001}
{"config": [9, 32, 32, 32, 1, 1], "accuracy": 0.9241417497000001}
{"config": [3, 16, 16, 64, 1, 1], "accuracy": 0.9052048726}
{"config": [6, 16, 64, 32, 1, 1], "accuracy": 0.9241417497000001}
