{"config": [9, 32, 32, 64, 1, 0], "accuracy": 0.7977327795}
{"config": [6, 64, 32, 64, 1, 0], "accuracy": 0.8089304258000001}
{"config": [6, 64, 16, 64, 1, 1], "accuracy": 0.8107130495}
{"config": [6, 32, 64, 64, 0, 0], "accuracy": 0.8034267913}
{"config": [6, 64, 128, 64, 0, 0], "accuracy": 0.6881966078}
{"config": [6, 64, 16, 64, 1, 0], "accuracy": 0.8033921772}
{"config": [3, 64, 32, 32, 0, 1], "accuracy": 0.8106092073000001}
{"config": [9, 16, 128, 32, 1, 1], "accuracy": 0.7347005884000001}
{"config": [3, 16, 32, 32, 1, 1], "accuracy": 0.8182589131}
{"config": [3, 16, 16, 64, 1, 1], "accuracy": 0.8199896158000001}
{"config": [3, 16, 128, 64, 1, 1], "accuracy": 0.7791623399000001}
{"config": [3, 16, 64, 64, 1, 1], "accuracy": 0.8144340602}
{"config": [9, 16, 16, 32, 1, 1], "accuracy": 0.7922118380000001}
{"config": [3, 32, 16, 41, 1, 1], "accuracy": 0.8014884043}
{"config": [3, 64, 64, 32, 1, 1], "accuracy": 0.8199896158000001}
{"config": [9, 16, 64, 32, 1, 1], "accuracy": 0.7884042921000001}
{"config": [3, 64, 64, 64, 0, 1], "accuracy": 0.8032017999000001}
{"config": [3, 64, 128, 32, 1, 0], "accuracy": 0.7514537902}
{"config": [3, 32, 64, 32, 1, 0], "accuracy": 0.8088611976000001}
{"config": [9, 64, 64, 41, 0, 1], "accuracy": 0.7922810661}
{"config": [3, 32, 32, 64, 0, 1], "accuracy": 0.7996019384}
{"config": [3, 64, 16, 32, 1, 1], "accuracy": 0.818206992}
{"config": [3, 32, 128, 41, 1, 0], "accuracy": 0.7367082035}
{"config": [9, 16, 128, 64, 1, 0], "accuracy": 0.7234856352}
{"config": [9, 64, 16, 41, 1, 1], "accuracy": 0.8144686743}
{"config": [9, 32, 32, 32, 1, 1], "accuracy": 0.8163724472}
{"config": [9, 16, 32, 64, 1, 1], "accuracy": 0.7960193839}
{"config": [9, 64, 16, 32, 0, 1], "accuracy": 0.8106784354000001}
{"config": [9, 64, 32, 32, 1, 0], "accuracy": 0.7885254413}
{"config": [9, 16, 16, 64, 0, 1], "accuracy": 0.7977500865}
{"config": [6, 16, 32, 41, 1, 1], "accuracy": 0.8069401177000001}
{"config": [3, 16, 128, 32, 0, 0], "accuracy": 0.7922118380000001}
{"config": [3, 64, 64, 41, 1, 1], "accuracy": 0.8052094150000001}
{"config": [3, 32, 16, 64, 1, 1], "accuracy": 0.8162686051}
{"config": [9, 16, 64, 64, 0, 1], "accuracy": 0.8144513673}
{"config": [3, 16, 128, 41, 0, 1], "accuracy": 0.7996192454000001}
{"config": [9, 32, 64, 41, 1, 1], "accuracy": 0.8033229491}
{"config": [9, 64, 64, 64, 1, 0], "accuracy": 0.7774143302000001}
{"config": [6, 16, 64, 41, 0, 0], "accuracy": 0.8069228107}
{"config": [3, 16, 16, 32, 0, 1], "accuracy": 0.7996538595}
{"config": [9, 16, 32, 32, 0, 0], "accuracy": 0.790290758}
{"config": [3, 32, 128, 64, 0, 0], "accuracy": 0.7198165455000001}
{"config": [9, 64, 128, 32, 0, 0], "accuracy": 0.6308065074}
{"config": [3, 32, 32, 41, 1, 1], "accuracy": 0.8033921772}
{"config": [9, 64, 32, 64, 0, 1], "accuracy": 0.7866735895}
{"config": [3, 64, 16, 41, 0, 1], "accuracy": 0.8367601246}
{"config": [9, 32, 16, 32, 0, 1], "accuracy": 0.7754586362}
{"config": [3, 64, 128, 41, 0, 1], "accuracy": 0.7348390447}
{"config": [3, 32, 128, 32, 0, 1], "accuracy": 0.7440463828}
{"config": [3, 64, 32, 41, 0, 1], "accuracy": 0.805226722}
