{"config": [6, 64, 128, 32, 0, 0], "accuracy": 0.7983169705000001}
{"config": [3, 32, 32, 32, 0, 0], "accuracy": 0.7939925199000001}
{"config": [3, 64, 128, 64, 0, 0], "accuracy": 0.7916783544}
{"config": [6, 32, 32, 32, 1, 1], "accuracy": 0.8002805049}
{"config": [6, 32, 64, 64, 0, 0], "accuracy": 0.7983637214}
{"config": [9, 16, 128, 32, 1, 1], "accuracy": 0.7938055166}
{"config": [6, 64, 16, 64, 1, 1], "accuracy": 0.7699392239}
{"config": [9, 16, 16, 64, 1, 1], "accuracy": 0.7809724170000001}
{"config": [9, 64, 64, 32, 1, 0], "accuracy": 0.7766713417000001}
{"config": [9, 16, 128, 64, 1, 0], "accuracy": 0.7569658719}
{"config": [9, 16, 64, 32, 1, 1], "accuracy": 0.8047685835}
{"config": [9, 16, 16, 32, 1, 1], "accuracy": 0.7548854605}
{"config": [3, 32, 128, 32, 0, 1], "accuracy": 0.8004441328}
{"config": [9, 64, 16, 32, 0, 1], "accuracy": 0.7917251052000001}
{"config": [3, 16, 64, 64, 1, 1], "accuracy": 0.7896446938}
{"config": [9, 32, 128, 41, 1, 0], "accuracy": 0.7983169705000001}
{"config": [9, 32, 32, 64, 0, 1], "accuracy": 0.7637447405000001}
{"config": [3, 64, 64, 64, 0, 1], "accuracy": 0.7939925199000001}
{"config": [3, 32, 64, 32, 1, 0], "accuracy": 0.7961196821000001}
{"config": [3, 64, 32, 32, 1, 1], "accuracy": 0.7982234689000001}
{"config": [3, 32, 16, 41, 1, 1], "accuracy": 0.7872837775}
{"config": [9, 64, 128, 64, 1, 1], "accuracy": 0.7571762506}
{"config": [3, 16, 128, 41, 1, 0], "accuracy": 0.7960963067}
{"config": [9, 64, 32, 41, 0, 0], "accuracy": 0.6830528284}
{"config": [3, 64, 16, 32, 1, 1], "accuracy": 0.7960261805000001}
{"config": [3, 32, 16, 64, 1, 1], "accuracy": 0.7982468443}
{"config": [3, 64, 64, 32, 0, 1], "accuracy": 0.7851799906}
{"config": [3, 32, 128, 64, 0, 0], "accuracy": 0.7982702197}
{"config": [3, 64, 128, 41, 1, 1], "accuracy": 0.8048153343000001}
{"config": [9, 32, 16, 32, 1, 0], "accuracy": 0.7938990182000001}
{"config": [3, 16, 32, 64, 1, 1], "accuracy": 0.7938288920000001}
{"config": [9, 32, 64, 41, 1, 1], "accuracy": 0.7807854137}
{"config": [3, 16, 32, 32, 1, 1], "accuracy": 0.7917251052000001}
{"config": [3, 32, 64, 64, 1, 1], "accuracy": 0.8006077606}
{"config": [6, 16, 64, 41, 0, 0], "accuracy": 0.7982000935}
{"config": [6, 16, 32, 41, 0, 0], "accuracy": 0.7959794296}
{"config": [3, 64, 128, 32, 1, 0], "accuracy": 0.791771856}
{"config": [3, 64, 32, 64, 1, 1], "accuracy": 0.7656615241}
{"config": [3, 16, 128, 64, 1, 1], "accuracy": 0.7940392707}
{"config": [3, 16, 16, 64, 1, 1], "accuracy": 0.8005376344}
{"config": [9, 64, 64, 64, 1, 0], "accuracy": 0.7634174848}
{"config": [9, 16, 64, 64, 0, 1], "accuracy": 0.7895511921}
{"config": [9, 64, 128, 41, 1, 0], "accuracy": 0.791771856}
{"config": [9, 16, 32, 32, 0, 0], "accuracy": 0.8004908836}
{"config": [9, 32, 128, 32, 0, 0], "accuracy": 0.7983637214}
{"config": [3, 16, 128, 32, 0, 0], "accuracy": 0.7873071529}
{"config": [9, 32, 64, 32, 1, 1], "accuracy": 0.7983870968000001}
{"config": [3, 32, 32, 64, 1, 0], "accuracy": 0.7984338476}
{"config": [3, 64, 64, 41, 1, 0], "accuracy": 0.7981533427}
{"config": [3, 64, 16, 64, 0, 1], "accuracy": 0.7981767181}
