{"config": [9, 64, 128, 32, 1, 0], "accuracy": 0.9542773720000001}
{"config": [6, 64, 128, 41, 0, 0], "accuracy": 0.9542765466}
{"config": [6, 64, 128, 64, 0, 0], "accuracy": 0.9520399488}
{"config": [6, 64, 128, 32, 1, 0], "accuracy": 0.9577324502000001}
{"config": [9, 64, 128, 64, 1, 1], "accuracy": 0.9538712806}
{"config": [3, 16, 16, 32, 1, 1], "accuracy": 0.949401593}
{"config": [3, 16, 128, 64, 1, 1], "accuracy": 0.9579361149000001}
{"config": [3, 64, 16, 64, 0, 1], "accuracy": 0.9565137634}
{"config": [3, 64, 64, 32, 1, 1], "accuracy": 0.9548854773000001}
{"config": [3, 16, 32, 64, 1, 1], "accuracy": 0.9559021501}
{"config": [6, 16, 128, 32, 0, 1], "accuracy": 0.9496036069}
{"config": [9, 64, 16, 32, 0, 1], "accuracy": 0.9451310305}
{"config": [9, 32, 64, 41, 1, 0], "accuracy": 0.9559060707}
{"config": [9, 16, 16, 64, 1, 1], "accuracy": 0.9506223433000001}
{"config": [9, 64, 64, 64, 1, 0], "accuracy": 0.9496015435}
{"config": [9, 16, 64, 64, 0, 1], "accuracy": 0.9489940572000001}
{"config": [3, 64, 16, 32, 1, 0], "accuracy": 0.951840411}
{"config": [6, 16, 64, 32, 1, 0], "accuracy": 0.9514320499000001}
{"config": [3, 32, 128, 41, 1, 0], "accuracy": 0.9563100986}
{"config": [3, 32, 32, 32, 0, 0], "accuracy": 0.9544824811}
{"config": [3, 32, 64, 64, 1, 1], "accuracy": 0.9559058644}
{"config": [9, 64, 32, 64, 1, 0], "accuracy": 0.9489955016}
{"config": [9, 32, 128, 64, 1, 1], "accuracy": 0.9554983286000001}
{"config": [3, 32, 16, 64, 1, 0], "accuracy": 0.9567168090000001}
{"config": [9, 16, 32, 32, 1, 1], "accuracy": 0.9506192481}
{"config": [3, 64, 32, 41, 0, 1], "accuracy": 0.9510253394}
{"config": [9, 16, 128, 41, 1, 0], "accuracy": 0.9473668029000001}
{"config": [6, 32, 16, 41, 1, 1], "accuracy": 0.9542794354}
{"config": [9, 32, 32, 64, 0, 1], "accuracy": 0.9514310181000001}
{"config": [9, 16, 16, 41, 0, 0], "accuracy": 0.9520432504}
{"config": [3, 16, 32, 41, 0, 1], "accuracy": 0.9536705047}
{"config": [9, 32, 128, 32, 0, 1], "accuracy": 0.9518393793000001}
{"config": [3, 64, 64, 64, 0, 1], "accuracy": 0.9554964715}
{"config": [6, 32, 32, 64, 1, 0], "accuracy": 0.9518387603}
{"config": [9, 16, 128, 64, 0, 0], "accuracy": 0.9520442821}
{"config": [3, 32, 64, 32, 1, 0], "accuracy": 0.9552932194}
{"config": [9, 64, 32, 32, 1, 0], "accuracy": 0.9530580661}
{"config": [9, 64, 16, 41, 1, 0], "accuracy": 0.9532606991}
{"config": [9, 64, 64, 41, 0, 1], "accuracy": 0.9514310181000001}
{"config": [3, 16, 128, 41, 0, 1], "accuracy": 0.9563078288}
{"config": [3, 16, 64, 64, 1, 0], "accuracy": 0.9540749453}
{"config": [3, 32, 128, 64, 0, 0], "accuracy": 0.957122075}
{"config": [9, 32, 16, 32, 1, 0], "accuracy": 0.9494028311}
{"config": [3, 64, 128, 64, 0, 1], "accuracy": 0.9556988981000001}
{"config": [3, 64, 64, 41, 1, 0], "accuracy": 0.9526505303}
{"config": [3, 16, 16, 64, 1, 1], "accuracy": 0.9544797986}
{"config": [9, 16, 64, 41, 0, 1], "accuracy": 0.9561054022000001}
{"config": [3, 64, 32, 64, 1, 1], "accuracy": 0.9575277537}
{"config": [9, 32, 64, 32, 1, 1], "accuracy": 0.949400974}
{"config": [9, 32, 32, 41, 1, 0], "accuracy": 0.9556995171}
