{"config": [6, 16, 128, 41, 1, 1], "accuracy": 0.5510752688}
{"config": [6, 16, 16, 41, 1, 1], "accuracy": 0.5442496494}
{"config": [6, 32, 32, 41, 1, 0], "accuracy": 0.5637914914000001}
{"config": [6, 16, 64, 32, 1, 0], "accuracy": 0.5266012155}
{"config": [6, 16, 32, 32, 0, 1], "accuracy": 0.5442730248000001}
{"config": [6, 32, 32, 41, 1, 1], "accuracy": 0.5183029453}
{"config": [6, 16, 32, 64, 1, 0], "accuracy": 0.5096540439}
{"config": [9, 16, 64, 64, 0, 0], "accuracy": 0.5356708742}
{"config": [6, 32, 128, 64, 0, 0], "accuracy": 0.498457223}
{"config": [6, 64, 128, 32, 1, 0], "accuracy": 0.518630201}
{"config": [9, 64, 64, 41, 1, 0], "accuracy": 0.45551659650000004}
{"config": [9, 32, 128, 32, 0, 0], "accuracy": 0.5271856007}
{"config": [3, 64, 16, 32, 0, 0], "accuracy": 0.5396680692}
{"config": [9, 32, 16, 32, 1, 0], "accuracy": 0.5181626928}
{"config": [3, 16, 16, 32, 1, 0], "accuracy": 0.5830995792}
{"config": [6, 64, 16, 64, 1, 0], "accuracy": 0.5141421225}
{"config": [3, 16, 128, 32, 0, 0], "accuracy": 0.6025946704}
{"config": [3, 64, 128, 64, 0, 0], "accuracy": 0.5704067321}
{"config": [6, 64, 64, 64, 0, 0], "accuracy": 0.4032959327}
{"config": [9, 64, 128, 64, 1, 0], "accuracy": 0.4096072931}
{"config": [3, 32, 128, 41, 1, 0], "accuracy": 0.5377279102}
{"config": [3, 16, 128, 64, 0, 0], "accuracy": 0.5355773726}
{"config": [3, 64, 64, 32, 0, 0], "accuracy": 0.5466105657}
{"config": [3, 64, 32, 41, 0, 0], "accuracy": 0.5271154745000001}
{"config": [3, 32, 16, 41, 0, 0], "accuracy": 0.6090229079}
{"config": [3, 32, 16, 64, 1, 0], "accuracy": 0.5052828424}
{"config": [3, 16, 32, 41, 1, 0], "accuracy": 0.5657082749}
{"config": [3, 64, 128, 41, 0, 1], "accuracy": 0.5658719028}
{"config": [3, 32, 64, 32, 1, 0], "accuracy": 0.5465404395}
{"config": [6, 16, 16, 64, 0, 0], "accuracy": 0.4924731183}
{"config": [6, 32, 64, 64, 0, 0], "accuracy": 0.526741468}
{"config": [9, 16, 64, 41, 0, 0], "accuracy": 0.5485039738}
{"config": [9, 16, 128, 32, 1, 0], "accuracy": 0.5681626928}
{"config": [9, 16, 16, 41, 0, 0], "accuracy": 0.5334034596}
{"config": [3, 32, 32, 32, 0, 0], "accuracy": 0.5529219261}
{"config": [3, 64, 16, 41, 1, 0], "accuracy": 0.5593735390000001}
{"config": [3, 16, 64, 64, 1, 0], "accuracy": 0.563487611}
{"config": [3, 64, 32, 64, 1, 1], "accuracy": 0.524801309}
{"config": [9, 32, 64, 32, 1, 0], "accuracy": 0.4536465638}
{"config": [3, 32, 32, 64, 1, 0], "accuracy": 0.5268115942}
{"config": [9, 64, 32, 64, 1, 0], "accuracy": 0.5376577840000001}
{"config": [9, 64, 16, 41, 1, 0], "accuracy": 0.5182561945}
{"config": [3, 32, 128, 32, 0, 1], "accuracy": 0.5657784011}
{"config": [3, 64, 64, 41, 0, 0], "accuracy": 0.5658017765000001}
{"config": [9, 16, 128, 64, 0, 0], "accuracy": 0.5528985507}
{"config": [3, 64, 128, 32, 1, 0], "accuracy": 0.5725338943}
{"config": [3, 32, 16, 32, 1, 0], "accuracy": 0.5853669939}
{"config": [9, 32, 32, 64, 1, 0], "accuracy": 0.5099111734}
{"config": [3, 64, 32, 32, 1, 0], "accuracy": 0.507713885}
{"config": [6, 32, 64, 41, 0, 1], "accuracy": 0.5659186536}
