{"config": [9, 64, 16, 32, 1, 0], "accuracy": 0.7437346437}
{"config": [3, 64, 16, 41, 1, 0], "accuracy": 0.7328746929000001}
{"config": [6, 32, 16, 41, 1, 1], "accuracy": 0.7238656839000001}
{"config": [3, 64, 32, 41, 0, 1], "accuracy": 0.7094021294}
{"config": [3, 16, 128, 41, 1, 0], "accuracy": 0.6045372645}
{"config": [3, 64, 16, 41, 1, 1], "accuracy": 0.7221130221000001}
{"config": [9, 64, 128, 64, 1, 0], "accuracy": 0.6046846847}
{"config": [6, 64, 16, 64, 1, 0], "accuracy": 0.7526945127}
{"config": [6, 16, 16, 64, 0, 0], "accuracy": 0.722047502}
{"config": [9, 16, 64, 64, 0, 0], "accuracy": 0.6822768223}
{"config": [6, 16, 16, 32, 1, 0], "accuracy": 0.7419000819}
{"config": [9, 64, 128, 32, 1, 0], "accuracy": 0.5670597871}
{"config": [9, 64, 64, 64, 1, 0], "accuracy": 0.6482063882}
{"config": [6, 16, 64, 32, 1, 0], "accuracy": 0.6116953317}
{"config": [9, 16, 128, 64, 0, 0], "accuracy": 0.6446683047}
{"config": [9, 32, 32, 64, 1, 0], "accuracy": 0.6499099099}
{"config": [3, 64, 64, 32, 0, 0], "accuracy": 0.7076822277}
{"config": [9, 16, 16, 41, 0, 0], "accuracy": 0.7075511876}
{"config": [3, 32, 128, 64, 0, 0], "accuracy": 0.5813431613}
{"config": [3, 32, 16, 32, 1, 0], "accuracy": 0.7490745291}
{"config": [3, 32, 16, 64, 1, 0], "accuracy": 0.7328419328}
{"config": [3, 16, 32, 41, 1, 0], "accuracy": 0.7400982801}
{"config": [3, 16, 32, 64, 1, 0], "accuracy": 0.7075511876}
{"config": [9, 64, 32, 32, 1, 0], "accuracy": 0.6372809173}
{"config": [3, 64, 32, 64, 1, 1], "accuracy": 0.7346601147}
{"config": [3, 32, 64, 64, 1, 1], "accuracy": 0.6495495495}
{"config": [3, 16, 16, 41, 0, 1], "accuracy": 0.7418837019000001}
{"config": [3, 16, 32, 32, 0, 0], "accuracy": 0.74001638}
{"config": [3, 64, 64, 41, 0, 0], "accuracy": 0.6913841114}
{"config": [3, 64, 16, 32, 0, 0], "accuracy": 0.7274365274}
{"config": [9, 32, 128, 32, 0, 1], "accuracy": 0.48175266180000004}
{"config": [9, 64, 32, 64, 1, 0], "accuracy": 0.6932841933}
{"config": [3, 32, 32, 32, 0, 0], "accuracy": 0.7220638821}
{"config": [3, 16, 64, 64, 1, 0], "accuracy": 0.7238165438}
{"config": [3, 64, 64, 64, 0, 1], "accuracy": 0.667993448}
{"config": [3, 32, 64, 32, 1, 0], "accuracy": 0.7147583948}
{"config": [3, 64, 16, 64, 0, 1], "accuracy": 0.7455200655}
{"config": [3, 64, 128, 41, 0, 1], "accuracy": 0.5233579034}
{"config": [9, 32, 16, 32, 0, 1], "accuracy": 0.7311056511}
{"config": [9, 32, 64, 41, 1, 0], "accuracy": 0.7021621622}
{"config": [3, 16, 128, 64, 1, 1], "accuracy": 0.6661261261}
{"config": [9, 64, 64, 32, 0, 1], "accuracy": 0.5685995086}
{"config": [9, 16, 32, 32, 1, 1], "accuracy": 0.6963308763}
{"config": [3, 16, 16, 64, 1, 1], "accuracy": 0.7383783784}
{"config": [3, 32, 32, 41, 1, 0], "accuracy": 0.6985913186}
{"config": [6, 16, 64, 41, 0, 0], "accuracy": 0.6390663391}
{"config": [9, 64, 16, 41, 1, 0], "accuracy": 0.7293038493}
{"config": [9, 16, 128, 32, 1, 0], "accuracy": 0.5286650287}
{"config": [9, 16, 16, 64, 1, 1], "accuracy": 0.7509746110000001}
{"config": [3, 16, 16, 32, 0, 1], "accuracy": 0.7383128583}
