{"config": [9, 64, 64, 32, 0, 1], "accuracy": 0.5166666667}
{"config": [6, 64, 32, 41, 0, 1], "accuracy": 0.7166666667}
{"config": [3, 64, 64, 32, 1, 1], "accuracy": 0.36666666670000003}
{"config": [3, 32, 16, 41, 0, 1], "accuracy": 0.5166666667}
{"config": [3, 64, 64, 41, 0, 1], "accuracy": 0.36666666670000003}
{"config": [9, 64, 16, 32, 0, 1], "accuracy": 0.8}
{"config": [6, 64, 16, 64, 1, 0], "accuracy": 0.75}
{"config": [9, 16, 128, 64, 0, 0], "accuracy": 0.4333333333}
{"config": [9, 64, 128, 32, 0, 0], "accuracy": 0.5333333333}
{"config": [9, 16, 128, 32, 1, 1], "accuracy": 0.4333333333}
{"config": [9, 16, 64, 64, 0, 0], "accuracy": 0.6000000000000001}
{"config": [9, 64, 16, 41, 1, 0], "accuracy": 0.7333333333000001}
{"config": [9, 64, 32, 64, 0, 1], "accuracy": 0.6833333333}
{"config": [9, 16, 64, 32, 1, 1], "accuracy": 0.45}
{"config": [9, 64, 128, 64, 1, 1], "accuracy": 0.5833333333}
{"config": [9, 16, 16, 64, 0, 1], "accuracy": 0.8}
{"config": [9, 32, 32, 64, 0, 1], "accuracy": 0.7000000000000001}
{"config": [9, 64, 32, 32, 0, 1], "accuracy": 0.75}
{"config": [3, 16, 32, 64, 0, 0], "accuracy": 0.35000000000000003}
{"config": [6, 32, 16, 64, 0, 0], "accuracy": 0.5833333333}
{"config": [9, 32, 64, 64, 0, 1], "accuracy": 0.5333333333}
{"config": [9, 16, 16, 32, 1, 1], "accuracy": 0.7833333333}
{"config": [9, 16, 16, 41, 1, 1], "accuracy": 0.7000000000000001}
{"config": [9, 16, 16, 64, 1, 1], "accuracy": 0.7333333333000001}
{"config": [9, 32, 16, 32, 0, 1], "accuracy": 0.75}
{"config": [3, 64, 16, 32, 0, 1], "accuracy": 0.4666666667}
{"config": [9, 32, 32, 32, 1, 1], "accuracy": 0.7833333333}
{"config": [9, 16, 32, 32, 0, 0], "accuracy": 0.6666666667000001}
{"config": [3, 32, 128, 41, 1, 0], "accuracy": 0.55}
{"config": [9, 32, 32, 41, 0, 0], "accuracy": 0.6833333333}
{"config": [9, 32, 64, 32, 1, 1], "accuracy": 0.6000000000000001}
{"config": [9, 32, 128, 64, 1, 1], "accuracy": 0.5666666667}
{"config": [9, 64, 32, 41, 0, 0], "accuracy": 0.7666666667}
{"config": [3, 64, 128, 41, 1, 1], "accuracy": 0.4333333333}
{"config": [9, 64, 64, 64, 1, 0], "accuracy": 0.5666666667}
{"config": [9, 32, 128, 32, 0, 1], "accuracy": 0.5166666667}
{"config": [3, 16, 16, 32, 0, 1], "accuracy": 0.4166666667}
{"config": [9, 32, 16, 41, 0, 1], "accuracy": 0.7333333333000001}
{"config": [3, 64, 16, 64, 0, 1], "accuracy": 0.6333333333}
{"config": [9, 32, 64, 41, 1, 1], "accuracy": 0.45}
{"config": [3, 32, 128, 64, 0, 0], "accuracy": 0.5666666667}
{"config": [9, 64, 16, 32, 1, 0], "accuracy": 0.7833333333}
{"config": [3, 64, 128, 64, 0, 0], "accuracy": 0.6666666667000001}
{"config": [3, 16, 64, 64, 1, 1], "accuracy": 0.4166666667}
{"config": [3, 16, 128, 41, 0, 1], "accuracy": 0.30000000000000004}
{"config": [3, 64, 64, 64, 0, 1], "accuracy": 0.6833333333}
{"config": [3, 64, 32, 64, 1, 1], "accuracy": 0.4333333333}
{"config": [9, 16, 32, 64, 1, 1], "accuracy": 0.7833333333}
{"config": [9, 32, 128, 41, 1, 0], "accuracy": 0.5833333333}
{"config": [3, 32, 32, 32, 0, 0], "accuracy": 0.4166666667}
