{"config": [9, 64, 64, 32, 0, 1], "accuracy": 0.72}
{"config": [6, 64, 32, 41, 0, 1], "accuracy": 0.728}
{"config": [3, 64, 64, 32, 1, 1], "accuracy": 0.744}
{"config": [3, 32, 16, 41, 0, 1], "accuracy": 0.6666666667000001}
{"config": [3, 64, 64, 41, 0, 1], "accuracy": 0.708}
{"config": [3, 64, 16, 32, 1, 0], "accuracy": 0.7466666667}
{"config": [3, 16, 128, 32, 0, 0], "accuracy": 0.788}
{"config": [3, 64, 128, 32, 1, 0], "accuracy": 0.744}
{"config": [3, 16, 128, 64, 1, 1], "accuracy": 0.724}
{"config": [6, 16, 64, 32, 1, 0], "accuracy": 0.736}
{"config": [9, 32, 128, 32, 0, 1], "accuracy": 0.632}
{"config": [3, 64, 128, 64, 1, 0], "accuracy": 0.5946666667}
{"config": [3, 16, 64, 64, 1, 0], "accuracy": 0.7306666667}
{"config": [6, 64, 16, 64, 1, 0], "accuracy": 0.6853333333}
{"config": [9, 16, 16, 64, 1, 1], "accuracy": 0.652}
{"config": [3, 16, 16, 32, 1, 0], "accuracy": 0.7386666667}
{"config": [3, 16, 32, 32, 0, 0], "accuracy": 0.74}
{"config": [9, 16, 16, 32, 1, 1], "accuracy": 0.7293333333}
{"config": [9, 16, 128, 32, 1, 0], "accuracy": 0.74}
{"config": [9, 64, 64, 64, 1, 0], "accuracy": 0.7053333333}
{"config": [3, 16, 128, 41, 1, 0], "accuracy": 0.7346666667}
{"config": [3, 64, 32, 64, 1, 1], "accuracy": 0.7133333333}
{"config": [9, 64, 32, 32, 1, 0], "accuracy": 0.7173333333}
{"config": [9, 32, 64, 64, 0, 1], "accuracy": 0.708}
{"config": [3, 32, 64, 32, 1, 0], "accuracy": 0.7253333333}
{"config": [9, 32, 32, 64, 1, 0], "accuracy": 0.6986666667}
{"config": [9, 16, 64, 64, 0, 0], "accuracy": 0.7146666667}
{"config": [3, 16, 32, 64, 1, 1], "accuracy": 0.7106666667}
{"config": [9, 64, 128, 32, 0, 0], "accuracy": 0.5506666667}
{"config": [9, 64, 16, 41, 1, 1], "accuracy": 0.6813333333}
{"config": [3, 32, 128, 64, 0, 0], "accuracy": 0.676}
{"config": [9, 32, 32, 32, 1, 0], "accuracy": 0.724}
{"config": [3, 64, 64, 64, 0, 1], "accuracy": 0.7346666667}
{"config": [6, 16, 32, 41, 1, 1], "accuracy": 0.7066666667}
{"config": [3, 32, 16, 64, 1, 0], "accuracy": 0.7333333333000001}
{"config": [9, 16, 128, 64, 0, 0], "accuracy": 0.5586666667}
{"config": [9, 16, 64, 41, 0, 1], "accuracy": 0.6986666667}
{"config": [9, 32, 64, 32, 1, 1], "accuracy": 0.712}
{"config": [3, 64, 32, 32, 1, 1], "accuracy": 0.7653333333}
{"config": [3, 64, 128, 41, 1, 1], "accuracy": 0.652}
{"config": [3, 64, 16, 41, 1, 0], "accuracy": 0.7386666667}
{"config": [3, 32, 32, 64, 0, 1], "accuracy": 0.6960000000000001}
{"config": [9, 16, 32, 32, 1, 0], "accuracy": 0.6986666667}
{"config": [9, 32, 16, 32, 1, 0], "accuracy": 0.6893333333}
{"config": [3, 32, 128, 32, 0, 1], "accuracy": 0.7706666667000001}
{"config": [3, 32, 32, 41, 1, 0], "accuracy": 0.704}
{"config": [9, 16, 16, 41, 0, 0], "accuracy": 0.724}
{"config": [9, 64, 32, 64, 0, 1], "accuracy": 0.6586666667000001}
{"config": [3, 32, 128, 41, 1, 0], "accuracy": 0.704}
{"config": [3, 32, 64, 64, 1, 1], "accuracy": 0.7186666667}
