precision,accuracy,recall,duration
0.8846153846153846,0.85,0.85,134.2519462108612
