precision,accuracy,recall,duration
0.9571838045675255,0.9462809917355371,0.9247694334650857,110.17752385139465
