precision,accuracy,recall,duration
0.9478283087145538,0.9477922799222438,0.9476886962802455,4966.111124277115
