precision,accuracy,recall,duration
0.9527936694378616,0.9526829268292683,0.9354307966792677,228.72121906280518
