precision,accuracy,recall,duration
0.9810462587577448,0.9809045226130654,0.9811919786895276,263.9059727191925
