precision,accuracy,recall,duration
0.384957443363031,0.6040100250626567,0.38163576334246474,377.1817400455475
