precision,accuracy,recall,duration
0.9335087078309585,0.9256198347107438,0.9089393547273982,546.1253488063812
