precision,accuracy,recall,duration
0.7482591960690779,0.7526315789473684,0.6897597452449465,266.15437054634094
