precision,accuracy,recall,duration
0.9734901018161287,0.9777804759592035,0.9612358773150552,3094.2271065711975
