precision,accuracy,recall,duration
0.962962962962963,0.9477124183006536,0.932865892972276,385.81290674209595
