precision,accuracy,recall,duration
0.6317598712150038,0.6318181818181818,0.6318181818181817,388.10262393951416
