precision,accuracy,recall,duration
0.7022472183874839,0.9371111111111111,0.5734462580350758,347.30490732192993
