precision,accuracy,recall,duration
0.9586187950305716,0.9624390243902439,0.9465430267505349,372.4295825958252
