precision,accuracy,recall,duration
0.8359180198260657,0.8342857142857143,0.8394859174186493,331.4702787399292
