precision,accuracy,recall,duration
0.8685714285714285,0.8469217970049917,0.8658892128279884,203.48684930801392
