precision,accuracy,recall,duration
0.6612219380865224,0.6298342541436464,0.6253825027464297,102.42704129219055
