precision,accuracy,recall,duration
0.3690523936847467,0.5789473684210527,0.3634261647335393,165.0840826034546
