precision,accuracy,recall,duration
0.8583618896879545,0.8615384615384616,0.857465885399055,298.5728714466095
