precision,accuracy,recall,duration
0.8033346533346535,0.8081841432225064,0.8124953124953126,174.99983525276184
