precision,accuracy,recall,duration
0.9214545172650557,0.9217970049916805,0.9300461048206659,301.23731112480164
