precision,accuracy,recall,duration
0.7212497222292995,0.8175824175824176,0.6939574668193863,443.3342697620392
