precision,accuracy,recall,duration
0.898914039912559,0.904,0.8919014877292645,931.4177873134613
