precision,accuracy,recall,duration
0.7303254498169753,0.696,0.6960000000000001,1070.9665224552155
