precision,accuracy,recall,duration
0.973808518905345,0.9787518212724624,0.9635760212071003,2016.2438662052155
