precision,accuracy,recall,duration
0.632538569424965,0.6296296296296297,0.6296296296296297,93.87576866149902
