precision,accuracy,recall,duration
0.7568710359408033,0.6666666666666666,0.6666666666666666,70.83155751228333
