precision,accuracy,recall,duration
0.6666666666666666,0.6666666666666666,0.6666666666666666,141.99581933021545
