{"config": [9, 64, 64, 32, 0, 1], "accuracy": 0.8322472644000001}
{"config": [6, 16, 16, 32, 1, 0], "accuracy": 0.8374162992}
{"config": [6, 32, 16, 32, 1, 0], "accuracy": 0.8489547607}
{"config": [6, 64, 128, 32, 1, 0], "accuracy": 0.8360525886}
{"config": [6, 16, 16, 64, 0, 1], "accuracy": 0.8283847787}
{"config": [6, 32, 16, 32, 0, 0], "accuracy": 0.8284991017000001}
{"config": [3, 16, 128, 64, 1, 1], "accuracy": 0.8245794545}
{"config": [3, 64, 32, 64, 1, 1], "accuracy": 0.8156132615}
{"config": [9, 16, 128, 32, 1, 1], "accuracy": 0.8245712886000001}
{"config": [9, 64, 128, 64, 1, 0], "accuracy": 0.8117181120000001}
{"config": [9, 64, 16, 32, 1, 0], "accuracy": 0.84377756}
{"config": [3, 16, 64, 64, 1, 0], "accuracy": 0.8002694757000001}
{"config": [3, 64, 16, 32, 1, 1], "accuracy": 0.8399395721}
{"config": [9, 32, 32, 32, 1, 1], "accuracy": 0.8399314062000001}
{"config": [3, 32, 128, 41, 1, 0], "accuracy": 0.8348603626000001}
{"config": [9, 32, 128, 64, 1, 1], "accuracy": 0.8335293157}
{"config": [3, 64, 32, 32, 1, 0], "accuracy": 0.8219990201}
{"config": [9, 32, 64, 32, 1, 0], "accuracy": 0.8411889597000001}
{"config": [9, 64, 64, 64, 1, 0], "accuracy": 0.8309815450000001}
{"config": [9, 16, 16, 41, 1, 1], "accuracy": 0.8374326311}
{"config": [6, 64, 16, 64, 1, 0], "accuracy": 0.8206679732000001}
{"config": [3, 32, 16, 64, 1, 1], "accuracy": 0.8233790626}
{"config": [9, 16, 32, 64, 1, 0], "accuracy": 0.8361424138}
{"config": [6, 16, 64, 32, 1, 1], "accuracy": 0.850236812}
{"config": [3, 64, 64, 32, 1, 1], "accuracy": 0.8220235179000001}
{"config": [3, 16, 32, 41, 1, 0], "accuracy": 0.8296749959}
{"config": [9, 64, 128, 41, 1, 1], "accuracy": 0.8412134575}
{"config": [9, 16, 128, 64, 1, 0], "accuracy": 0.8220316838}
{"config": [9, 32, 128, 32, 0, 1], "accuracy": 0.8527274212}
{"config": [9, 64, 16, 41, 1, 1], "accuracy": 0.8501633186}
{"config": [3, 64, 128, 41, 0, 1], "accuracy": 0.8322472644000001}
{"config": [9, 32, 64, 64, 0, 1], "accuracy": 0.7861179161}
{"config": [9, 64, 64, 41, 1, 0], "accuracy": 0.8374326311}
{"config": [9, 64, 32, 64, 1, 0], "accuracy": 0.8233790626}
{"config": [9, 16, 64, 41, 0, 1], "accuracy": 0.8259105014}
{"config": [3, 32, 128, 32, 0, 1], "accuracy": 0.8182345256}
{"config": [9, 16, 32, 32, 1, 0], "accuracy": 0.8386575208}
{"config": [3, 32, 128, 64, 0, 0], "accuracy": 0.8143148783}
{"config": [3, 16, 32, 64, 1, 1], "accuracy": 0.8309488813}
{"config": [3, 64, 128, 64, 1, 0], "accuracy": 0.8207414666}
{"config": [3, 64, 16, 41, 1, 0], "accuracy": 0.8437367304000001}
{"config": [9, 32, 32, 64, 1, 1], "accuracy": 0.8359954271000001}
{"config": [3, 64, 64, 64, 0, 1], "accuracy": 0.8028989058}
{"config": [3, 32, 16, 41, 1, 1], "accuracy": 0.8143638739}
{"config": [3, 32, 64, 32, 1, 0], "accuracy": 0.8335048179000001}
{"config": [3, 16, 128, 41, 0, 1], "accuracy": 0.7913604442000001}
{"config": [9, 32, 64, 41, 1, 1], "accuracy": 0.8309978769}
{"config": [3, 16, 32, 32, 1, 1], "accuracy": 0.8181528662}
{"config": [3, 32, 32, 64, 1, 0], "accuracy": 0.816985138}
{"config": [9, 64, 32, 41, 0, 0], "accuracy": 0.8347623714}
