{"config": [9, 32, 32, 64, 1, 0], "accuracy": 0.7977327795}
{"config": [9, 64, 16, 41, 1, 1], "accuracy": 0.8144686743}
{"config": [3, 32, 32, 64, 0, 1], "accuracy": 0.7996019384}
{"config": [9, 32, 64, 41, 1, 0], "accuracy": 0.8107303565}
{"config": [6, 16, 128, 32, 0, 1], "accuracy": 0.7218241606}
{"config": [3, 16, 16, 32, 1, 0], "accuracy": 0.8237971616}
{"config": [3, 64, 128, 64, 1, 0], "accuracy": 0.6456213223}
{"config": [3, 64, 64, 32, 0, 0], "accuracy": 0.7941329180000001}
{"config": [3, 16, 64, 64, 1, 0], "accuracy": 0.8109380408}
{"config": [6, 16, 64, 32, 1, 1], "accuracy": 0.7716857044000001}
{"config": [9, 16, 128, 64, 0, 0], "accuracy": 0.742229145}
{"config": [9, 64, 64, 64, 1, 0], "accuracy": 0.7774143302000001}
{"config": [9, 32, 16, 32, 0, 1], "accuracy": 0.7754586362}
{"config": [3, 16, 16, 64, 1, 1], "accuracy": 0.8199896158000001}
{"config": [3, 64, 16, 64, 0, 1], "accuracy": 0.7978539287}
{"config": [3, 64, 16, 32, 1, 0], "accuracy": 0.8106784354000001}
{"config": [9, 64, 128, 32, 1, 0], "accuracy": 0.6714780201}
{"config": [3, 16, 32, 41, 1, 0], "accuracy": 0.8034094843}
{"config": [3, 64, 32, 41, 0, 0], "accuracy": 0.7867082035}
{"config": [9, 32, 64, 64, 0, 1], "accuracy": 0.7904465213}
{"config": [3, 32, 16, 64, 1, 0], "accuracy": 0.8088438906000001}
{"config": [3, 32, 128, 41, 1, 0], "accuracy": 0.7367082035}
{"config": [9, 16, 16, 41, 0, 0], "accuracy": 0.8088092766}
{"config": [9, 64, 64, 32, 1, 0], "accuracy": 0.7811526480000001}
{"config": [3, 32, 64, 32, 1, 0], "accuracy": 0.8088611976000001}
{"config": [3, 32, 16, 41, 1, 1], "accuracy": 0.8014884043}
{"config": [3, 16, 128, 64, 1, 1], "accuracy": 0.7791623399000001}
{"config": [9, 64, 32, 64, 1, 0], "accuracy": 0.8089131187}
{"config": [3, 32, 64, 64, 1, 1], "accuracy": 0.7977500865}
{"config": [3, 16, 32, 64, 0, 0], "accuracy": 0.8053478712000001}
{"config": [3, 64, 64, 41, 1, 1], "accuracy": 0.8052094150000001}
{"config": [9, 16, 16, 64, 0, 1], "accuracy": 0.7977500865}
{"config": [3, 32, 128, 64, 0, 0], "accuracy": 0.7198165455000001}
{"config": [9, 64, 32, 32, 0, 1], "accuracy": 0.7774662513}
{"config": [3, 64, 32, 64, 1, 1], "accuracy": 0.7867947387}
{"config": [3, 16, 16, 41, 0, 1], "accuracy": 0.8200588439000001}
{"config": [3, 32, 32, 32, 0, 0], "accuracy": 0.8385427484}
{"config": [9, 16, 32, 32, 1, 1], "accuracy": 0.7772758740000001}
{"config": [9, 32, 32, 41, 0, 0], "accuracy": 0.7791796469000001}
{"config": [3, 16, 128, 41, 0, 0], "accuracy": 0.7625822084}
{"config": [6, 16, 64, 41, 0, 0], "accuracy": 0.8069228107}
{"config": [3, 64, 128, 41, 0, 1], "accuracy": 0.7348390447}
{"config": [9, 16, 64, 64, 0, 1], "accuracy": 0.8144513673}
{"config": [3, 64, 64, 64, 0, 1], "accuracy": 0.8032017999000001}
{"config": [9, 64, 16, 32, 1, 0], "accuracy": 0.7828833506}
{"config": [3, 16, 32, 32, 0, 0], "accuracy": 0.8144340602}
{"config": [3, 64, 128, 32, 1, 0], "accuracy": 0.7514537902}
{"config": [3, 64, 16, 41, 0, 1], "accuracy": 0.8367601246}
{"config": [6, 32, 64, 41, 0, 1], "accuracy": 0.7958982347}
{"config": [9, 32, 64, 32, 1, 1], "accuracy": 0.7848217376000001}
