{"config": [6, 64, 64, 64, 0, 0], "accuracy": 0.9648221344000001}
{"config": [9, 16, 128, 64, 1, 0], "accuracy": 0.9727272727}
{"config": [6, 16, 64, 64, 0, 1], "accuracy": 0.9739130435000001}
{"config": [3, 32, 16, 41, 1, 0], "accuracy": 0.9648221344000001}
{"config": [9, 16, 32, 32, 0, 0], "accuracy": 0.9727272727}
{"config": [6, 16, 64, 64, 0, 0], "accuracy": 0.9826086957000001}
{"config": [3, 64, 128, 32, 1, 0], "accuracy": 0.9822134387}
{"config": [3, 16, 128, 32, 0, 0], "accuracy": 0.9727272727}
{"config": [9, 16, 16, 64, 0, 1], "accuracy": 0.9826086957000001}
{"config": [3, 64, 128, 64, 0, 0], "accuracy": 0.9636363636}
{"config": [9, 64, 16, 32, 0, 1], "accuracy": 0.9913043478}
{"config": [6, 64, 16, 64, 1, 0], "accuracy": 0.9826086957000001}
{"config": [9, 32, 128, 32, 0, 0], "accuracy": 0.9822134387}
{"config": [9, 64, 64, 32, 1, 0], "accuracy": 0.9549407115}
{"config": [9, 32, 32, 64, 1, 0], "accuracy": 1.0}
{"config": [3, 32, 128, 64, 0, 0], "accuracy": 0.9818181818}
{"config": [3, 64, 32, 32, 0, 0], "accuracy": 0.9822134387}
{"config": [3, 16, 32, 64, 1, 0], "accuracy": 0.9735177866}
{"config": [9, 64, 32, 41, 0, 0], "accuracy": 0.9739130435000001}
{"config": [3, 32, 64, 32, 1, 0], "accuracy": 0.9636363636}
{"config": [9, 64, 128, 32, 0, 0], "accuracy": 0.9826086957000001}
{"config": [6, 32, 16, 64, 0, 0], "accuracy": 0.9735177866}
{"config": [9, 16, 64, 41, 0, 0], "accuracy": 0.9909090909}
{"config": [3, 64, 16, 41, 1, 0], "accuracy": 0.9818181818}
{"config": [9, 32, 64, 64, 0, 1], "accuracy": 0.9826086957000001}
{"config": [3, 16, 16, 32, 1, 0], "accuracy": 0.9818181818}
{"config": [3, 32, 128, 41, 1, 0], "accuracy": 0.9375494071}
{"config": [3, 64, 32, 64, 1, 1], "accuracy": 0.9727272727}
{"config": [9, 16, 64, 32, 1, 1], "accuracy": 0.9735177866}
{"config": [9, 16, 16, 41, 1, 0], "accuracy": 0.9913043478}
{"config": [9, 32, 16, 32, 1, 0], "accuracy": 0.9913043478}
{"config": [9, 16, 128, 32, 1, 0], "accuracy": 0.9727272727}
{"config": [9, 32, 128, 64, 1, 1], "accuracy": 0.9731225296}
{"config": [9, 64, 32, 64, 1, 0], "accuracy": 0.9818181818}
{"config": [3, 64, 64, 41, 0, 0], "accuracy": 0.9640316206}
{"config": [9, 16, 32, 64, 1, 0], "accuracy": 0.9731225296}
{"config": [3, 32, 64, 64, 1, 1], "accuracy": 0.9739130435000001}
{"config": [3, 64, 128, 41, 0, 1], "accuracy": 0.9636363636}
{"config": [9, 32, 32, 32, 1, 0], "accuracy": 0.9363636364000001}
{"config": [3, 32, 32, 64, 0, 1], "accuracy": 0.9818181818}
{"config": [3, 16, 128, 64, 1, 1], "accuracy": 0.9739130435000001}
{"config": [9, 64, 128, 64, 1, 0], "accuracy": 0.9739130435000001}
{"config": [9, 32, 64, 41, 1, 0], "accuracy": 0.9300395257}
{"config": [3, 16, 32, 41, 0, 1], "accuracy": 0.9640316206}
{"config": [3, 64, 64, 32, 0, 1], "accuracy": 0.9731225296}
{"config": [3, 64, 16, 32, 0, 0], "accuracy": 0.9913043478}
{"config": [9, 16, 16, 32, 1, 1], "accuracy": 0.9818181818}
{"config": [3, 16, 128, 41, 0, 1], "accuracy": 0.9826086957000001}
{"config": [3, 16, 16, 64, 1, 1], "accuracy": 0.9913043478}
{"config": [9, 64, 16, 32, 1, 0], "accuracy": 0.9822134387}
