{"config": [6, 16, 128, 41, 1, 1], "accuracy": 0.5510752688}
{"config": [6, 16, 32, 41, 0, 1], "accuracy": 0.45991117340000004}
{"config": [9, 64, 32, 41, 0, 0], "accuracy": 0.4923328658}
{"config": [3, 64, 128, 64, 0, 0], "accuracy": 0.5704067321}
{"config": [3, 64, 128, 64, 1, 0], "accuracy": 0.5440860215000001}
{"config": [6, 32, 64, 41, 0, 1], "accuracy": 0.5659186536}
{"config": [9, 64, 128, 32, 0, 0], "accuracy": 0.3667601683}
{"config": [3, 32, 128, 64, 0, 0], "accuracy": 0.6025712950000001}
{"config": [3, 64, 64, 64, 0, 1], "accuracy": 0.5184198223}
{"config": [9, 16, 64, 64, 0, 0], "accuracy": 0.5356708742}
{"config": [9, 16, 128, 64, 0, 0], "accuracy": 0.5528985507}
{"config": [3, 64, 16, 64, 0, 1], "accuracy": 0.5312996727}
{"config": [3, 64, 16, 32, 0, 1], "accuracy": 0.5636979897000001}
{"config": [3, 16, 128, 64, 0, 0], "accuracy": 0.5355773726}
{"config": [9, 16, 64, 32, 1, 1], "accuracy": 0.42342215990000004}
{"config": [3, 32, 16, 64, 1, 1], "accuracy": 0.5354137447}
{"config": [9, 32, 64, 64, 0, 1], "accuracy": 0.511430575}
{"config": [3, 64, 64, 32, 0, 1], "accuracy": 0.5421224871}
{"config": [3, 32, 16, 32, 1, 0], "accuracy": 0.5853669939}
{"config": [3, 32, 128, 32, 0, 1], "accuracy": 0.5657784011}
{"config": [3, 32, 32, 32, 0, 0], "accuracy": 0.5529219261}
{"config": [3, 32, 16, 41, 0, 0], "accuracy": 0.6090229079}
{"config": [9, 32, 16, 41, 0, 1], "accuracy": 0.5377279102}
{"config": [9, 32, 128, 41, 1, 0], "accuracy": 0.4494389902}
{"config": [3, 16, 128, 32, 0, 0], "accuracy": 0.6025946704}
{"config": [3, 16, 64, 64, 1, 1], "accuracy": 0.5595137915}
{"config": [3, 16, 16, 64, 1, 1], "accuracy": 0.5659654044}
{"config": [3, 16, 32, 64, 0, 0], "accuracy": 0.5053529687}
{"config": [3, 16, 16, 32, 0, 1], "accuracy": 0.5745675549}
{"config": [3, 32, 64, 32, 1, 0], "accuracy": 0.5465404395}
{"config": [3, 64, 32, 32, 0, 1], "accuracy": 0.5335670874}
{"config": [3, 64, 16, 41, 0, 1], "accuracy": 0.5811827957}
{"config": [3, 64, 32, 64, 1, 1], "accuracy": 0.524801309}
{"config": [9, 16, 128, 32, 1, 1], "accuracy": 0.3872604021}
{"config": [3, 16, 128, 41, 0, 0], "accuracy": 0.5918186068}
{"config": [9, 32, 128, 64, 1, 1], "accuracy": 0.5315801777}
{"config": [3, 64, 64, 41, 0, 0], "accuracy": 0.5658017765000001}
{"config": [3, 16, 16, 41, 1, 1], "accuracy": 0.5852968677}
{"config": [3, 64, 128, 41, 0, 1], "accuracy": 0.5658719028}
{"config": [3, 32, 32, 64, 0, 1], "accuracy": 0.5487377279}
{"config": [3, 32, 32, 41, 1, 1], "accuracy": 0.5483169705000001}
{"config": [9, 64, 64, 41, 0, 1], "accuracy": 0.3611968209}
{"config": [3, 32, 64, 64, 1, 1], "accuracy": 0.5766012155}
{"config": [9, 16, 16, 64, 0, 1], "accuracy": 0.4472650771}
{"config": [3, 32, 128, 41, 1, 0], "accuracy": 0.5377279102}
{"config": [6, 16, 64, 41, 0, 0], "accuracy": 0.5398784479000001}
{"config": [9, 64, 16, 41, 1, 0], "accuracy": 0.5182561945}
{"config": [3, 64, 32, 41, 0, 0], "accuracy": 0.5271154745000001}
{"config": [9, 16, 16, 32, 1, 1], "accuracy": 0.5228845255}
{"config": [9, 64, 128, 64, 1, 1], "accuracy": 0.4790790089}
