{"config": [6, 64, 64, 64, 0, 0], "accuracy": 0.8211828698}
{"config": [9, 16, 128, 64, 1, 0], "accuracy": 0.8229640696}
{"config": [6, 16, 64, 64, 0, 1], "accuracy": 0.8281965832}
{"config": [3, 32, 16, 41, 1, 0], "accuracy": 0.8378265533}
{"config": [9, 16, 32, 32, 0, 0], "accuracy": 0.8238450931}
{"config": [3, 32, 16, 41, 0, 0], "accuracy": 0.8361143032}
{"config": [3, 64, 128, 32, 1, 0], "accuracy": 0.8343445951}
{"config": [3, 16, 128, 32, 0, 0], "accuracy": 0.8194744503}
{"config": [9, 16, 16, 64, 1, 1], "accuracy": 0.8282119053}
{"config": [3, 64, 128, 64, 1, 0], "accuracy": 0.8255535126}
{"config": [3, 64, 16, 32, 1, 1], "accuracy": 0.8247261166000001}
{"config": [3, 64, 64, 32, 1, 1], "accuracy": 0.8273615261}
{"config": [3, 64, 16, 64, 0, 1], "accuracy": 0.8089902704}
{"config": [9, 32, 128, 32, 0, 1], "accuracy": 0.8264421972}
{"config": [3, 16, 16, 32, 1, 1], "accuracy": 0.8352179576000001}
{"config": [3, 32, 128, 64, 0, 0], "accuracy": 0.8229717306000001}
{"config": [3, 16, 32, 64, 1, 0], "accuracy": 0.8124377538}
{"config": [3, 32, 64, 32, 1, 0], "accuracy": 0.8396498889}
{"config": [9, 32, 16, 32, 1, 1], "accuracy": 0.8247337777}
{"config": [9, 16, 64, 32, 1, 1], "accuracy": 0.843124186}
{"config": [9, 64, 128, 41, 1, 0], "accuracy": 0.8247107945000001}
{"config": [9, 64, 32, 41, 0, 0], "accuracy": 0.8133455911}
{"config": [9, 32, 64, 41, 1, 1], "accuracy": 0.826469011}
{"config": [3, 32, 128, 41, 1, 0], "accuracy": 0.8115375776}
{"config": [9, 32, 32, 64, 1, 1], "accuracy": 0.8317513215000001}
{"config": [3, 32, 16, 64, 1, 0], "accuracy": 0.8185512909}
{"config": [3, 32, 32, 41, 1, 1], "accuracy": 0.7975446258000001}
{"config": [9, 16, 16, 41, 1, 0], "accuracy": 0.8212096836}
{"config": [9, 32, 64, 64, 0, 1], "accuracy": 0.8326055313}
{"config": [9, 64, 64, 32, 1, 0], "accuracy": 0.8317283383}
{"config": [9, 64, 32, 64, 1, 0], "accuracy": 0.8168696851}
{"config": [9, 64, 16, 41, 1, 0], "accuracy": 0.8194629587000001}
{"config": [9, 64, 128, 64, 1, 1], "accuracy": 0.8457212901000001}
{"config": [9, 32, 128, 64, 1, 1], "accuracy": 0.8281927526}
{"config": [6, 16, 64, 41, 0, 0], "accuracy": 0.8361104727}
{"config": [3, 16, 128, 64, 1, 1], "accuracy": 0.8080288056}
{"config": [9, 16, 128, 41, 1, 0], "accuracy": 0.8194476366000001}
{"config": [9, 64, 128, 32, 0, 0], "accuracy": 0.8255688348}
{"config": [9, 64, 64, 41, 0, 1], "accuracy": 0.811533747}
{"config": [9, 16, 64, 64, 0, 0], "accuracy": 0.8229295947}
{"config": [3, 32, 64, 64, 1, 1], "accuracy": 0.818566613}
{"config": [3, 64, 128, 41, 0, 1], "accuracy": 0.8238719068}
{"config": [9, 64, 32, 32, 0, 1], "accuracy": 0.8387420516}
{"config": [3, 64, 32, 32, 1, 0], "accuracy": 0.8256262928}
{"config": [3, 16, 32, 41, 0, 1], "accuracy": 0.8098061748000001}
{"config": [3, 64, 32, 64, 1, 1], "accuracy": 0.8177009117}
{"config": [3, 16, 16, 64, 1, 1], "accuracy": 0.7992836896000001}
{"config": [9, 16, 32, 64, 1, 1], "accuracy": 0.81069869}
{"config": [9, 64, 16, 32, 1, 0], "accuracy": 0.8273232207000001}
{"config": [9, 32, 64, 32, 1, 0], "accuracy": 0.8247107945000001}
