{"config": [9, 64, 16, 32, 1, 0], "accuracy": 0.5949221949}
{"config": [3, 64, 16, 41, 0, 1], "accuracy": 0.6129074529}
{"config": [9, 16, 16, 41, 0, 0], "accuracy": 0.6093529894}
{"config": [6, 64, 128, 32, 1, 0], "accuracy": 0.47746109750000004}
{"config": [9, 64, 128, 32, 0, 0], "accuracy": 0.5028173628}
{"config": [9, 32, 64, 64, 0, 1], "accuracy": 0.5351515152}
{"config": [6, 64, 16, 64, 1, 0], "accuracy": 0.5803767404}
{"config": [9, 64, 64, 32, 0, 1], "accuracy": 0.44}
{"config": [9, 16, 128, 64, 0, 0], "accuracy": 0.5208681409}
{"config": [3, 16, 16, 64, 1, 1], "accuracy": 0.6113185913}
{"config": [9, 16, 128, 32, 1, 1], "accuracy": 0.44859950860000003}
{"config": [9, 64, 128, 64, 1, 1], "accuracy": 0.5406224406}
{"config": [3, 32, 16, 41, 0, 1], "accuracy": 0.6183947584}
{"config": [3, 16, 16, 32, 0, 1], "accuracy": 0.6149058149000001}
{"config": [3, 16, 32, 41, 0, 1], "accuracy": 0.5913677314}
{"config": [9, 16, 64, 32, 1, 1], "accuracy": 0.4739393939}
{"config": [9, 16, 32, 64, 1, 1], "accuracy": 0.5514987715}
{"config": [3, 64, 64, 64, 0, 1], "accuracy": 0.5102211302}
{"config": [3, 16, 64, 64, 1, 0], "accuracy": 0.5930548731}
{"config": [3, 32, 16, 64, 1, 0], "accuracy": 0.6113022113000001}
{"config": [3, 32, 128, 64, 0, 0], "accuracy": 0.49380835380000004}
{"config": [3, 16, 16, 41, 1, 1], "accuracy": 0.6257002457}
{"config": [3, 64, 32, 41, 0, 0], "accuracy": 0.5372153972}
{"config": [3, 64, 16, 32, 0, 0], "accuracy": 0.6239639640000001}
{"config": [3, 32, 16, 32, 1, 0], "accuracy": 0.6022276822}
{"config": [3, 16, 32, 64, 0, 0], "accuracy": 0.5895004095}
{"config": [9, 32, 128, 41, 1, 0], "accuracy": 0.4016380016}
{"config": [3, 64, 32, 64, 1, 1], "accuracy": 0.6058149058}
{"config": [3, 32, 32, 64, 0, 1], "accuracy": 0.5659459459}
{"config": [9, 64, 32, 64, 0, 1], "accuracy": 0.5947420147}
{"config": [9, 16, 64, 64, 0, 0], "accuracy": 0.5661588862}
{"config": [3, 32, 64, 32, 1, 0], "accuracy": 0.5930876331}
{"config": [3, 32, 32, 32, 0, 0], "accuracy": 0.5784275184000001}
{"config": [6, 32, 64, 41, 0, 1], "accuracy": 0.5587059787}
{"config": [3, 16, 128, 64, 1, 1], "accuracy": 0.46098280100000005}
{"config": [9, 16, 16, 64, 0, 1], "accuracy": 0.6004586405}
{"config": [3, 64, 128, 64, 0, 0], "accuracy": 0.4520556921}
{"config": [9, 32, 16, 32, 0, 1], "accuracy": 0.5985585586000001}
{"config": [9, 16, 32, 32, 1, 0], "accuracy": 0.5567076167}
{"config": [9, 32, 64, 32, 1, 0], "accuracy": 0.5117280917}
{"config": [3, 64, 16, 32, 1, 1], "accuracy": 0.6237674038000001}
{"config": [9, 64, 128, 41, 1, 1], "accuracy": 0.5171171171}
{"config": [3, 64, 64, 41, 1, 0], "accuracy": 0.558968059}
{"config": [3, 32, 32, 41, 1, 0], "accuracy": 0.5875348075}
{"config": [9, 32, 128, 64, 1, 1], "accuracy": 0.5062899263}
{"config": [9, 16, 16, 32, 1, 1], "accuracy": 0.5860442260000001}
{"config": [9, 64, 64, 64, 1, 0], "accuracy": 0.5332841933}
{"config": [3, 16, 128, 41, 0, 0], "accuracy": 0.45220311220000003}
{"config": [9, 32, 16, 41, 0, 1], "accuracy": 0.5697624898}
{"config": [3, 64, 16, 64, 0, 1], "accuracy": 0.6093857494}
