{"config": [9, 32, 32, 41, 1, 0], "accuracy": 0.8294080723}
{"config": [6, 16, 16, 32, 1, 1], "accuracy": 0.8496202373}
{"config": [9, 32, 16, 41, 0, 1], "accuracy": 0.8260937794000001}
{"config": [9, 32, 32, 64, 0, 1], "accuracy": 0.8439645973000001}
{"config": [3, 64, 16, 32, 0, 1], "accuracy": 0.8406440274}
{"config": [6, 16, 16, 32, 1, 0], "accuracy": 0.8451133011}
{"config": [3, 16, 128, 64, 1, 1], "accuracy": 0.8372041931}
{"config": [3, 64, 128, 64, 0, 1], "accuracy": 0.8473667692}
{"config": [3, 64, 128, 32, 1, 0], "accuracy": 0.8653380202000001}
{"config": [3, 16, 16, 64, 1, 1], "accuracy": 0.8551879982}
{"config": [3, 64, 64, 64, 0, 1], "accuracy": 0.8597074885}
{"config": [3, 16, 128, 32, 0, 0], "accuracy": 0.8541146193}
{"config": [3, 16, 64, 64, 1, 1], "accuracy": 0.8495825749}
{"config": [3, 64, 16, 64, 0, 1], "accuracy": 0.8463059444000001}
{"config": [9, 64, 64, 32, 0, 1], "accuracy": 0.7308078589}
{"config": [3, 32, 128, 41, 1, 0], "accuracy": 0.8597012115}
{"config": [3, 32, 32, 64, 0, 1], "accuracy": 0.8484589793}
{"config": [9, 64, 128, 41, 1, 1], "accuracy": 0.7585713389000001}
{"config": [6, 16, 64, 32, 1, 1], "accuracy": 0.8394953236}
{"config": [3, 16, 32, 41, 0, 1], "accuracy": 0.8697947398}
{"config": [3, 64, 32, 64, 1, 1], "accuracy": 0.8563178708}
{"config": [3, 32, 128, 32, 0, 1], "accuracy": 0.8440399222}
{"config": [9, 16, 32, 64, 1, 1], "accuracy": 0.8496327914}
{"config": [3, 32, 128, 64, 0, 0], "accuracy": 0.8540832339000001}
{"config": [3, 32, 64, 64, 1, 1], "accuracy": 0.8518674283000001}
{"config": [9, 64, 16, 41, 1, 1], "accuracy": 0.8260310087}
{"config": [3, 16, 32, 32, 1, 1], "accuracy": 0.8506622309}
{"config": [3, 64, 32, 41, 0, 1], "accuracy": 0.8428974954}
{"config": [3, 32, 64, 32, 1, 0], "accuracy": 0.8574351893000001}
{"config": [3, 64, 128, 41, 0, 1], "accuracy": 0.8642018706}
{"config": [3, 16, 16, 41, 1, 1], "accuracy": 0.8383717281}
{"config": [9, 16, 16, 64, 0, 1], "accuracy": 0.8496327914}
{"config": [6, 32, 64, 41, 0, 1], "accuracy": 0.7923294206}
{"config": [9, 64, 32, 32, 0, 1], "accuracy": 0.8552319377000001}
{"config": [9, 64, 32, 64, 0, 1], "accuracy": 0.8361496453}
{"config": [6, 32, 16, 64, 1, 0], "accuracy": 0.8417550687}
{"config": [3, 16, 128, 41, 0, 1], "accuracy": 0.858583893}
{"config": [3, 64, 32, 32, 1, 0], "accuracy": 0.8373548428}
{"config": [9, 16, 32, 32, 0, 0], "accuracy": 0.8383403427}
{"config": [3, 32, 32, 32, 0, 0], "accuracy": 0.8507124474000001}
{"config": [9, 16, 128, 41, 1, 0], "accuracy": 0.7957504237}
{"config": [3, 16, 32, 64, 0, 0], "accuracy": 0.8630406126}
{"config": [9, 64, 64, 64, 1, 0], "accuracy": 0.8036155922}
{"config": [9, 16, 64, 64, 0, 0], "accuracy": 0.8372293014000001}
{"config": [3, 32, 16, 32, 1, 0], "accuracy": 0.8394513841}
{"config": [3, 64, 64, 41, 1, 0], "accuracy": 0.8496139602}
{"config": [9, 16, 128, 64, 0, 0], "accuracy": 0.7776724625}
{"config": [9, 64, 16, 32, 0, 1], "accuracy": 0.8429539891000001}
{"config": [6, 16, 64, 41, 0, 0], "accuracy": 0.8283472475}
{"config": [3, 16, 16, 32, 0, 1], "accuracy": 0.8383905593000001}
