{"config": [9, 32, 32, 64, 1, 1], "accuracy": 0.9620185923000001}
{"config": [3, 16, 16, 41, 0, 1], "accuracy": 0.9572377158}
{"config": [9, 16, 128, 64, 0, 0], "accuracy": 0.9575033201}
{"config": [6, 16, 32, 32, 0, 0], "accuracy": 0.9609561753}
{"config": [9, 64, 64, 64, 1, 0], "accuracy": 0.9577689243}
{"config": [9, 32, 32, 64, 0, 1], "accuracy": 0.9596281541}
{"config": [9, 64, 128, 32, 1, 0], "accuracy": 0.9609561753}
{"config": [9, 64, 16, 32, 1, 0], "accuracy": 0.9535192563}
{"config": [3, 16, 128, 32, 0, 0], "accuracy": 0.9479415671}
{"config": [3, 64, 64, 32, 1, 1], "accuracy": 0.9622841965000001}
{"config": [3, 64, 128, 64, 1, 0], "accuracy": 0.9609561753}
{"config": [3, 16, 64, 64, 1, 0], "accuracy": 0.9559096946000001}
{"config": [3, 64, 16, 64, 0, 1], "accuracy": 0.9583001328}
{"config": [9, 16, 64, 32, 1, 1], "accuracy": 0.9588313413}
{"config": [9, 16, 16, 64, 1, 1], "accuracy": 0.9580345286}
{"config": [3, 32, 64, 32, 1, 0], "accuracy": 0.9609561753}
{"config": [3, 16, 128, 64, 1, 1], "accuracy": 0.9532536521}
{"config": [9, 32, 128, 41, 1, 0], "accuracy": 0.9646746348}
{"config": [9, 64, 128, 64, 1, 1], "accuracy": 0.9612217795}
{"config": [9, 32, 16, 32, 1, 1], "accuracy": 0.9540504648}
{"config": [3, 32, 16, 64, 1, 0], "accuracy": 0.9585657371}
{"config": [3, 64, 32, 41, 0, 0], "accuracy": 0.9545816733}
{"config": [3, 64, 128, 41, 0, 1], "accuracy": 0.9612217795}
{"config": [9, 64, 64, 41, 1, 0], "accuracy": 0.9606905710000001}
{"config": [3, 32, 128, 64, 0, 0], "accuracy": 0.9614873838}
{"config": [9, 64, 32, 64, 1, 0], "accuracy": 0.9588313413}
{"config": [3, 16, 32, 64, 1, 1], "accuracy": 0.9559096946000001}
{"config": [9, 32, 128, 32, 0, 1], "accuracy": 0.9630810093000001}
{"config": [9, 32, 64, 64, 0, 1], "accuracy": 0.9590969456}
{"config": [3, 16, 16, 32, 1, 0], "accuracy": 0.9535192563}
{"config": [9, 64, 32, 32, 0, 1], "accuracy": 0.9598937583}
{"config": [3, 64, 64, 64, 0, 1], "accuracy": 0.9628154050000001}
{"config": [9, 16, 128, 32, 1, 1], "accuracy": 0.9556440903000001}
{"config": [9, 16, 16, 41, 1, 0], "accuracy": 0.9577689243}
{"config": [3, 32, 32, 41, 1, 0], "accuracy": 0.9553784861}
{"config": [9, 32, 128, 64, 1, 1], "accuracy": 0.9588313413}
{"config": [9, 64, 16, 41, 1, 1], "accuracy": 0.9577689243}
{"config": [9, 32, 64, 41, 1, 1], "accuracy": 0.9598937583}
{"config": [3, 64, 16, 32, 1, 1], "accuracy": 0.9575033201}
{"config": [9, 16, 64, 64, 0, 1], "accuracy": 0.9646746348}
{"config": [6, 16, 64, 41, 0, 0], "accuracy": 0.9636122178000001}
{"config": [3, 16, 128, 41, 0, 1], "accuracy": 0.9556440903000001}
{"config": [9, 64, 64, 32, 0, 1], "accuracy": 0.9609561753}
{"config": [3, 64, 128, 32, 1, 0], "accuracy": 0.9617529880000001}
{"config": [3, 64, 32, 64, 1, 1], "accuracy": 0.9612217795}
{"config": [9, 16, 32, 64, 1, 0], "accuracy": 0.9601593625}
{"config": [6, 16, 32, 41, 1, 1], "accuracy": 0.9561752988000001}
{"config": [9, 32, 32, 32, 1, 0], "accuracy": 0.9580345286}
{"config": [3, 32, 16, 41, 1, 0], "accuracy": 0.9561752988000001}
{"config": [3, 64, 64, 41, 0, 1], "accuracy": 0.9593625498}
