{"config": [6, 64, 64, 64, 0, 0], "accuracy": 0.4478672986}
{"config": [9, 16, 128, 64, 1, 0], "accuracy": 0.4516587678}
{"config": [6, 16, 64, 64, 0, 1], "accuracy": 0.41943127960000004}
{"config": [3, 32, 16, 41, 1, 0], "accuracy": 0.44454976300000004}
{"config": [9, 16, 32, 32, 0, 0], "accuracy": 0.4369668246}
{"config": [9, 16, 128, 64, 0, 0], "accuracy": 0.4165876777}
{"config": [6, 32, 32, 64, 1, 0], "accuracy": 0.42085308060000004}
{"config": [9, 32, 64, 41, 1, 0], "accuracy": 0.42227488150000003}
{"config": [9, 64, 32, 41, 0, 0], "accuracy": 0.4383886256}
{"config": [3, 32, 128, 41, 1, 0], "accuracy": 0.4478672986}
{"config": [9, 64, 128, 64, 1, 0], "accuracy": 0.48862559240000003}
{"config": [9, 64, 128, 32, 1, 0], "accuracy": 0.5151658768}
{"config": [3, 64, 64, 32, 1, 1], "accuracy": 0.4549763033}
{"config": [6, 64, 16, 64, 1, 1], "accuracy": 0.4028436019}
{"config": [9, 16, 128, 32, 1, 1], "accuracy": 0.4241706161}
{"config": [9, 16, 16, 64, 1, 1], "accuracy": 0.428436019}
{"config": [3, 64, 128, 32, 1, 0], "accuracy": 0.43270142180000004}
{"config": [9, 64, 16, 32, 1, 0], "accuracy": 0.43933649290000004}
{"config": [3, 16, 16, 32, 1, 1], "accuracy": 0.4298578199}
{"config": [9, 32, 128, 64, 1, 1], "accuracy": 0.4744075829}
{"config": [9, 64, 128, 41, 1, 1], "accuracy": 0.4758293839}
{"config": [9, 64, 64, 32, 1, 0], "accuracy": 0.4331753555}
{"config": [6, 16, 64, 32, 1, 0], "accuracy": 0.4597156398}
{"config": [3, 64, 32, 32, 1, 0], "accuracy": 0.4587677725}
{"config": [3, 16, 32, 41, 1, 0], "accuracy": 0.4492890995}
{"config": [9, 32, 128, 32, 0, 0], "accuracy": 0.4895734597}
{"config": [6, 32, 32, 32, 1, 1], "accuracy": 0.4478672986}
{"config": [3, 64, 32, 64, 1, 1], "accuracy": 0.4265402844}
{"config": [3, 32, 64, 64, 1, 1], "accuracy": 0.4360189573}
{"config": [3, 64, 16, 41, 1, 1], "accuracy": 0.4279620853}
{"config": [9, 32, 128, 41, 1, 0], "accuracy": 0.4800947867}
{"config": [3, 32, 64, 32, 1, 0], "accuracy": 0.4478672986}
{"config": [3, 16, 32, 64, 1, 0], "accuracy": 0.4331753555}
{"config": [3, 32, 16, 64, 1, 1], "accuracy": 0.4213270142}
{"config": [3, 64, 128, 64, 1, 0], "accuracy": 0.4218009479}
{"config": [3, 64, 64, 41, 1, 0], "accuracy": 0.4545023697}
{"config": [9, 16, 16, 41, 1, 1], "accuracy": 0.45260663510000004}
{"config": [3, 16, 128, 64, 1, 1], "accuracy": 0.4450236967}
{"config": [9, 32, 16, 32, 1, 1], "accuracy": 0.4232227488}
{"config": [9, 64, 64, 64, 1, 0], "accuracy": 0.45260663510000004}
{"config": [3, 16, 64, 64, 1, 0], "accuracy": 0.43933649290000004}
{"config": [3, 64, 16, 32, 0, 1], "accuracy": 0.4279620853}
{"config": [6, 16, 64, 41, 0, 0], "accuracy": 0.44454976300000004}
{"config": [3, 16, 16, 64, 1, 1], "accuracy": 0.4431279621}
{"config": [9, 64, 32, 64, 1, 0], "accuracy": 0.43791469190000004}
{"config": [9, 32, 32, 41, 0, 0], "accuracy": 0.4118483412}
{"config": [3, 16, 128, 41, 1, 0], "accuracy": 0.4549763033}
{"config": [9, 64, 32, 32, 0, 1], "accuracy": 0.4123222749}
{"config": [3, 32, 128, 64, 0, 0], "accuracy": 0.43791469190000004}
{"config": [9, 64, 128, 32, 0, 0], "accuracy": 0.4848341232}
