{"config": [6, 64, 64, 64, 0, 0], "accuracy": 0.7713263168000001}
{"config": [9, 16, 128, 64, 1, 0], "accuracy": 0.7755671389000001}
{"config": [6, 16, 64, 64, 0, 1], "accuracy": 0.789859587}
{"config": [3, 32, 16, 41, 1, 0], "accuracy": 0.7990215982000001}
{"config": [9, 16, 32, 32, 0, 0], "accuracy": 0.7719922187}
{"config": [3, 32, 16, 41, 0, 0], "accuracy": 0.7851700918000001}
{"config": [3, 64, 128, 32, 1, 0], "accuracy": 0.7780284816}
{"config": [9, 16, 16, 64, 1, 1], "accuracy": 0.7880783619}
{"config": [3, 64, 16, 32, 1, 1], "accuracy": 0.7858422287}
{"config": [3, 16, 128, 32, 0, 0], "accuracy": 0.7941091381000001}
{"config": [3, 16, 16, 32, 1, 1], "accuracy": 0.8028164904}
{"config": [3, 16, 32, 64, 1, 0], "accuracy": 0.8003496608}
{"config": [3, 64, 64, 32, 1, 1], "accuracy": 0.7887397745}
{"config": [9, 16, 128, 32, 1, 1], "accuracy": 0.7753451716}
{"config": [3, 64, 128, 64, 1, 0], "accuracy": 0.7795909816000001}
{"config": [6, 64, 16, 64, 1, 1], "accuracy": 0.7891924381000001}
{"config": [3, 16, 128, 64, 1, 1], "accuracy": 0.7885195531}
{"config": [3, 32, 64, 32, 1, 0], "accuracy": 0.7880831006}
{"config": [3, 32, 128, 41, 1, 0], "accuracy": 0.7798042199}
{"config": [9, 32, 32, 64, 1, 1], "accuracy": 0.7762450120000001}
{"config": [9, 64, 16, 32, 1, 0], "accuracy": 0.7822663109}
{"config": [6, 16, 64, 32, 1, 0], "accuracy": 0.7798084597}
{"config": [3, 32, 16, 64, 1, 0], "accuracy": 0.8005801077}
{"config": [3, 64, 32, 32, 1, 0], "accuracy": 0.7961190642}
{"config": [3, 32, 64, 64, 1, 1], "accuracy": 0.7923201816000001}
{"config": [9, 64, 128, 64, 1, 1], "accuracy": 0.7577142358000001}
{"config": [3, 64, 32, 64, 1, 1], "accuracy": 0.7802538907000001}
{"config": [3, 32, 16, 32, 1, 0], "accuracy": 0.8041550279}
{"config": [3, 32, 128, 64, 0, 0], "accuracy": 0.7967807263000001}
{"config": [9, 64, 64, 32, 1, 0], "accuracy": 0.7664188448}
{"config": [3, 16, 32, 32, 1, 1], "accuracy": 0.8061624601}
{"config": [3, 32, 128, 32, 0, 1], "accuracy": 0.7936547287}
{"config": [9, 32, 32, 32, 1, 1], "accuracy": 0.7818228751}
{"config": [3, 64, 128, 41, 0, 1], "accuracy": 0.7791423085}
{"config": [3, 16, 64, 64, 1, 0], "accuracy": 0.7842812251}
{"config": [3, 64, 64, 41, 1, 0], "accuracy": 0.7853967977}
{"config": [3, 16, 16, 64, 1, 1], "accuracy": 0.8003591381}
{"config": [9, 32, 64, 41, 1, 1], "accuracy": 0.7619583001}
{"config": [3, 64, 16, 41, 1, 0], "accuracy": 0.7932140363}
{"config": [9, 64, 128, 32, 0, 0], "accuracy": 0.7809225359}
{"config": [3, 16, 128, 41, 0, 1], "accuracy": 0.7894181464000001}
{"config": [3, 32, 32, 41, 1, 0], "accuracy": 0.7827077514}
{"config": [9, 64, 32, 64, 1, 0], "accuracy": 0.7766904429}
{"config": [6, 64, 32, 41, 0, 1], "accuracy": 0.7829369513000001}
{"config": [9, 32, 16, 32, 1, 1], "accuracy": 0.777126646}
{"config": [9, 32, 64, 64, 0, 1], "accuracy": 0.7585958699}
{"config": [3, 16, 16, 41, 1, 1], "accuracy": 0.7905337191}
{"config": [9, 32, 128, 64, 1, 1], "accuracy": 0.7737901536}
{"config": [9, 32, 128, 32, 0, 0], "accuracy": 0.7784661812}
{"config": [6, 16, 64, 41, 0, 0], "accuracy": 0.7793592877000001}
