{"config": [9, 32, 32, 41, 1, 0], "accuracy": 0.8365260874}
{"config": [6, 16, 16, 32, 1, 1], "accuracy": 0.8389871808}
{"config": [9, 32, 16, 41, 0, 1], "accuracy": 0.8360916301}
{"config": [9, 32, 32, 64, 0, 1], "accuracy": 0.8300581105}
{"config": [3, 64, 16, 32, 0, 1], "accuracy": 0.8394363528000001}
{"config": [3, 64, 16, 32, 0, 0], "accuracy": 0.8465876895000001}
{"config": [3, 64, 128, 64, 0, 0], "accuracy": 0.8392141361000001}
{"config": [3, 16, 128, 32, 0, 0], "accuracy": 0.8546263966000001}
{"config": [9, 16, 128, 64, 1, 0], "accuracy": 0.8385427474}
{"config": [9, 64, 128, 32, 1, 0], "accuracy": 0.8242510475}
{"config": [6, 64, 16, 64, 1, 0], "accuracy": 0.851942089}
{"config": [3, 32, 16, 64, 1, 0], "accuracy": 0.8470356145}
{"config": [3, 64, 64, 41, 0, 0], "accuracy": 0.8508327514}
{"config": [6, 16, 64, 41, 0, 0], "accuracy": 0.8358584397000001}
{"config": [9, 64, 64, 64, 1, 0], "accuracy": 0.8211292897}
{"config": [3, 32, 128, 64, 0, 0], "accuracy": 0.8479187450000001}
{"config": [9, 16, 16, 64, 1, 1], "accuracy": 0.8485941241}
{"config": [3, 16, 64, 64, 1, 0], "accuracy": 0.8517226157000001}
{"config": [3, 16, 128, 64, 0, 0], "accuracy": 0.8452481544}
{"config": [9, 64, 64, 32, 1, 0], "accuracy": 0.8329653831}
{"config": [3, 32, 128, 41, 1, 0], "accuracy": 0.8517196229}
{"config": [3, 16, 32, 64, 0, 0], "accuracy": 0.85104998}
{"config": [3, 32, 64, 32, 1, 0], "accuracy": 0.8517211193}
{"config": [3, 64, 128, 32, 1, 0], "accuracy": 0.8490368117}
{"config": [3, 64, 32, 41, 0, 0], "accuracy": 0.8430100259000001}
{"config": [9, 32, 128, 32, 0, 0], "accuracy": 0.8445752694}
{"config": [9, 64, 16, 41, 1, 0], "accuracy": 0.8360886373}
{"config": [3, 16, 32, 32, 0, 0], "accuracy": 0.8463564944}
{"config": [6, 32, 64, 64, 0, 0], "accuracy": 0.8367542897}
{"config": [9, 16, 128, 32, 1, 1], "accuracy": 0.8452521449}
{"config": [3, 32, 16, 32, 1, 0], "accuracy": 0.8553000299}
{"config": [3, 64, 32, 64, 1, 1], "accuracy": 0.8476980247}
{"config": [3, 16, 16, 41, 1, 1], "accuracy": 0.8416617618000001}
{"config": [3, 64, 128, 41, 0, 1], "accuracy": 0.8501551277}
{"config": [3, 32, 128, 32, 0, 1], "accuracy": 0.8463604848}
{"config": [9, 16, 64, 64, 0, 0], "accuracy": 0.8244690243}
{"config": [9, 64, 32, 32, 1, 0], "accuracy": 0.8276057462}
{"config": [3, 64, 64, 64, 0, 1], "accuracy": 0.8468019254}
{"config": [6, 16, 64, 32, 1, 0], "accuracy": 0.8387667099}
{"config": [3, 64, 64, 32, 1, 1], "accuracy": 0.8470288807}
{"config": [3, 16, 128, 41, 0, 1], "accuracy": 0.8474778033}
{"config": [3, 32, 32, 32, 0, 0], "accuracy": 0.8409911213}
{"config": [9, 64, 128, 64, 1, 1], "accuracy": 0.8358551975}
{"config": [3, 16, 16, 64, 1, 1], "accuracy": 0.8461390164}
{"config": [9, 64, 32, 64, 0, 1], "accuracy": 0.8347456105000001}
{"config": [9, 32, 64, 41, 1, 1], "accuracy": 0.8356412111}
{"config": [9, 16, 32, 32, 1, 0], "accuracy": 0.8307280028}
{"config": [3, 64, 16, 64, 0, 1], "accuracy": 0.8490385575}
{"config": [9, 16, 16, 41, 0, 0], "accuracy": 0.8374296688}
{"config": [3, 16, 32, 41, 1, 0], "accuracy": 0.846143755}
