precision,accuracy,recall,duration
0.7689393939393939,0.7704918032786885,0.7689393939393939,197.37390804290771
