precision,accuracy,recall,duration
0.8035153597560072,0.8076923076923077,0.7983837723342101,375.55897760391235
