precision,accuracy,recall,duration
0.9323221685721685,0.9233333333333333,0.9233333333333335,1811.6588156223297
