precision,accuracy,recall,duration
0.9497597416128379,0.9497560975609756,0.9317133309850002,164.83250546455383
