precision,accuracy,recall,duration
0.648317352859906,0.7272727272727273,0.5780500585644974,455.0363862514496
