precision,accuracy,recall,duration
0.6562892858688806,0.9355555555555556,0.5633686328027682,824.9274480342865
