precision,accuracy,recall,duration
0.8857142857142857,0.88,0.8515625,166.3159306049347
