precision,accuracy,recall,duration
0.8412652126274417,0.8132992327365729,0.8294106044106043,377.85507345199585
