precision,accuracy,recall,duration
0.842530899052638,0.8082191780821918,0.8087719298245615,386.79473423957825
