precision,accuracy,recall,duration
0.9592205682333383,0.9591836734693877,0.9591719932907203,277.91786313056946
