precision,accuracy,recall,duration
0.7640067911714771,0.78,0.7668382668382668,123.18545937538147
