precision,accuracy,recall,duration
0.8934318945659151,0.8847826086956522,0.8853377602539326,323.34318232536316
