precision,accuracy,recall,duration
0.6446998767822567,0.6353591160220995,0.6241108558873465,209.11774897575378
