precision,accuracy,recall,duration
0.7591422434698262,0.76,0.622699325474712,200.8358449935913
