precision,accuracy,recall,duration
0.9291343840774282,0.9279731993299832,0.9282730087540139,683.6211552619934
