precision,accuracy,recall,duration
0.37555945459457085,0.5964912280701754,0.3746903960482602,211.89553093910217
