precision,accuracy,recall,duration
0.9187057627277193,0.9184812953657174,0.9188161361263331,1065.4442098140717
