precision,accuracy,recall,duration
0.7822871572871571,0.7808219178082192,0.8156223893065999,123.59922361373901
