precision,accuracy,recall,duration
0.6703557312252965,0.6795580110497238,0.66203007518797,439.6908292770386
