precision,accuracy,recall,duration
0.7028324235245649,0.6906077348066298,0.6688035553780086,163.52098321914673
