precision,accuracy,recall,duration
0.5948781902888152,0.5966850828729282,0.5843825027464297,200.7585425376892
