precision,accuracy,recall,duration
0.9317179591437699,0.9316024567280848,0.9316719320537457,1042.537306547165
