precision,accuracy,recall,duration
0.5655413625304136,0.7577639751552795,0.5562957157784744,203.2276542186737
