precision,accuracy,recall,duration
0.6167296575102693,0.6202020202020202,0.6202020202020203,279.86941361427307
