precision,accuracy,recall,duration
0.9043808072009292,0.904,0.8859263236287431,1165.3469071388245
