precision,accuracy,recall,duration
0.9514177640069107,0.951402388225493,0.9513221780827414,685.6555621623993
