precision,accuracy,recall,duration
0.952161699634692,0.9504,0.9516748825133917,176.37451648712158
