precision,accuracy,recall,duration
0.9014474809778938,0.9003333333333333,0.8983179297679615,565.6102797985077
