precision,accuracy,recall,duration
0.9166666666666667,0.9,0.9,222.8037395477295
