precision,accuracy,recall,duration
0.691554967578551,0.7016574585635359,0.6776851343253771,103.88445258140564
