precision,accuracy,recall,duration
0.9499305420129796,0.9500138850319356,0.9500802536013804,2063.2821786403656
