precision,accuracy,recall,duration
0.900079821408003,0.9,0.8987715714316984,236.1741271018982
