precision,accuracy,recall,duration
0.5511712348953728,0.5357142857142857,0.5355913085071429,865.3997914791107
