precision,accuracy,recall,duration
0.8963819349253301,0.898,0.8806266128613243,745.3736567497253
