precision,accuracy,recall,duration
0.9362421030432511,0.9422875131164743,0.9433603578417669,264.4062297344208
