{"dataset": "Phoneme", "depth": 9, "nb_filters": 64, "batch_size": 16, "kernel_size": 64, "use_residual": "False", "use_bottleneck": "False", "acc": 0.30010548523206754, "precision": 0.23935169415267132, "recall": 0.20165299605901787, "budget_ran": 1500, "duration": 1103.6137325763702}
{"dataset": "Phoneme", "depth": 3, "nb_filters": 32, "batch_size": 32, "kernel_size": 32, "use_residual": "False", "use_bottleneck": "True", "acc": 0.3275316455696203, "precision": 0.2358799143579093, "recall": 0.21641514336186501, "budget_ran": 1500, "duration": 196.02048444747925}
{"dataset": "Phoneme", "depth": 9, "nb_filters": 64, "batch_size": 64, "kernel_size": 41, "use_residual": "False", "use_bottleneck": "False", "acc": 0.339662447257384, "precision": 0.22237930372882658, "recall": 0.22296933048807133, "budget_ran": 1500, "duration": 749.3569705486298}
{"dataset": "Phoneme", "depth": 6, "nb_filters": 32, "batch_size": 64, "kernel_size": 64, "use_residual": "False", "use_bottleneck": "True", "acc": 0.31751054852320676, "precision": 0.20382735207517122, "recall": 0.19994027670807984, "budget_ran": 1500, "duration": 386.01752734184265}
{"dataset": "Phoneme", "depth": 3, "nb_filters": 32, "batch_size": 16, "kernel_size": 64, "use_residual": "False", "use_bottleneck": "True", "acc": 0.2916666666666667, "precision": 0.17290598611715224, "recall": 0.1804861615889685, "budget_ran": 1500, "duration": 334.9240584373474}
{"dataset": "Phoneme", "depth": 6, "nb_filters": 32, "batch_size": 16, "kernel_size": 64, "use_residual": "True", "use_bottleneck": "True", "acc": 0.3032700421940928, "precision": 0.1898245534171621, "recall": 0.19009859832410814, "budget_ran": 1500, "duration": 586.2967417240143}
{"dataset": "Phoneme", "depth": 6, "nb_filters": 32, "batch_size": 16, "kernel_size": 41, "use_residual": "False", "use_bottleneck": "False", "acc": 0.3138185654008439, "precision": 0.20941493651090676, "recall": 0.18387588931920096, "budget_ran": 1500, "duration": 563.4629261493683}
{"dataset": "Phoneme", "depth": 9, "nb_filters": 16, "batch_size": 64, "kernel_size": 64, "use_residual": "False", "use_bottleneck": "True", "acc": 0.3032700421940928, "precision": 0.20896081418973914, "recall": 0.18166968270324796, "budget_ran": 1500, "duration": 387.9380350112915}
{"dataset": "Phoneme", "depth": 3, "nb_filters": 16, "batch_size": 64, "kernel_size": 32, "use_residual": "True", "use_bottleneck": "True", "acc": 0.32858649789029537, "precision": 0.2286748596809932, "recall": 0.1936345285345561, "budget_ran": 1500, "duration": 144.06436467170715}
{"dataset": "Phoneme", "depth": 6, "nb_filters": 16, "batch_size": 64, "kernel_size": 41, "use_residual": "False", "use_bottleneck": "True", "acc": 0.3322784810126582, "precision": 0.22972424742300462, "recall": 0.21297427466613408, "budget_ran": 1500, "duration": 248.64959692955017}
