precision,accuracy,recall,duration
0.5670995670995671,0.53125,0.562753036437247,83.37040281295776
