precision,accuracy,recall,duration
0.8165184647284075,0.8138020833333334,0.7674583414600279,113.54495787620544
