precision,accuracy,recall,duration
0.9913644214162349,0.9912203687445127,0.9912280701754386,263.9268388748169
