precision,accuracy,recall,duration
0.9471754439303157,0.9469591780061094,0.9467356847638537,743.7870006561279
