precision,accuracy,recall,duration
0.9703722364591929,0.9714285714285714,0.9725998549890177,447.3996937274933
