precision,accuracy,recall,duration
0.9727891156462585,0.9714285714285714,0.9721147079521464,433.26650738716125
