precision,accuracy,recall,duration
0.825996975996976,0.8184143222506394,0.8161451161451162,379.37844228744507
