precision,accuracy,recall,duration
0.9139164702356363,0.9008264462809917,0.8834007779659953,488.1970098018646
