precision,accuracy,recall,duration
0.6145153970433834,0.6131313131313131,0.6131313131313131,246.5863869190216
