precision,accuracy,recall,duration
0.7727272727272727,0.5833333333333334,0.5833333333333334,533.7475736141205
