precision,accuracy,recall,duration
0.9707408892452998,0.9628099173553719,0.9531620553359684,82.41340804100037
