precision,accuracy,recall,duration
0.8270436241024477,0.8158567774936062,0.8203162828162828,325.7841582298279
