precision,accuracy,recall,duration
0.8261041529334213,0.8,0.8221675325859085,113.72684454917908
