precision,accuracy,recall,duration
0.7892590501286154,0.7714285714285715,0.7848874304985872,80.00424480438232
