precision,accuracy,recall,duration
0.8794166660064281,0.8738019169329073,0.8688721997560819,499.0169401168823
