precision,accuracy,recall,duration
0.7767563935234201,0.7736842105263158,0.7339171834614249,506.061017036438
