precision,accuracy,recall,duration
0.8251242899810496,0.8356770833333333,0.7929670391468052,256.07298731803894
