precision,accuracy,recall,duration
0.8898125038190184,0.885,0.859085713296039,2306.7532007694244
