precision,accuracy,recall,duration
0.7909090909090909,0.7,0.7,192.53700304031372
