precision,accuracy,recall,duration
0.8228048495490441,0.8028985507246377,0.8034617785220224,625.6689536571503
