precision,accuracy,recall,duration
0.6798707781043758,0.7575,0.63204833141542,65.11033415794373
