precision,accuracy,recall,duration
0.9708199366065413,0.9783875667799903,0.9659227459970996,3462.8248493671417
