precision,accuracy,recall,duration
0.7699136815505102,0.7468030690537084,0.7577535827535827,348.9106822013855
