precision,accuracy,recall,duration
0.881139273221327,0.881,0.8794593020217096,801.5802397727966
