precision,accuracy,recall,duration
0.969959833790265,0.9688442211055276,0.9685198906659194,627.6335096359253
