precision,accuracy,recall,duration
0.9297924567128201,0.9297520661157025,0.9097512390990651,385.46799993515015
