precision,accuracy,recall,duration
0.9382630548786336,0.9380165289256198,0.9202082941213376,686.9402911663055
