precision,accuracy,recall,duration
0.8218793828892006,0.8148148148148148,0.8148148148148148,97.04376482963562
