precision,accuracy,recall,duration
0.9407592735548262,0.9408497639544571,0.9409453874242607,898.6701745986938
