precision,accuracy,recall,duration
0.6890422877676794,0.9393333333333334,0.5712719464929539,581.7686173915863
