precision,accuracy,recall,duration
0.7726190476190475,0.7333333333333333,0.7333333333333333,676.1558423042297
