precision,accuracy,recall,duration
0.8464794549099647,0.8512820512820513,0.8431063583268465,456.4139244556427
