precision,accuracy,recall,duration
0.9422251377591184,0.9422382671480144,0.9421732675253802,3426.9671890735626
