precision,accuracy,recall,duration
0.8361245933322546,0.8333333333333334,0.8404353982080597,480.7577393054962
