precision,accuracy,recall,duration
0.6655275470424191,0.9331111111111111,0.5845863752902792,1565.439367055893
