precision,accuracy,recall,duration
0.6059893731503901,0.725,0.5945133472559633,149.8470332622528
