precision,accuracy,recall,duration
0.9292958892958892,0.92,0.92,1579.5806875228882
