precision,accuracy,recall,duration
0.4425855649168929,0.41818181818181815,0.43456536803417983,807.6680498123169
