precision,accuracy,recall,duration
0.6979898184764972,0.9415555555555556,0.5882331789446473,451.38549613952637
