precision,accuracy,recall,duration
0.7326511249661155,0.7348066298342542,0.7151002506265665,268.3996350765228
