precision,accuracy,recall,duration
0.6579973353154663,0.6801971209959797,0.5942755796833599,10833.955941200256
