precision,accuracy,recall,duration
0.8317611227578271,0.8307692307692308,0.8320865397080596,970.5186858177185
