precision,accuracy,recall,duration
0.8710163398728614,0.8736979166666666,0.8418605337310027,758.2487058639526
