precision,accuracy,recall,duration
0.8996072480919652,0.8088757396449704,0.9110034557353763,896.5385823249817
