precision,accuracy,recall,duration
0.9131944444444444,0.92,0.9131944444444444,493.245564699173
