precision,accuracy,recall,duration
0.6928571428571428,0.6761904761904762,0.6715686274509804,323.54587149620056
