precision,accuracy,recall,duration
0.6328320802005012,0.5333333333333333,0.4472222222222222,73.30474996566772
