precision,accuracy,recall,duration
0.6284093835791643,0.6232323232323232,0.6232323232323232,252.12185430526733
