precision,accuracy,recall,duration
0.8413983677141572,0.84,0.8400000000000001,474.2269923686981
