precision,accuracy,recall,duration
0.8332890137456701,0.8282051282051283,0.8346069509659501,657.0367906093597
