precision,accuracy,recall,duration
0.9590973002598686,0.9595121951219512,0.9405561481575864,79.29740905761719
