precision,accuracy,recall,duration
0.8239766351221459,0.7774936061381074,0.7777889902889903,201.17433190345764
