precision,accuracy,recall,duration
0.8461345609011613,0.8340579710144927,0.8345066859695824,324.4339106082916
