precision,accuracy,recall,duration
0.8420371750289783,0.8285714285714286,0.8434053413544801,138.97347712516785
