precision,accuracy,recall,duration
0.948171404005196,0.9480699805609553,0.9479174190441796,983.2362134456635
