precision,accuracy,recall,duration
0.9436082937586898,0.9436267703415718,0.9435696801893985,4173.397775173187
