precision,accuracy,recall,duration
0.7682735337991677,0.7783333333333333,0.785035035035035,139.81391143798828
