precision,accuracy,recall,duration
0.5726788141210198,0.5357142857142857,0.5304492386838455,203.16959142684937
