precision,accuracy,recall,duration
0.7607760403739555,0.848780487804878,0.8062032085561497,1025.6715264320374
