precision,accuracy,recall,duration
0.7821428571428571,0.7333333333333333,0.7333333333333334,600.6102063655853
