precision,accuracy,recall,duration
0.6244022005796499,0.6242424242424243,0.6242424242424242,118.03131031990051
