precision,accuracy,recall,duration
0.6933341477160903,0.9386666666666666,0.5835966883008024,120.15852117538452
