precision,accuracy,recall,duration
0.9168461683475363,0.8966942148760331,0.8603927473492691,673.4516220092773
