precision,accuracy,recall,duration
0.8496448616427181,0.8512820512820513,0.8425447195299135,265.8999342918396
