precision,accuracy,recall,duration
0.8362320859224122,0.8128205128205128,0.822583922659715,287.23379135131836
