precision,accuracy,recall,duration
0.9832068092937657,0.9828571428571429,0.985045742434905,245.6495966911316
