precision,accuracy,recall,duration
0.8984385300710102,0.892,0.8663641559431234,1956.5229971408844
