precision,accuracy,recall,duration
0.9239820820412422,0.8355029585798817,0.9232226371975571,933.6177980899811
