precision,accuracy,recall,duration
0.6821719269816553,0.9346666666666666,0.5933318923017888,1541.0804152488708
