precision,accuracy,recall,duration
0.9583155284624968,0.9565853658536585,0.9381821411433376,259.9514853954315
