precision,accuracy,recall,duration
0.8211316577383041,0.8205128205128205,0.8199726545560152,437.7795612812042
