precision,accuracy,recall,duration
0.8172978277354029,0.7942857142857143,0.8100446632029897,147.40323758125305
