precision,accuracy,recall,duration
0.751786553401317,0.8025,0.7019803419686342,153.30782508850098
