precision,accuracy,recall,duration
0.863784907902555,0.863013698630137,0.8738930659983293,153.32687425613403
