precision,accuracy,recall,duration
0.8961856551065998,0.8906666666666667,0.8906666666666667,301.44122982025146
