precision,accuracy,recall,duration
0.8316441728206433,0.8356164383561644,0.854469507101086,747.5840632915497
