precision,accuracy,recall,duration
0.8821428571428571,0.8833333333333333,0.878903990746096,506.213490486145
