precision,accuracy,recall,duration
0.9409173366879979,0.9475341028331584,0.9507291957879043,385.8636648654938
