precision,accuracy,recall,duration
0.6872715418235879,0.9375555555555556,0.5824538167427129,640.9449741840363
