precision,accuracy,recall,duration
0.5309829059829061,0.5324675324675324,0.5314365526255339,624.4168088436127
