precision,accuracy,recall,duration
0.917672940425563,0.9176437744276941,0.9179909197302603,1105.6496965885162
