precision,accuracy,recall,duration
0.9947826086956522,0.9947322212467077,0.9947368421052631,314.7197232246399
