precision,accuracy,recall,duration
0.375,0.5,0.4666666666666667,144.0507628917694
