precision,accuracy,recall,duration
0.9636057659617869,0.9706362153344209,0.9741151519365829,159.85842728614807
