precision,accuracy,recall,duration
0.748635477582846,0.79,0.6482834613133157,337.1750614643097
