precision,accuracy,recall,duration
0.38319750546188774,0.5989974937343359,0.37706260564201205,150.73176407814026
