precision,accuracy,recall,duration
0.4280083288804219,0.6265664160401002,0.4131980022731247,66.9201431274414
