precision,accuracy,recall,duration
0.8908485672413128,0.888,0.888,928.5927007198334
