precision,accuracy,recall,duration
0.7258748674443266,0.734375,0.715587044534413,685.654646396637
