precision,accuracy,recall,duration
0.9584524021117135,0.9581239530988275,0.9582511248391508,2067.3494396209717
