precision,accuracy,recall,duration
0.7858796296296297,0.7875,0.6500862764903259,199.06166529655457
