precision,accuracy,recall,duration
0.8167297453332478,0.816,0.8160000000000001,565.8318593502045
