precision,accuracy,recall,duration
0.8524343798250129,0.8457142857142858,0.8520645337708505,70.64756846427917
