precision,accuracy,recall,duration
0.7444444444444444,0.7,0.7,506.832394361496
