precision,accuracy,recall,duration
0.45848062835124126,0.7875,0.4661998698737817,380.9484519958496
