precision,accuracy,recall,duration
0.6776315789473684,0.6481481481481481,0.6481481481481481,86.96522378921509
