precision,accuracy,recall,duration
0.8315586372087921,0.8132992327365729,0.8242204867204869,265.16158175468445
