precision,accuracy,recall,duration
0.7842911141008393,0.784,0.784,1825.501394033432
