precision,accuracy,recall,duration
0.9483147161066049,0.9480699805609553,0.9478331527627302,1099.1719534397125
