precision,accuracy,recall,duration
0.9544917257683214,0.9421487603305785,0.9241765480895916,635.4533913135529
