precision,accuracy,recall,duration
0.621939819157807,0.73,0.5858152552245379,133.29353141784668
