precision,accuracy,recall,duration
0.6922221785463794,0.7492163009404389,0.619777085466874,357.7450444698334
