precision,accuracy,recall,duration
0.814149454590631,0.8081841432225064,0.8107172107172107,281.227641582489
