precision,accuracy,recall,duration
0.463580488389777,0.42,0.4233089168397973,265.71507930755615
