precision,accuracy,recall,duration
0.9820831342570473,0.9828571428571429,0.9840194698569082,325.1704070568085
