precision,accuracy,recall,duration
0.39788658588000697,0.6015037593984962,0.387156335606458,144.46997237205505
