precision,accuracy,recall,duration
0.8267178239964218,0.8427083333333333,0.8095769498467394,323.20917654037476
