precision,accuracy,recall,duration
0.7520128824476651,0.74,0.7685542685542686,277.12045216560364
