precision,accuracy,recall,duration
0.8083157152924595,0.808,0.808,563.2626881599426
