precision,accuracy,recall,duration
0.8647792830896339,0.871,0.8528940577426003,3206.718546152115
