precision,accuracy,recall,duration
0.9766459627329193,0.9771428571428571,0.9782430213464696,158.13769960403442
