precision,accuracy,recall,duration
0.9780219780219781,0.9771428571428571,0.9784811165845648,152.52530884742737
