precision,accuracy,recall,duration
0.9988998899889988,0.9988888888888889,0.9988888888888888,88.75903153419495
