precision,accuracy,recall,duration
0.5024011091055268,0.487012987012987,0.483807485803013,623.3131794929504
