precision,accuracy,recall,duration
0.9470028481372244,0.9469591780061094,0.9468480398057864,863.753356218338
