precision,accuracy,recall,duration
0.8823254392116668,0.886,0.8682346420963301,788.3540527820587
