precision,accuracy,recall,duration
0.9021369596891695,0.89,0.859375,158.76081943511963
