precision,accuracy,recall,duration
0.9470443349753694,0.9473684210526315,0.9481481481481482,144.77083539962769
