precision,accuracy,recall,duration
0.7273079101707398,0.8087912087912088,0.6829716151237823,830.2012465000153
