precision,accuracy,recall,duration
0.8535144401839627,0.841025641025641,0.8490346168562978,488.2429678440094
