precision,accuracy,recall,duration
0.3985081673118686,0.6015037593984962,0.39446287715412565,92.00693726539612
