precision,accuracy,recall,duration
0.8350298213552071,0.8171428571428572,0.8366602862090966,145.35378766059875
