precision,accuracy,recall,duration
0.6507936507936507,0.6476190476190476,0.644880174291939,264.75863790512085
