precision,accuracy,recall,duration
0.41914170139600554,0.6115288220551378,0.4048915651531931,108.07300639152527
