precision,accuracy,recall,duration
0.8221815221815222,0.8171428571428572,0.8308267250022787,463.9200551509857
