precision,accuracy,recall,duration
0.9382126348228044,0.9385964912280702,0.9388888888888889,145.82237553596497
