precision,accuracy,recall,duration
0.8693824680131119,0.8900343642611683,0.8816091326196198,1471.364818572998
