precision,accuracy,recall,duration
0.800227716986075,0.7825,0.6720789382061376,200.94964933395386
