precision,accuracy,recall,duration
0.6769324947782752,0.700168590325509,0.6133060081884097,5167.525888681412
