precision,accuracy,recall,duration
0.8833311109193734,0.8801916932907349,0.8764336606970922,242.07583355903625
