precision,accuracy,recall,duration
0.8544880857254084,0.8457142857142858,0.8578980949776684,145.78629183769226
