precision,accuracy,recall,duration
0.8542007080610022,0.8461538461538461,0.8546723940454332,925.6202647686005
