precision,accuracy,recall,duration
0.772464051011777,0.768,0.768,591.3900320529938
