precision,accuracy,recall,duration
0.9545454545454546,0.95,0.95,386.5581593513489
