precision,accuracy,recall,duration
0.9770877166466597,0.9768844221105528,0.977022963017878,445.512921333313
