precision,accuracy,recall,duration
0.8434929380581554,0.8184143222506394,0.8296288171288171,380.7402353286743
