precision,accuracy,recall,duration
0.9568983029544018,0.9513859275053305,0.9516936775761278,204.61194252967834
