precision,accuracy,recall,duration
0.8153628117913833,0.8082191780821918,0.8187552213868002,283.7208127975464
