precision,accuracy,recall,duration
0.7689393939393939,0.7704918032786885,0.7689393939393939,386.230988740921
