precision,accuracy,recall,duration
0.9089807890376607,0.909,0.9079848973733455,300.6810231208801
