precision,accuracy,recall,duration
0.5977186190635504,0.2309090909090909,0.23915476393776164,206.29323935508728
