precision,accuracy,recall,duration
0.6220695246479749,0.7275,0.6176476438079813,365.5431296825409
