{"config": [9, 64, 16, 32, 1, 0], "accuracy": 0.84377756}
{"config": [9, 16, 16, 64, 1, 1], "accuracy": 0.8387228483}
{"config": [3, 64, 16, 32, 1, 0], "accuracy": 0.8323207578}
{"config": [6, 64, 64, 32, 1, 1], "accuracy": 0.8425118406000001}
{"config": [9, 16, 32, 64, 1, 0], "accuracy": 0.8361424138}
{"config": [6, 32, 32, 64, 1, 0], "accuracy": 0.8297403234}
{"config": [9, 32, 128, 64, 1, 1], "accuracy": 0.8335293157}
{"config": [3, 16, 32, 64, 1, 1], "accuracy": 0.8309488813}
{"config": [3, 64, 32, 32, 1, 1], "accuracy": 0.8386411890000001}
{"config": [3, 16, 16, 32, 1, 1], "accuracy": 0.8105340519}
{"config": [9, 16, 64, 64, 0, 1], "accuracy": 0.8258533399}
{"config": [3, 16, 128, 32, 0, 0], "accuracy": 0.7976727095}
{"config": [9, 16, 32, 32, 1, 0], "accuracy": 0.8386575208}
{"config": [9, 16, 128, 41, 1, 0], "accuracy": 0.8335129838}
{"config": [6, 16, 128, 64, 0, 0], "accuracy": 0.8348766944}
{"config": [3, 16, 16, 41, 0, 1], "accuracy": 0.813032827}
{"config": [6, 16, 16, 64, 0, 1], "accuracy": 0.8283847787}
{"config": [9, 16, 128, 64, 0, 0], "accuracy": 0.83229626}
{"config": [3, 32, 16, 64, 1, 0], "accuracy": 0.8246202842}
{"config": [9, 32, 128, 41, 1, 0], "accuracy": 0.8552833578}
{"config": [6, 64, 32, 64, 1, 0], "accuracy": 0.8270945615}
{"config": [9, 32, 64, 64, 0, 1], "accuracy": 0.7861179161}
{"config": [6, 64, 64, 41, 0, 0], "accuracy": 0.8271435571}
{"config": [6, 32, 32, 41, 1, 1], "accuracy": 0.8386820186}
{"config": [3, 16, 32, 32, 1, 1], "accuracy": 0.8181528662}
{"config": [6, 16, 32, 32, 0, 1], "accuracy": 0.8553405194}
{"config": [9, 32, 64, 32, 1, 0], "accuracy": 0.8411889597000001}
{"config": [9, 32, 16, 41, 0, 1], "accuracy": 0.8373346399}
{"config": [6, 32, 16, 64, 0, 0], "accuracy": 0.8245631227}
{"config": [3, 32, 128, 32, 0, 1], "accuracy": 0.8182345256}
{"config": [6, 64, 64, 41, 1, 0], "accuracy": 0.8514943655}
{"config": [6, 64, 16, 41, 1, 0], "accuracy": 0.8335701454000001}
{"config": [3, 64, 32, 32, 0, 1], "accuracy": 0.8450759432}
{"config": [3, 64, 64, 32, 0, 0], "accuracy": 0.8309325494}
{"config": [6, 64, 128, 32, 0, 0], "accuracy": 0.8463906582}
{"config": [9, 64, 64, 32, 0, 1], "accuracy": 0.8322472644000001}
{"config": [3, 64, 32, 64, 1, 1], "accuracy": 0.8156132615}
{"config": [3, 32, 128, 64, 0, 0], "accuracy": 0.8143148783}
{"config": [6, 16, 32, 32, 0, 0], "accuracy": 0.8348195329}
{"config": [6, 32, 16, 32, 0, 1], "accuracy": 0.8450596113000001}
{"config": [3, 16, 32, 32, 0, 1], "accuracy": 0.8220316838}
{"config": [9, 32, 32, 41, 1, 0], "accuracy": 0.8361097501}
{"config": [9, 64, 32, 64, 1, 0], "accuracy": 0.8233790626}
{"config": [6, 16, 32, 32, 1, 0], "accuracy": 0.8271680549}
{"config": [3, 16, 16, 64, 1, 1], "accuracy": 0.8272088845000001}
{"config": [9, 64, 128, 41, 1, 0], "accuracy": 0.8335048179000001}
{"config": [3, 64, 64, 41, 0, 1], "accuracy": 0.8323289237}
{"config": [6, 64, 128, 41, 0, 0], "accuracy": 0.8412297893}
{"config": [3, 16, 128, 64, 0, 0], "accuracy": 0.806696064}
{"config": [9, 16, 16, 41, 1, 1], "accuracy": 0.8374326311}
