{"config": [6, 16, 32, 32, 0, 1], "accuracy": 0.8461538462}
{"config": [3, 32, 32, 32, 0, 0], "accuracy": 0.8730769231000001}
{"config": [9, 16, 128, 32, 1, 0], "accuracy": 0.8217948718}
{"config": [9, 32, 16, 32, 0, 1], "accuracy": 0.8294871795000001}
{"config": [3, 64, 64, 32, 0, 1], "accuracy": 0.8679487179}
{"config": [6, 16, 16, 64, 0, 0], "accuracy": 0.8423076923}
{"config": [9, 16, 16, 41, 1, 1], "accuracy": 0.8512820513}
{"config": [3, 64, 64, 41, 1, 0], "accuracy": 0.8653846154}
{"config": [6, 64, 32, 41, 0, 1], "accuracy": 0.8564102564}
{"config": [9, 32, 64, 32, 1, 0], "accuracy": 0.8525641026}
{"config": [3, 16, 32, 32, 1, 1], "accuracy": 0.8487179487000001}
{"config": [3, 32, 16, 41, 1, 0], "accuracy": 0.8435897436}
{"config": [6, 64, 32, 64, 0, 1], "accuracy": 0.8512820513}
{"config": [6, 16, 32, 41, 0, 0], "accuracy": 0.8628205128}
{"config": [9, 32, 64, 32, 1, 1], "accuracy": 0.85}
{"config": [6, 32, 16, 32, 0, 1], "accuracy": 0.8602564103}
{"config": [3, 16, 32, 41, 1, 0], "accuracy": 0.85}
{"config": [3, 64, 16, 41, 0, 1], "accuracy": 0.8512820513}
{"config": [3, 64, 16, 41, 1, 1], "accuracy": 0.8602564103}
{"config": [3, 32, 16, 64, 1, 1], "accuracy": 0.8423076923}
{"config": [6, 16, 32, 64, 0, 1], "accuracy": 0.8423076923}
{"config": [9, 16, 128, 64, 1, 0], "accuracy": 0.8217948718}
{"config": [9, 16, 64, 32, 1, 1], "accuracy": 0.8217948718}
{"config": [3, 64, 16, 41, 1, 0], "accuracy": 0.85}
{"config": [9, 32, 128, 41, 1, 0], "accuracy": 0.8307692308}
{"config": [3, 64, 64, 41, 0, 1], "accuracy": 0.8653846154}
{"config": [3, 32, 64, 64, 1, 1], "accuracy": 0.8692307692000001}
{"config": [9, 64, 64, 64, 1, 0], "accuracy": 0.8166666667}
{"config": [6, 16, 16, 64, 0, 1], "accuracy": 0.8217948718}
{"config": [3, 32, 32, 41, 1, 1], "accuracy": 0.8589743590000001}
{"config": [9, 16, 64, 64, 0, 1], "accuracy": 0.8512820513}
{"config": [3, 16, 16, 32, 1, 0], "accuracy": 0.8346153846000001}
{"config": [6, 16, 32, 32, 1, 0], "accuracy": 0.8435897436}
{"config": [3, 64, 16, 32, 1, 1], "accuracy": 0.8641025641000001}
{"config": [9, 64, 64, 32, 1, 0], "accuracy": 0.8589743590000001}
{"config": [3, 64, 128, 64, 0, 0], "accuracy": 0.8730769231000001}
{"config": [9, 64, 16, 41, 1, 0], "accuracy": 0.8346153846000001}
{"config": [3, 32, 64, 32, 1, 0], "accuracy": 0.8538461538000001}
{"config": [9, 64, 32, 64, 0, 1], "accuracy": 0.8551282051}
{"config": [3, 64, 64, 41, 0, 0], "accuracy": 0.8602564103}
{"config": [3, 64, 32, 41, 0, 1], "accuracy": 0.8564102564}
{"config": [9, 16, 128, 32, 1, 1], "accuracy": 0.8256410256000001}
{"config": [6, 64, 32, 64, 0, 0], "accuracy": 0.8410256410000001}
{"config": [9, 16, 16, 41, 1, 0], "accuracy": 0.8666666667}
{"config": [9, 64, 64, 41, 0, 1], "accuracy": 0.8615384615}
{"config": [9, 64, 128, 64, 1, 0], "accuracy": 0.8423076923}
{"config": [9, 16, 16, 64, 0, 1], "accuracy": 0.8205128205000001}
{"config": [9, 64, 16, 41, 1, 1], "accuracy": 0.8525641026}
{"config": [6, 16, 16, 32, 1, 0], "accuracy": 0.8435897436}
{"config": [3, 32, 128, 64, 0, 0], "accuracy": 0.8474358974}
