{"config": [9, 64, 64, 32, 1, 1], "accuracy": 0.752}
{"config": [9, 64, 64, 41, 0, 1], "accuracy": 0.8}
{"config": [3, 32, 16, 32, 1, 0], "accuracy": 0.878}
{"config": [6, 16, 16, 64, 0, 1], "accuracy": 0.8220000000000001}
{"config": [3, 64, 64, 41, 1, 0], "accuracy": 0.872}
{"config": [3, 64, 64, 64, 0, 1], "accuracy": 0.77}
{"config": [9, 64, 32, 32, 0, 1], "accuracy": 0.854}
{"config": [9, 16, 32, 64, 1, 0], "accuracy": 0.786}
{"config": [9, 32, 32, 32, 1, 1], "accuracy": 0.876}
{"config": [9, 32, 32, 64, 0, 1], "accuracy": 0.81}
{"config": [6, 64, 128, 32, 1, 0], "accuracy": 0.812}
{"config": [9, 32, 64, 32, 1, 1], "accuracy": 0.86}
{"config": [6, 32, 32, 41, 1, 0], "accuracy": 0.8320000000000001}
{"config": [6, 64, 64, 64, 0, 1], "accuracy": 0.836}
{"config": [3, 16, 32, 41, 1, 0], "accuracy": 0.88}
{"config": [3, 64, 32, 41, 0, 0], "accuracy": 0.85}
{"config": [9, 16, 64, 41, 0, 0], "accuracy": 0.8280000000000001}
{"config": [6, 32, 64, 64, 0, 0], "accuracy": 0.784}
{"config": [3, 64, 64, 32, 1, 1], "accuracy": 0.874}
{"config": [9, 64, 64, 41, 1, 0], "accuracy": 0.876}
{"config": [9, 16, 16, 41, 0, 0], "accuracy": 0.8240000000000001}
{"config": [6, 32, 16, 32, 1, 0], "accuracy": 0.854}
{"config": [6, 16, 16, 32, 1, 1], "accuracy": 0.856}
{"config": [9, 64, 32, 41, 0, 0], "accuracy": 0.85}
{"config": [6, 16, 128, 64, 1, 1], "accuracy": 0.846}
{"config": [9, 64, 64, 32, 0, 1], "accuracy": 0.86}
{"config": [3, 64, 16, 32, 1, 1], "accuracy": 0.868}
{"config": [9, 32, 128, 32, 0, 1], "accuracy": 0.78}
{"config": [9, 64, 128, 32, 1, 0], "accuracy": 0.864}
{"config": [6, 16, 128, 64, 1, 0], "accuracy": 0.844}
{"config": [3, 64, 32, 32, 0, 1], "accuracy": 0.892}
{"config": [6, 64, 32, 64, 0, 1], "accuracy": 0.8}
{"config": [3, 64, 16, 32, 0, 0], "accuracy": 0.866}
{"config": [3, 64, 64, 32, 0, 1], "accuracy": 0.872}
{"config": [6, 16, 16, 64, 1, 0], "accuracy": 0.802}
{"config": [3, 64, 64, 32, 0, 0], "accuracy": 0.874}
{"config": [3, 32, 16, 64, 1, 1], "accuracy": 0.874}
{"config": [9, 32, 32, 64, 1, 1], "accuracy": 0.8300000000000001}
{"config": [6, 32, 64, 32, 0, 1], "accuracy": 0.88}
{"config": [6, 32, 64, 41, 0, 1], "accuracy": 0.866}
{"config": [6, 64, 32, 64, 1, 0], "accuracy": 0.8300000000000001}
{"config": [9, 32, 64, 41, 1, 1], "accuracy": 0.806}
{"config": [3, 64, 128, 64, 1, 0], "accuracy": 0.856}
{"config": [6, 32, 32, 32, 0, 1], "accuracy": 0.846}
{"config": [9, 32, 16, 32, 1, 0], "accuracy": 0.8220000000000001}
{"config": [3, 64, 32, 32, 1, 0], "accuracy": 0.872}
{"config": [6, 16, 128, 32, 0, 1], "accuracy": 0.866}
{"config": [3, 32, 16, 41, 0, 1], "accuracy": 0.8200000000000001}
{"config": [3, 64, 128, 64, 0, 0], "accuracy": 0.8280000000000001}
{"config": [9, 16, 16, 41, 1, 1], "accuracy": 0.834}
