{"config": [3, 64, 128, 41, 0, 1], "accuracy": 0.6513672551}
{"config": [6, 64, 64, 64, 0, 1], "accuracy": 0.7421079958}
{"config": [3, 32, 16, 41, 1, 0], "accuracy": 0.7550536518000001}
{"config": [6, 16, 16, 32, 1, 1], "accuracy": 0.7737452406}
{"config": [6, 32, 16, 32, 0, 1], "accuracy": 0.7494807892}
{"config": [6, 16, 128, 64, 0, 0], "accuracy": 0.7070612669}
{"config": [9, 32, 32, 64, 1, 0], "accuracy": 0.7719106957}
{"config": [9, 64, 64, 64, 1, 0], "accuracy": 0.7494807892}
{"config": [9, 32, 128, 32, 0, 0], "accuracy": 0.6920906888}
{"config": [9, 16, 32, 32, 1, 0], "accuracy": 0.7495846314}
{"config": [3, 16, 128, 41, 1, 0], "accuracy": 0.7290238837}
{"config": [9, 16, 16, 64, 1, 1], "accuracy": 0.7737279335}
{"config": [3, 64, 32, 32, 0, 1], "accuracy": 0.7735894773}
{"config": [3, 32, 16, 64, 1, 0], "accuracy": 0.7439425407}
{"config": [3, 16, 128, 32, 0, 0], "accuracy": 0.7366043614000001}
{"config": [9, 32, 32, 32, 1, 1], "accuracy": 0.7792488750000001}
{"config": [6, 32, 32, 32, 0, 1], "accuracy": 0.7440117688}
{"config": [6, 32, 64, 64, 0, 0], "accuracy": 0.7531671859}
{"config": [6, 16, 32, 32, 0, 1], "accuracy": 0.7644686743}
{"config": [3, 16, 16, 64, 1, 1], "accuracy": 0.7569228107}
{"config": [3, 64, 128, 64, 0, 1], "accuracy": 0.6358601592}
{"config": [3, 16, 64, 64, 1, 0], "accuracy": 0.7419868467}
{"config": [6, 16, 128, 32, 0, 1], "accuracy": 0.738335064}
{"config": [3, 32, 32, 41, 1, 1], "accuracy": 0.7607476636}
{"config": [3, 32, 64, 32, 1, 0], "accuracy": 0.7718241606}
{"config": [3, 16, 16, 32, 1, 0], "accuracy": 0.7718068536}
{"config": [6, 16, 32, 41, 0, 0], "accuracy": 0.7180512288}
{"config": [6, 16, 128, 64, 1, 1], "accuracy": 0.7123572170000001}
{"config": [6, 32, 16, 64, 0, 0], "accuracy": 0.7588092766000001}
{"config": [6, 64, 64, 41, 1, 1], "accuracy": 0.7663032191}
{"config": [6, 64, 32, 64, 1, 0], "accuracy": 0.7366562825}
{"config": [6, 64, 64, 41, 1, 0], "accuracy": 0.7515057113}
{"config": [9, 64, 32, 64, 0, 1], "accuracy": 0.7179646937}
{"config": [6, 64, 16, 41, 1, 0], "accuracy": 0.7439252336000001}
{"config": [3, 16, 16, 41, 0, 1], "accuracy": 0.7661993769000001}
{"config": [6, 64, 32, 64, 0, 1], "accuracy": 0.7420733818}
{"config": [6, 64, 64, 64, 0, 0], "accuracy": 0.7440636899}
{"config": [6, 64, 16, 41, 1, 1], "accuracy": 0.7440117688}
{"config": [3, 32, 16, 41, 1, 1], "accuracy": 0.7533229491}
{"config": [3, 64, 64, 41, 1, 1], "accuracy": 0.7586708204}
{"config": [6, 64, 16, 64, 1, 1], "accuracy": 0.7643648321000001}
{"config": [9, 64, 64, 41, 1, 0], "accuracy": 0.7459328487}
{"config": [9, 64, 16, 32, 0, 1], "accuracy": 0.7327795085000001}
{"config": [9, 64, 64, 32, 0, 1], "accuracy": 0.738317757}
{"config": [3, 32, 16, 41, 0, 0], "accuracy": 0.7755797854}
{"config": [9, 16, 32, 64, 1, 0], "accuracy": 0.744132918}
{"config": [3, 16, 128, 64, 1, 1], "accuracy": 0.6457251644}
{"config": [3, 16, 16, 41, 1, 1], "accuracy": 0.7830391139}
{"config": [6, 32, 128, 41, 1, 0], "accuracy": 0.740238837}
{"config": [6, 16, 16, 41, 1, 1], "accuracy": 0.7309622707}
