{"config": [3, 16, 16, 41, 1, 1], "accuracy": 0.8145032883000001}
{"config": [6, 16, 128, 64, 1, 1], "accuracy": 0.7292661821}
{"config": [9, 32, 64, 41, 1, 0], "accuracy": 0.8107303565}
{"config": [9, 32, 32, 41, 1, 0], "accuracy": 0.7959155417}
{"config": [3, 32, 128, 64, 0, 0], "accuracy": 0.7198165455000001}
{"config": [3, 16, 64, 64, 1, 1], "accuracy": 0.8144340602}
{"config": [9, 64, 32, 32, 0, 1], "accuracy": 0.7774662513}
{"config": [3, 64, 128, 41, 0, 1], "accuracy": 0.7348390447}
{"config": [3, 16, 16, 32, 1, 0], "accuracy": 0.8237971616}
{"config": [9, 16, 32, 64, 1, 0], "accuracy": 0.7921079958}
{"config": [3, 32, 32, 64, 0, 1], "accuracy": 0.7996019384}
{"config": [9, 32, 128, 32, 0, 0], "accuracy": 0.6883523711}
{"config": [6, 32, 16, 32, 0, 1], "accuracy": 0.8126514365}
{"config": [9, 16, 64, 41, 0, 1], "accuracy": 0.768155071}
{"config": [6, 16, 16, 64, 0, 1], "accuracy": 0.7941329180000001}
{"config": [9, 16, 128, 64, 0, 0], "accuracy": 0.742229145}
{"config": [6, 16, 64, 32, 1, 1], "accuracy": 0.7716857044000001}
{"config": [9, 64, 64, 41, 0, 1], "accuracy": 0.7922810661}
{"config": [3, 16, 32, 64, 1, 0], "accuracy": 0.8088438906000001}
{"config": [3, 16, 64, 64, 1, 0], "accuracy": 0.8109380408}
{"config": [3, 64, 64, 41, 0, 1], "accuracy": 0.8219106957000001}
{"config": [6, 16, 32, 32, 0, 1], "accuracy": 0.7533229491}
{"config": [6, 16, 16, 32, 1, 0], "accuracy": 0.7959155417}
{"config": [3, 32, 16, 64, 1, 0], "accuracy": 0.8088438906000001}
{"config": [6, 32, 16, 41, 1, 1], "accuracy": 0.7885254413}
{"config": [9, 32, 32, 64, 0, 1], "accuracy": 0.792177224}
{"config": [9, 32, 32, 64, 1, 1], "accuracy": 0.8015403254}
{"config": [6, 64, 128, 41, 0, 1], "accuracy": 0.6195569401000001}
{"config": [6, 64, 128, 64, 0, 0], "accuracy": 0.6881966078}
{"config": [9, 16, 32, 32, 0, 0], "accuracy": 0.790290758}
{"config": [3, 64, 16, 32, 0, 0], "accuracy": 0.8033748702}
{"config": [3, 16, 32, 32, 0, 0], "accuracy": 0.8144340602}
{"config": [9, 32, 16, 32, 1, 0], "accuracy": 0.7922118380000001}
{"config": [9, 64, 128, 32, 0, 0], "accuracy": 0.6308065074}
{"config": [9, 32, 32, 32, 1, 1], "accuracy": 0.8163724472}
{"config": [3, 16, 16, 41, 0, 1], "accuracy": 0.8200588439000001}
{"config": [3, 64, 32, 32, 1, 0], "accuracy": 0.7661820699}
{"config": [3, 64, 64, 41, 0, 0], "accuracy": 0.8145032883000001}
{"config": [3, 64, 16, 41, 0, 1], "accuracy": 0.8367601246}
{"config": [3, 64, 16, 32, 0, 1], "accuracy": 0.7958636206}
{"config": [3, 64, 128, 64, 0, 0], "accuracy": 0.6715818622}
{"config": [6, 32, 128, 64, 1, 1], "accuracy": 0.7310488058}
{"config": [3, 32, 32, 41, 1, 1], "accuracy": 0.8033921772}
{"config": [3, 16, 32, 41, 0, 1], "accuracy": 0.8254932503}
{"config": [3, 16, 16, 32, 0, 1], "accuracy": 0.7996538595}
{"config": [3, 16, 32, 64, 0, 0], "accuracy": 0.8053478712000001}
{"config": [3, 16, 128, 32, 0, 0], "accuracy": 0.7922118380000001}
{"config": [3, 32, 32, 64, 1, 0], "accuracy": 0.7996192454000001}
{"config": [3, 64, 16, 41, 1, 1], "accuracy": 0.8070958809000001}
{"config": [9, 16, 64, 32, 1, 1], "accuracy": 0.7884042921000001}
