{"config": [6, 64, 32, 64, 1, 0], "accuracy": 0.8184480519}
{"config": [6, 64, 128, 64, 0, 0], "accuracy": 0.7670454545000001}
{"config": [6, 64, 16, 41, 1, 0], "accuracy": 0.8242402597}
{"config": [3, 64, 32, 32, 0, 0], "accuracy": 0.8207337662}
{"config": [6, 16, 32, 41, 0, 0], "accuracy": 0.8207857143}
{"config": [6, 32, 128, 41, 1, 0], "accuracy": 0.805961039}
{"config": [3, 32, 32, 41, 1, 0], "accuracy": 0.818461039}
{"config": [6, 32, 16, 64, 0, 0], "accuracy": 0.8218961039}
{"config": [9, 16, 64, 64, 0, 1], "accuracy": 0.7681883117}
{"config": [9, 64, 128, 41, 1, 1], "accuracy": 0.6611038961}
{"config": [3, 16, 128, 32, 0, 0], "accuracy": 0.8481688312000001}
{"config": [3, 16, 64, 64, 1, 1], "accuracy": 0.8093766234}
{"config": [6, 64, 64, 41, 1, 1], "accuracy": 0.7933376623}
{"config": [3, 64, 128, 64, 0, 1], "accuracy": 0.8093636364}
{"config": [9, 16, 128, 32, 1, 1], "accuracy": 0.8059415584}
{"config": [3, 16, 128, 41, 0, 0], "accuracy": 0.8218896104000001}
{"config": [3, 16, 16, 64, 1, 1], "accuracy": 0.8116948052}
{"config": [9, 32, 32, 32, 1, 1], "accuracy": 0.7773701299}
{"config": [9, 16, 128, 64, 1, 0], "accuracy": 0.7854350649}
{"config": [6, 64, 128, 64, 1, 1], "accuracy": 0.8001753247000001}
{"config": [6, 16, 32, 41, 0, 1], "accuracy": 0.7899415584}
{"config": [9, 64, 64, 32, 0, 1], "accuracy": 0.7260519481000001}
{"config": [9, 64, 32, 64, 0, 1], "accuracy": 0.8104935065000001}
{"config": [6, 16, 128, 64, 1, 1], "accuracy": 0.8264805195}
{"config": [9, 64, 32, 32, 0, 1], "accuracy": 0.7899415584}
{"config": [9, 32, 32, 64, 1, 1], "accuracy": 0.7750454545000001}
{"config": [3, 64, 32, 41, 0, 0], "accuracy": 0.8105324675000001}
{"config": [3, 64, 64, 32, 0, 0], "accuracy": 0.8162012987}
{"config": [6, 32, 64, 41, 0, 1], "accuracy": 0.7830844156000001}
{"config": [3, 16, 64, 64, 1, 0], "accuracy": 0.8241948052}
{"config": [6, 64, 16, 64, 1, 0], "accuracy": 0.8287857143}
{"config": [3, 16, 128, 64, 0, 0], "accuracy": 0.8276688312}
{"config": [6, 64, 64, 64, 0, 1], "accuracy": 0.7785519481000001}
{"config": [9, 64, 16, 32, 1, 0], "accuracy": 0.8162207792}
{"config": [9, 16, 64, 41, 0, 0], "accuracy": 0.8036688312}
{"config": [6, 16, 16, 64, 0, 0], "accuracy": 0.7933831169000001}
{"config": [6, 32, 128, 32, 1, 0], "accuracy": 0.7978636364}
{"config": [6, 32, 32, 41, 1, 0], "accuracy": 0.7764090909}
{"config": [9, 32, 64, 64, 0, 1], "accuracy": 0.769487013}
{"config": [9, 32, 64, 32, 1, 0], "accuracy": 0.7453376623}
{"config": [3, 64, 16, 41, 1, 1], "accuracy": 0.8276168831}
{"config": [6, 32, 64, 64, 0, 0], "accuracy": 0.7808311688}
{"config": [6, 64, 32, 41, 0, 1], "accuracy": 0.8219220779}
{"config": [6, 16, 16, 32, 1, 0], "accuracy": 0.8093896104}
{"config": [3, 64, 64, 41, 0, 0], "accuracy": 0.7864805195}
{"config": [3, 64, 32, 32, 0, 1], "accuracy": 0.8207272727}
{"config": [9, 16, 32, 32, 1, 0], "accuracy": 0.7978961039}
{"config": [6, 64, 128, 41, 0, 0], "accuracy": 0.753461039}
{"config": [9, 32, 32, 64, 1, 0], "accuracy": 0.8161753247}
{"config": [6, 64, 128, 32, 1, 0], "accuracy": 0.7407987013}
