{"config": [6, 64, 64, 41, 1, 1], "accuracy": 0.7831463301}
{"config": [9, 64, 16, 41, 1, 1], "accuracy": 0.670056101}
{"config": [6, 64, 16, 64, 1, 0], "accuracy": 0.7938055166}
{"config": [3, 16, 128, 41, 1, 0], "accuracy": 0.7960963067}
{"config": [3, 64, 16, 32, 0, 0], "accuracy": 0.7981299673000001}
{"config": [9, 32, 32, 64, 0, 1], "accuracy": 0.7637447405000001}
{"config": [3, 64, 16, 64, 0, 1], "accuracy": 0.7981767181}
{"config": [3, 64, 128, 41, 1, 1], "accuracy": 0.8048153343000001}
{"config": [9, 64, 32, 64, 0, 1], "accuracy": 0.7504441328}
{"config": [9, 16, 64, 41, 0, 0], "accuracy": 0.7615474521000001}
{"config": [9, 32, 64, 32, 1, 1], "accuracy": 0.7983870968000001}
{"config": [3, 64, 32, 64, 1, 1], "accuracy": 0.7656615241}
{"config": [6, 64, 32, 41, 0, 1], "accuracy": 0.7981767181}
{"config": [9, 64, 16, 41, 1, 0], "accuracy": 0.6920289855}
{"config": [6, 64, 64, 32, 0, 0], "accuracy": 0.7960028050000001}
{"config": [9, 64, 64, 64, 1, 0], "accuracy": 0.7634174848}
{"config": [6, 32, 64, 41, 0, 1], "accuracy": 0.7916783544}
{"config": [3, 64, 16, 41, 1, 1], "accuracy": 0.7939223936}
{"config": [6, 32, 128, 41, 1, 0], "accuracy": 0.7960028050000001}
{"config": [3, 64, 32, 32, 1, 0], "accuracy": 0.7852033661000001}
{"config": [6, 64, 64, 64, 0, 1], "accuracy": 0.7636044881}
{"config": [9, 32, 32, 41, 1, 0], "accuracy": 0.7809490416}
{"config": [9, 32, 64, 64, 0, 1], "accuracy": 0.6829359514000001}
{"config": [3, 16, 32, 64, 0, 0], "accuracy": 0.7982234689000001}
{"config": [3, 16, 32, 32, 0, 1], "accuracy": 0.798340346}
{"config": [6, 64, 16, 64, 1, 1], "accuracy": 0.7699392239}
{"config": [3, 32, 32, 41, 1, 1], "accuracy": 0.7960028050000001}
{"config": [6, 16, 32, 64, 1, 0], "accuracy": 0.8003973820000001}
{"config": [3, 16, 16, 41, 1, 1], "accuracy": 0.7851566152}
{"config": [9, 32, 32, 32, 1, 1], "accuracy": 0.7961196821000001}
{"config": [9, 64, 16, 32, 1, 0], "accuracy": 0.7395278167}
{"config": [3, 32, 128, 41, 1, 0], "accuracy": 0.7981533427}
{"config": [3, 16, 16, 32, 0, 1], "accuracy": 0.7982000935}
{"config": [9, 64, 64, 32, 0, 1], "accuracy": 0.7982935951}
{"config": [6, 16, 128, 64, 1, 1], "accuracy": 0.7787751286}
{"config": [3, 64, 16, 32, 1, 1], "accuracy": 0.7960261805000001}
{"config": [6, 64, 128, 41, 0, 0], "accuracy": 0.7982468443}
{"config": [3, 16, 16, 41, 0, 1], "accuracy": 0.7917952314000001}
{"config": [6, 64, 128, 64, 0, 1], "accuracy": 0.7939925199000001}
{"config": [6, 64, 16, 41, 1, 0], "accuracy": 0.7982935951}
{"config": [6, 16, 16, 41, 1, 1], "accuracy": 0.7634876110000001}
{"config": [6, 16, 128, 32, 0, 1], "accuracy": 0.7916316036000001}
{"config": [6, 32, 128, 64, 1, 1], "accuracy": 0.7657082749}
{"config": [3, 32, 16, 41, 0, 0], "accuracy": 0.7830060776000001}
{"config": [6, 16, 16, 32, 1, 0], "accuracy": 0.7982468443}
{"config": [3, 16, 32, 32, 1, 1], "accuracy": 0.7917251052000001}
{"config": [6, 32, 16, 64, 1, 0], "accuracy": 0.7463300608}
{"config": [6, 16, 64, 64, 0, 0], "accuracy": 0.7546049556000001}
{"config": [3, 16, 32, 64, 1, 1], "accuracy": 0.7938288920000001}
{"config": [6, 64, 32, 64, 0, 0], "accuracy": 0.7894343151000001}
