{"config": [6, 64, 32, 41, 0, 1], "accuracy": 0.9336477041000001}
{"config": [3, 16, 32, 64, 0, 0], "accuracy": 0.9349945021}
{"config": [3, 16, 16, 64, 1, 1], "accuracy": 0.9343211031}
{"config": [9, 64, 32, 32, 0, 1], "accuracy": 0.9327513555}
{"config": [3, 32, 32, 64, 1, 0], "accuracy": 0.9392712428000001}
{"config": [6, 16, 64, 32, 1, 0], "accuracy": 0.9271260474}
{"config": [3, 64, 32, 32, 0, 0], "accuracy": 0.9345488556}
{"config": [3, 64, 16, 32, 1, 0], "accuracy": 0.9349985465}
{"config": [9, 16, 16, 41, 1, 0], "accuracy": 0.9390445015000001}
{"config": [3, 64, 16, 41, 1, 1], "accuracy": 0.936124417}
{"config": [9, 32, 128, 41, 1, 0], "accuracy": 0.9262269183}
{"config": [3, 64, 64, 41, 1, 0], "accuracy": 0.9376936591}
{"config": [9, 32, 16, 41, 0, 1], "accuracy": 0.9363473667000001}
{"config": [9, 32, 16, 32, 1, 1], "accuracy": 0.9325200642}
{"config": [3, 32, 32, 41, 1, 1], "accuracy": 0.9311737718}
{"config": [3, 64, 128, 41, 1, 1], "accuracy": 0.9322973673}
{"config": [9, 64, 32, 32, 1, 0], "accuracy": 0.9379196421}
{"config": [3, 16, 16, 41, 0, 1], "accuracy": 0.9347718052}
{"config": [6, 64, 64, 64, 0, 1], "accuracy": 0.932075176}
{"config": [6, 16, 32, 41, 0, 0], "accuracy": 0.9590609320000001}
{"config": [3, 32, 128, 64, 0, 0], "accuracy": 0.9361203726}
{"config": [3, 32, 32, 41, 1, 0], "accuracy": 0.9354484903}
{"config": [3, 64, 16, 32, 0, 1], "accuracy": 0.9343238837000001}
{"config": [6, 32, 32, 32, 0, 1], "accuracy": 0.9354484903}
{"config": [9, 16, 128, 64, 0, 0], "accuracy": 0.9338749510000001}
{"config": [3, 16, 16, 32, 0, 1], "accuracy": 0.9331970021}
{"config": [6, 64, 128, 64, 1, 1], "accuracy": 0.9275749801000001}
{"config": [6, 32, 128, 41, 1, 0], "accuracy": 0.9320736593000001}
{"config": [9, 64, 64, 41, 0, 1], "accuracy": 0.9284746148}
{"config": [6, 16, 64, 32, 1, 1], "accuracy": 0.9271250363}
{"config": [6, 64, 64, 41, 1, 1], "accuracy": 0.9365690525}
{"config": [6, 16, 128, 64, 0, 0], "accuracy": 0.9374727316}
{"config": [9, 32, 32, 64, 0, 1], "accuracy": 0.9356721983}
{"config": [6, 64, 64, 41, 0, 0], "accuracy": 0.9284723398}
{"config": [3, 32, 128, 32, 0, 1], "accuracy": 0.929150036}
{"config": [3, 64, 16, 32, 0, 0], "accuracy": 0.9338749510000001}
{"config": [9, 32, 64, 64, 0, 1], "accuracy": 0.9340958785000001}
{"config": [6, 32, 32, 32, 0, 0], "accuracy": 0.9327468055}
{"config": [6, 32, 128, 64, 1, 1], "accuracy": 0.9361223948}
{"config": [3, 32, 128, 41, 1, 0], "accuracy": 0.9313989965}
{"config": [6, 16, 128, 64, 1, 1], "accuracy": 0.9354482375000001}
{"config": [9, 32, 128, 64, 1, 1], "accuracy": 0.932075176}
{"config": [6, 16, 128, 64, 0, 1], "accuracy": 0.9419709053}
{"config": [9, 64, 64, 41, 1, 0], "accuracy": 0.9298236878}
{"config": [9, 32, 64, 32, 1, 0], "accuracy": 0.9235277613}
{"config": [6, 16, 32, 32, 1, 0], "accuracy": 0.9323009062000001}
{"config": [9, 64, 16, 41, 1, 1], "accuracy": 0.938595316}
{"config": [6, 16, 32, 64, 1, 0], "accuracy": 0.9385940521}
{"config": [9, 64, 64, 64, 1, 0], "accuracy": 0.9289227891}
{"config": [3, 32, 16, 64, 1, 1], "accuracy": 0.938595316}
