{"config": [6, 64, 16, 41, 1, 1], "accuracy": 0.9546830506}
{"config": [6, 16, 16, 64, 0, 0], "accuracy": 0.9603747266}
{"config": [3, 32, 16, 41, 1, 0], "accuracy": 0.9540730882}
{"config": [6, 16, 16, 41, 0, 0], "accuracy": 0.9514322562}
{"config": [9, 32, 32, 41, 1, 0], "accuracy": 0.9556995171}
{"config": [9, 32, 16, 41, 0, 1], "accuracy": 0.952854195}
{"config": [6, 32, 128, 64, 0, 0], "accuracy": 0.9506235814}
{"config": [9, 64, 128, 64, 1, 0], "accuracy": 0.956512938}
{"config": [3, 32, 128, 32, 0, 1], "accuracy": 0.9540759771}
{"config": [6, 16, 16, 41, 1, 1], "accuracy": 0.9559035946000001}
{"config": [6, 16, 128, 64, 1, 1], "accuracy": 0.9575291981}
{"config": [6, 16, 16, 64, 0, 1], "accuracy": 0.9577326565000001}
{"config": [6, 16, 32, 41, 0, 0], "accuracy": 0.9546824316}
{"config": [3, 32, 32, 41, 1, 1], "accuracy": 0.9546853205}
{"config": [9, 32, 64, 41, 1, 1], "accuracy": 0.9528560522}
{"config": [9, 32, 16, 32, 1, 1], "accuracy": 0.9514318435}
{"config": [9, 64, 128, 41, 1, 1], "accuracy": 0.9512316867}
{"config": [9, 64, 32, 32, 1, 0], "accuracy": 0.9530580661}
{"config": [3, 32, 16, 41, 1, 1], "accuracy": 0.9538708679000001}
{"config": [3, 64, 128, 41, 1, 1], "accuracy": 0.9548883661}
{"config": [6, 32, 16, 41, 1, 1], "accuracy": 0.9542794354}
{"config": [6, 16, 128, 64, 0, 0], "accuracy": 0.9573257398}
{"config": [6, 32, 16, 32, 1, 0], "accuracy": 0.9522448516}
{"config": [6, 32, 16, 64, 0, 0], "accuracy": 0.9559035946000001}
{"config": [9, 32, 128, 41, 1, 0], "accuracy": 0.9532600801000001}
{"config": [3, 32, 16, 41, 0, 1], "accuracy": 0.9554989476}
{"config": [9, 64, 16, 32, 0, 1], "accuracy": 0.9451310305}
{"config": [9, 64, 32, 64, 0, 1], "accuracy": 0.9514334943}
{"config": [6, 64, 128, 41, 0, 1], "accuracy": 0.9538688044}
{"config": [6, 16, 64, 32, 1, 1], "accuracy": 0.9475690232}
{"config": [3, 16, 32, 64, 1, 0], "accuracy": 0.9550907928000001}
{"config": [9, 64, 64, 41, 1, 0], "accuracy": 0.9514322562}
{"config": [3, 64, 128, 64, 1, 0], "accuracy": 0.9550895547}
{"config": [6, 64, 128, 64, 0, 1], "accuracy": 0.9512294169000001}
{"config": [3, 16, 32, 41, 1, 0], "accuracy": 0.9587476786}
{"config": [9, 32, 16, 32, 0, 1], "accuracy": 0.9534647765}
{"config": [6, 32, 64, 32, 0, 1], "accuracy": 0.9496019562}
{"config": [3, 64, 32, 41, 0, 0], "accuracy": 0.9585462837000001}
{"config": [6, 32, 128, 41, 1, 0], "accuracy": 0.9546840824}
{"config": [9, 64, 64, 32, 1, 1], "accuracy": 0.9471672651}
{"config": [6, 64, 128, 41, 0, 0], "accuracy": 0.9542765466}
{"config": [6, 64, 32, 64, 0, 1], "accuracy": 0.9530574471000001}
{"config": [3, 16, 16, 32, 0, 1], "accuracy": 0.9534631257}
{"config": [9, 16, 32, 32, 1, 1], "accuracy": 0.9506192481}
{"config": [6, 32, 32, 32, 1, 1], "accuracy": 0.9550907928000001}
{"config": [3, 64, 16, 64, 0, 1], "accuracy": 0.9565137634}
{"config": [3, 64, 64, 32, 0, 1], "accuracy": 0.9573240890000001}
{"config": [6, 64, 64, 41, 0, 0], "accuracy": 0.9500121745000001}
{"config": [9, 64, 32, 41, 0, 0], "accuracy": 0.9534682844000001}
{"config": [3, 16, 32, 32, 0, 1], "accuracy": 0.9528552268}
