{"config": [3, 64, 32, 32, 0, 1], "accuracy": 0.5720000000000001}
{"config": [3, 64, 128, 64, 1, 0], "accuracy": 0.6169230769}
{"config": [6, 32, 32, 32, 1, 1], "accuracy": 0.5249230769000001}
{"config": [3, 64, 16, 41, 1, 0], "accuracy": 0.5769230769}
{"config": [3, 32, 64, 64, 1, 1], "accuracy": 0.6006153846}
{"config": [9, 32, 32, 41, 0, 0], "accuracy": 0.5784615385}
{"config": [6, 32, 32, 32, 0, 0], "accuracy": 0.632}
{"config": [6, 32, 64, 64, 0, 0], "accuracy": 0.5932307692000001}
{"config": [9, 64, 32, 32, 1, 0], "accuracy": 0.4147692308}
{"config": [9, 64, 64, 41, 1, 0], "accuracy": 0.43753846150000003}
{"config": [3, 64, 64, 41, 0, 1], "accuracy": 0.5713846154000001}
{"config": [9, 32, 128, 64, 1, 1], "accuracy": 0.4698461538}
{"config": [3, 64, 64, 32, 0, 1], "accuracy": 0.5935384615}
{"config": [3, 64, 64, 32, 0, 0], "accuracy": 0.6326153846}
{"config": [9, 32, 16, 32, 0, 1], "accuracy": 0.47600000000000003}
{"config": [3, 64, 128, 41, 1, 1], "accuracy": 0.5175384615}
{"config": [9, 16, 32, 32, 0, 0], "accuracy": 0.4221538462}
{"config": [3, 32, 32, 64, 1, 0], "accuracy": 0.6495384615}
{"config": [9, 16, 64, 41, 0, 0], "accuracy": 0.5470769231}
{"config": [3, 16, 16, 32, 1, 0], "accuracy": 0.5396923077}
{"config": [6, 16, 32, 32, 0, 1], "accuracy": 0.5630769231}
{"config": [6, 16, 16, 32, 1, 1], "accuracy": 0.5538461538}
{"config": [9, 64, 32, 64, 0, 1], "accuracy": 0.4772307692}
{"config": [9, 32, 64, 32, 1, 0], "accuracy": 0.5935384615}
{"config": [9, 16, 16, 64, 1, 1], "accuracy": 0.5710769231}
{"config": [9, 16, 64, 32, 1, 1], "accuracy": 0.5384615385}
{"config": [9, 64, 128, 64, 1, 1], "accuracy": 0.6243076923}
{"config": [9, 32, 64, 64, 0, 1], "accuracy": 0.5452307692}
{"config": [3, 64, 128, 32, 1, 0], "accuracy": 0.5843076923}
{"config": [6, 64, 32, 32, 0, 0], "accuracy": 0.6332307692}
{"config": [3, 32, 32, 41, 1, 1], "accuracy": 0.5855384615}
{"config": [6, 16, 128, 64, 0, 1], "accuracy": 0.6092307692000001}
{"config": [9, 64, 32, 41, 0, 0], "accuracy": 0.5566153846}
{"config": [9, 32, 32, 64, 1, 1], "accuracy": 0.5486153846}
{"config": [3, 32, 32, 32, 0, 0], "accuracy": 0.6015384615}
{"config": [9, 32, 128, 32, 0, 1], "accuracy": 0.42923076920000003}
{"config": [3, 16, 16, 41, 0, 1], "accuracy": 0.592}
{"config": [3, 32, 16, 64, 1, 0], "accuracy": 0.5689230769}
{"config": [9, 64, 16, 32, 0, 1], "accuracy": 0.3895384615}
{"config": [3, 64, 64, 41, 1, 1], "accuracy": 0.5701538462}
{"config": [6, 16, 128, 64, 0, 0], "accuracy": 0.5541538462}
{"config": [3, 16, 16, 64, 1, 1], "accuracy": 0.6086153846}
{"config": [6, 32, 128, 64, 1, 1], "accuracy": 0.648}
{"config": [9, 64, 64, 32, 0, 1], "accuracy": 0.6412307692}
{"config": [6, 64, 16, 64, 1, 1], "accuracy": 0.5175384615}
{"config": [3, 64, 16, 41, 1, 1], "accuracy": 0.5775384615}
{"config": [6, 32, 16, 64, 1, 0], "accuracy": 0.6723076923}
{"config": [3, 16, 64, 64, 1, 1], "accuracy": 0.5781538462}
{"config": [6, 16, 128, 32, 0, 1], "accuracy": 0.5852307692000001}
{"config": [9, 16, 128, 41, 1, 0], "accuracy": 0.54}
