{"config": [6, 16, 16, 64, 0, 1], "accuracy": 0.8126245847}
{"config": [3, 32, 32, 41, 1, 0], "accuracy": 0.8364341085}
{"config": [6, 32, 128, 64, 1, 1], "accuracy": 0.8044296788}
{"config": [6, 64, 64, 32, 1, 1], "accuracy": 0.8500553710000001}
{"config": [9, 16, 64, 32, 1, 1], "accuracy": 0.8222591362}
{"config": [6, 64, 32, 64, 1, 0], "accuracy": 0.8040974529}
{"config": [3, 16, 32, 64, 1, 0], "accuracy": 0.8178294574}
{"config": [3, 64, 64, 41, 1, 0], "accuracy": 0.8367663344}
{"config": [6, 16, 32, 64, 0, 1], "accuracy": 0.8550387597}
{"config": [6, 64, 64, 41, 0, 0], "accuracy": 0.8178294574}
{"config": [9, 32, 64, 64, 0, 1], "accuracy": 0.8736434109000001}
{"config": [9, 32, 64, 41, 1, 1], "accuracy": 0.8456256921}
{"config": [3, 32, 32, 41, 1, 1], "accuracy": 0.8410852713}
{"config": [9, 64, 64, 41, 1, 0], "accuracy": 0.6405315615}
{"config": [3, 64, 64, 41, 0, 0], "accuracy": 0.8644518272}
{"config": [3, 16, 64, 64, 1, 0], "accuracy": 0.8222591362}
{"config": [3, 32, 128, 32, 0, 1], "accuracy": 0.8364341085}
{"config": [9, 32, 32, 64, 0, 1], "accuracy": 0.8598006645}
{"config": [9, 16, 16, 41, 1, 1], "accuracy": 0.82303433}
{"config": [9, 64, 16, 41, 1, 1], "accuracy": 0.8737541528}
{"config": [9, 16, 128, 64, 0, 0], "accuracy": 0.8313399779}
{"config": [9, 32, 128, 64, 1, 1], "accuracy": 0.7243632337}
{"config": [9, 16, 64, 64, 0, 0], "accuracy": 0.8035437431}
{"config": [6, 64, 16, 64, 1, 1], "accuracy": 0.8320044297}
{"config": [9, 64, 16, 41, 1, 0], "accuracy": 0.8272425249}
{"config": [6, 32, 32, 32, 0, 1], "accuracy": 0.8409745293}
{"config": [9, 64, 64, 41, 0, 1], "accuracy": 0.6343300111}
{"config": [6, 32, 32, 41, 1, 1], "accuracy": 0.8083056478}
{"config": [6, 64, 16, 64, 1, 0], "accuracy": 0.8459579181}
{"config": [6, 16, 16, 64, 0, 0], "accuracy": 0.8274640089}
{"config": [3, 16, 16, 41, 1, 1], "accuracy": 0.8128460687}
{"config": [3, 64, 16, 41, 1, 0], "accuracy": 0.8408637874}
{"config": [9, 64, 32, 32, 1, 0], "accuracy": 0.8177187154000001}
{"config": [9, 16, 128, 64, 1, 0], "accuracy": 0.8503875969}
{"config": [9, 64, 128, 41, 1, 0], "accuracy": 0.8363233666000001}
{"config": [6, 64, 128, 41, 0, 1], "accuracy": 0.8083056478}
{"config": [6, 64, 16, 41, 1, 0], "accuracy": 0.8455149502}
{"config": [6, 32, 128, 41, 1, 0], "accuracy": 0.8457364341}
{"config": [3, 64, 64, 64, 0, 1], "accuracy": 0.8132890365000001}
{"config": [3, 64, 128, 41, 0, 1], "accuracy": 0.7947951274}
{"config": [6, 16, 64, 32, 1, 0], "accuracy": 0.8411960133}
{"config": [9, 32, 128, 41, 1, 0], "accuracy": 0.7573643411000001}
{"config": [6, 32, 16, 32, 0, 0], "accuracy": 0.8456256921}
{"config": [3, 64, 64, 32, 0, 0], "accuracy": 0.8181616833}
{"config": [9, 32, 32, 41, 1, 0], "accuracy": 0.8176079734}
{"config": [9, 32, 64, 41, 1, 0], "accuracy": 0.7944629014}
{"config": [3, 32, 16, 64, 1, 0], "accuracy": 0.8365448505}
{"config": [6, 16, 128, 64, 1, 0], "accuracy": 0.8178294574}
{"config": [9, 64, 128, 32, 0, 0], "accuracy": 0.7897009967}
{"config": [3, 16, 32, 41, 1, 0], "accuracy": 0.8594684385}
