{"config": [3, 32, 32, 41, 1, 0], "accuracy": 0.538055166}
{"config": [3, 64, 32, 32, 0, 0], "accuracy": 0.4942496494}
{"config": [3, 64, 128, 64, 0, 1], "accuracy": 0.5508648901000001}
{"config": [6, 16, 16, 41, 0, 0], "accuracy": 0.4861383824}
{"config": [9, 64, 128, 64, 1, 1], "accuracy": 0.4790790089}
{"config": [6, 16, 128, 64, 1, 1], "accuracy": 0.4991584853}
{"config": [6, 16, 64, 32, 1, 1], "accuracy": 0.5463534362}
{"config": [3, 16, 128, 41, 1, 0], "accuracy": 0.5398550725}
{"config": [9, 16, 64, 64, 0, 0], "accuracy": 0.5356708742}
{"config": [3, 64, 128, 64, 0, 0], "accuracy": 0.5704067321}
{"config": [6, 16, 128, 64, 1, 0], "accuracy": 0.5529219261}
{"config": [3, 16, 16, 64, 1, 1], "accuracy": 0.5659654044}
{"config": [9, 16, 64, 41, 0, 0], "accuracy": 0.5485039738}
{"config": [9, 32, 16, 32, 1, 1], "accuracy": 0.5249181861000001}
{"config": [9, 64, 64, 41, 0, 1], "accuracy": 0.3611968209}
{"config": [6, 64, 64, 32, 1, 1], "accuracy": 0.49623655910000003}
{"config": [3, 32, 64, 64, 1, 1], "accuracy": 0.5766012155}
{"config": [6, 32, 16, 64, 0, 0], "accuracy": 0.5161757831}
{"config": [6, 16, 64, 64, 0, 0], "accuracy": 0.5529453015}
{"config": [9, 64, 64, 32, 1, 0], "accuracy": 0.4080411407}
{"config": [3, 64, 64, 32, 1, 1], "accuracy": 0.5571061244000001}
{"config": [9, 32, 32, 41, 1, 0], "accuracy": 0.4774427302}
{"config": [6, 32, 16, 32, 0, 1], "accuracy": 0.4904160823}
{"config": [6, 32, 64, 41, 0, 1], "accuracy": 0.5659186536}
{"config": [9, 64, 128, 32, 1, 0], "accuracy": 0.3107059374}
{"config": [3, 32, 32, 32, 0, 0], "accuracy": 0.5529219261}
{"config": [9, 64, 128, 41, 1, 0], "accuracy": 0.3801075269}
{"config": [9, 16, 32, 32, 0, 0], "accuracy": 0.49658719030000004}
{"config": [6, 64, 16, 41, 1, 1], "accuracy": 0.5184665732}
{"config": [3, 64, 64, 41, 1, 0], "accuracy": 0.5940626461}
{"config": [6, 64, 128, 41, 0, 1], "accuracy": 0.42092099110000003}
{"config": [6, 64, 64, 32, 0, 0], "accuracy": 0.52942964}
{"config": [9, 32, 128, 64, 1, 1], "accuracy": 0.5315801777}
{"config": [6, 16, 32, 32, 0, 1], "accuracy": 0.5442730248000001}
{"config": [3, 32, 16, 41, 1, 1], "accuracy": 0.5573398784}
{"config": [9, 32, 64, 32, 1, 0], "accuracy": 0.4536465638}
{"config": [9, 16, 16, 41, 1, 0], "accuracy": 0.5182094437}
{"config": [6, 16, 64, 32, 1, 0], "accuracy": 0.5266012155}
{"config": [3, 16, 128, 32, 0, 0], "accuracy": 0.6025946704}
{"config": [3, 32, 32, 41, 1, 1], "accuracy": 0.5483169705000001}
{"config": [3, 32, 16, 41, 1, 0], "accuracy": 0.5701028518}
{"config": [3, 16, 16, 32, 1, 0], "accuracy": 0.5830995792}
{"config": [3, 16, 128, 41, 0, 0], "accuracy": 0.5918186068}
{"config": [6, 64, 128, 64, 1, 1], "accuracy": 0.5354137447}
{"config": [3, 64, 64, 32, 0, 0], "accuracy": 0.5466105657}
{"config": [9, 64, 32, 32, 0, 1], "accuracy": 0.44317438060000003}
{"config": [9, 32, 64, 41, 1, 0], "accuracy": 0.4835904628}
{"config": [6, 16, 16, 64, 0, 0], "accuracy": 0.4924731183}
{"config": [3, 64, 64, 32, 0, 1], "accuracy": 0.5421224871}
{"config": [9, 16, 128, 32, 1, 0], "accuracy": 0.5681626928}
