{"config": [3, 32, 16, 41, 1, 1], "accuracy": 0.9671481943}
{"config": [3, 64, 64, 41, 0, 0], "accuracy": 0.9698837692000001}
{"config": [9, 64, 64, 41, 0, 1], "accuracy": 0.9644167704000001}
{"config": [9, 32, 128, 32, 0, 0], "accuracy": 0.9644167704000001}
{"config": [6, 16, 128, 64, 1, 1], "accuracy": 0.9680489830000001}
{"config": [3, 64, 128, 64, 1, 0], "accuracy": 0.9644375259}
{"config": [3, 64, 64, 32, 1, 1], "accuracy": 0.9680697385}
{"config": [6, 16, 16, 41, 0, 0], "accuracy": 0.9735574927}
{"config": [9, 16, 16, 41, 1, 0], "accuracy": 0.9689788294}
{"config": [9, 32, 16, 41, 0, 1], "accuracy": 0.9644292237000001}
{"config": [9, 64, 64, 64, 1, 0], "accuracy": 0.9689912827}
{"config": [6, 32, 32, 41, 1, 0], "accuracy": 0.9717144043}
{"config": [3, 64, 16, 32, 0, 0], "accuracy": 0.9671398921000001}
{"config": [3, 32, 32, 41, 1, 0], "accuracy": 0.9744541303}
{"config": [3, 16, 32, 32, 0, 1], "accuracy": 0.9653258614}
{"config": [6, 16, 128, 64, 1, 0], "accuracy": 0.9689788294}
{"config": [6, 16, 128, 64, 0, 0], "accuracy": 0.9707970112000001}
{"config": [3, 64, 128, 41, 1, 1], "accuracy": 0.9644126193}
{"config": [9, 16, 128, 64, 1, 0], "accuracy": 0.9698920714}
{"config": [9, 64, 128, 32, 0, 0], "accuracy": 0.9616894977}
{"config": [3, 64, 32, 32, 1, 1], "accuracy": 0.9680697385}
{"config": [6, 16, 32, 41, 0, 0], "accuracy": 0.9662598589}
{"config": [3, 16, 128, 64, 0, 0], "accuracy": 0.9708011623}
{"config": [9, 32, 32, 41, 1, 0], "accuracy": 0.9680572852}
{"config": [9, 16, 128, 32, 1, 0], "accuracy": 0.9698837692000001}
{"config": [3, 16, 128, 41, 0, 1], "accuracy": 0.9717061021000001}
{"config": [6, 64, 128, 32, 1, 0], "accuracy": 0.9671481943}
{"config": [3, 64, 32, 32, 0, 0], "accuracy": 0.965309257}
{"config": [3, 16, 64, 64, 1, 0], "accuracy": 0.9717227065}
{"config": [3, 16, 32, 32, 1, 1], "accuracy": 0.9708053134}
{"config": [9, 32, 32, 64, 0, 1], "accuracy": 0.9662557078}
{"config": [6, 16, 16, 64, 1, 0], "accuracy": 0.9671523454000001}
{"config": [3, 16, 32, 41, 1, 0], "accuracy": 0.9717268576}
{"config": [6, 16, 16, 64, 0, 0], "accuracy": 0.9735408883000001}
{"config": [3, 64, 64, 32, 0, 1], "accuracy": 0.9616770444}
{"config": [9, 16, 128, 41, 1, 0], "accuracy": 0.9689912827}
{"config": [6, 64, 32, 64, 1, 0], "accuracy": 0.9644209215}
{"config": [3, 64, 64, 41, 1, 0], "accuracy": 0.9707970112000001}
{"config": [3, 64, 16, 41, 0, 1], "accuracy": 0.9644126193}
{"config": [3, 16, 32, 64, 1, 0], "accuracy": 0.9699003736}
{"config": [3, 32, 128, 41, 1, 0], "accuracy": 0.9689788294}
{"config": [6, 64, 128, 41, 0, 1], "accuracy": 0.9671481943}
{"config": [3, 64, 64, 41, 1, 1], "accuracy": 0.9671481943}
{"config": [6, 16, 16, 64, 0, 1], "accuracy": 0.9680738896000001}
{"config": [3, 32, 32, 32, 0, 0], "accuracy": 0.9671440432}
{"config": [6, 32, 32, 32, 0, 0], "accuracy": 0.9680697385}
{"config": [6, 16, 64, 64, 0, 1], "accuracy": 0.9662308012}
{"config": [9, 16, 16, 64, 0, 1], "accuracy": 0.9753590702}
{"config": [6, 32, 16, 64, 1, 0], "accuracy": 0.9762972188000001}
{"config": [3, 16, 16, 41, 0, 1], "accuracy": 0.9680614363000001}
