{"config": [6, 32, 32, 41, 1, 1], "accuracy": 0.7846153846}
{"config": [6, 64, 128, 32, 1, 0], "accuracy": 0.5692307692}
{"config": [9, 64, 128, 32, 0, 0], "accuracy": 0.5784615385}
{"config": [9, 64, 128, 32, 1, 0], "accuracy": 0.5953846154}
{"config": [3, 16, 32, 64, 0, 0], "accuracy": 0.6307692308}
{"config": [9, 64, 64, 64, 1, 0], "accuracy": 0.6738461538}
{"config": [3, 32, 16, 32, 1, 0], "accuracy": 0.5692307692}
{"config": [3, 32, 128, 41, 1, 0], "accuracy": 0.4307692308}
{"config": [6, 64, 64, 64, 0, 1], "accuracy": 0.6984615385}
{"config": [3, 16, 128, 41, 0, 1], "accuracy": 0.38615384620000004}
{"config": [6, 32, 32, 32, 0, 1], "accuracy": 0.8230769231}
{"config": [6, 64, 64, 41, 1, 1], "accuracy": 0.6723076923}
{"config": [3, 16, 16, 32, 0, 1], "accuracy": 0.5707692308}
{"config": [3, 32, 16, 41, 0, 0], "accuracy": 0.5861538462}
{"config": [6, 16, 64, 64, 0, 1], "accuracy": 0.6523076923000001}
{"config": [6, 32, 16, 32, 1, 0], "accuracy": 0.7815384615000001}
{"config": [3, 64, 128, 32, 1, 0], "accuracy": 0.3984615385}
{"config": [3, 16, 16, 64, 1, 1], "accuracy": 0.6646153846}
{"config": [6, 64, 128, 64, 0, 1], "accuracy": 0.6184615385000001}
{"config": [3, 32, 32, 41, 1, 0], "accuracy": 0.5646153846}
{"config": [3, 32, 32, 64, 1, 0], "accuracy": 0.6553846154}
{"config": [6, 16, 128, 32, 0, 1], "accuracy": 0.5646153846}
{"config": [6, 32, 16, 64, 1, 0], "accuracy": 0.7153846154}
{"config": [6, 32, 64, 64, 0, 0], "accuracy": 0.74}
{"config": [9, 32, 64, 41, 1, 0], "accuracy": 0.7230769231}
{"config": [6, 32, 32, 41, 1, 0], "accuracy": 0.7338461538000001}
{"config": [6, 32, 128, 64, 1, 1], "accuracy": 0.62}
{"config": [3, 16, 32, 64, 1, 1], "accuracy": 0.6476923077}
{"config": [9, 64, 128, 64, 1, 1], "accuracy": 0.6246153846}
{"config": [9, 32, 32, 64, 1, 0], "accuracy": 0.6846153846}
{"config": [9, 16, 64, 41, 0, 0], "accuracy": 0.7461538462}
{"config": [6, 16, 128, 41, 1, 1], "accuracy": 0.5153846154}
{"config": [3, 64, 128, 41, 0, 1], "accuracy": 0.4553846154}
{"config": [6, 16, 64, 41, 0, 0], "accuracy": 0.7215384615}
{"config": [3, 32, 16, 64, 1, 0], "accuracy": 0.6815384615}
{"config": [9, 64, 64, 32, 1, 1], "accuracy": 0.6938461538}
{"config": [9, 16, 128, 41, 1, 0], "accuracy": 0.5738461538}
{"config": [6, 16, 32, 32, 0, 1], "accuracy": 0.8784615385000001}
{"config": [6, 16, 128, 64, 0, 1], "accuracy": 0.6092307692000001}
{"config": [9, 16, 32, 32, 1, 0], "accuracy": 0.88}
{"config": [9, 64, 32, 32, 0, 1], "accuracy": 0.68}
{"config": [9, 16, 128, 64, 0, 0], "accuracy": 0.6246153846}
{"config": [3, 32, 128, 64, 0, 0], "accuracy": 0.4892307692}
{"config": [3, 64, 16, 41, 0, 1], "accuracy": 0.6076923077}
{"config": [9, 32, 16, 41, 0, 1], "accuracy": 0.7276923077}
{"config": [9, 16, 64, 64, 0, 1], "accuracy": 0.6938461538}
{"config": [9, 16, 128, 64, 1, 0], "accuracy": 0.6569230769000001}
{"config": [9, 64, 32, 41, 0, 0], "accuracy": 0.6723076923}
{"config": [6, 16, 16, 41, 1, 1], "accuracy": 0.7415384615}
{"config": [9, 32, 128, 32, 0, 1], "accuracy": 0.6261538462}
