{"config": [9, 32, 64, 32, 1, 0], "accuracy": 0.7421182266}
{"config": [3, 16, 16, 32, 1, 1], "accuracy": 0.8041871921}
{"config": [6, 16, 32, 32, 0, 1], "accuracy": 0.8394088670000001}
{"config": [9, 16, 32, 64, 1, 0], "accuracy": 0.7674876847000001}
{"config": [6, 32, 16, 32, 0, 1], "accuracy": 0.7832512315}
{"config": [3, 16, 16, 41, 1, 1], "accuracy": 0.8325123153}
{"config": [3, 64, 16, 41, 1, 1], "accuracy": 0.8039408867000001}
{"config": [9, 32, 32, 41, 0, 0], "accuracy": 0.7906403941}
{"config": [6, 64, 128, 64, 0, 1], "accuracy": 0.8036945813}
{"config": [6, 32, 128, 41, 1, 0], "accuracy": 0.7758620690000001}
{"config": [6, 64, 128, 64, 0, 0], "accuracy": 0.8034482759}
{"config": [3, 64, 128, 64, 0, 0], "accuracy": 0.8120689655000001}
{"config": [6, 16, 32, 32, 1, 0], "accuracy": 0.8184729064}
{"config": [6, 16, 128, 64, 1, 0], "accuracy": 0.7834975369}
{"config": [6, 64, 64, 41, 1, 0], "accuracy": 0.831773399}
{"config": [6, 16, 16, 64, 0, 0], "accuracy": 0.8608374384}
{"config": [9, 32, 32, 41, 1, 0], "accuracy": 0.8118226601}
{"config": [9, 64, 32, 32, 1, 0], "accuracy": 0.8325123153}
{"config": [9, 16, 64, 64, 0, 1], "accuracy": 0.7837438424000001}
{"config": [9, 32, 64, 32, 1, 1], "accuracy": 0.7561576355}
{"config": [9, 32, 16, 41, 0, 1], "accuracy": 0.8174876847}
{"config": [9, 64, 16, 32, 1, 0], "accuracy": 0.8455665025}
{"config": [6, 32, 128, 32, 1, 0], "accuracy": 0.8184729064}
{"config": [3, 32, 32, 64, 0, 1], "accuracy": 0.7977832512}
{"config": [3, 64, 64, 41, 1, 1], "accuracy": 0.8598522167}
{"config": [9, 64, 16, 41, 1, 0], "accuracy": 0.7618226601}
{"config": [9, 64, 32, 64, 1, 0], "accuracy": 0.7844827586}
{"config": [3, 32, 16, 64, 1, 1], "accuracy": 0.7689655172000001}
{"config": [6, 16, 32, 41, 0, 1], "accuracy": 0.825862069}
{"config": [9, 32, 16, 32, 1, 0], "accuracy": 0.7899014778}
{"config": [6, 32, 64, 32, 0, 1], "accuracy": 0.7908866995}
{"config": [9, 16, 16, 64, 0, 1], "accuracy": 0.8394088670000001}
{"config": [6, 16, 64, 32, 1, 1], "accuracy": 0.7556650246000001}
{"config": [3, 64, 16, 32, 1, 1], "accuracy": 0.7812807882}
{"config": [6, 32, 32, 41, 1, 0], "accuracy": 0.7564039409000001}
{"config": [6, 16, 32, 64, 0, 1], "accuracy": 0.7906403941}
{"config": [9, 16, 64, 41, 0, 0], "accuracy": 0.8248768473}
{"config": [3, 64, 32, 32, 0, 1], "accuracy": 0.7480295567}
{"config": [3, 16, 32, 41, 0, 1], "accuracy": 0.7682266010000001}
{"config": [6, 64, 32, 41, 0, 1], "accuracy": 0.8608374384}
{"config": [3, 64, 16, 32, 0, 1], "accuracy": 0.8115763547}
{"config": [3, 64, 128, 32, 1, 0], "accuracy": 0.7817733990000001}
{"config": [6, 64, 128, 41, 0, 0], "accuracy": 0.7766009852}
{"config": [3, 64, 128, 41, 1, 1], "accuracy": 0.8184729064}
{"config": [3, 16, 64, 64, 1, 1], "accuracy": 0.8458128079}
{"config": [6, 64, 32, 32, 0, 0], "accuracy": 0.8532019704}
{"config": [6, 32, 16, 41, 1, 1], "accuracy": 0.8261083744000001}
{"config": [9, 16, 64, 32, 1, 1], "accuracy": 0.818226601}
{"config": [9, 16, 128, 64, 0, 0], "accuracy": 0.7630541872000001}
{"config": [6, 16, 128, 32, 0, 1], "accuracy": 0.7903940887}
