{"config": [9, 16, 16, 32, 1, 1], "accuracy": 0.867}
{"config": [3, 64, 32, 41, 0, 1], "accuracy": 0.8763333333000001}
{"config": [6, 32, 16, 32, 1, 0], "accuracy": 0.8756666667}
{"config": [9, 32, 128, 41, 1, 0], "accuracy": 0.8926666667}
{"config": [9, 16, 16, 64, 1, 1], "accuracy": 0.86}
{"config": [3, 64, 32, 41, 0, 0], "accuracy": 0.9003333333}
{"config": [9, 32, 16, 32, 1, 1], "accuracy": 0.8846666667}
{"config": [3, 16, 128, 41, 0, 1], "accuracy": 0.7356666667}
{"config": [9, 16, 32, 64, 1, 0], "accuracy": 0.9093333333}
{"config": [6, 16, 128, 41, 1, 1], "accuracy": 0.8513333333}
{"config": [6, 16, 16, 32, 1, 0], "accuracy": 0.8433333333}
{"config": [6, 16, 32, 41, 0, 1], "accuracy": 0.8596666667}
{"config": [9, 16, 16, 41, 1, 0], "accuracy": 0.9006666667000001}
{"config": [6, 16, 16, 64, 0, 1], "accuracy": 0.8260000000000001}
{"config": [3, 64, 16, 32, 1, 1], "accuracy": 0.8926666667}
{"config": [6, 64, 64, 41, 1, 0], "accuracy": 0.8926666667}
{"config": [3, 64, 64, 32, 0, 1], "accuracy": 0.867}
{"config": [3, 64, 32, 32, 0, 1], "accuracy": 0.8753333333000001}
{"config": [3, 32, 128, 32, 0, 1], "accuracy": 0.8343333333}
{"config": [6, 16, 32, 32, 0, 1], "accuracy": 0.8346666667}
{"config": [3, 32, 16, 41, 1, 1], "accuracy": 0.8346666667}
{"config": [3, 16, 32, 41, 1, 0], "accuracy": 0.8586666667}
{"config": [9, 16, 64, 64, 0, 1], "accuracy": 0.9003333333}
{"config": [9, 64, 32, 64, 0, 1], "accuracy": 0.859}
{"config": [6, 32, 32, 32, 0, 0], "accuracy": 0.8426666667}
{"config": [6, 32, 64, 32, 0, 1], "accuracy": 0.8683333333000001}
{"config": [6, 16, 16, 41, 1, 1], "accuracy": 0.8926666667}
{"config": [9, 64, 64, 32, 1, 0], "accuracy": 0.8756666667}
{"config": [6, 16, 64, 32, 1, 1], "accuracy": 0.9423333333}
{"config": [3, 64, 32, 64, 1, 1], "accuracy": 0.8266666667}
{"config": [3, 32, 128, 41, 1, 0], "accuracy": 0.8673333333000001}
{"config": [9, 16, 16, 64, 0, 1], "accuracy": 0.8673333333000001}
{"config": [3, 16, 128, 41, 1, 0], "accuracy": 0.7926666667000001}
{"config": [9, 32, 32, 41, 1, 0], "accuracy": 0.8263333333}
{"config": [9, 64, 64, 32, 0, 1], "accuracy": 0.9006666667000001}
{"config": [3, 32, 16, 41, 0, 1], "accuracy": 0.8933333333000001}
{"config": [9, 64, 128, 64, 1, 1], "accuracy": 0.7786666667000001}
{"config": [3, 64, 32, 32, 0, 0], "accuracy": 0.8260000000000001}
{"config": [6, 64, 128, 32, 1, 0], "accuracy": 0.8176666667}
{"config": [9, 64, 32, 32, 1, 0], "accuracy": 0.8593333333000001}
{"config": [9, 64, 32, 32, 0, 1], "accuracy": 0.8676666667}
{"config": [3, 32, 32, 64, 1, 0], "accuracy": 0.8596666667}
{"config": [3, 64, 16, 32, 1, 0], "accuracy": 0.9343333333}
{"config": [6, 64, 32, 32, 0, 0], "accuracy": 0.9266666667000001}
{"config": [9, 32, 16, 32, 1, 0], "accuracy": 0.893}
{"config": [3, 64, 64, 32, 0, 0], "accuracy": 0.892}
{"config": [6, 32, 16, 32, 0, 0], "accuracy": 0.9013333333}
{"config": [3, 16, 16, 32, 1, 1], "accuracy": 0.8513333333}
{"config": [6, 32, 64, 64, 0, 0], "accuracy": 0.8176666667}
{"config": [6, 64, 128, 41, 0, 0], "accuracy": 0.7276666667}
