{"config": [6, 64, 32, 64, 1, 0], "accuracy": 0.8317398299000001}
{"config": [6, 64, 128, 64, 0, 0], "accuracy": 0.8203631349}
{"config": [3, 32, 64, 32, 1, 0], "accuracy": 0.8396498889}
{"config": [9, 64, 128, 32, 1, 0], "accuracy": 0.8308358232}
{"config": [6, 64, 128, 41, 0, 1], "accuracy": 0.8404964376}
{"config": [9, 64, 32, 32, 1, 0], "accuracy": 0.8291197426}
{"config": [9, 16, 128, 64, 0, 0], "accuracy": 0.8352179576000001}
{"config": [3, 16, 32, 41, 1, 0], "accuracy": 0.8317283383}
{"config": [3, 16, 128, 41, 1, 0], "accuracy": 0.8186087489}
{"config": [9, 64, 64, 41, 1, 0], "accuracy": 0.8220753850000001}
{"config": [6, 16, 64, 64, 0, 1], "accuracy": 0.8281965832}
{"config": [9, 64, 64, 32, 1, 1], "accuracy": 0.835263924}
{"config": [6, 32, 32, 41, 1, 1], "accuracy": 0.8439822263000001}
{"config": [9, 16, 128, 32, 1, 1], "accuracy": 0.8334750632}
{"config": [3, 64, 16, 64, 0, 1], "accuracy": 0.8089902704}
{"config": [6, 32, 16, 64, 0, 0], "accuracy": 0.8202980158000001}
{"config": [6, 32, 16, 41, 1, 1], "accuracy": 0.8202903547}
{"config": [9, 32, 128, 64, 1, 1], "accuracy": 0.8281927526}
{"config": [3, 32, 16, 41, 0, 1], "accuracy": 0.8334597411}
{"config": [6, 16, 128, 64, 1, 0], "accuracy": 0.8317206772}
{"config": [9, 16, 32, 64, 1, 1], "accuracy": 0.81069869}
{"config": [6, 16, 32, 32, 1, 0], "accuracy": 0.8255803264}
{"config": [6, 32, 32, 64, 1, 0], "accuracy": 0.8264728415}
{"config": [9, 64, 16, 32, 1, 0], "accuracy": 0.8273232207000001}
{"config": [3, 16, 128, 64, 0, 0], "accuracy": 0.8124760591}
{"config": [3, 64, 16, 32, 1, 1], "accuracy": 0.8247261166000001}
{"config": [3, 16, 32, 64, 1, 1], "accuracy": 0.8211905309}
{"config": [9, 32, 32, 64, 0, 1], "accuracy": 0.8151267908000001}
{"config": [6, 32, 128, 64, 1, 1], "accuracy": 0.8264728415}
{"config": [3, 32, 128, 41, 1, 0], "accuracy": 0.8115375776}
{"config": [3, 32, 16, 32, 1, 0], "accuracy": 0.8264651804}
{"config": [6, 32, 32, 41, 1, 0], "accuracy": 0.8229908833}
{"config": [6, 16, 32, 32, 0, 1], "accuracy": 0.8220868766}
{"config": [9, 16, 128, 64, 1, 0], "accuracy": 0.8229640696}
{"config": [9, 64, 32, 32, 0, 1], "accuracy": 0.8387420516}
{"config": [3, 32, 16, 41, 0, 0], "accuracy": 0.8361143032}
{"config": [9, 32, 32, 41, 0, 0], "accuracy": 0.8439975485000001}
{"config": [3, 64, 16, 41, 0, 1], "accuracy": 0.8194782809000001}
{"config": [6, 16, 64, 32, 1, 1], "accuracy": 0.8098061748000001}
{"config": [3, 16, 32, 64, 1, 0], "accuracy": 0.8124377538}
{"config": [3, 64, 64, 41, 0, 1], "accuracy": 0.8238412625}
{"config": [6, 64, 128, 41, 0, 0], "accuracy": 0.8168313798}
{"config": [6, 16, 16, 41, 1, 1], "accuracy": 0.8221175209}
{"config": [6, 16, 16, 32, 1, 0], "accuracy": 0.8264766720000001}
{"config": [6, 16, 32, 32, 0, 0], "accuracy": 0.8203324906}
{"config": [6, 16, 16, 64, 1, 0], "accuracy": 0.8167930744}
{"config": [9, 16, 32, 64, 1, 0], "accuracy": 0.7948938941}
{"config": [3, 16, 64, 64, 1, 0], "accuracy": 0.8194514671}
{"config": [9, 64, 128, 32, 0, 0], "accuracy": 0.8255688348}
{"config": [9, 32, 128, 32, 0, 0], "accuracy": 0.8290890983}
