{"config": [3, 64, 16, 41, 1, 1], "accuracy": 0.7221130221000001}
{"config": [3, 64, 128, 64, 0, 1], "accuracy": 0.6895823096}
{"config": [3, 16, 32, 32, 0, 1], "accuracy": 0.7184438984}
{"config": [3, 64, 64, 32, 0, 0], "accuracy": 0.7076822277}
{"config": [9, 64, 16, 32, 0, 1], "accuracy": 0.7509254709000001}
{"config": [3, 64, 64, 32, 0, 1], "accuracy": 0.6696642097000001}
{"config": [6, 16, 128, 32, 0, 1], "accuracy": 0.6301556102}
{"config": [6, 16, 32, 41, 0, 1], "accuracy": 0.7238984439}
{"config": [9, 16, 32, 64, 1, 1], "accuracy": 0.7527436527}
{"config": [3, 64, 16, 32, 1, 1], "accuracy": 0.7184930385}
{"config": [3, 16, 128, 41, 0, 0], "accuracy": 0.622964783}
{"config": [3, 16, 128, 64, 1, 1], "accuracy": 0.6661261261}
{"config": [3, 64, 32, 41, 0, 1], "accuracy": 0.7094021294}
{"config": [6, 16, 128, 64, 0, 1], "accuracy": 0.7110892711}
{"config": [6, 16, 32, 32, 1, 0], "accuracy": 0.6259459459000001}
{"config": [9, 32, 64, 64, 0, 1], "accuracy": 0.6625389025}
{"config": [6, 32, 32, 32, 1, 1], "accuracy": 0.7202129402}
{"config": [9, 32, 16, 32, 1, 1], "accuracy": 0.7508763309}
{"config": [9, 32, 64, 32, 1, 0], "accuracy": 0.5520884521}
{"config": [9, 16, 64, 64, 0, 0], "accuracy": 0.6822768223}
{"config": [6, 64, 128, 41, 0, 0], "accuracy": 0.5954627355000001}
{"config": [9, 64, 128, 32, 0, 0], "accuracy": 0.4891564292}
{"config": [9, 16, 16, 32, 1, 1], "accuracy": 0.7165929566}
{"config": [9, 32, 16, 41, 0, 1], "accuracy": 0.7545290745000001}
{"config": [9, 32, 32, 32, 1, 1], "accuracy": 0.6515642916000001}
{"config": [9, 64, 32, 32, 1, 0], "accuracy": 0.6372809173}
{"config": [6, 64, 64, 41, 1, 1], "accuracy": 0.6588861589}
{"config": [3, 32, 32, 64, 1, 0], "accuracy": 0.7148894349}
{"config": [6, 64, 128, 32, 1, 0], "accuracy": 0.5683538084}
{"config": [3, 32, 16, 41, 1, 1], "accuracy": 0.7436691237}
{"config": [6, 32, 32, 41, 1, 1], "accuracy": 0.6931531532}
{"config": [6, 16, 16, 32, 1, 1], "accuracy": 0.7274529075}
{"config": [6, 64, 16, 32, 1, 0], "accuracy": 0.7473382473}
{"config": [9, 32, 64, 41, 1, 0], "accuracy": 0.7021621622}
{"config": [6, 64, 16, 64, 1, 0], "accuracy": 0.7526945127}
{"config": [3, 32, 128, 41, 1, 0], "accuracy": 0.5846355446}
{"config": [9, 16, 16, 41, 0, 0], "accuracy": 0.7075511876}
{"config": [3, 64, 128, 41, 0, 1], "accuracy": 0.5233579034}
{"config": [6, 32, 16, 32, 0, 0], "accuracy": 0.7273218673}
{"config": [9, 16, 32, 32, 0, 0], "accuracy": 0.6517117117}
{"config": [3, 16, 16, 32, 1, 0], "accuracy": 0.7346109746}
{"config": [9, 16, 64, 32, 1, 1], "accuracy": 0.6911384111000001}
{"config": [9, 64, 64, 41, 1, 0], "accuracy": 0.5739066339000001}
{"config": [6, 64, 64, 41, 1, 0], "accuracy": 0.6715151515000001}
{"config": [6, 16, 16, 41, 0, 0], "accuracy": 0.713005733}
{"config": [3, 64, 16, 41, 1, 0], "accuracy": 0.7328746929000001}
{"config": [3, 16, 64, 64, 1, 0], "accuracy": 0.7238165438}
{"config": [6, 64, 64, 32, 1, 1], "accuracy": 0.5611302211}
{"config": [6, 32, 32, 32, 0, 1], "accuracy": 0.7111711712000001}
{"config": [3, 16, 128, 64, 0, 0], "accuracy": 0.6951515152000001}
