{"config": [6, 32, 16, 32, 0, 1], "accuracy": 0.9772024085000001}
{"config": [9, 64, 64, 41, 0, 1], "accuracy": 0.9685348155000001}
{"config": [3, 64, 64, 41, 1, 1], "accuracy": 0.9677752046}
{"config": [6, 16, 32, 64, 1, 0], "accuracy": 0.9670032422}
{"config": [9, 64, 128, 64, 1, 0], "accuracy": 0.9740497144}
{"config": [6, 32, 128, 41, 1, 0], "accuracy": 0.9685780454}
{"config": [9, 64, 128, 32, 0, 0], "accuracy": 0.9756245175}
{"config": [3, 16, 32, 64, 1, 1], "accuracy": 0.9756306932000001}
{"config": [3, 16, 64, 64, 1, 1], "accuracy": 0.9646348618}
{"config": [6, 16, 16, 32, 1, 1], "accuracy": 0.9748247646}
{"config": [6, 64, 64, 64, 0, 1], "accuracy": 0.9740651536}
{"config": [3, 16, 128, 41, 0, 0], "accuracy": 0.9701343214}
{"config": [9, 16, 16, 41, 1, 0], "accuracy": 0.9678029952}
{"config": [9, 32, 32, 64, 1, 0], "accuracy": 0.9756368689}
{"config": [3, 64, 128, 64, 0, 0], "accuracy": 0.9709062838}
{"config": [3, 64, 16, 32, 0, 1], "accuracy": 0.9764150069}
{"config": [6, 16, 32, 64, 0, 1], "accuracy": 0.9748463795000001}
{"config": [6, 64, 128, 41, 0, 0], "accuracy": 0.9716720704}
{"config": [9, 32, 128, 32, 0, 1], "accuracy": 0.9764211826}
{"config": [9, 64, 16, 41, 1, 0], "accuracy": 0.9803551027}
{"config": [6, 32, 16, 41, 1, 1], "accuracy": 0.9771869693}
{"config": [6, 64, 64, 41, 1, 1], "accuracy": 0.9771993207}
{"config": [6, 32, 16, 64, 1, 0], "accuracy": 0.9732777520000001}
{"config": [9, 32, 16, 41, 0, 1], "accuracy": 0.9732654006}
{"config": [3, 32, 32, 32, 0, 0], "accuracy": 0.9795615254000001}
{"config": [6, 16, 32, 32, 1, 0], "accuracy": 0.9756245175}
{"config": [9, 32, 32, 64, 1, 1], "accuracy": 0.9724903505}
{"config": [3, 64, 64, 32, 0, 0], "accuracy": 0.9716875096}
{"config": [9, 16, 32, 32, 0, 0], "accuracy": 0.9764088312}
{"config": [6, 16, 64, 64, 0, 1], "accuracy": 0.9662065771}
{"config": [9, 64, 128, 41, 1, 0], "accuracy": 0.9756214297}
{"config": [9, 16, 64, 64, 0, 0], "accuracy": 0.9716875096}
{"config": [6, 32, 32, 32, 0, 1], "accuracy": 0.9732715763}
{"config": [9, 16, 32, 64, 1, 0], "accuracy": 0.9787772117}
{"config": [3, 32, 128, 41, 1, 0], "accuracy": 0.9701065308000001}
{"config": [3, 16, 128, 41, 0, 1], "accuracy": 0.9669600124000001}
{"config": [6, 64, 16, 41, 1, 1], "accuracy": 0.9693314806000001}
{"config": [9, 16, 32, 32, 1, 0], "accuracy": 0.9826956925}
{"config": [6, 16, 64, 32, 1, 0], "accuracy": 0.9716967732}
{"config": [6, 16, 128, 41, 1, 1], "accuracy": 0.9677721167000001}
{"config": [3, 64, 16, 32, 0, 0], "accuracy": 0.9772054964}
{"config": [9, 16, 64, 32, 1, 1], "accuracy": 0.9787772117}
{"config": [9, 32, 32, 64, 0, 1], "accuracy": 0.9709124595}
{"config": [6, 64, 32, 41, 0, 1], "accuracy": 0.97012197}
{"config": [3, 16, 32, 32, 0, 1], "accuracy": 0.9756337811}
{"config": [9, 32, 32, 41, 1, 0], "accuracy": 0.9724934383}
{"config": [6, 64, 16, 64, 1, 0], "accuracy": 0.9771900571000001}
{"config": [3, 16, 128, 41, 1, 0], "accuracy": 0.9740558901}
{"config": [6, 64, 32, 64, 1, 0], "accuracy": 0.9709340744}
{"config": [6, 32, 32, 64, 1, 0], "accuracy": 0.9685379034}
