{"config": [6, 16, 128, 41, 1, 1], "accuracy": 0.5391809992000001}
{"config": [3, 16, 32, 32, 1, 1], "accuracy": 0.5823587224}
{"config": [9, 64, 32, 64, 0, 1], "accuracy": 0.5947420147}
{"config": [6, 64, 64, 41, 1, 1], "accuracy": 0.5136117936}
{"config": [9, 16, 128, 32, 1, 0], "accuracy": 0.4553808354}
{"config": [3, 64, 64, 32, 0, 1], "accuracy": 0.5840950041}
{"config": [9, 64, 32, 64, 1, 0], "accuracy": 0.5840131040000001}
{"config": [6, 16, 16, 64, 0, 0], "accuracy": 0.5931531532000001}
{"config": [9, 64, 128, 32, 1, 0], "accuracy": 0.5244717445}
{"config": [6, 64, 128, 64, 0, 1], "accuracy": 0.5441769042}
{"config": [3, 64, 16, 41, 1, 0], "accuracy": 0.6022440622}
{"config": [6, 16, 64, 64, 0, 0], "accuracy": 0.5352989353000001}
{"config": [9, 16, 32, 32, 1, 0], "accuracy": 0.5567076167}
{"config": [9, 64, 32, 32, 1, 0], "accuracy": 0.557035217}
{"config": [6, 16, 32, 41, 1, 1], "accuracy": 0.5587059787}
{"config": [9, 32, 32, 41, 1, 0], "accuracy": 0.5933824734}
{"config": [6, 32, 128, 64, 1, 1], "accuracy": 0.5225389025}
{"config": [3, 16, 32, 64, 1, 0], "accuracy": 0.5676658477000001}
{"config": [6, 32, 128, 32, 1, 0], "accuracy": 0.5463226863}
{"config": [6, 32, 64, 32, 0, 1], "accuracy": 0.5135298935}
{"config": [6, 16, 64, 32, 1, 0], "accuracy": 0.5550204750000001}
{"config": [9, 64, 64, 41, 1, 0], "accuracy": 0.5712366912}
{"config": [6, 16, 16, 64, 1, 0], "accuracy": 0.6057330057}
{"config": [6, 64, 32, 41, 0, 1], "accuracy": 0.5587223587}
{"config": [6, 32, 128, 41, 1, 0], "accuracy": 0.49904995900000004}
{"config": [3, 64, 16, 32, 1, 0], "accuracy": 0.6147092547}
{"config": [3, 64, 16, 41, 1, 1], "accuracy": 0.632972973}
{"config": [6, 32, 16, 32, 0, 0], "accuracy": 0.6238165438000001}
{"config": [9, 32, 128, 41, 1, 0], "accuracy": 0.4016380016}
{"config": [3, 16, 16, 32, 1, 0], "accuracy": 0.593038493}
{"config": [9, 64, 128, 41, 1, 0], "accuracy": 0.4807698608}
{"config": [6, 64, 32, 64, 0, 0], "accuracy": 0.5316461916}
{"config": [3, 16, 128, 41, 0, 1], "accuracy": 0.5117772318}
{"config": [3, 64, 128, 64, 0, 0], "accuracy": 0.4520556921}
{"config": [9, 16, 16, 41, 1, 0], "accuracy": 0.5675675676}
{"config": [3, 32, 16, 64, 1, 1], "accuracy": 0.6075511876}
{"config": [3, 16, 32, 41, 0, 1], "accuracy": 0.5913677314}
{"config": [9, 16, 32, 32, 0, 0], "accuracy": 0.5354463554000001}
{"config": [6, 16, 32, 32, 0, 1], "accuracy": 0.5765929566}
{"config": [9, 16, 128, 41, 1, 0], "accuracy": 0.463046683}
{"config": [6, 16, 128, 64, 0, 0], "accuracy": 0.4732186732}
{"config": [3, 64, 64, 32, 1, 1], "accuracy": 0.5118755119}
{"config": [3, 64, 16, 32, 1, 1], "accuracy": 0.6237674038000001}
{"config": [6, 64, 16, 64, 1, 0], "accuracy": 0.5803767404}
{"config": [9, 32, 128, 64, 1, 1], "accuracy": 0.5062899263}
{"config": [6, 64, 128, 32, 1, 0], "accuracy": 0.47746109750000004}
{"config": [3, 32, 128, 41, 1, 0], "accuracy": 0.4935626536}
{"config": [6, 64, 128, 64, 1, 1], "accuracy": 0.5480917281000001}
{"config": [9, 32, 16, 41, 0, 1], "accuracy": 0.5697624898}
{"config": [6, 16, 32, 64, 0, 1], "accuracy": 0.538968059}
