{"config": [6, 64, 32, 32, 0, 0], "accuracy": 0.8395016007}
{"config": [6, 32, 64, 64, 0, 0], "accuracy": 0.7900947838}
{"config": [6, 32, 16, 32, 0, 0], "accuracy": 0.838365451}
{"config": [6, 16, 128, 32, 0, 1], "accuracy": 0.8125604168}
{"config": [9, 64, 16, 32, 0, 1], "accuracy": 0.8429539891000001}
{"config": [3, 64, 16, 41, 1, 0], "accuracy": 0.8507501098}
{"config": [3, 16, 128, 64, 1, 1], "accuracy": 0.8372041931}
{"config": [3, 32, 16, 32, 1, 0], "accuracy": 0.8394513841}
{"config": [3, 64, 32, 32, 1, 1], "accuracy": 0.8529721926}
{"config": [3, 32, 32, 64, 0, 1], "accuracy": 0.8484589793}
{"config": [6, 32, 128, 41, 1, 0], "accuracy": 0.787778545}
{"config": [9, 16, 32, 32, 0, 0], "accuracy": 0.8383403427}
{"config": [3, 64, 64, 41, 0, 0], "accuracy": 0.8608499153}
{"config": [6, 16, 32, 41, 0, 0], "accuracy": 0.8529910238}
{"config": [3, 32, 64, 64, 1, 1], "accuracy": 0.8518674283000001}
{"config": [9, 16, 32, 64, 1, 1], "accuracy": 0.8496327914}
{"config": [9, 64, 32, 32, 1, 0], "accuracy": 0.8439708744000001}
{"config": [9, 32, 64, 64, 0, 1], "accuracy": 0.8226602222}
{"config": [3, 16, 128, 41, 1, 0], "accuracy": 0.8484715335}
{"config": [9, 64, 32, 64, 1, 0], "accuracy": 0.8383968364000001}
{"config": [3, 16, 32, 64, 0, 0], "accuracy": 0.8630406126}
{"config": [9, 16, 64, 41, 0, 1], "accuracy": 0.8046952483}
{"config": [9, 32, 16, 32, 0, 1], "accuracy": 0.8406251962}
{"config": [3, 32, 16, 41, 0, 1], "accuracy": 0.8451321323000001}
{"config": [6, 64, 128, 64, 0, 0], "accuracy": 0.7844203126}
{"config": [6, 64, 32, 41, 0, 1], "accuracy": 0.8462306195}
{"config": [9, 32, 32, 32, 1, 0], "accuracy": 0.8080409265}
{"config": [3, 16, 128, 64, 0, 0], "accuracy": 0.8585964472000001}
{"config": [3, 16, 128, 32, 0, 0], "accuracy": 0.8541146193}
{"config": [6, 64, 64, 41, 0, 0], "accuracy": 0.769807294}
{"config": [9, 64, 32, 32, 0, 1], "accuracy": 0.8552319377000001}
{"config": [9, 32, 128, 32, 0, 1], "accuracy": 0.8439645973000001}
{"config": [9, 32, 16, 32, 1, 0], "accuracy": 0.8517983805}
{"config": [6, 32, 128, 64, 0, 0], "accuracy": 0.8406816898}
{"config": [3, 64, 128, 64, 1, 0], "accuracy": 0.8474107087}
{"config": [3, 64, 32, 32, 1, 0], "accuracy": 0.8373548428}
{"config": [9, 32, 64, 41, 1, 1], "accuracy": 0.8035402674000001}
{"config": [9, 64, 32, 41, 0, 0], "accuracy": 0.8361621995}
{"config": [6, 64, 64, 32, 0, 0], "accuracy": 0.8249011361}
{"config": [9, 32, 32, 41, 1, 0], "accuracy": 0.8294080723}
{"config": [9, 16, 64, 41, 0, 0], "accuracy": 0.7937229301000001}
{"config": [6, 16, 16, 32, 1, 0], "accuracy": 0.8451133011}
{"config": [6, 16, 32, 32, 0, 1], "accuracy": 0.84852175}
{"config": [9, 32, 64, 32, 1, 0], "accuracy": 0.823808926}
{"config": [3, 16, 32, 32, 0, 0], "accuracy": 0.8406440274}
{"config": [9, 16, 16, 41, 1, 0], "accuracy": 0.8148703785}
{"config": [3, 16, 16, 32, 1, 1], "accuracy": 0.8372606867}
{"config": [9, 32, 16, 32, 1, 1], "accuracy": 0.823808926}
{"config": [9, 16, 128, 32, 1, 0], "accuracy": 0.7586152784}
{"config": [3, 64, 32, 32, 0, 1], "accuracy": 0.8282844768000001}
