{"config": [6, 32, 32, 64, 1, 0], "accuracy": 0.9502553626}
{"config": [3, 64, 16, 64, 0, 1], "accuracy": 0.9593462717000001}
{"config": [9, 64, 16, 41, 1, 1], "accuracy": 0.9546986721}
{"config": [6, 64, 16, 64, 1, 1], "accuracy": 0.9502553626}
{"config": [3, 16, 16, 41, 1, 1], "accuracy": 0.9773237998000001}
{"config": [6, 16, 128, 41, 1, 1], "accuracy": 0.9547752809000001}
{"config": [3, 64, 128, 41, 0, 1], "accuracy": 0.9660878447000001}
{"config": [9, 32, 32, 64, 0, 1], "accuracy": 0.9388151175}
{"config": [3, 64, 64, 32, 0, 1], "accuracy": 0.9615679265}
{"config": [3, 16, 64, 64, 1, 0], "accuracy": 0.9502042901000001}
{"config": [3, 32, 16, 41, 1, 0], "accuracy": 0.966011236}
{"config": [6, 16, 128, 64, 1, 0], "accuracy": 0.9546986721}
{"config": [6, 16, 32, 32, 0, 1], "accuracy": 0.9637895812}
{"config": [3, 32, 128, 41, 1, 0], "accuracy": 0.9773748723000001}
{"config": [3, 32, 16, 41, 1, 1], "accuracy": 0.9615168539000001}
{"config": [9, 64, 64, 64, 1, 0], "accuracy": 0.9547752809000001}
{"config": [6, 64, 64, 41, 0, 0], "accuracy": 0.9638151175}
{"config": [3, 64, 32, 32, 1, 0], "accuracy": 0.9683094995}
{"config": [3, 64, 64, 64, 0, 1], "accuracy": 0.9569969356}
{"config": [3, 32, 16, 64, 1, 1], "accuracy": 0.9614402451}
{"config": [6, 32, 16, 64, 1, 0], "accuracy": 0.9593462717000001}
{"config": [3, 64, 16, 41, 0, 1], "accuracy": 0.9502298264000001}
{"config": [9, 16, 64, 32, 1, 1], "accuracy": 0.9592696629}
{"config": [6, 16, 32, 41, 0, 1], "accuracy": 0.9548008172}
{"config": [9, 16, 32, 32, 1, 0], "accuracy": 0.9570735444}
{"config": [9, 64, 32, 64, 0, 1], "accuracy": 0.943360572}
{"config": [9, 32, 128, 32, 0, 1], "accuracy": 0.9502298264000001}
{"config": [3, 32, 64, 32, 1, 0], "accuracy": 0.9705822268000001}
{"config": [6, 16, 16, 64, 0, 1], "accuracy": 0.9480081716000001}
{"config": [9, 32, 64, 32, 1, 0], "accuracy": 0.968360572}
{"config": [3, 64, 64, 41, 0, 1], "accuracy": 0.9638406537}
{"config": [6, 64, 32, 64, 1, 0], "accuracy": 0.9344228805}
{"config": [6, 32, 128, 64, 0, 0], "accuracy": 0.9503319714}
{"config": [9, 16, 32, 64, 1, 1], "accuracy": 0.9637385087}
{"config": [9, 64, 32, 64, 1, 0], "accuracy": 0.9366956078}
{"config": [6, 16, 32, 64, 0, 1], "accuracy": 0.9523493361}
{"config": [9, 16, 32, 64, 1, 0], "accuracy": 0.9571501532000001}
{"config": [3, 16, 32, 64, 1, 1], "accuracy": 0.9706077630000001}
{"config": [3, 16, 32, 64, 0, 0], "accuracy": 0.9683094995}
{"config": [3, 64, 64, 41, 1, 0], "accuracy": 0.9682328907000001}
{"config": [3, 16, 128, 41, 1, 0], "accuracy": 0.9592441267}
{"config": [3, 64, 16, 32, 0, 0], "accuracy": 0.9683094995}
{"config": [3, 32, 32, 32, 0, 0], "accuracy": 0.9661133810000001}
{"config": [9, 64, 64, 41, 1, 0], "accuracy": 0.9457354443}
{"config": [9, 16, 16, 41, 0, 0], "accuracy": 0.9683094995}
{"config": [6, 64, 64, 41, 1, 0], "accuracy": 0.9547752809000001}
{"config": [6, 32, 128, 32, 1, 0], "accuracy": 0.9456588355000001}
{"config": [6, 16, 16, 32, 1, 0], "accuracy": 0.9637895812}
{"config": [6, 64, 128, 32, 0, 0], "accuracy": 0.9502298264000001}
{"config": [3, 16, 16, 32, 1, 0], "accuracy": 0.9773748723000001}
