{"config": [9, 64, 32, 32, 1, 0], "accuracy": 0.4109004739}
{"config": [6, 64, 64, 41, 0, 0], "accuracy": 0.4241706161}
{"config": [3, 32, 32, 41, 1, 0], "accuracy": 0.42606635070000004}
{"config": [3, 64, 16, 41, 0, 1], "accuracy": 0.4383886256}
{"config": [9, 16, 16, 41, 1, 0], "accuracy": 0.41706161140000003}
{"config": [9, 64, 64, 32, 1, 1], "accuracy": 0.4682464455}
{"config": [3, 16, 32, 64, 1, 1], "accuracy": 0.44739336490000003}
{"config": [6, 32, 64, 64, 0, 0], "accuracy": 0.4293838863}
{"config": [9, 64, 32, 64, 1, 0], "accuracy": 0.43791469190000004}
{"config": [9, 32, 16, 32, 1, 1], "accuracy": 0.4232227488}
{"config": [3, 64, 16, 41, 1, 0], "accuracy": 0.4184834123}
{"config": [3, 64, 16, 32, 1, 0], "accuracy": 0.4497630332}
{"config": [3, 64, 64, 41, 0, 1], "accuracy": 0.4383886256}
{"config": [6, 16, 64, 64, 0, 1], "accuracy": 0.41943127960000004}
{"config": [9, 16, 16, 41, 0, 0], "accuracy": 0.4113744076}
{"config": [3, 32, 32, 32, 0, 0], "accuracy": 0.4454976303}
{"config": [3, 32, 16, 41, 0, 0], "accuracy": 0.4369668246}
{"config": [6, 64, 16, 41, 1, 0], "accuracy": 0.40616113740000004}
{"config": [9, 16, 128, 32, 1, 1], "accuracy": 0.4241706161}
{"config": [3, 32, 128, 32, 0, 1], "accuracy": 0.4630331754}
{"config": [6, 32, 32, 41, 1, 1], "accuracy": 0.428436019}
{"config": [9, 64, 32, 32, 0, 1], "accuracy": 0.4123222749}
{"config": [3, 16, 128, 32, 0, 0], "accuracy": 0.4639810427}
{"config": [6, 64, 32, 41, 0, 1], "accuracy": 0.43554502370000003}
{"config": [6, 64, 64, 64, 0, 1], "accuracy": 0.4322274882}
{"config": [9, 64, 64, 41, 1, 0], "accuracy": 0.4398104265}
{"config": [3, 64, 64, 41, 1, 0], "accuracy": 0.4545023697}
{"config": [6, 64, 16, 32, 1, 0], "accuracy": 0.43649289100000005}
{"config": [6, 16, 32, 64, 0, 1], "accuracy": 0.45402843600000004}
{"config": [6, 32, 16, 41, 1, 1], "accuracy": 0.4440758294}
{"config": [9, 32, 16, 32, 1, 0], "accuracy": 0.43554502370000003}
{"config": [6, 64, 32, 64, 0, 0], "accuracy": 0.43649289100000005}
{"config": [6, 16, 128, 64, 1, 1], "accuracy": 0.43412322270000003}
{"config": [6, 16, 16, 41, 0, 0], "accuracy": 0.4218009479}
{"config": [6, 16, 16, 32, 1, 1], "accuracy": 0.44597156400000004}
{"config": [9, 16, 128, 41, 1, 0], "accuracy": 0.46350710900000003}
{"config": [6, 32, 16, 64, 0, 0], "accuracy": 0.4317535545}
{"config": [3, 16, 32, 32, 0, 0], "accuracy": 0.44881516590000003}
{"config": [9, 32, 32, 41, 0, 0], "accuracy": 0.4118483412}
{"config": [6, 32, 16, 32, 0, 0], "accuracy": 0.45829383890000003}
{"config": [9, 32, 64, 41, 1, 1], "accuracy": 0.4426540284}
{"config": [9, 64, 128, 41, 1, 1], "accuracy": 0.4758293839}
{"config": [3, 16, 16, 64, 1, 1], "accuracy": 0.4431279621}
{"config": [3, 32, 64, 32, 1, 0], "accuracy": 0.4478672986}
{"config": [6, 64, 128, 64, 1, 1], "accuracy": 0.4890995261}
{"config": [3, 16, 32, 41, 1, 0], "accuracy": 0.4492890995}
{"config": [9, 32, 32, 64, 1, 0], "accuracy": 0.41421800950000004}
{"config": [6, 16, 32, 32, 1, 0], "accuracy": 0.44881516590000003}
{"config": [6, 32, 16, 32, 1, 0], "accuracy": 0.44075829380000003}
{"config": [9, 32, 32, 32, 1, 0], "accuracy": 0.4417061611}
