{"config": [6, 16, 32, 41, 0, 1], "accuracy": 0.8148760331}
{"config": [6, 64, 128, 64, 0, 1], "accuracy": 0.7487603306}
{"config": [6, 16, 32, 41, 0, 0], "accuracy": 0.8181818182}
{"config": [6, 32, 32, 41, 1, 1], "accuracy": 0.8247933884}
{"config": [3, 32, 16, 41, 1, 1], "accuracy": 0.8}
{"config": [6, 16, 128, 64, 0, 1], "accuracy": 0.773553719}
{"config": [3, 16, 64, 64, 1, 1], "accuracy": 0.8066115702000001}
{"config": [9, 32, 16, 32, 1, 1], "accuracy": 0.8148760331}
{"config": [3, 64, 64, 32, 1, 1], "accuracy": 0.8280991736000001}
{"config": [6, 64, 128, 41, 0, 0], "accuracy": 0.7851239669000001}
{"config": [6, 16, 16, 32, 1, 1], "accuracy": 0.8115702479}
{"config": [9, 64, 64, 32, 1, 0], "accuracy": 0.7900826446}
{"config": [9, 16, 128, 41, 1, 0], "accuracy": 0.7504132231}
{"config": [9, 64, 128, 64, 1, 0], "accuracy": 0.7173553719}
{"config": [6, 64, 128, 32, 0, 0], "accuracy": 0.7900826446}
{"config": [9, 16, 16, 41, 1, 0], "accuracy": 0.8181818182}
{"config": [3, 32, 32, 41, 1, 0], "accuracy": 0.8132231405}
{"config": [6, 16, 64, 64, 0, 0], "accuracy": 0.7818181818000001}
{"config": [9, 16, 32, 32, 0, 0], "accuracy": 0.8099173554}
{"config": [6, 32, 32, 32, 0, 0], "accuracy": 0.8165289256}
{"config": [9, 32, 16, 32, 1, 0], "accuracy": 0.8132231405}
{"config": [6, 64, 64, 32, 1, 1], "accuracy": 0.7867768595}
{"config": [3, 32, 16, 41, 0, 0], "accuracy": 0.8231404959}
{"config": [3, 16, 32, 32, 0, 1], "accuracy": 0.8115702479}
{"config": [9, 16, 64, 41, 0, 0], "accuracy": 0.7685950413}
{"config": [3, 32, 32, 41, 1, 1], "accuracy": 0.8264462810000001}
{"config": [9, 32, 16, 32, 0, 1], "accuracy": 0.8082644628000001}
{"config": [6, 32, 32, 32, 1, 1], "accuracy": 0.8}
{"config": [9, 64, 64, 64, 1, 0], "accuracy": 0.7504132231}
{"config": [3, 32, 16, 64, 1, 1], "accuracy": 0.8082644628000001}
{"config": [6, 16, 64, 32, 1, 1], "accuracy": 0.8115702479}
{"config": [6, 64, 32, 64, 0, 1], "accuracy": 0.7983471074}
{"config": [6, 64, 32, 64, 0, 0], "accuracy": 0.7752066116}
{"config": [9, 64, 64, 32, 1, 1], "accuracy": 0.747107438}
{"config": [6, 16, 128, 64, 1, 1], "accuracy": 0.8033057851000001}
{"config": [6, 16, 32, 32, 0, 1], "accuracy": 0.7966942149}
{"config": [3, 16, 32, 41, 1, 0], "accuracy": 0.8214876033}
{"config": [6, 32, 16, 64, 0, 0], "accuracy": 0.8132231405}
{"config": [6, 64, 16, 41, 1, 1], "accuracy": 0.8066115702000001}
{"config": [9, 32, 16, 41, 0, 1], "accuracy": 0.8181818182}
{"config": [3, 16, 16, 32, 0, 1], "accuracy": 0.8280991736000001}
{"config": [9, 64, 64, 41, 1, 0], "accuracy": 0.7768595041}
{"config": [3, 64, 128, 32, 1, 0], "accuracy": 0.7933884298}
{"config": [3, 16, 32, 64, 1, 0], "accuracy": 0.8016528926}
{"config": [9, 32, 64, 32, 1, 1], "accuracy": 0.7818181818000001}
{"config": [3, 64, 32, 32, 1, 1], "accuracy": 0.8198347107}
{"config": [3, 64, 16, 32, 0, 1], "accuracy": 0.8347107438}
{"config": [6, 64, 16, 32, 1, 0], "accuracy": 0.8297520661000001}
{"config": [3, 64, 128, 64, 1, 0], "accuracy": 0.8016528926}
{"config": [9, 16, 16, 41, 1, 1], "accuracy": 0.8099173554}
