{"config": [6, 32, 64, 64, 0, 0], "accuracy": 0.8408556702000001}
{"config": [9, 32, 16, 32, 1, 0], "accuracy": 0.8404896422}
{"config": [6, 64, 64, 32, 0, 0], "accuracy": 0.8009748949000001}
{"config": [3, 64, 64, 32, 0, 1], "accuracy": 0.8363443921}
{"config": [9, 16, 128, 32, 1, 1], "accuracy": 0.8303229826}
{"config": [6, 16, 64, 64, 0, 1], "accuracy": 0.8299413789000001}
{"config": [9, 16, 16, 64, 0, 1], "accuracy": 0.8415948062}
{"config": [6, 64, 32, 64, 0, 0], "accuracy": 0.8446221486000001}
{"config": [3, 64, 64, 41, 1, 1], "accuracy": 0.8389880067000001}
{"config": [6, 64, 16, 41, 1, 0], "accuracy": 0.8423580137000001}
{"config": [9, 16, 64, 64, 0, 1], "accuracy": 0.8359712841}
{"config": [6, 64, 32, 64, 0, 1], "accuracy": 0.8525239653000001}
{"config": [6, 16, 32, 64, 0, 1], "accuracy": 0.8337206009}
{"config": [6, 64, 64, 41, 1, 0], "accuracy": 0.8367125441000001}
{"config": [3, 32, 128, 64, 0, 0], "accuracy": 0.8491369667}
{"config": [6, 16, 16, 64, 1, 0], "accuracy": 0.8378311598}
{"config": [6, 64, 32, 41, 0, 1], "accuracy": 0.8329559775}
{"config": [6, 16, 128, 41, 1, 1], "accuracy": 0.8536553248000001}
{"config": [3, 16, 16, 41, 1, 1], "accuracy": 0.8483928748}
{"config": [3, 64, 16, 32, 0, 0], "accuracy": 0.841975702}
{"config": [3, 64, 32, 41, 0, 0], "accuracy": 0.8423594296}
{"config": [6, 32, 32, 32, 1, 1], "accuracy": 0.8333205896}
{"config": [6, 64, 128, 64, 1, 1], "accuracy": 0.8378439035}
{"config": [6, 64, 64, 64, 0, 0], "accuracy": 0.8284404514}
{"config": [6, 16, 16, 32, 1, 1], "accuracy": 0.8472551435000001}
{"config": [6, 64, 64, 64, 0, 1], "accuracy": 0.8400924628}
{"config": [3, 32, 32, 64, 0, 1], "accuracy": 0.8385964912}
{"config": [6, 32, 16, 41, 1, 1], "accuracy": 0.8513940218}
{"config": [9, 16, 64, 41, 0, 0], "accuracy": 0.8292071988}
{"config": [9, 64, 16, 32, 0, 1], "accuracy": 0.8329488977}
{"config": [9, 32, 16, 32, 1, 1], "accuracy": 0.8491405066000001}
{"config": [6, 16, 32, 32, 0, 0], "accuracy": 0.8378460275}
{"config": [3, 64, 32, 41, 0, 1], "accuracy": 0.8442405449}
{"config": [6, 16, 16, 32, 1, 0], "accuracy": 0.8389745550000001}
{"config": [3, 16, 128, 41, 0, 0], "accuracy": 0.8487532390000001}
{"config": [9, 64, 32, 64, 0, 1], "accuracy": 0.8306975065000001}
{"config": [6, 32, 128, 64, 1, 1], "accuracy": 0.8239213854}
{"config": [9, 32, 32, 41, 0, 0], "accuracy": 0.8408585022}
{"config": [9, 64, 128, 64, 1, 1], "accuracy": 0.8164089603}
{"config": [3, 64, 128, 64, 0, 0], "accuracy": 0.8495093666}
{"config": [3, 32, 128, 32, 0, 1], "accuracy": 0.844236297}
{"config": [6, 16, 32, 41, 1, 1], "accuracy": 0.8438695609}
{"config": [9, 32, 128, 32, 0, 0], "accuracy": 0.8250435411}
{"config": [3, 64, 32, 32, 0, 1], "accuracy": 0.843495745}
{"config": [9, 64, 32, 41, 0, 0], "accuracy": 0.8348420486}
{"config": [6, 64, 32, 64, 1, 0], "accuracy": 0.8427297056}
{"config": [9, 32, 16, 41, 0, 1], "accuracy": 0.8464954760000001}
{"config": [6, 16, 128, 64, 0, 1], "accuracy": 0.8498888464000001}
{"config": [3, 32, 16, 41, 1, 0], "accuracy": 0.8551527123}
{"config": [9, 32, 64, 32, 1, 0], "accuracy": 0.8370998117}
