{"config": [9, 32, 128, 32, 0, 1], "accuracy": 0.8754629339000001}
{"config": [9, 32, 128, 32, 0, 0], "accuracy": 0.8349758333}
{"config": [9, 16, 16, 32, 1, 1], "accuracy": 0.9169669198}
{"config": [9, 64, 128, 41, 1, 1], "accuracy": 0.8911807168}
{"config": [6, 64, 32, 64, 0, 0], "accuracy": 0.8922540958}
{"config": [3, 64, 64, 64, 0, 1], "accuracy": 0.8922603729}
{"config": [3, 32, 128, 41, 1, 0], "accuracy": 0.8900131818}
{"config": [9, 32, 32, 64, 0, 1], "accuracy": 0.8877471596000001}
{"config": [3, 16, 128, 64, 1, 1], "accuracy": 0.8698449564}
{"config": [9, 64, 64, 41, 1, 0], "accuracy": 0.8922289875}
{"config": [6, 16, 32, 41, 0, 1], "accuracy": 0.8877283284}
{"config": [6, 16, 32, 64, 1, 0], "accuracy": 0.8933651372}
{"config": [6, 16, 128, 64, 1, 1], "accuracy": 0.8888707551}
{"config": [9, 32, 64, 41, 1, 1], "accuracy": 0.8664741699}
{"config": [3, 32, 128, 32, 0, 1], "accuracy": 0.9012114745}
{"config": [9, 32, 16, 32, 0, 1], "accuracy": 0.8899943506}
{"config": [6, 16, 16, 32, 1, 0], "accuracy": 0.9034398343000001}
{"config": [6, 64, 128, 64, 0, 1], "accuracy": 0.8888456469}
{"config": [3, 16, 16, 32, 1, 1], "accuracy": 0.8945138409000001}
{"config": [9, 32, 64, 41, 1, 0], "accuracy": 0.8922289875}
{"config": [6, 16, 32, 64, 0, 1], "accuracy": 0.8967359237}
{"config": [6, 16, 64, 41, 0, 0], "accuracy": 0.9034837738}
{"config": [3, 16, 32, 41, 0, 1], "accuracy": 0.8900320131}
{"config": [9, 16, 32, 64, 1, 0], "accuracy": 0.8832590547}
{"config": [3, 32, 64, 32, 1, 0], "accuracy": 0.8843826502000001}
{"config": [3, 16, 128, 64, 0, 0], "accuracy": 0.8866737807}
{"config": [9, 64, 32, 41, 0, 0], "accuracy": 0.8934090766}
{"config": [9, 32, 32, 64, 1, 0], "accuracy": 0.8709183353000001}
{"config": [3, 16, 32, 64, 1, 0], "accuracy": 0.9000941560000001}
{"config": [6, 32, 64, 64, 0, 0], "accuracy": 0.8833218254}
{"config": [6, 64, 32, 41, 0, 1], "accuracy": 0.8866737807}
{"config": [9, 64, 128, 32, 1, 0], "accuracy": 0.8956060511}
{"config": [3, 64, 64, 32, 1, 1], "accuracy": 0.8866549495}
{"config": [3, 32, 16, 64, 1, 1], "accuracy": 0.8754127173}
{"config": [6, 16, 16, 32, 1, 1], "accuracy": 0.890025736}
{"config": [9, 32, 32, 41, 0, 0], "accuracy": 0.8866549495}
{"config": [6, 16, 32, 32, 0, 1], "accuracy": 0.8990144999999999}
{"config": [6, 16, 128, 64, 1, 0], "accuracy": 0.8843575419}
{"config": [9, 64, 32, 32, 1, 0], "accuracy": 0.9113363882000001}
{"config": [9, 16, 32, 64, 1, 1], "accuracy": 0.8709120583000001}
{"config": [3, 64, 16, 32, 1, 0], "accuracy": 0.8978532421000001}
{"config": [9, 32, 16, 32, 1, 1], "accuracy": 0.8944950097000001}
{"config": [9, 64, 128, 32, 0, 0], "accuracy": 0.8630092273000001}
{"config": [9, 16, 64, 64, 0, 0], "accuracy": 0.8776787396}
{"config": [6, 32, 64, 41, 0, 1], "accuracy": 0.8776473542000001}
{"config": [6, 64, 128, 64, 0, 0], "accuracy": 0.8776348001000001}
{"config": [9, 32, 32, 41, 1, 0], "accuracy": 0.8889711882}
{"config": [3, 16, 32, 64, 1, 1], "accuracy": 0.8877597138000001}
{"config": [6, 16, 128, 64, 0, 0], "accuracy": 0.8945263951}
{"config": [3, 64, 16, 41, 1, 0], "accuracy": 0.8810181407000001}
