{"config": [6, 16, 128, 64, 0, 0], "accuracy": 0.6613333333}
{"config": [6, 64, 32, 32, 0, 0], "accuracy": 0.6973333333}
{"config": [3, 64, 128, 41, 0, 1], "accuracy": 0.664}
{"config": [3, 16, 32, 41, 1, 0], "accuracy": 0.7413333333000001}
{"config": [9, 64, 32, 64, 1, 0], "accuracy": 0.6786666667}
{"config": [3, 64, 128, 64, 1, 0], "accuracy": 0.5946666667}
{"config": [6, 64, 16, 41, 1, 1], "accuracy": 0.6933333333}
{"config": [6, 32, 32, 32, 0, 0], "accuracy": 0.776}
{"config": [3, 32, 128, 32, 0, 1], "accuracy": 0.7706666667000001}
{"config": [3, 64, 16, 32, 1, 0], "accuracy": 0.7466666667}
{"config": [6, 64, 32, 64, 1, 0], "accuracy": 0.6920000000000001}
{"config": [6, 16, 16, 41, 0, 1], "accuracy": 0.7146666667}
{"config": [9, 32, 64, 64, 0, 1], "accuracy": 0.708}
{"config": [3, 16, 16, 41, 0, 1], "accuracy": 0.732}
{"config": [3, 32, 32, 41, 1, 0], "accuracy": 0.704}
{"config": [6, 64, 128, 64, 0, 1], "accuracy": 0.5346666667000001}
{"config": [9, 32, 16, 32, 1, 0], "accuracy": 0.6893333333}
{"config": [3, 32, 16, 32, 1, 0], "accuracy": 0.7253333333}
{"config": [6, 32, 16, 41, 1, 1], "accuracy": 0.7066666667}
{"config": [6, 64, 32, 41, 0, 1], "accuracy": 0.728}
{"config": [6, 64, 64, 64, 0, 0], "accuracy": 0.6773333333}
{"config": [3, 16, 32, 64, 1, 0], "accuracy": 0.6613333333}
{"config": [9, 32, 16, 41, 0, 1], "accuracy": 0.7213333333}
{"config": [9, 32, 32, 64, 0, 1], "accuracy": 0.6466666667000001}
{"config": [3, 16, 128, 41, 1, 0], "accuracy": 0.7346666667}
{"config": [6, 32, 32, 41, 1, 1], "accuracy": 0.704}
{"config": [6, 64, 128, 41, 0, 0], "accuracy": 0.5626666667}
{"config": [3, 32, 128, 64, 0, 0], "accuracy": 0.676}
{"config": [9, 16, 64, 64, 0, 1], "accuracy": 0.744}
{"config": [6, 16, 32, 41, 0, 1], "accuracy": 0.7453333333000001}
{"config": [9, 16, 128, 64, 0, 0], "accuracy": 0.5586666667}
{"config": [6, 16, 32, 64, 1, 0], "accuracy": 0.7186666667}
{"config": [9, 32, 128, 32, 0, 0], "accuracy": 0.6693333333}
{"config": [3, 32, 16, 41, 1, 1], "accuracy": 0.7146666667}
{"config": [3, 32, 32, 41, 1, 1], "accuracy": 0.7413333333000001}
{"config": [6, 32, 16, 64, 1, 0], "accuracy": 0.6946666667}
{"config": [6, 64, 128, 41, 0, 1], "accuracy": 0.7413333333000001}
{"config": [9, 16, 32, 32, 1, 0], "accuracy": 0.6986666667}
{"config": [6, 32, 32, 64, 1, 0], "accuracy": 0.6973333333}
{"config": [6, 16, 64, 41, 0, 0], "accuracy": 0.74}
{"config": [9, 32, 32, 41, 1, 0], "accuracy": 0.7133333333}
{"config": [9, 64, 32, 32, 1, 0], "accuracy": 0.7173333333}
{"config": [9, 16, 16, 64, 0, 1], "accuracy": 0.7000000000000001}
{"config": [3, 16, 16, 64, 1, 1], "accuracy": 0.7306666667}
{"config": [6, 16, 32, 32, 0, 1], "accuracy": 0.7693333333}
{"config": [6, 32, 128, 64, 0, 0], "accuracy": 0.6053333333}
{"config": [6, 32, 16, 32, 0, 1], "accuracy": 0.6973333333}
{"config": [9, 32, 64, 41, 1, 1], "accuracy": 0.748}
{"config": [9, 64, 16, 41, 1, 1], "accuracy": 0.6813333333}
{"config": [3, 32, 64, 64, 1, 1], "accuracy": 0.7186666667}
