{"config": [6, 64, 128, 32, 1, 0], "accuracy": 0.9603180358000001}
{"config": [6, 16, 128, 64, 1, 0], "accuracy": 0.9827152181000001}
{"config": [9, 32, 32, 41, 0, 0], "accuracy": 0.9694706309000001}
{"config": [9, 32, 32, 32, 1, 1], "accuracy": 0.9633947995000001}
{"config": [3, 16, 16, 32, 1, 1], "accuracy": 0.9715166270000001}
{"config": [6, 16, 128, 64, 1, 1], "accuracy": 0.9786439449000001}
{"config": [3, 16, 32, 64, 1, 1], "accuracy": 0.9674349943}
{"config": [3, 16, 128, 41, 1, 0], "accuracy": 0.9755879001000001}
{"config": [3, 16, 16, 32, 1, 0], "accuracy": 0.9725318554000001}
{"config": [9, 16, 128, 64, 1, 0], "accuracy": 0.9715114472}
{"config": [3, 64, 64, 41, 0, 1], "accuracy": 0.9684657619}
{"config": [6, 16, 32, 32, 0, 1], "accuracy": 0.974567492}
{"config": [6, 32, 64, 32, 0, 1], "accuracy": 0.9776183570000001}
{"config": [3, 32, 16, 41, 0, 0], "accuracy": 0.9755775407}
{"config": [3, 16, 32, 32, 0, 0], "accuracy": 0.9776183570000001}
{"config": [6, 64, 64, 32, 1, 1], "accuracy": 0.9755775407}
{"config": [9, 64, 64, 32, 0, 1], "accuracy": 0.9816999896}
{"config": [6, 32, 32, 41, 1, 0], "accuracy": 0.9704910391}
{"config": [3, 64, 64, 41, 1, 0], "accuracy": 0.9684554025000001}
{"config": [6, 64, 16, 32, 1, 0], "accuracy": 0.9674557132}
{"config": [6, 16, 16, 41, 1, 1], "accuracy": 0.9695120688000001}
{"config": [9, 64, 64, 64, 1, 0], "accuracy": 0.9786284057}
{"config": [3, 32, 16, 41, 1, 0], "accuracy": 0.9684605822000001}
{"config": [6, 64, 64, 41, 1, 0], "accuracy": 0.9735263649}
{"config": [6, 16, 16, 41, 0, 1], "accuracy": 0.9684605822000001}
{"config": [9, 64, 128, 41, 1, 1], "accuracy": 0.9735522635}
{"config": [6, 64, 32, 64, 0, 0], "accuracy": 0.9684657619}
{"config": [6, 64, 128, 41, 0, 0], "accuracy": 0.9745415933}
{"config": [6, 32, 128, 64, 0, 0], "accuracy": 0.9705013985000001}
{"config": [6, 64, 128, 64, 0, 1], "accuracy": 0.9714959080000001}
{"config": [9, 16, 128, 64, 0, 0], "accuracy": 0.9786232259000001}
{"config": [9, 16, 64, 41, 0, 1], "accuracy": 0.9715218067}
{"config": [6, 32, 128, 41, 1, 0], "accuracy": 0.9827203978000001}
{"config": [3, 32, 64, 32, 1, 0], "accuracy": 0.9776338962000001}
{"config": [6, 16, 16, 41, 0, 0], "accuracy": 0.9765875894}
{"config": [9, 16, 128, 32, 1, 0], "accuracy": 0.983720087}
{"config": [3, 32, 32, 41, 1, 0], "accuracy": 0.9715166270000001}
{"config": [9, 16, 32, 32, 0, 0], "accuracy": 0.9755723609}
{"config": [9, 32, 16, 32, 1, 0], "accuracy": 0.9745726717000001}
{"config": [3, 64, 16, 32, 0, 0], "accuracy": 0.9694602714}
{"config": [6, 64, 128, 32, 0, 0], "accuracy": 0.974546773}
{"config": [9, 32, 64, 64, 0, 1], "accuracy": 0.9796591733000001}
{"config": [9, 16, 32, 64, 1, 0], "accuracy": 0.9766083083}
{"config": [9, 32, 64, 32, 1, 0], "accuracy": 0.9765875894}
{"config": [9, 32, 128, 64, 1, 1], "accuracy": 0.9806536828}
{"config": [9, 16, 32, 32, 1, 1], "accuracy": 0.9806640423}
{"config": [6, 64, 64, 32, 0, 0], "accuracy": 0.9776338962000001}
{"config": [3, 16, 32, 41, 1, 0], "accuracy": 0.9796488138}
{"config": [6, 64, 32, 32, 0, 0], "accuracy": 0.9664249456}
{"config": [6, 16, 16, 32, 1, 1], "accuracy": 0.9745571325000001}
