{"config": [6, 64, 32, 64, 1, 0], "accuracy": 0.8421159218000001}
{"config": [6, 16, 64, 41, 0, 0], "accuracy": 0.8358584397000001}
{"config": [3, 16, 16, 64, 1, 1], "accuracy": 0.8461390164}
{"config": [3, 16, 128, 32, 0, 0], "accuracy": 0.8546263966000001}
{"config": [9, 64, 16, 41, 1, 0], "accuracy": 0.8360886373}
{"config": [3, 32, 16, 64, 1, 1], "accuracy": 0.8483711592000001}
{"config": [9, 16, 16, 41, 1, 0], "accuracy": 0.8438973962}
{"config": [3, 64, 32, 41, 0, 1], "accuracy": 0.8434582003000001}
{"config": [9, 32, 32, 32, 1, 0], "accuracy": 0.8338629789}
{"config": [3, 64, 32, 32, 1, 0], "accuracy": 0.8456838587000001}
{"config": [3, 64, 16, 32, 0, 1], "accuracy": 0.8394363528000001}
{"config": [3, 32, 128, 64, 0, 0], "accuracy": 0.8479187450000001}
{"config": [6, 16, 16, 41, 0, 0], "accuracy": 0.8380993117000001}
{"config": [3, 64, 128, 64, 0, 1], "accuracy": 0.8405531724}
{"config": [6, 64, 32, 32, 0, 0], "accuracy": 0.8425678372000001}
{"config": [9, 16, 128, 32, 1, 1], "accuracy": 0.8452521449}
{"config": [9, 32, 16, 32, 1, 1], "accuracy": 0.8336238029}
{"config": [9, 16, 16, 41, 0, 0], "accuracy": 0.8374296688}
{"config": [9, 64, 64, 41, 1, 0], "accuracy": 0.8360873903}
{"config": [6, 16, 64, 32, 1, 0], "accuracy": 0.8387667099}
{"config": [9, 64, 128, 41, 1, 1], "accuracy": 0.8204569034}
{"config": [6, 64, 128, 41, 0, 1], "accuracy": 0.8387647147}
{"config": [6, 16, 32, 32, 0, 1], "accuracy": 0.8289407921}
{"config": [9, 64, 64, 41, 0, 1], "accuracy": 0.8104027833}
{"config": [3, 16, 16, 41, 0, 1], "accuracy": 0.8541744812000001}
{"config": [3, 64, 32, 64, 1, 1], "accuracy": 0.8476980247}
{"config": [6, 32, 16, 32, 0, 1], "accuracy": 0.8345268855}
{"config": [6, 32, 128, 64, 0, 0], "accuracy": 0.8392161313000001}
{"config": [3, 64, 128, 64, 0, 0], "accuracy": 0.8392141361000001}
{"config": [9, 64, 128, 32, 1, 0], "accuracy": 0.8242510475}
{"config": [6, 64, 64, 64, 0, 0], "accuracy": 0.8356374701}
{"config": [9, 64, 16, 32, 1, 0], "accuracy": 0.8351930367}
{"config": [3, 16, 128, 64, 0, 0], "accuracy": 0.8452481544}
{"config": [6, 16, 16, 32, 1, 0], "accuracy": 0.8430015463}
{"config": [6, 16, 16, 41, 0, 1], "accuracy": 0.8334123105}
{"config": [9, 16, 32, 32, 1, 1], "accuracy": 0.8380963188}
{"config": [9, 32, 32, 64, 1, 1], "accuracy": 0.8432367318}
{"config": [6, 64, 64, 41, 0, 0], "accuracy": 0.8311721868}
{"config": [6, 16, 128, 41, 1, 1], "accuracy": 0.8376556265}
{"config": [6, 32, 32, 64, 1, 0], "accuracy": 0.8421134278}
{"config": [6, 16, 64, 64, 0, 0], "accuracy": 0.8461342777}
{"config": [6, 64, 128, 64, 0, 0], "accuracy": 0.8213437749}
{"config": [3, 16, 64, 64, 1, 1], "accuracy": 0.8526079908}
{"config": [6, 16, 16, 64, 0, 0], "accuracy": 0.8443510575000001}
{"config": [9, 32, 32, 32, 1, 1], "accuracy": 0.8398872706}
{"config": [3, 64, 64, 41, 0, 1], "accuracy": 0.8313968974}
{"config": [6, 16, 32, 64, 1, 0], "accuracy": 0.8472513468}
{"config": [3, 64, 32, 32, 0, 0], "accuracy": 0.8479214884}
{"config": [6, 64, 32, 41, 0, 1], "accuracy": 0.8273743017}
{"config": [6, 32, 128, 41, 1, 0], "accuracy": 0.8470238927}
