{"config": [3, 64, 128, 41, 1, 1], "accuracy": 0.7867418196}
{"config": [6, 64, 16, 64, 1, 1], "accuracy": 0.7820465882000001}
{"config": [3, 32, 32, 64, 1, 0], "accuracy": 0.7976773244}
{"config": [6, 32, 64, 41, 0, 1], "accuracy": 0.7778070132}
{"config": [3, 64, 32, 41, 0, 1], "accuracy": 0.7900862929}
{"config": [9, 16, 128, 32, 1, 1], "accuracy": 0.7646268955000001}
{"config": [3, 64, 32, 32, 1, 0], "accuracy": 0.7851775738000001}
{"config": [9, 64, 32, 32, 0, 1], "accuracy": 0.7702112430000001}
{"config": [3, 64, 128, 32, 1, 0], "accuracy": 0.7780195032}
{"config": [6, 16, 16, 32, 1, 1], "accuracy": 0.7853990423}
{"config": [6, 16, 16, 32, 1, 0], "accuracy": 0.7726663508}
{"config": [3, 16, 32, 41, 1, 0], "accuracy": 0.8014769553000001}
{"config": [6, 16, 128, 64, 1, 1], "accuracy": 0.7704317139}
{"config": [6, 64, 64, 41, 1, 1], "accuracy": 0.7740136173000001}
{"config": [9, 64, 64, 41, 0, 1], "accuracy": 0.773784168}
{"config": [3, 16, 32, 64, 1, 1], "accuracy": 0.8019124102}
{"config": [6, 32, 32, 32, 0, 1], "accuracy": 0.7608315044}
{"config": [3, 64, 16, 32, 1, 0], "accuracy": 0.8075034916}
{"config": [9, 64, 16, 32, 0, 1], "accuracy": 0.7744523144000001}
{"config": [3, 64, 128, 41, 0, 1], "accuracy": 0.7903072626000001}
{"config": [9, 32, 128, 32, 0, 1], "accuracy": 0.7739984038000001}
{"config": [3, 64, 32, 32, 0, 0], "accuracy": 0.7793680168}
{"config": [3, 32, 32, 41, 1, 1], "accuracy": 0.7856155227}
{"config": [6, 64, 64, 64, 0, 1], "accuracy": 0.7818243715000001}
{"config": [3, 64, 64, 64, 0, 1], "accuracy": 0.7800414006}
{"config": [3, 16, 32, 32, 1, 1], "accuracy": 0.7914270750000001}
{"config": [3, 64, 64, 41, 1, 1], "accuracy": 0.7934322626}
{"config": [3, 16, 16, 64, 1, 1], "accuracy": 0.7925446429}
{"config": [9, 64, 64, 41, 1, 0], "accuracy": 0.7753499102}
{"config": [6, 16, 128, 64, 0, 1], "accuracy": 0.7891989226}
{"config": [9, 16, 64, 64, 0, 0], "accuracy": 0.7668632781}
{"config": [3, 16, 16, 32, 1, 1], "accuracy": 0.7891822127}
{"config": [9, 16, 32, 64, 1, 0], "accuracy": 0.772885824}
{"config": [6, 16, 32, 41, 0, 0], "accuracy": 0.7751251995}
{"config": [6, 16, 64, 64, 0, 0], "accuracy": 0.7858357442}
{"config": [9, 64, 16, 41, 1, 1], "accuracy": 0.7751247007000001}
{"config": [9, 16, 16, 64, 1, 1], "accuracy": 0.772005437}
{"config": [6, 32, 32, 64, 1, 0], "accuracy": 0.7927581305}
{"config": [6, 64, 128, 32, 1, 0], "accuracy": 0.7896490922}
{"config": [9, 64, 128, 32, 0, 0], "accuracy": 0.7905279828}
{"config": [3, 16, 128, 64, 1, 1], "accuracy": 0.7885265363}
{"config": [3, 32, 32, 41, 1, 0], "accuracy": 0.7896363727}
{"config": [9, 64, 32, 41, 0, 0], "accuracy": 0.7791333300000001}
{"config": [9, 64, 64, 64, 1, 0], "accuracy": 0.7760225459000001}
{"config": [3, 32, 16, 32, 1, 0], "accuracy": 0.7789148543000001}
{"config": [9, 32, 32, 32, 1, 1], "accuracy": 0.7760262869}
{"config": [3, 64, 16, 41, 1, 1], "accuracy": 0.8014769553000001}
{"config": [3, 32, 128, 64, 0, 0], "accuracy": 0.7950032422000001}
{"config": [6, 16, 32, 41, 1, 1], "accuracy": 0.7733300080000001}
{"config": [9, 32, 128, 41, 1, 0], "accuracy": 0.780700818}
