{"config": [6, 32, 32, 32, 0, 0], "accuracy": 0.9689617418}
{"config": [3, 16, 16, 32, 1, 1], "accuracy": 0.9294321129}
{"config": [9, 16, 128, 41, 1, 0], "accuracy": 0.9714148543000001}
{"config": [9, 64, 32, 41, 0, 0], "accuracy": 0.9776685954000001}
{"config": [6, 16, 16, 64, 0, 1], "accuracy": 0.9792315942}
{"config": [9, 16, 128, 32, 1, 1], "accuracy": 0.9678449222000001}
{"config": [3, 64, 64, 32, 1, 1], "accuracy": 0.9312175778}
{"config": [6, 16, 32, 41, 0, 1], "accuracy": 0.9747635674}
{"config": [6, 32, 16, 64, 0, 0], "accuracy": 0.9792293496000001}
{"config": [3, 32, 128, 64, 0, 0], "accuracy": 0.9582397247000001}
{"config": [6, 32, 32, 41, 1, 0], "accuracy": 0.9756576716}
{"config": [3, 64, 16, 32, 0, 1], "accuracy": 0.9361302873}
{"config": [9, 32, 64, 64, 0, 1], "accuracy": 0.977889565}
{"config": [9, 32, 32, 64, 0, 1], "accuracy": 0.9810165603000001}
{"config": [9, 64, 128, 41, 1, 0], "accuracy": 0.9758818835}
{"config": [3, 16, 32, 64, 1, 0], "accuracy": 0.9548905128}
{"config": [3, 64, 16, 32, 1, 0], "accuracy": 0.8399256784}
{"config": [6, 16, 64, 32, 1, 1], "accuracy": 0.964271249}
{"config": [6, 32, 16, 32, 1, 0], "accuracy": 0.9707449621}
{"config": [6, 64, 64, 64, 0, 0], "accuracy": 0.9787846668}
{"config": [9, 64, 128, 41, 1, 1], "accuracy": 0.9776695930000001}
{"config": [3, 64, 16, 41, 1, 0], "accuracy": 0.9468538009}
{"config": [9, 16, 16, 41, 0, 0], "accuracy": 0.9740924282000001}
{"config": [9, 64, 128, 64, 1, 0], "accuracy": 0.9794518156}
{"config": [3, 32, 32, 64, 1, 0], "accuracy": 0.9316807163}
{"config": [6, 32, 32, 41, 1, 1], "accuracy": 0.9723082103}
{"config": [9, 32, 128, 32, 0, 0], "accuracy": 0.9685140662}
{"config": [6, 16, 128, 64, 1, 0], "accuracy": 0.9743198823}
{"config": [6, 16, 32, 32, 0, 0], "accuracy": 0.961143755}
{"config": [9, 32, 64, 41, 1, 1], "accuracy": 0.9774458799}
{"config": [6, 64, 128, 32, 0, 0], "accuracy": 0.9707452115}
{"config": [3, 64, 128, 41, 1, 1], "accuracy": 0.9426117318}
{"config": [9, 32, 16, 32, 1, 1], "accuracy": 0.9738722067000001}
{"config": [9, 16, 64, 64, 0, 0], "accuracy": 0.9787856644}
{"config": [9, 64, 16, 32, 1, 0], "accuracy": 0.9747648144000001}
{"config": [6, 64, 16, 32, 1, 0], "accuracy": 0.9691827115}
{"config": [6, 32, 128, 32, 1, 0], "accuracy": 0.9687357841}
{"config": [6, 64, 32, 64, 0, 0], "accuracy": 0.9801224561}
{"config": [9, 64, 64, 32, 1, 0], "accuracy": 0.9747663109}
{"config": [9, 16, 16, 41, 1, 1], "accuracy": 0.9705229948}
{"config": [6, 64, 128, 41, 0, 1], "accuracy": 0.9700735734}
{"config": [3, 64, 128, 64, 0, 1], "accuracy": 0.9642727454000001}
{"config": [3, 64, 32, 32, 1, 1], "accuracy": 0.9314462789}
{"config": [6, 32, 64, 32, 0, 1], "accuracy": 0.9665016460000001}
{"config": [9, 32, 32, 64, 1, 1], "accuracy": 0.9763270650000001}
{"config": [3, 64, 128, 41, 0, 1], "accuracy": 0.9452873105}
{"config": [6, 64, 16, 41, 1, 0], "accuracy": 0.9749880287}
{"config": [6, 16, 32, 41, 1, 1], "accuracy": 0.9707472067}
{"config": [3, 16, 128, 41, 0, 0], "accuracy": 0.9345702813000001}
{"config": [9, 16, 64, 41, 0, 1], "accuracy": 0.9740979150000001}
