{"config": [6, 32, 16, 32, 1, 0], "accuracy": 0.7404223228}
{"config": [9, 16, 64, 41, 0, 1], "accuracy": 0.7407239819}
{"config": [6, 16, 64, 64, 0, 1], "accuracy": 0.7251131222}
{"config": [9, 32, 128, 41, 1, 0], "accuracy": 0.7016591252000001}
{"config": [6, 64, 64, 32, 0, 0], "accuracy": 0.7214177979}
{"config": [6, 64, 128, 64, 1, 1], "accuracy": 0.6466817496}
{"config": [3, 64, 32, 32, 0, 0], "accuracy": 0.7711915535}
{"config": [6, 64, 128, 32, 1, 0], "accuracy": 0.6283559578}
{"config": [3, 64, 16, 32, 0, 0], "accuracy": 0.7904223228}
{"config": [3, 16, 16, 41, 0, 1], "accuracy": 0.7399698341000001}
{"config": [3, 64, 16, 41, 1, 1], "accuracy": 0.7211915535}
{"config": [9, 64, 128, 64, 1, 0], "accuracy": 0.6360482655}
{"config": [3, 64, 128, 41, 0, 1], "accuracy": 0.7480392157}
{"config": [9, 16, 16, 41, 1, 0], "accuracy": 0.6544494721}
{"config": [3, 32, 32, 41, 1, 0], "accuracy": 0.7945701357}
{"config": [9, 32, 128, 64, 1, 1], "accuracy": 0.705505279}
{"config": [6, 32, 16, 41, 1, 1], "accuracy": 0.6942684766}
{"config": [6, 16, 64, 41, 0, 0], "accuracy": 0.7129713424}
{"config": [6, 64, 32, 64, 0, 0], "accuracy": 0.7016591252000001}
{"config": [3, 16, 32, 32, 1, 1], "accuracy": 0.7520361991000001}
{"config": [3, 16, 128, 41, 1, 0], "accuracy": 0.6978883861}
{"config": [3, 16, 32, 64, 1, 0], "accuracy": 0.7519607843}
{"config": [6, 16, 128, 32, 0, 1], "accuracy": 0.7445701357000001}
{"config": [3, 64, 32, 32, 1, 0], "accuracy": 0.7634992459000001}
{"config": [3, 32, 16, 41, 0, 1], "accuracy": 0.7134238311000001}
{"config": [6, 32, 64, 32, 0, 1], "accuracy": 0.7441176471000001}
{"config": [6, 16, 16, 41, 1, 1], "accuracy": 0.7251131222}
{"config": [9, 64, 32, 32, 1, 0], "accuracy": 0.5699849170000001}
{"config": [6, 16, 16, 32, 1, 1], "accuracy": 0.70173454}
{"config": [9, 16, 64, 32, 1, 1], "accuracy": 0.7561085973}
{"config": [6, 32, 16, 32, 0, 1], "accuracy": 0.7559577677}
{"config": [9, 16, 64, 64, 0, 1], "accuracy": 0.7054298643}
{"config": [9, 32, 32, 64, 1, 1], "accuracy": 0.5891402715}
{"config": [3, 64, 128, 64, 0, 0], "accuracy": 0.7404223228}
{"config": [3, 64, 128, 32, 1, 0], "accuracy": 0.7674962293}
{"config": [3, 16, 64, 64, 1, 0], "accuracy": 0.7209653092}
{"config": [9, 16, 16, 32, 1, 1], "accuracy": 0.7519607843}
{"config": [9, 16, 16, 41, 1, 1], "accuracy": 0.6618401207}
{"config": [9, 32, 64, 41, 1, 0], "accuracy": 0.6196832579}
{"config": [3, 32, 64, 64, 1, 1], "accuracy": 0.7367269985}
{"config": [9, 64, 64, 41, 0, 1], "accuracy": 0.6424585219}
{"config": [9, 32, 32, 41, 1, 0], "accuracy": 0.7092006033}
{"config": [6, 64, 32, 64, 1, 0], "accuracy": 0.6273755656000001}
{"config": [3, 64, 16, 41, 0, 1], "accuracy": 0.6510558069}
{"config": [3, 64, 32, 32, 1, 1], "accuracy": 0.7478883861000001}
{"config": [6, 16, 16, 32, 1, 0], "accuracy": 0.7325037707000001}
{"config": [9, 16, 32, 32, 1, 1], "accuracy": 0.7595022624000001}
{"config": [6, 32, 128, 32, 1, 0], "accuracy": 0.732428356}
{"config": [6, 16, 16, 41, 0, 1], "accuracy": 0.6867269985000001}
{"config": [9, 64, 16, 41, 1, 1], "accuracy": 0.542760181}
