{"config": [9, 64, 128, 41, 1, 1], "accuracy": 0.8066298343}
{"config": [3, 16, 128, 64, 0, 0], "accuracy": 0.7834254144}
{"config": [9, 32, 64, 32, 1, 1], "accuracy": 0.7878453039000001}
{"config": [6, 64, 16, 41, 1, 0], "accuracy": 0.8232044199}
{"config": [3, 16, 128, 41, 0, 0], "accuracy": 0.7337016575}
{"config": [3, 16, 64, 64, 1, 1], "accuracy": 0.7878453039000001}
{"config": [3, 64, 16, 41, 1, 0], "accuracy": 0.8}
{"config": [6, 64, 16, 41, 1, 1], "accuracy": 0.8187845304}
{"config": [3, 16, 128, 64, 1, 1], "accuracy": 0.7878453039000001}
{"config": [6, 16, 16, 32, 1, 1], "accuracy": 0.7779005525}
{"config": [9, 64, 128, 32, 1, 0], "accuracy": 0.8154696133}
{"config": [6, 16, 32, 41, 0, 1], "accuracy": 0.7977900552}
{"config": [9, 16, 64, 41, 0, 0], "accuracy": 0.7734806630000001}
{"config": [9, 32, 64, 41, 1, 0], "accuracy": 0.7955801105}
{"config": [3, 64, 64, 41, 0, 1], "accuracy": 0.7734806630000001}
{"config": [6, 32, 16, 64, 1, 0], "accuracy": 0.8243093923}
{"config": [6, 32, 128, 64, 1, 1], "accuracy": 0.8187845304}
{"config": [6, 16, 128, 64, 1, 0], "accuracy": 0.7988950276}
{"config": [9, 16, 64, 64, 0, 1], "accuracy": 0.8110497238000001}
{"config": [6, 64, 32, 32, 0, 0], "accuracy": 0.8022099448000001}
{"config": [6, 16, 16, 41, 0, 1], "accuracy": 0.7944751381}
{"config": [3, 16, 16, 64, 1, 1], "accuracy": 0.8143646409}
{"config": [9, 16, 16, 64, 1, 1], "accuracy": 0.8132596685}
{"config": [3, 64, 16, 32, 1, 1], "accuracy": 0.7812154696}
{"config": [9, 16, 64, 64, 0, 0], "accuracy": 0.7955801105}
{"config": [3, 32, 32, 41, 1, 1], "accuracy": 0.8033149171}
{"config": [9, 64, 128, 64, 1, 0], "accuracy": 0.8209944751}
{"config": [3, 32, 16, 41, 1, 0], "accuracy": 0.7779005525}
{"config": [3, 32, 128, 64, 0, 0], "accuracy": 0.8309392265000001}
{"config": [6, 64, 128, 32, 1, 0], "accuracy": 0.7856353591}
{"config": [9, 16, 32, 32, 1, 1], "accuracy": 0.7878453039000001}
{"config": [6, 64, 32, 64, 0, 0], "accuracy": 0.8309392265000001}
{"config": [3, 64, 16, 32, 1, 0], "accuracy": 0.7734806630000001}
{"config": [9, 64, 128, 41, 1, 0], "accuracy": 0.8132596685}
{"config": [9, 64, 64, 41, 1, 0], "accuracy": 0.817679558}
{"config": [6, 16, 32, 64, 1, 0], "accuracy": 0.817679558}
{"config": [6, 32, 128, 64, 0, 0], "accuracy": 0.8232044199}
{"config": [6, 16, 32, 41, 0, 0], "accuracy": 0.7944751381}
{"config": [9, 64, 64, 64, 1, 0], "accuracy": 0.8110497238000001}
{"config": [6, 64, 128, 64, 0, 0], "accuracy": 0.8386740331}
{"config": [3, 32, 32, 32, 0, 0], "accuracy": 0.7580110497}
{"config": [6, 64, 64, 64, 0, 0], "accuracy": 0.8298342541}
{"config": [6, 64, 128, 64, 0, 1], "accuracy": 0.8364640884000001}
{"config": [3, 16, 32, 32, 0, 0], "accuracy": 0.7381215470000001}
{"config": [6, 16, 32, 32, 1, 0], "accuracy": 0.7867403315}
{"config": [9, 32, 16, 41, 0, 1], "accuracy": 0.8243093923}
{"config": [3, 64, 32, 32, 0, 0], "accuracy": 0.7779005525}
{"config": [6, 32, 16, 32, 0, 1], "accuracy": 0.791160221}
{"config": [6, 16, 16, 64, 0, 1], "accuracy": 0.8}
{"config": [6, 32, 32, 32, 1, 1], "accuracy": 0.7977900552}
