precision,accuracy,recall,duration
0.825,0.7333333333333333,0.7333333333333334,463.87947368621826
