precision,accuracy,recall,duration
0.904032853451458,0.9090909090909091,0.8802559759081497,539.6526947021484
