precision,accuracy,recall,duration
0.6948210034479291,0.7846153846153846,0.6339429055292832,435.58585810661316
