precision,accuracy,recall,duration
0.6904146299713583,0.9391111111111111,0.5745783335067738,314.1248502731323
