precision,accuracy,recall,duration
0.5059931751438691,0.4642857142857143,0.46224733470287377,323.150107383728
