precision,accuracy,recall,duration
0.9276343595049426,0.9274148520379676,0.9276120590482031,1105.3902459144592
