precision,accuracy,recall,duration
0.8532509973686444,0.8493150684931506,0.8540517961570593,142.88585329055786
