precision,accuracy,recall,duration
0.6120009098396957,0.6085858585858586,0.6085858585858586,144.60155963897705
