precision,accuracy,recall,duration
0.836653805036158,0.8209718670076727,0.8199431574431574,381.24250054359436
