precision,accuracy,recall,duration
0.6655396679063529,0.9411111111111111,0.5753291600122121,567.1343109607697
