precision,accuracy,recall,duration
0.9562984084487562,0.9411764705882353,0.9127981947130883,450.67116236686707
