precision,accuracy,recall,duration
0.960471228145188,0.971830985915493,0.9573739950526918,1583.968889951706
