precision,accuracy,recall,duration
0.9735034917477535,0.9782661486158329,0.9627948798727249,3224.4722640514374
