precision,accuracy,recall,duration
0.811446049356872,0.795,0.6802168581583891,120.14700937271118
