precision,accuracy,recall,duration
0.7682735337991677,0.7783333333333333,0.785035035035035,273.24874544143677
