precision,accuracy,recall,duration
0.890758908025095,0.888,0.8879999999999999,281.37261843681335
