precision,accuracy,recall,duration
0.9669531156963714,0.9634146341463414,0.948946905178518,163.3852677345276
