precision,accuracy,recall,duration
0.8162563164753097,0.8128205128205128,0.8154888340451957,1492.0470032691956
