precision,accuracy,recall,duration
0.48705226702447985,0.745,0.48439914790114386,114.5097987651825
