precision,accuracy,recall,duration
0.8995118758101084,0.907,0.8990327161883649,1166.8819327354431
