precision,accuracy,recall,duration
0.6112588652482269,0.7888198757763976,0.5819618599791013,445.39964962005615
