precision,accuracy,recall,duration
0.8722943722943723,0.8666666666666667,0.8643724696356275,302.5870373249054
