precision,accuracy,recall,duration
0.9115384615384615,0.8666666666666667,0.8263888888888888,747.7836074829102
