precision,accuracy,recall,duration
0.9431112070370975,0.9430713690641489,0.9429577464788732,1043.6998445987701
