precision,accuracy,recall,duration
0.8299295116085713,0.8282608695652174,0.8279490577968138,264.29676699638367
