precision,accuracy,recall,duration
0.5855263157894737,0.7577639751552795,0.5832027168234065,392.0146236419678
