precision,accuracy,recall,duration
0.8408567172783749,0.8358974358974359,0.8372365653929522,286.09682536125183
