precision,accuracy,recall,duration
0.9441226667818874,0.9441821716189948,0.9441816138999237,923.1987664699554
