precision,accuracy,recall,duration
0.9704683711687944,0.9698492462311558,0.9699066237653543,58.97856020927429
