precision,accuracy,recall,duration
0.7566964285714286,0.7555555555555555,0.7555555555555555,218.54393649101257
