precision,accuracy,recall,duration
0.9190964128464129,0.9116666666666666,0.9116666666666668,1687.8006918430328
