precision,accuracy,recall,duration
0.9487056054771074,0.9248366013071896,0.8896679561573179,386.1049094200134
