precision,accuracy,recall,duration
0.7022010499508015,0.7476489028213166,0.6144828878344412,584.3843133449554
