precision,accuracy,recall,duration
0.8846153846153846,0.85,0.85,140.4822416305542
