precision,accuracy,recall,duration
0.9307529330373872,0.9286463798530955,0.9177592954990215,358.15745210647583
