precision,accuracy,recall,duration
0.9663319791723717,0.9603411513859275,0.9605489468847987,391.7647421360016
