precision,accuracy,recall,duration
0.600848481940484,0.71,0.5832374376678174,157.71351075172424
