precision,accuracy,recall,duration
0.6406926406926408,0.65625,0.631578947368421,454.90427803993225
