precision,accuracy,recall,duration
0.6634289395011223,0.7366771159874608,0.5997619396486698,207.27876091003418
