precision,accuracy,recall,duration
0.75886821170225,0.7846153846153846,0.667872018091987,321.92699432373047
