precision,accuracy,recall,duration
0.9384266603093682,0.944386149003148,0.9455805609915199,363.5440046787262
