precision,accuracy,recall,duration
0.8694624426171842,0.8536231884057971,0.8541964901902791,106.24975395202637
