precision,accuracy,recall,duration
0.7256105673931624,0.9411111111111111,0.5626939830547542,112.92600917816162
