precision,accuracy,recall,duration
0.894639570446022,0.8906666666666667,0.8906666666666667,931.4699273109436
