precision,accuracy,recall,duration
0.8512308729792063,0.8471014492753624,0.8470267690818292,263.34313893318176
