precision,accuracy,recall,duration
0.9601545087076424,0.9601554907677357,0.9601579854027835,55.15200853347778
