precision,accuracy,recall,duration
0.6149436781871079,0.6156565656565657,0.6156565656565657,508.306574344635
