precision,accuracy,recall,duration
0.7623529411764706,0.8585365853658536,0.7821390374331552,230.0740020275116
