precision,accuracy,recall,duration
0.4967880512004843,0.48363636363636364,0.5025132859597367,205.9722502231598
