precision,accuracy,recall,duration
0.8474117625106469,0.8512820512820513,0.8442679395700975,299.51932168006897
