precision,accuracy,recall,duration
0.7313192171146039,0.9413333333333334,0.5802360743325707,204.0085210800171
