precision,accuracy,recall,duration
0.8741347238739975,0.883,0.871858709018168,623.5744965076447
