precision,accuracy,recall,duration
0.9189467641080545,0.9214876033057852,0.9014022209674385,145.6888439655304
