precision,accuracy,recall,duration
0.7664107196627521,0.7525,0.6052768308406887,73.85764503479004
