precision,accuracy,recall,duration
0.876099706744868,0.8934707903780069,0.8782772558444396,1859.3004758358002
