precision,accuracy,recall,duration
0.8352765852765852,0.8312020460358056,0.8357903357903357,645.3126490116119
