precision,accuracy,recall,duration
0.7916234291234292,0.782608695652174,0.7881788631788632,654.3856208324432
