precision,accuracy,recall,duration
0.8779012770592379,0.8,0.9029105798318486,457.699467420578
