precision,accuracy,recall,duration
0.7889060092449922,0.788,0.788,504.4283845424652
