precision,accuracy,recall,duration
0.6827932422297961,0.9388888888888889,0.5827051147580661,340.9265511035919
