precision,accuracy,recall,duration
0.9660342069354915,0.965742251223491,0.9591532809494008,850.7776260375977
