precision,accuracy,recall,duration
0.9545454545454546,0.95,0.95,453.64085817337036
