precision,accuracy,recall,duration
0.46905713052167924,0.7475,0.47327685860984053,144.07955741882324
