precision,accuracy,recall,duration
0.6316344524791488,0.7178683385579937,0.5758871084314663,279.19745802879333
