precision,accuracy,recall,duration
0.9660993369363251,0.9653725078698846,0.9605092722020315,109.50204515457153
