precision,accuracy,recall,duration
0.7190238058661739,0.9391111111111111,0.5836326649347432,196.9502034187317
