precision,accuracy,recall,duration
0.9301487483938737,0.9328436516264428,0.9273949305749697,372.9599997997284
