precision,accuracy,recall,duration
0.95681745439027,0.9444444444444444,0.8957930367504835,263.598961353302
