precision,accuracy,recall,duration
0.8393655222299724,0.8285714285714286,0.840488560751071,203.99322509765625
