precision,accuracy,recall,duration
0.6483959784852591,0.9324444444444444,0.5748958951319264,1601.2188069820404
