precision,accuracy,recall,duration
0.775849072588203,0.7570332480818415,0.7652017277017278,144.103520154953
