precision,accuracy,recall,duration
0.826163975003519,0.8125,0.6992129900638561,135.26363277435303
