precision,accuracy,recall,duration
0.7005305039787799,0.7071823204419889,0.6894736842105263,176.26171565055847
