precision,accuracy,recall,duration
0.903125,0.8968386023294509,0.9096209912536444,227.82526564598083
