precision,accuracy,recall,duration
0.6823714001849697,0.9348888888888889,0.5845589014250336,1112.7115955352783
