precision,accuracy,recall,duration
0.560048285048285,0.5584415584415584,0.5569374343943636,411.9701626300812
