precision,accuracy,recall,duration
0.692666672196466,0.7824175824175824,0.6591949600622975,451.8592495918274
