precision,accuracy,recall,duration
0.6223651090666515,0.6212121212121212,0.6212121212121211,181.912917137146
