precision,accuracy,recall,duration
0.8041752049180328,0.804,0.804,1164.181836605072
