precision,accuracy,recall,duration
0.9601941274303492,0.9565853658536585,0.9347241758387029,74.9191689491272
