precision,accuracy,recall,duration
0.8882085154328505,0.8785942492012779,0.8724359715000962,627.5266208648682
