precision,accuracy,recall,duration
0.8594487878069966,0.8457142857142858,0.8666484367878953,83.9184193611145
