precision,accuracy,recall,duration
0.8323391639545693,0.8435897435897436,0.8333154284441049,775.9300632476807
