precision,accuracy,recall,duration
0.9074864498644987,0.904,0.9039999999999999,641.4605033397675
