precision,accuracy,recall,duration
0.9482758620689655,0.9215686274509803,0.8919245647969052,330.1153359413147
