precision,accuracy,recall,duration
0.6666666666666666,0.6,0.5694444444444444,102.92169666290283
