precision,accuracy,recall,duration
0.862422634836428,0.8571428571428571,0.8704767113298697,521.3314604759216
