precision,accuracy,recall,duration
0.6671556681600758,0.932,0.6074530241225788,1484.9582815170288
