precision,accuracy,recall,duration
0.9596774193548387,0.9431818181818182,0.9484265734265734,263.3104758262634
