precision,accuracy,recall,duration
0.6499999999999999,0.6481481481481481,0.6481481481481481,240.32732033729553
