precision,accuracy,recall,duration
0.4568032578612588,0.38181818181818183,0.391777739889489,125.47122359275818
