precision,accuracy,recall,duration
0.9209462296962296,0.9133333333333333,0.9133333333333334,2307.318423271179
