precision,accuracy,recall,duration
0.7216107055360688,0.9411111111111111,0.5923814858081803,190.7335057258606
