precision,accuracy,recall,duration
0.725602012709855,0.9426666666666667,0.5913438465742973,321.2244288921356
