precision,accuracy,recall,duration
0.8218791917080394,0.8380208333333333,0.8082021649965703,420.38998198509216
