precision,accuracy,recall,duration
0.8317094017094018,0.8228571428571428,0.8371160331783795,507.1603903770447
