precision,accuracy,recall,duration
0.6716875581490821,0.9353333333333333,0.5657742371443092,387.8670885562897
