precision,accuracy,recall,duration
0.952308362369338,0.9313725490196079,0.904819471308833,385.55154824256897
