precision,accuracy,recall,duration
0.8681611508646392,0.868,0.8421777308231871,790.6819195747375
