precision,accuracy,recall,duration
0.9662636654028666,0.9658536585365853,0.9480550664518118,269.44689083099365
