precision,accuracy,recall,duration
0.770813460519343,0.7672634271099744,0.7715137715137717,175.96292686462402
