precision,accuracy,recall,duration
0.8886751824054523,0.8873333333333333,0.8903420114172069,426.4054799079895
