precision,accuracy,recall,duration
0.9967320261437909,0.9966666666666667,0.9966666666666667,368.63740825653076
