precision,accuracy,recall,duration
0.956140350877193,0.956140350877193,0.9574074074074075,103.49789810180664
