precision,accuracy,recall,duration
0.9574747452172359,0.9600665557404326,0.9626132845164643,100.52878522872925
