precision,accuracy,recall,duration
0.7609278491820721,0.7618421052631579,0.7238138287806941,359.4134895801544
