precision,accuracy,recall,duration
0.8771929824561403,0.8666666666666667,0.8671197223828803,577.8419985771179
