precision,accuracy,recall,duration
0.8388383611744934,0.8358974358974359,0.8443946389161933,200.3456687927246
