precision,accuracy,recall,duration
0.8505182747829808,0.8337595907928389,0.8384322884322882,515.9912326335907
