precision,accuracy,recall,duration
0.6534188756618805,0.6408839779005525,0.6347582642564666,364.174533367157
