precision,accuracy,recall,duration
0.7846558470716531,0.784,0.784,1261.0966219902039
