precision,accuracy,recall,duration
0.8694264989232687,0.8502495840266223,0.86832440617443,143.27339601516724
