precision,accuracy,recall,duration
0.8441386691386692,0.8388746803069054,0.8457121332121332,1212.897323846817
