precision,accuracy,recall,duration
0.5364989700532369,0.5324675324675324,0.5301138830249686,272.8930070400238
