precision,accuracy,recall,duration
0.9636742543038864,0.9607675906183369,0.9609235539315808,203.33671975135803
