precision,accuracy,recall,duration
0.8607142857142857,0.85,0.847888953152111,601.2871398925781
