precision,accuracy,recall,duration
0.8553105418642093,0.8376811594202899,0.8381798551391789,446.28992438316345
