precision,accuracy,recall,duration
0.9666559501198615,0.9633262260127932,0.9634735457546619,385.6345672607422
