precision,accuracy,recall,duration
0.9712983067185991,0.968780487804878,0.9518757928089093,107.87747120857239
