precision,accuracy,recall,duration
0.8237118948432173,0.805,0.6820992543109551,71.99866676330566
