precision,accuracy,recall,duration
0.9518421255889395,0.9517543859649122,0.9513888888888888,629.8068654537201
