precision,accuracy,recall,duration
0.689476154368431,0.9364444444444444,0.5767065695294904,1532.6304082870483
