precision,accuracy,recall,duration
0.7433333333333333,0.8439024390243902,0.7865953654188949,987.1866137981415
