precision,accuracy,recall,duration
0.8376195586875376,0.8342857142857143,0.8453194786254672,326.02508306503296
