precision,accuracy,recall,duration
0.7691428571428571,0.7833333333333333,0.7806377806377807,318.08172965049744
