precision,accuracy,recall,duration
0.6185122920471698,0.6912225705329154,0.5325325167460323,557.5638325214386
