precision,accuracy,recall,duration
0.4794081000715207,0.75,0.4961554455850763,194.4229555130005
