precision,accuracy,recall,duration
0.8565613574804751,0.8564102564102564,0.8565631422921793,1456.57417678833
