precision,accuracy,recall,duration
0.9712875116601823,0.9714285714285714,0.9721147079521464,164.22232270240784
