precision,accuracy,recall,duration
0.8677289951309731,0.8594202898550725,0.8603081498481489,505.9036691188812
