precision,accuracy,recall,duration
0.8403531194805688,0.853125,0.8189678141485549,323.5615701675415
