precision,accuracy,recall,duration
0.9046126460800248,0.892,0.8621815410727585,2104.1543395519257
