precision,accuracy,recall,duration
0.9196222862206469,0.9184692179700499,0.9280911700228265,290.2531249523163
