precision,accuracy,recall,duration
0.8728911387484896,0.8715801228364043,0.8718270463423224,966.2675292491913
