precision,accuracy,recall,duration
0.5691854220346724,0.775,0.5259481710372506,89.59773969650269
