precision,accuracy,recall,duration
0.9608218753152594,0.9614634146341463,0.9421012973625636,215.64021277427673
