precision,accuracy,recall,duration
0.9143573896863371,0.913477537437604,0.9227574750830565,145.6562786102295
