precision,accuracy,recall,duration
0.9443778443778443,0.9467554076539102,0.952392252582096,84.72720909118652
