precision,accuracy,recall,duration
0.5744014067543479,0.7775,0.48420169581066635,262.890558719635
