precision,accuracy,recall,duration
0.4729795915971373,0.755,0.49914322085824026,470.94571900367737
