precision,accuracy,recall,duration
0.6195652173913043,0.5,0.4194444444444444,68.64339184761047
