precision,accuracy,recall,duration
0.7699533927194286,0.7783333333333333,0.7878235378235379,205.31772589683533
