precision,accuracy,recall,duration
0.639463018027724,0.7241379310344828,0.5902638700101602,325.29120326042175
