precision,accuracy,recall,duration
0.9145967559788128,0.9134561697375768,0.913785854185835,1968.066799879074
