precision,accuracy,recall,duration
0.8162948942360707,0.7672634271099744,0.7709367584367584,188.87695813179016
