precision,accuracy,recall,duration
0.9489134768740032,0.9248366013071896,0.8896679561573179,180.0372815132141
