precision,accuracy,recall,duration
0.5970308020655289,0.7275,0.5763947491795592,137.00002765655518
