precision,accuracy,recall,duration
0.6985294117647058,0.6851851851851852,0.6851851851851851,58.57697010040283
