precision,accuracy,recall,duration
0.5827127659574468,0.7763975155279503,0.5609326018808778,462.0380115509033
