precision,accuracy,recall,duration
0.7693365102639296,0.7866666666666666,0.7858393308694807,194.5429790019989
