precision,accuracy,recall,duration
0.9269171925040429,0.9256198347107438,0.9014022209674383,564.360424041748
