precision,accuracy,recall,duration
0.9702226463664262,0.9696,0.9708189556015643,418.3529796600342
