precision,accuracy,recall,duration
0.96126910511965,0.96,0.960983436853002,1529.2649083137512
