precision,accuracy,recall,duration
0.6635422972977892,0.7413793103448276,0.6101827881559385,251.00498867034912
