precision,accuracy,recall,duration
0.9397061931938279,0.9150326797385621,0.87677304964539,193.84059858322144
