precision,accuracy,recall,duration
0.597301837565929,0.7275,0.5857030217789712,149.4069356918335
