precision,accuracy,recall,duration
0.9474329522871885,0.9538300104931794,0.9573898052371634,358.8485515117645
