precision,accuracy,recall,duration
0.810797343406039,0.8132992327365729,0.8158910533910533,489.30819606781006
