precision,accuracy,recall,duration
0.380631902819808,0.606516290726817,0.39099432204542367,67.45314288139343
