precision,accuracy,recall,duration
0.8162646251625018,0.7942857142857143,0.8129614438063987,154.53772234916687
