precision,accuracy,recall,duration
0.6065923622737782,0.7275,0.5866115444174516,204.4705262184143
