precision,accuracy,recall,duration
0.7215804195804196,0.8153846153846154,0.6835982870071105,335.0407807826996
