precision,accuracy,recall,duration
0.8074392712550607,0.8,0.8,496.3100700378418
