precision,accuracy,recall,duration
0.5829074416030937,0.695,0.5775241870178579,232.7324755191803
