precision,accuracy,recall,duration
0.6928807012209885,0.9371111111111111,0.5773321964851731,684.0966143608093
