precision,accuracy,recall,duration
0.8836182802010141,0.8773333333333333,0.8773333333333334,384.2120957374573
