precision,accuracy,recall,duration
0.8540731099599,0.841025641025641,0.8495850605360901,174.5208876132965
