precision,accuracy,recall,duration
0.6882740813192065,0.7523510971786834,0.6211632175340406,445.730042219162
