precision,accuracy,recall,duration
0.9096355212788522,0.9132231404958677,0.8800081560951126,386.63153409957886
