precision,accuracy,recall,duration
0.8930185025817556,0.896,0.8796567311522541,1405.1209778785706
