precision,accuracy,recall,duration
0.9758240158106224,0.9748743718592965,0.9749477934751855,717.8601019382477
