precision,accuracy,recall,duration
0.8473505196565542,0.8487179487179487,0.841636333663697,530.2510974407196
