precision,accuracy,recall,duration
0.9810896309242283,0.9809045226130654,0.9813971508013646,385.7138946056366
