precision,accuracy,recall,duration
0.9355936848015952,0.9256198347107438,0.9031134324612585,650.9979920387268
