precision,accuracy,recall,duration
0.7582180849572154,0.7084398976982097,0.7175623925623925,174.0748028755188
