precision,accuracy,recall,duration
0.8321274203627145,0.7953964194373402,0.8017989517989518,182.13482093811035
