precision,accuracy,recall,duration
0.8035825199645076,0.8135198135198135,0.8134706124879747,305.8944845199585
