precision,accuracy,recall,duration
0.7257653061224489,0.7238095238095238,0.7249455337690631,325.44731879234314
