precision,accuracy,recall,duration
0.830545428339546,0.8184143222506394,0.8311384936384937,187.4896957874298
