precision,accuracy,recall,duration
0.7800179211469533,0.78,0.78,624.5591435432434
