precision,accuracy,recall,duration
0.8346836024232993,0.8171428571428572,0.8322851153039833,146.45936560630798
