precision,accuracy,recall,duration
0.7700487602448387,0.785,0.7791720291720292,632.2258756160736
