precision,accuracy,recall,duration
0.8185046471811178,0.8132992327365729,0.8218208968208967,381.5140595436096
