precision,accuracy,recall,duration
0.6257386126581181,0.6262626262626263,0.6262626262626262,328.20893955230713
