precision,accuracy,recall,duration
0.833364254792826,0.8228571428571428,0.8371160331783795,92.52907967567444
