precision,accuracy,recall,duration
0.8013392857142857,0.8,0.8,489.41123366355896
