precision,accuracy,recall,duration
0.9654580794927197,0.962046908315565,0.9622126499288896,324.6778829097748
