precision,accuracy,recall,duration
0.9402254655252973,0.9402943626770341,0.9403053649532522,1966.85303068161
