precision,accuracy,recall,duration
0.92491735846999,0.9116666666666666,0.9116666666666667,503.29168939590454
