precision,accuracy,recall,duration
0.988095238095238,0.9885714285714285,0.9901477832512315,145.35270810127258
