precision,accuracy,recall,duration
0.7990903432079902,0.7828571428571428,0.8018412177559019,491.1595366001129
