precision,accuracy,recall,duration
0.8845460668839089,0.886,0.8658445764561216,1886.7203629016876
