precision,accuracy,recall,duration
0.8377396036387265,0.8342857142857143,0.8467778689271718,396.7437427043915
