precision,accuracy,recall,duration
0.5086475114441166,0.4672727272727273,0.48089396998530226,262.317218542099
