precision,accuracy,recall,duration
0.9403927068723703,0.93,0.9088541666666667,126.10364985466003
