precision,accuracy,recall,duration
0.6355714576744489,0.6833855799373041,0.5594987103598985,353.0824086666107
