precision,accuracy,recall,duration
0.9746086835560613,0.9796017484215639,0.965483965675293,1583.0318212509155
