precision,accuracy,recall,duration
0.9575934854287452,0.9560975609756097,0.9428313177096533,376.44627261161804
