precision,accuracy,recall,duration
0.9165548780487804,0.9214876033057852,0.893975468975469,885.7766265869141
