{"dataset": "Worms", "depth": 9, "nb_filters": 16, "batch_size": 128, "kernel_size": 32, "use_residual": "True", "use_bottleneck": "False", "acc": 0.6077348066298343, "precision": 0.6221827982697548, "recall": 0.6060156296814141, "budget_ran": 1500, "duration": 367.55778455734253}
