precision,accuracy,recall,duration
0.9148148148148149,0.9,0.9,128.67850279808044
