precision,accuracy,recall,duration
0.7584063492916294,0.79,0.6398134438284572,147.19922423362732
