precision,accuracy,recall,duration
0.9140161506889755,0.9150052465897167,0.9051463050973814,360.30609107017517
