precision,accuracy,recall,duration
0.9823232323232323,0.9771241830065359,0.9715506125080593,627.6806154251099
