precision,accuracy,recall,duration
0.979565772669221,0.9771428571428571,0.9780670889045273,330.9165987968445
