precision,accuracy,recall,duration
0.968903705942352,0.9689018464528668,0.9689072487420101,688.1192922592163
