precision,accuracy,recall,duration
0.8597805687232812,0.8487179487179487,0.8578001901893916,868.5998759269714
