precision,accuracy,recall,duration
0.9406487232574188,0.9333333333333333,0.9333333333333332,320.13126730918884
