precision,accuracy,recall,duration
0.7602339181286549,0.7733333333333333,0.7736307736307736,614.6089081764221
