precision,accuracy,recall,duration
0.8987972880237648,0.8933333333333333,0.8933333333333334,481.96686935424805
