precision,accuracy,recall,duration
0.9446640316205535,0.9444444444444444,0.9444444444444444,446.0551538467407
