precision,accuracy,recall,duration
0.7836141343335589,0.78,0.6707819213449184,455.67748069763184
