precision,accuracy,recall,duration
0.9535714285714285,0.9545454545454546,0.9580419580419581,402.1570887565613
