precision,accuracy,recall,duration
0.7887870299635006,0.7945205479452054,0.7972132712734216,284.34227776527405
