precision,accuracy,recall,duration
0.9715173909301303,0.9640522875816994,0.9215828497743391,195.90475296974182
