precision,accuracy,recall,duration
0.5252299680784382,0.765,0.5009459413553871,83.95076107978821
