precision,accuracy,recall,duration
0.9646275752342663,0.9603411513859275,0.9605351932006335,88.39312648773193
