precision,accuracy,recall,duration
0.8931630587168827,0.814792899408284,0.9127604084935188,264.2962064743042
