precision,accuracy,recall,duration
0.8897303473734048,0.8201183431952662,0.9123034853671367,567.8150515556335
