precision,accuracy,recall,duration
0.9458590250703602,0.9458483754512635,0.9457646161871514,7089.633181810379
