precision,accuracy,recall,duration
0.9459438028853466,0.9455706748125521,0.9452690501986276,1717.4752485752106
