precision,accuracy,recall,duration
0.4773151285799784,0.755,0.46587345616859116,143.90461015701294
