precision,accuracy,recall,duration
0.40485767528448086,0.606516290726817,0.39753032047172193,97.26811385154724
