precision,accuracy,recall,duration
0.9821662287707364,0.9819095477386934,0.9820297729321226,202.26778030395508
