precision,accuracy,recall,duration
0.9584620622977911,0.9521951219512195,0.9351395166040372,74.2041244506836
