precision,accuracy,recall,duration
0.9253386874870706,0.9243674367436744,0.9238629758791048,2306.615306854248
