precision,accuracy,recall,duration
0.7446114801577107,0.8197802197802198,0.7046749369653394,1125.8355329036713
