precision,accuracy,recall,duration
0.8924900337868035,0.896,0.8802542475623063,653.889228105545
