precision,accuracy,recall,duration
0.5813926499032882,0.7670807453416149,0.5687042842215256,265.8466970920563
