precision,accuracy,recall,duration
0.9289402233712701,0.9282178217821783,0.9277917029933159,263.6671333312988
