precision,accuracy,recall,duration
0.7521786492374728,0.7523809523809524,0.7521786492374728,325.59663677215576
