precision,accuracy,recall,duration
0.3645833333333333,0.4666666666666667,0.3472222222222222,96.31105518341064
