precision,accuracy,recall,duration
0.9805283871648673,0.9798994974874372,0.9801170544683467,325.7611572742462
