precision,accuracy,recall,duration
0.7274590163934427,0.7238095238095238,0.721677559912854,384.1346356868744
