precision,accuracy,recall,duration
0.5905025303048135,0.7919254658385093,0.5502220480668756,392.1016306877136
