precision,accuracy,recall,duration
0.8129856718092012,0.80306905370844,0.806660494160494,190.75068020820618
