precision,accuracy,recall,duration
0.862191048327051,0.8641025641025641,0.8586807396953722,299.2611246109009
