precision,accuracy,recall,duration
0.9578161401546921,0.9601259181532005,0.9578161401546921,49.039870500564575
