precision,accuracy,recall,duration
0.767849984410494,0.7733333333333333,0.7866437866437866,860.4245653152466
