precision,accuracy,recall,duration
0.952285912279841,0.934640522875817,0.9025628626692457,233.10666012763977
