precision,accuracy,recall,duration
0.8771761972288189,0.888,0.8823498848265471,3456.1201293468475
