precision,accuracy,recall,duration
0.8176026301026301,0.8107416879795396,0.8171938421938422,1142.1950268745422
