precision,accuracy,recall,duration
0.8835394528964979,0.8842975206611571,0.8687433339607252,323.56916213035583
