precision,accuracy,recall,duration
0.8666666666666668,0.7666666666666667,0.7666666666666667,160.12419319152832
