precision,accuracy,recall,duration
0.9568206092972869,0.9570731707317073,0.9366136136162501,160.61430406570435
