precision,accuracy,recall,duration
0.8348461194779508,0.8025641025641026,0.8062644646423397,203.20458912849426
