precision,accuracy,recall,duration
0.959608684832649,0.9504132231404959,0.9279644268774704,460.7807123661041
