precision,accuracy,recall,duration
0.8163796788796789,0.8209718670076727,0.825933750933751,1211.6257665157318
