precision,accuracy,recall,duration
0.7836484983314794,0.7833333333333333,0.7833333333333334,473.30958676338196
