precision,accuracy,recall,duration
0.9307384744884744,0.92,0.92,1072.3666126728058
