precision,accuracy,recall,duration
0.8420616328627263,0.8487179487179487,0.8413860286800195,652.4338874816895
