precision,accuracy,recall,duration
0.9224984238977488,0.9223897264098269,0.9226672521615881,963.291924238205
