precision,accuracy,recall,duration
0.973546719467056,0.9728,0.9732127557903955,189.97173142433167
