precision,accuracy,recall,duration
0.971496594386692,0.9765662943176299,0.9593306731646941,3087.543879032135
