precision,accuracy,recall,duration
0.8510437246370751,0.8363171355498721,0.843491380991381,203.9138102531433
