precision,accuracy,recall,duration
0.9692502459929125,0.9751092763477416,0.9574879249230924,1163.9227030277252
