precision,accuracy,recall,duration
0.9130116959064326,0.9,0.9,504.77278232574463
