precision,accuracy,recall,duration
0.8038657040461312,0.7897435897435897,0.7972471952302912,150.9325466156006
