precision,accuracy,recall,duration
0.8163239156896662,0.816,0.8160000000000001,385.540819644928
