precision,accuracy,recall,duration
0.8207784751902398,0.8081841432225064,0.8152537777537777,125.61988997459412
