precision,accuracy,recall,duration
0.8068181818181819,0.7962962962962963,0.7962962962962963,66.5280704498291
