precision,accuracy,recall,duration
0.9991228070175439,0.9991220368744512,0.9991228070175439,89.49473190307617
