precision,accuracy,recall,duration
0.635487380804275,0.713166144200627,0.5800964226543655,164.491117477417
