precision,accuracy,recall,duration
0.830240539482795,0.8333333333333334,0.814077603188419,1451.6776945590973
