precision,accuracy,recall,duration
0.8595959595959596,0.8571428571428571,0.8675599307264606,263.9550759792328
