precision,accuracy,recall,duration
0.9841981575666715,0.9839195979899498,0.9841128558949075,192.57463693618774
