precision,accuracy,recall,duration
0.8600802668087928,0.8682291666666667,0.8417310977971653,1393.7594394683838
