precision,accuracy,recall,duration
0.6668249322572073,0.9324444444444444,0.5581921455302046,1122.6387939453125
