precision,accuracy,recall,duration
0.8225805476041039,0.8005115089514067,0.8102460602460602,175.33630394935608
