precision,accuracy,recall,duration
0.7385596399099775,0.7333333333333333,0.7309368191721133,279.7164943218231
