precision,accuracy,recall,duration
0.47299814007131086,0.4290909090909091,0.452523051457277,147.38240551948547
