precision,accuracy,recall,duration
0.7651281927093265,0.7975,0.7061005704578585,192.04992270469666
