precision,accuracy,recall,duration
0.955173232083531,0.9421487603305785,0.9238314825271349,203.44400358200073
