precision,accuracy,recall,duration
0.9002398155981033,0.8993610223642172,0.8972308877334874,95.19870948791504
