precision,accuracy,recall,duration
0.746897546897547,0.7403314917127072,0.7144110275689224,243.94814801216125
