precision,accuracy,recall,duration
0.9246323529411764,0.92,0.9010416666666667,131.3095269203186
