precision,accuracy,recall,duration
0.76,0.6666666666666666,0.6666666666666667,385.27610421180725
