precision,accuracy,recall,duration
0.8485323156375788,0.8356164383561644,0.8500835421888054,124.798508644104
