precision,accuracy,recall,duration
0.9246296296296296,0.91,0.91,552.2073936462402
