precision,accuracy,recall,duration
0.99196865183458,0.991869918699187,0.9918359197945221,192.85879755020142
