precision,accuracy,recall,duration
0.6264053557970355,0.6232323232323232,0.6232323232323232,713.081885099411
