precision,accuracy,recall,duration
0.8005667578035999,0.8125,0.7319609441058427,200.6665279865265
