precision,accuracy,recall,duration
0.8496983988359074,0.8333333333333334,0.8349070537154314,263.22312331199646
