precision,accuracy,recall,duration
0.9366955592081502,0.9390243902439024,0.9157785520431422,151.65539956092834
