precision,accuracy,recall,duration
0.9582021917938468,0.957286432160804,0.9574571892381176,2245.6489474773407
