precision,accuracy,recall,duration
0.9194870625017683,0.91,0.91,661.8062334060669
