precision,accuracy,recall,duration
0.7190838675213675,0.7237569060773481,0.7055764411027569,304.14689540863037
