precision,accuracy,recall,duration
0.8452270554859553,0.841025641025641,0.8465941358381762,335.4463140964508
