precision,accuracy,recall,duration
0.8566073101475821,0.85859375,0.8260574717695737,322.94370675086975
