precision,accuracy,recall,duration
0.6498549323017409,0.6519337016574586,0.648778787576151,259.2035942077637
