precision,accuracy,recall,duration
0.7451879007302056,0.8087912087912088,0.7030127520913899,1078.095398902893
