precision,accuracy,recall,duration
0.8095238095238095,0.7333333333333333,0.7333333333333334,263.72427344322205
