precision,accuracy,recall,duration
0.9166666666666667,0.9,0.9,567.7931773662567
