precision,accuracy,recall,duration
0.5581735361923755,0.5422077922077922,0.5395695234377499,250.52113127708435
