precision,accuracy,recall,duration
0.8567099567099568,0.821917808219178,0.8298245614035088,201.6338813304901
