precision,accuracy,recall,duration
0.883740501510488,0.8821887213847013,0.882602357645575,383.9113926887512
