precision,accuracy,recall,duration
0.8300227522560523,0.8228571428571428,0.8356576428766749,204.2259166240692
