precision,accuracy,recall,duration
0.8092244105278341,0.8143495254048018,0.8124638724637201,323.77333188056946
