precision,accuracy,recall,duration
0.9078363101955489,0.8201183431952662,0.9187053459214044,895.1623959541321
