precision,accuracy,recall,duration
0.40993788819875776,0.8198757763975155,0.5,189.58236479759216
