precision,accuracy,recall,duration
0.941007374483644,0.9408497639544571,0.9406504554391879,2940.214116334915
