precision,accuracy,recall,duration
0.6182947239740304,0.6181818181818182,0.618181818181818,749.9656608104706
