precision,accuracy,recall,duration
0.802633616175109,0.815,0.7349107966132173,138.0669777393341
