precision,accuracy,recall,duration
0.870164765188528,0.877,0.8611813505602799,338.02790689468384
