precision,accuracy,recall,duration
0.7983101135190919,0.796,0.796,1008.4692118167877
