precision,accuracy,recall,duration
0.8167724167724169,0.80306905370844,0.809495121995122,248.29063534736633
