precision,accuracy,recall,duration
0.46473227443055026,0.7225,0.4789813625546695,449.27844309806824
