precision,accuracy,recall,duration
0.9751929802695439,0.9777804759592035,0.9593925686044119,4367.481273651123
