precision,accuracy,recall,duration
0.7449282533399307,0.7444444444444445,0.7444444444444445,354.1601161956787
