precision,accuracy,recall,duration
0.7261679712499385,0.72,0.7200000000000001,854.06760430336
