precision,accuracy,recall,duration
0.853304095093893,0.864,0.8515907791960373,923.6029489040375
