precision,accuracy,recall,duration
0.7598452589685788,0.8,0.6976864126962264,155.64194560050964
