precision,accuracy,recall,duration
0.9966776677667766,0.9966666666666667,0.9966666666666667,208.0226559638977
