precision,accuracy,recall,duration
0.8266753742590174,0.83,0.7361844748229514,71.63268303871155
