precision,accuracy,recall,duration
0.8847426707357784,0.8801916932907349,0.8758046087682136,432.1565842628479
