precision,accuracy,recall,duration
0.836744690353934,0.8513020833333333,0.8223140335561959,1367.0061671733856
