precision,accuracy,recall,duration
0.949467453278429,0.9281045751633987,0.8972437137330754,224.10744667053223
