precision,accuracy,recall,duration
0.9523610380920519,0.9496327387198321,0.9410003727518405,385.93501687049866
