precision,accuracy,recall,duration
0.6928619716214386,0.8021978021978022,0.696190571640262,773.3851652145386
