precision,accuracy,recall,duration
0.7951758827010176,0.7947368421052632,0.7663460569339725,623.9060235023499
