precision,accuracy,recall,duration
0.821934547676328,0.7825,0.6179470403911711,193.95745706558228
