precision,accuracy,recall,duration
0.7837984451702863,0.7825,0.6720789382061376,193.76028680801392
