precision,accuracy,recall,duration
0.9025411718609974,0.896,0.896,534.3649370670319
