precision,accuracy,recall,duration
0.37616610057141014,0.5939849624060151,0.3774976928755998,80.44297075271606
