precision,accuracy,recall,duration
0.9462640250710552,0.944,0.9453032394336742,594.7415616512299
