precision,accuracy,recall,duration
0.9054025258562445,0.9033546325878594,0.9005571602798639,361.55595874786377
