precision,accuracy,recall,duration
0.4920398914289663,0.7525,0.508481343156594,200.96286129951477
