precision,accuracy,recall,duration
0.8175713974275126,0.78,0.6348312156376616,125.37319684028625
