precision,accuracy,recall,duration
0.939594356261023,0.9347079037800687,0.9084280096132838,386.56759810447693
