precision,accuracy,recall,duration
0.8666666666666668,0.7666666666666667,0.7666666666666667,174.29807829856873
