precision,accuracy,recall,duration
0.9666995703170363,0.9690048939641109,0.9657476299747352,505.4732871055603
