precision,accuracy,recall,duration
0.7653869037649561,0.7725,0.6259816581155379,192.58270716667175
