precision,accuracy,recall,duration
0.7344979627696618,0.7253333333333334,0.7253333333333334,2665.9685792922974
