precision,accuracy,recall,duration
0.9684633533960102,0.9668292682926829,0.9436439422233887,225.25196409225464
