precision,accuracy,recall,duration
0.8317856155586126,0.823076923076923,0.8294550082981947,745.3977677822113
