precision,accuracy,recall,duration
0.950748725573492,0.934640522875817,0.9025628626692457,473.2921402454376
