precision,accuracy,recall,duration
0.8655758594011189,0.86796875,0.8311544257278949,420.87894344329834
