precision,accuracy,recall,duration
0.9280312511562513,0.9166666666666666,0.9166666666666666,1944.8158700466156
