precision,accuracy,recall,duration
0.8525468326938914,0.8312020460358056,0.8306495306495306,1232.3824260234833
