precision,accuracy,recall,duration
0.9630076081991772,0.9625907314349526,0.9626907624868796,2839.7562334537506
