precision,accuracy,recall,duration
0.6409940729335877,0.6409090909090909,0.640909090909091,326.4522120952606
