precision,accuracy,recall,duration
0.5064861692940701,0.48363636363636364,0.4996411047747292,263.82241344451904
