precision,accuracy,recall,duration
0.957936507936508,0.9444444444444444,0.8957930367504835,194.12688612937927
