precision,accuracy,recall,duration
0.8882342504842025,0.875,0.8410909437295415,503.65317702293396
