precision,accuracy,recall,duration
0.7688782991202345,0.7833333333333333,0.7797082797082797,201.8153076171875
