precision,accuracy,recall,duration
0.9626384387735205,0.956503198294243,0.9567418459685493,640.5584907531738
