precision,accuracy,recall,duration
0.7454869407788971,0.7825,0.6537948264713872,132.52823567390442
