precision,accuracy,recall,duration
0.7516666666666667,0.7,0.7,525.9222104549408
