precision,accuracy,recall,duration
0.8357524859071512,0.8333333333333334,0.8253234234146278,324.81137585639954
