precision,accuracy,recall,duration
0.8224500645553279,0.8082191780821918,0.819357918606039,285.56071376800537
