precision,accuracy,recall,duration
0.9335464992039197,0.9351219512195122,0.9062259446037454,115.2024736404419
