precision,accuracy,recall,duration
0.8745553502132448,0.8516624040920716,0.8567042942042942,288.9310622215271
