precision,accuracy,recall,duration
0.7981969025360606,0.7881578947368421,0.7678337685195205,506.04716753959656
