precision,accuracy,recall,duration
0.9060649914484936,0.9057507987220448,0.904163296745619,264.2829191684723
