precision,accuracy,recall,duration
0.5273986189579409,0.5097402597402597,0.5103228342507219,263.19520807266235
