precision,accuracy,recall,duration
0.6416666666666666,0.65625,0.6376518218623481,137.74520325660706
