precision,accuracy,recall,duration
0.9446112515802781,0.9215686274509803,0.8820921985815602,181.74659371376038
