precision,accuracy,recall,duration
0.6849329479775272,0.9395555555555556,0.5991668043044418,867.6989052295685
