precision,accuracy,recall,duration
0.7720174091141834,0.772,0.772,1125.818389415741
