precision,accuracy,recall,duration
0.8617900117900117,0.8363171355498721,0.8424059049059048,887.3653008937836
