precision,accuracy,recall,duration
0.9669959951639716,0.966958211856171,0.9669465977605511,127.02869939804077
