precision,accuracy,recall,duration
0.6866220735785953,0.6722222222222223,0.6722222222222223,212.20510625839233
