precision,accuracy,recall,duration
0.6259720029024983,0.7351097178683386,0.5833867990573179,816.9277622699738
