precision,accuracy,recall,duration
0.9612463659814335,0.96,0.9401255764956894,463.2692494392395
