precision,accuracy,recall,duration
0.9198100510600511,0.9083333333333333,0.9083333333333333,744.7481276988983
