precision,accuracy,recall,duration
0.9515340039060709,0.9569779643231899,0.9589017798900382,165.51041913032532
