precision,accuracy,recall,duration
0.8091824091824092,0.8132992327365729,0.8144113769113769,1205.99551820755
