precision,accuracy,recall,duration
0.9997586872586872,0.99975,0.999748743718593,346.36502838134766
