precision,accuracy,recall,duration
0.9337545692841552,0.9336295473479589,0.9334396693551623,1635.2281513214111
