precision,accuracy,recall,duration
0.6146109637488948,0.7375,0.6158938186364347,90.21962428092957
