precision,accuracy,recall,duration
0.6932954977431305,0.9362222222222222,0.594063434367373,414.08374214172363
