precision,accuracy,recall,duration
0.9738012241440663,0.9728643216080402,0.9726809929174762,264.257527589798
