precision,accuracy,recall,duration
0.9195485070485071,0.9133333333333333,0.9133333333333334,2186.0132784843445
