precision,accuracy,recall,duration
0.7945475577054524,0.8066666666666666,0.7724178175452246,284.39094829559326
