precision,accuracy,recall,duration
0.9755067155067155,0.9748743718592965,0.9748387547799299,58.30606985092163
