precision,accuracy,recall,duration
0.9229853365083344,0.9166666666666666,0.9166666666666666,75.29781126976013
