precision,accuracy,recall,duration
0.9263684926184925,0.915,0.9149999999999999,495.20070028305054
