precision,accuracy,recall,duration
0.8483154121863798,0.8508158508158508,0.8338906958633011,756.3432960510254
