precision,accuracy,recall,duration
0.6098168338304989,0.6085858585858586,0.6085858585858586,118.47548270225525
