precision,accuracy,recall,duration
0.9712018378580092,0.9722675367047309,0.9682857010407251,565.509360074997
