precision,accuracy,recall,duration
0.8028571428571428,0.8,0.8,147.2297487258911
