precision,accuracy,recall,duration
0.7786116322701688,0.7037037037037037,0.7037037037037037,139.5773823261261
