precision,accuracy,recall,duration
0.8120199692780339,0.812,0.812,1308.7697174549103
