precision,accuracy,recall,duration
0.9038275603649313,0.827810650887574,0.9194881598743123,948.0958862304688
