precision,accuracy,recall,duration
0.43065912617755503,0.606516290726817,0.42120735462687725,162.4626955986023
