precision,accuracy,recall,duration
0.4872419203898719,0.7425,0.4943664494520936,200.42107391357422
