precision,accuracy,recall,duration
0.8859109783802938,0.808284023668639,0.907057617085373,371.5452346801758
