precision,accuracy,recall,duration
0.591869918699187,0.7267080745341615,0.6180773249738767,840.9464056491852
