precision,accuracy,recall,duration
0.9692004570491035,0.9680170575692963,0.9681618999171885,204.48640251159668
