precision,accuracy,recall,duration
0.9494473349884595,0.9313725490196079,0.8949871050934881,203.74651074409485
