precision,accuracy,recall,duration
0.9649532710280374,0.9509803921568627,0.9404416505480335,385.69846081733704
