precision,accuracy,recall,duration
0.9696626802916984,0.9707317073170731,0.9560430057114492,454.50278520584106
