precision,accuracy,recall,duration
0.625531914893617,0.7950310559006211,0.5924764890282131,374.57166266441345
