precision,accuracy,recall,duration
0.8033831976470207,0.8076493579006142,0.8056919604100334,1191.1269674301147
