precision,accuracy,recall,duration
0.8006801896449544,0.8075,0.6819492747801003,271.30173206329346
