precision,accuracy,recall,duration
0.660150839178006,0.7382445141065831,0.6073560977591617,307.04790902137756
