precision,accuracy,recall,duration
0.678145757020757,0.6740331491712708,0.6846897782882253,458.8897669315338
