precision,accuracy,recall,duration
0.9032957782957783,0.8916666666666667,0.8916666666666667,323.2773697376251
