precision,accuracy,recall,duration
0.9698495491109721,0.976930548810102,0.9624497785423244,1852.3979229927063
