precision,accuracy,recall,duration
0.8223854378266142,0.8056265984654731,0.8062926562926561,675.1285588741302
