precision,accuracy,recall,duration
0.780952380952381,0.6,0.525,144.05285143852234
