precision,accuracy,recall,duration
0.8586106069772131,0.8571428571428571,0.8631847598213472,135.78582310676575
