precision,accuracy,recall,duration
0.9205305456708199,0.9195979899497487,0.9197283515362251,397.9613769054413
