precision,accuracy,recall,duration
0.6662048972699128,0.7824175824175824,0.6571042326782265,654.4265401363373
