precision,accuracy,recall,duration
0.7940910905350477,0.7833333333333333,0.7831611748982038,1165.9169554710388
