precision,accuracy,recall,duration
0.7764205774695654,0.7916666666666666,0.7816745316745317,205.948570728302
