precision,accuracy,recall,duration
0.8910274758824496,0.888,0.888,535.8635969161987
