precision,accuracy,recall,duration
0.8437573585406403,0.8388746803069054,0.8451357201357201,881.4000329971313
