precision,accuracy,recall,duration
0.5891266156103641,0.5357142857142857,0.5305069062199232,563.2604939937592
