precision,accuracy,recall,duration
0.9792130114945546,0.978894472361809,0.9789197384559952,537.4277958869934
