precision,accuracy,recall,duration
0.9211185964698845,0.9214876033057852,0.890532655750047,654.3517079353333
