precision,accuracy,recall,duration
0.4922470002682241,0.46,0.48297890908492536,500.37055587768555
