precision,accuracy,recall,duration
0.8522828014184397,0.84,0.8574423480083858,505.6472556591034
