precision,accuracy,recall,duration
0.9609508547008547,0.9592169657422512,0.9500208608580767,349.3509523868561
