precision,accuracy,recall,duration
0.8268165080275764,0.8128205128205128,0.8210398537215915,204.02620673179626
