precision,accuracy,recall,duration
0.8144894321364909,0.8,0.6976864126962264,65.62005877494812
