precision,accuracy,recall,duration
0.9571490094745909,0.9411764705882353,0.9127981947130883,478.03474855422974
