precision,accuracy,recall,duration
0.6222757955641273,0.8105590062111802,0.5414054336468129,273.4984440803528
