precision,accuracy,recall,duration
0.9612576524828056,0.9611273080660836,0.9611043111655106,138.76539039611816
