precision,accuracy,recall,duration
0.8308389058389059,0.8235294117647058,0.8304241179241179,528.2195420265198
