precision,accuracy,recall,duration
0.7679844612487845,0.7644736842105263,0.7453074053944754,143.62067317962646
