precision,accuracy,recall,duration
0.9706965527266005,0.9741463414634146,0.9623373819458225,687.1836485862732
