precision,accuracy,recall,duration
0.7684296949269726,0.768,0.7680000000000001,860.0060877799988
