precision,accuracy,recall,duration
0.72271615234918,0.7575,0.6181995569482227,199.11266112327576
