precision,accuracy,recall,duration
0.8696922700612003,0.8023668639053254,0.9061083358267349,886.9444870948792
