precision,accuracy,recall,duration
0.7748538011695907,0.79,0.7948356350904493,169.45892524719238
