precision,accuracy,recall,duration
0.8296585541957238,0.8282051282051283,0.8319208758534046,356.7867796421051
