precision,accuracy,recall,duration
0.8961185651697701,0.895,0.8929095204889235,492.51161885261536
