precision,accuracy,recall,duration
0.9147323811702672,0.9132231404958677,0.8832862789384528,842.2047290802002
