precision,accuracy,recall,duration
0.9374465507177296,0.9256198347107438,0.9072463768115941,565.25044465065
