precision,accuracy,recall,duration
0.6864136228846281,0.7472527472527473,0.601903601575583,224.0115008354187
