precision,accuracy,recall,duration
0.5795334040296924,0.546875,0.5759109311740891,66.7019853591919
