precision,accuracy,recall,duration
0.8973387295340604,0.8933333333333333,0.8933333333333334,808.7918658256531
