precision,accuracy,recall,duration
0.9519739519739521,0.934640522875817,0.9123952288845906,501.9637291431427
