precision,accuracy,recall,duration
0.8274034445087076,0.8082191780821918,0.8119883040935674,204.35355877876282
