precision,accuracy,recall,duration
0.7684345316252056,0.78,0.6756375086563441,121.99375891685486
