precision,accuracy,recall,duration
0.8952816309373687,0.8905750798722045,0.8863149110982733,190.99706602096558
