precision,accuracy,recall,duration
0.7325117173248014,0.824390243902439,0.7709893048128342,176.2209882736206
