precision,accuracy,recall,duration
0.8879246645117088,0.8005917159763314,0.9094557255296375,927.5628418922424
