precision,accuracy,recall,duration
0.6909569395972018,0.9377777777777778,0.5779415541360056,807.8006339073181
