precision,accuracy,recall,duration
0.9352314814814815,0.9266666666666666,0.9266666666666666,2217.6786909103394
