precision,accuracy,recall,duration
0.8572380927119528,0.84,0.8603591286117948,121.30694103240967
