precision,accuracy,recall,duration
0.9710159210972055,0.9705756929637527,0.9706536112165736,98.44995474815369
