precision,accuracy,recall,duration
0.8024377729951598,0.81,0.7157884064292247,116.48259043693542
