precision,accuracy,recall,duration
0.8333333333333333,0.75,0.75,354.9249267578125
