precision,accuracy,recall,duration
0.42495043381311987,0.631578947368421,0.40644935983369274,284.0120310783386
