precision,accuracy,recall,duration
0.8478835978835978,0.8457142857142858,0.8549813143742595,405.64316272735596
