precision,accuracy,recall,duration
0.8421620752503106,0.8209718670076727,0.826066351066351,515.8885307312012
