precision,accuracy,recall,duration
0.8795594077284219,0.8831615120274914,0.8444395892506008,229.59828543663025
