precision,accuracy,recall,duration
0.9233168296649288,0.921,0.9046268553317515,770.4685037136078
