precision,accuracy,recall,duration
0.95000294868318,0.9445628997867804,0.9448849233388458,264.1834292411804
