precision,accuracy,recall,duration
0.8239139344262295,0.8171428571428572,0.8322851153039833,508.6636848449707
