precision,accuracy,recall,duration
0.8286641929499072,0.8356164383561644,0.8588554720133669,128.33967304229736
