precision,accuracy,recall,duration
0.7115820100306737,0.7425755414343146,0.6606645827910702,25297.697235107422
