precision,accuracy,recall,duration
0.8378765036853272,0.8435897435897436,0.8362231502804791,318.60128116607666
