precision,accuracy,recall,duration
0.9560185185185186,0.956140350877193,0.9560185185185186,567.8418891429901
