precision,accuracy,recall,duration
0.8729159673268434,0.8618968386023295,0.8766074536126742,119.31181764602661
