precision,accuracy,recall,duration
0.7805555555555556,0.7,0.7,401.7591404914856
