{"config": [9, 64, 64, 32, 0, 1], "accuracy": 0.7866216684}
{"config": [6, 64, 32, 41, 0, 1], "accuracy": 0.7996019384}
{"config": [3, 64, 64, 32, 1, 1], "accuracy": 0.8199896158000001}
{"config": [3, 32, 16, 41, 0, 1], "accuracy": 0.8088785047}
{"config": [3, 64, 64, 41, 0, 1], "accuracy": 0.8219106957000001}
{"config": [3, 16, 128, 64, 1, 1], "accuracy": 0.7791623399000001}
{"config": [3, 64, 128, 64, 1, 0], "accuracy": 0.6456213223}
{"config": [3, 16, 64, 64, 1, 1], "accuracy": 0.8144340602}
{"config": [3, 16, 128, 32, 0, 0], "accuracy": 0.7922118380000001}
{"config": [3, 32, 64, 32, 1, 0], "accuracy": 0.8088611976000001}
{"config": [3, 32, 16, 64, 1, 0], "accuracy": 0.8088438906000001}
{"config": [3, 64, 16, 64, 0, 1], "accuracy": 0.7978539287}
{"config": [3, 16, 16, 32, 1, 0], "accuracy": 0.8237971616}
{"config": [3, 16, 32, 41, 0, 1], "accuracy": 0.8254932503}
{"config": [3, 16, 16, 64, 1, 1], "accuracy": 0.8199896158000001}
{"config": [3, 64, 64, 64, 0, 1], "accuracy": 0.8032017999000001}
{"config": [3, 64, 16, 32, 0, 0], "accuracy": 0.8033748702}
{"config": [3, 64, 128, 32, 1, 0], "accuracy": 0.7514537902}
{"config": [9, 16, 32, 64, 1, 0], "accuracy": 0.7921079958}
{"config": [6, 16, 64, 32, 1, 1], "accuracy": 0.7716857044000001}
{"config": [9, 32, 128, 41, 1, 0], "accuracy": 0.7180858429}
{"config": [3, 16, 32, 64, 0, 0], "accuracy": 0.8053478712000001}
{"config": [3, 32, 64, 64, 1, 1], "accuracy": 0.7977500865}
{"config": [9, 16, 16, 41, 0, 0], "accuracy": 0.8088092766}
{"config": [3, 32, 32, 32, 0, 0], "accuracy": 0.8385427484}
{"config": [3, 32, 128, 32, 0, 1], "accuracy": 0.7440463828}
{"config": [9, 64, 32, 64, 1, 0], "accuracy": 0.8089131187}
{"config": [9, 32, 16, 32, 1, 1], "accuracy": 0.8051921080000001}
{"config": [3, 64, 32, 64, 1, 1], "accuracy": 0.7867947387}
{"config": [9, 64, 16, 41, 1, 0], "accuracy": 0.8182416061000001}
{"config": [9, 16, 128, 64, 0, 0], "accuracy": 0.742229145}
{"config": [3, 32, 32, 41, 1, 0], "accuracy": 0.8200415369}
{"config": [9, 16, 32, 32, 1, 0], "accuracy": 0.7718587747000001}
{"config": [3, 16, 128, 41, 0, 1], "accuracy": 0.7996192454000001}
{"config": [9, 32, 32, 64, 0, 1], "accuracy": 0.792177224}
{"config": [9, 64, 32, 32, 1, 0], "accuracy": 0.7885254413}
{"config": [9, 16, 16, 64, 0, 1], "accuracy": 0.7977500865}
{"config": [9, 64, 64, 64, 1, 0], "accuracy": 0.7774143302000001}
{"config": [3, 32, 128, 64, 0, 0], "accuracy": 0.7198165455000001}
{"config": [9, 16, 64, 64, 0, 0], "accuracy": 0.7811526480000001}
{"config": [9, 16, 128, 32, 1, 1], "accuracy": 0.7347005884000001}
{"config": [6, 16, 64, 41, 0, 0], "accuracy": 0.8069228107}
{"config": [9, 64, 128, 32, 0, 0], "accuracy": 0.6308065074}
{"config": [9, 64, 16, 32, 0, 1], "accuracy": 0.8106784354000001}
{"config": [9, 32, 64, 41, 1, 1], "accuracy": 0.8033229491}
{"config": [3, 64, 128, 41, 0, 1], "accuracy": 0.7348390447}
{"config": [3, 16, 16, 41, 1, 1], "accuracy": 0.8145032883000001}
{"config": [9, 32, 32, 41, 0, 0], "accuracy": 0.7791796469000001}
{"config": [3, 32, 16, 32, 1, 0], "accuracy": 0.7884735202}
{"config": [9, 16, 16, 32, 1, 1], "accuracy": 0.7922118380000001}
