{"config": [9, 64, 64, 32, 0, 1], "accuracy": 0.738317757}
{"config": [6, 64, 32, 41, 0, 1], "accuracy": 0.7438560055}
{"config": [3, 64, 64, 32, 1, 1], "accuracy": 0.7737106265}
{"config": [3, 32, 16, 41, 0, 1], "accuracy": 0.7625649013}
{"config": [3, 64, 64, 41, 0, 1], "accuracy": 0.7569401177}
{"config": [3, 16, 128, 32, 0, 0], "accuracy": 0.7366043614000001}
{"config": [3, 64, 128, 32, 1, 0], "accuracy": 0.7754932503}
{"config": [3, 64, 128, 64, 1, 0], "accuracy": 0.5473174109}
{"config": [6, 16, 64, 32, 1, 0], "accuracy": 0.7754759432}
{"config": [3, 16, 16, 64, 1, 1], "accuracy": 0.7569228107}
{"config": [3, 64, 16, 64, 0, 1], "accuracy": 0.7420214607000001}
{"config": [3, 16, 16, 32, 1, 0], "accuracy": 0.7718068536}
{"config": [3, 16, 64, 64, 1, 0], "accuracy": 0.7419868467}
{"config": [3, 32, 64, 32, 1, 0], "accuracy": 0.7718241606}
{"config": [3, 64, 16, 32, 0, 0], "accuracy": 0.7458116996}
{"config": [3, 16, 32, 32, 0, 1], "accuracy": 0.7607476636}
{"config": [9, 16, 16, 41, 1, 0], "accuracy": 0.740290758}
{"config": [9, 32, 128, 32, 0, 1], "accuracy": 0.6733644860000001}
{"config": [3, 32, 32, 64, 1, 0], "accuracy": 0.7588611976}
{"config": [3, 16, 128, 64, 0, 0], "accuracy": 0.6976981655000001}
{"config": [3, 64, 64, 64, 0, 1], "accuracy": 0.7587919695}
{"config": [9, 64, 32, 64, 1, 0], "accuracy": 0.7438213915}
{"config": [9, 32, 16, 32, 1, 1], "accuracy": 0.7346832814}
{"config": [9, 64, 128, 32, 1, 0], "accuracy": 0.5750086535}
{"config": [3, 32, 128, 32, 0, 1], "accuracy": 0.7532537210000001}
{"config": [9, 32, 64, 64, 0, 1], "accuracy": 0.7438906196}
{"config": [6, 32, 16, 64, 0, 0], "accuracy": 0.7588092766000001}
{"config": [9, 16, 32, 64, 1, 0], "accuracy": 0.744132918}
{"config": [9, 16, 64, 41, 0, 1], "accuracy": 0.753271028}
{"config": [3, 32, 32, 32, 0, 0], "accuracy": 0.7457424714}
{"config": [9, 64, 16, 41, 1, 0], "accuracy": 0.7421599169}
{"config": [3, 32, 128, 41, 1, 0], "accuracy": 0.7198511596}
{"config": [9, 32, 64, 32, 1, 1], "accuracy": 0.7606265144000001}
{"config": [9, 64, 32, 32, 1, 0], "accuracy": 0.7402215299}
{"config": [3, 32, 64, 64, 1, 1], "accuracy": 0.7494115611000001}
{"config": [3, 16, 32, 64, 0, 0], "accuracy": 0.7643475251}
{"config": [3, 16, 32, 41, 1, 0], "accuracy": 0.7439944618000001}
{"config": [3, 64, 128, 41, 0, 1], "accuracy": 0.6513672551}
{"config": [3, 32, 128, 64, 0, 0], "accuracy": 0.6418310834000001}
{"config": [9, 64, 64, 64, 1, 0], "accuracy": 0.7494807892}
{"config": [9, 16, 32, 32, 0, 0], "accuracy": 0.7421253029}
{"config": [9, 32, 32, 64, 0, 1], "accuracy": 0.7347005884000001}
{"config": [9, 16, 128, 64, 1, 0], "accuracy": 0.7123918311}
{"config": [3, 64, 32, 64, 1, 1], "accuracy": 0.7643475251}
{"config": [9, 32, 64, 41, 1, 0], "accuracy": 0.7459155417000001}
{"config": [3, 64, 64, 32, 0, 0], "accuracy": 0.7476981655}
{"config": [3, 32, 16, 64, 1, 1], "accuracy": 0.7570266528}
{"config": [9, 64, 16, 32, 0, 1], "accuracy": 0.7327795085000001}
{"config": [6, 16, 128, 41, 1, 1], "accuracy": 0.7235202492}
{"config": [3, 64, 32, 32, 1, 1], "accuracy": 0.7607476636}
