{"config": [9, 64, 64, 32, 0, 1], "accuracy": 0.9933333333000001}
{"config": [6, 64, 32, 41, 0, 1], "accuracy": 0.9937777778}
{"config": [3, 64, 64, 32, 1, 1], "accuracy": 0.9942222222}
{"config": [3, 32, 16, 41, 0, 1], "accuracy": 0.9915555556000001}
{"config": [3, 64, 64, 41, 0, 1], "accuracy": 0.9906666667}
{"config": [9, 64, 32, 64, 1, 0], "accuracy": 0.9924444444}
{"config": [9, 16, 128, 32, 1, 0], "accuracy": 0.9924444444}
{"config": [9, 64, 128, 64, 1, 1], "accuracy": 0.9897777778000001}
{"config": [6, 64, 128, 32, 0, 0], "accuracy": 0.9933333333000001}
{"config": [3, 16, 128, 64, 0, 0], "accuracy": 0.9951111111000001}
{"config": [9, 16, 16, 64, 1, 1], "accuracy": 0.9933333333000001}
{"config": [9, 16, 32, 32, 1, 0], "accuracy": 0.9933333333000001}
{"config": [3, 16, 64, 64, 1, 1], "accuracy": 0.9928888889}
{"config": [3, 64, 16, 32, 0, 0], "accuracy": 0.9942222222}
{"config": [9, 32, 64, 41, 1, 0], "accuracy": 0.9937777778}
{"config": [3, 32, 128, 32, 0, 1], "accuracy": 0.9942222222}
{"config": [3, 64, 16, 64, 0, 1], "accuracy": 0.9902222222}
{"config": [6, 32, 32, 64, 1, 0], "accuracy": 0.9924444444}
{"config": [9, 64, 64, 64, 1, 0], "accuracy": 0.9933333333000001}
{"config": [9, 32, 128, 64, 1, 1], "accuracy": 0.9893333333000001}
{"config": [9, 64, 16, 41, 1, 1], "accuracy": 0.9937777778}
{"config": [6, 16, 64, 32, 1, 1], "accuracy": 0.9942222222}
{"config": [3, 16, 16, 64, 1, 1], "accuracy": 0.9902222222}
{"config": [3, 64, 128, 64, 1, 0], "accuracy": 0.9942222222}
{"config": [9, 16, 16, 32, 1, 1], "accuracy": 0.9946666667}
{"config": [3, 16, 128, 41, 1, 0], "accuracy": 0.9942222222}
{"config": [9, 32, 64, 32, 1, 1], "accuracy": 0.9933333333000001}
{"config": [9, 32, 64, 64, 0, 1], "accuracy": 0.9937777778}
{"config": [3, 64, 128, 41, 1, 1], "accuracy": 0.9937777778}
{"config": [3, 32, 32, 41, 1, 0], "accuracy": 0.9933333333000001}
{"config": [9, 32, 16, 32, 1, 0], "accuracy": 0.9955555556000001}
{"config": [6, 64, 128, 64, 0, 1], "accuracy": 0.992}
{"config": [6, 16, 32, 32, 0, 1], "accuracy": 0.9933333333000001}
{"config": [9, 32, 128, 41, 1, 0], "accuracy": 0.9955555556000001}
{"config": [9, 16, 64, 64, 0, 0], "accuracy": 0.9955555556000001}
{"config": [3, 16, 16, 32, 1, 0], "accuracy": 0.9906666667}
{"config": [9, 16, 32, 64, 1, 1], "accuracy": 0.9933333333000001}
{"config": [9, 16, 16, 41, 0, 0], "accuracy": 0.9946666667}
{"config": [9, 16, 128, 64, 1, 0], "accuracy": 0.9902222222}
{"config": [6, 64, 32, 32, 0, 0], "accuracy": 0.9928888889}
{"config": [3, 64, 64, 64, 0, 1], "accuracy": 0.992}
{"config": [3, 32, 64, 32, 1, 0], "accuracy": 0.9928888889}
{"config": [9, 32, 128, 32, 0, 0], "accuracy": 0.9937777778}
{"config": [6, 32, 16, 64, 0, 0], "accuracy": 0.9933333333000001}
{"config": [3, 16, 32, 64, 0, 0], "accuracy": 0.9928888889}
{"config": [3, 32, 64, 64, 1, 1], "accuracy": 0.9915555556000001}
{"config": [9, 16, 32, 32, 0, 0], "accuracy": 0.992}
{"config": [9, 64, 16, 32, 0, 1], "accuracy": 0.9942222222}
{"config": [9, 64, 128, 41, 1, 0], "accuracy": 0.9942222222}
{"config": [3, 64, 32, 64, 1, 1], "accuracy": 0.9937777778}
