{"config": [9, 64, 64, 32, 0, 1], "accuracy": 0.9284753732000001}
{"config": [6, 64, 32, 41, 0, 1], "accuracy": 0.9336477041000001}
{"config": [3, 64, 64, 32, 1, 1], "accuracy": 0.9388220574}
{"config": [3, 32, 16, 41, 0, 1], "accuracy": 0.9388192768}
{"config": [3, 64, 64, 41, 0, 1], "accuracy": 0.9352227601}
{"config": [3, 16, 128, 32, 0, 0], "accuracy": 0.9302741371000001}
{"config": [9, 16, 32, 64, 1, 0], "accuracy": 0.9354457097000001}
{"config": [3, 64, 128, 64, 1, 0], "accuracy": 0.9349993049}
{"config": [3, 16, 128, 64, 1, 1], "accuracy": 0.9397196699}
{"config": [3, 16, 32, 32, 0, 0], "accuracy": 0.9275734634}
{"config": [3, 64, 128, 32, 1, 0], "accuracy": 0.9300489124}
{"config": [3, 64, 16, 64, 0, 1], "accuracy": 0.9403953438}
{"config": [3, 32, 64, 64, 1, 1], "accuracy": 0.9410695011}
{"config": [3, 64, 16, 32, 0, 0], "accuracy": 0.9338749510000001}
{"config": [3, 16, 16, 64, 1, 1], "accuracy": 0.9343211031}
{"config": [9, 32, 128, 41, 1, 0], "accuracy": 0.9262269183}
{"config": [9, 16, 16, 32, 1, 1], "accuracy": 0.9347735747}
{"config": [9, 64, 64, 64, 1, 0], "accuracy": 0.9289227891}
{"config": [9, 16, 64, 32, 1, 1], "accuracy": 0.9302728732000001}
{"config": [3, 32, 128, 64, 0, 0], "accuracy": 0.9361203726}
{"config": [9, 64, 16, 41, 1, 0], "accuracy": 0.9379221698}
{"config": [9, 16, 128, 64, 0, 0], "accuracy": 0.9338749510000001}
{"config": [3, 16, 64, 64, 1, 0], "accuracy": 0.9331980132000001}
{"config": [3, 32, 16, 64, 1, 0], "accuracy": 0.9394967202000001}
{"config": [3, 32, 64, 32, 1, 0], "accuracy": 0.9363498945000001}
{"config": [9, 64, 128, 64, 1, 1], "accuracy": 0.9239807384000001}
{"config": [9, 32, 32, 32, 1, 1], "accuracy": 0.9327490805}
{"config": [9, 16, 16, 64, 0, 1], "accuracy": 0.9559184035}
{"config": [9, 64, 32, 64, 0, 1], "accuracy": 0.9318443902}
{"config": [3, 32, 128, 32, 0, 1], "accuracy": 0.929150036}
{"config": [9, 16, 128, 32, 1, 1], "accuracy": 0.9264503735}
{"config": [9, 16, 64, 64, 0, 1], "accuracy": 0.9390452598000001}
{"config": [9, 16, 16, 41, 0, 0], "accuracy": 0.9394957091}
{"config": [3, 64, 128, 41, 0, 1], "accuracy": 0.9302746426}
{"config": [3, 64, 64, 64, 0, 1], "accuracy": 0.9403943327000001}
{"config": [9, 32, 32, 64, 0, 1], "accuracy": 0.9356721983}
{"config": [9, 64, 128, 32, 0, 0], "accuracy": 0.9244268905}
{"config": [6, 32, 16, 32, 0, 0], "accuracy": 0.9336459347}
{"config": [9, 64, 16, 32, 0, 1], "accuracy": 0.9358969174}
{"config": [3, 16, 128, 41, 0, 1], "accuracy": 0.9314035465}
{"config": [9, 32, 64, 41, 1, 1], "accuracy": 0.9280206266000001}
{"config": [3, 64, 32, 64, 1, 1], "accuracy": 0.9406198102000001}
{"config": [9, 64, 32, 32, 1, 0], "accuracy": 0.9379196421}
{"config": [6, 16, 64, 41, 0, 0], "accuracy": 0.9349952604}
{"config": [9, 32, 128, 64, 1, 1], "accuracy": 0.932075176}
{"config": [3, 16, 16, 32, 1, 0], "accuracy": 0.9349985465}
{"config": [3, 32, 32, 41, 1, 0], "accuracy": 0.9354484903}
{"config": [3, 64, 32, 32, 1, 1], "accuracy": 0.9332007937000001}
{"config": [3, 16, 32, 64, 0, 0], "accuracy": 0.9349945021}
{"config": [9, 64, 128, 41, 1, 0], "accuracy": 0.9289225364}
