{"config": [6, 64, 64, 64, 0, 0], "accuracy": 0.9240875912000001}
{"config": [9, 32, 32, 64, 1, 0], "accuracy": 0.9379562044}
{"config": [9, 64, 64, 64, 1, 0], "accuracy": 0.9233576642}
{"config": [9, 64, 16, 32, 0, 1], "accuracy": 0.9277372263}
{"config": [9, 64, 32, 64, 1, 0], "accuracy": 0.9306569343000001}
{"config": [6, 32, 32, 64, 1, 0], "accuracy": 0.9401459854}
{"config": [3, 16, 128, 32, 0, 0], "accuracy": 0.8737226277}
{"config": [3, 16, 16, 32, 1, 0], "accuracy": 0.9065693431}
{"config": [3, 64, 128, 64, 1, 0], "accuracy": 0.9211678832}
{"config": [3, 16, 128, 64, 1, 1], "accuracy": 0.9262773723000001}
{"config": [3, 16, 16, 64, 1, 1], "accuracy": 0.9350364964000001}
{"config": [3, 16, 64, 64, 1, 1], "accuracy": 0.9284671533000001}
{"config": [3, 64, 64, 32, 1, 1], "accuracy": 0.9087591241}
{"config": [9, 64, 128, 32, 0, 0], "accuracy": 0.9248175182}
{"config": [9, 32, 128, 64, 1, 1], "accuracy": 0.9386861314}
{"config": [3, 64, 16, 64, 0, 1], "accuracy": 0.9379562044}
{"config": [9, 16, 128, 64, 0, 0], "accuracy": 0.9416058394000001}
{"config": [9, 16, 64, 32, 1, 1], "accuracy": 0.9291970803}
{"config": [9, 32, 64, 41, 1, 0], "accuracy": 0.9343065693}
{"config": [3, 16, 32, 41, 0, 1], "accuracy": 0.9138686131}
{"config": [3, 64, 16, 41, 1, 0], "accuracy": 0.9262773723000001}
{"config": [9, 32, 16, 41, 0, 1], "accuracy": 0.9233576642}
{"config": [9, 64, 128, 64, 1, 1], "accuracy": 0.9291970803}
{"config": [6, 32, 16, 64, 0, 0], "accuracy": 0.9379562044}
{"config": [9, 32, 32, 32, 1, 0], "accuracy": 0.9343065693}
{"config": [9, 32, 64, 64, 0, 1], "accuracy": 0.9343065693}
{"config": [3, 32, 64, 32, 1, 0], "accuracy": 0.9080291971000001}
{"config": [9, 32, 128, 41, 1, 0], "accuracy": 0.9226277372}
{"config": [3, 64, 32, 32, 0, 1], "accuracy": 0.9211678832}
{"config": [3, 64, 128, 41, 1, 1], "accuracy": 0.902189781}
{"config": [3, 16, 32, 64, 0, 0], "accuracy": 0.9408759124}
{"config": [9, 64, 32, 41, 0, 0], "accuracy": 0.9277372263}
{"config": [9, 16, 128, 32, 1, 1], "accuracy": 0.9350364964000001}
{"config": [9, 32, 128, 32, 0, 1], "accuracy": 0.9218978102000001}
{"config": [9, 16, 16, 41, 1, 0], "accuracy": 0.9248175182}
{"config": [9, 16, 64, 64, 0, 0], "accuracy": 0.9394160584000001}
{"config": [3, 64, 32, 64, 1, 1], "accuracy": 0.9218978102000001}
{"config": [9, 64, 64, 32, 0, 1], "accuracy": 0.9226277372}
{"config": [9, 16, 32, 32, 0, 0], "accuracy": 0.9357664234}
{"config": [9, 16, 16, 64, 0, 1], "accuracy": 0.9408759124}
{"config": [9, 16, 32, 64, 1, 1], "accuracy": 0.9408759124}
{"config": [9, 16, 64, 41, 0, 0], "accuracy": 0.9328467153000001}
{"config": [9, 64, 32, 32, 1, 0], "accuracy": 0.9291970803}
{"config": [9, 64, 64, 41, 1, 0], "accuracy": 0.9248175182}
{"config": [3, 32, 128, 64, 0, 0], "accuracy": 0.9240875912000001}
{"config": [9, 64, 128, 41, 1, 0], "accuracy": 0.9240875912000001}
{"config": [9, 16, 16, 32, 1, 1], "accuracy": 0.9379562044}
{"config": [9, 32, 16, 32, 1, 0], "accuracy": 0.9328467153000001}
{"config": [9, 16, 128, 41, 1, 0], "accuracy": 0.9291970803}
{"config": [6, 64, 16, 64, 1, 0], "accuracy": 0.9270072993}
