{"config": [6, 64, 64, 64, 0, 0], "accuracy": 0.4032959327}
{"config": [9, 32, 32, 64, 1, 0], "accuracy": 0.5099111734}
{"config": [9, 64, 64, 64, 1, 0], "accuracy": 0.4862786349}
{"config": [9, 64, 16, 32, 0, 1], "accuracy": 0.4381252922}
{"config": [9, 64, 32, 64, 1, 0], "accuracy": 0.5376577840000001}
{"config": [9, 32, 64, 41, 1, 1], "accuracy": 0.4553763441}
{"config": [9, 32, 32, 32, 1, 0], "accuracy": 0.4924731183}
{"config": [9, 64, 128, 32, 1, 0], "accuracy": 0.3107059374}
{"config": [9, 64, 64, 32, 1, 0], "accuracy": 0.4080411407}
{"config": [9, 16, 128, 64, 1, 0], "accuracy": 0.5205937354}
{"config": [9, 16, 128, 32, 1, 0], "accuracy": 0.5681626928}
{"config": [9, 16, 16, 32, 1, 1], "accuracy": 0.5228845255}
{"config": [9, 16, 64, 64, 0, 0], "accuracy": 0.5356708742}
{"config": [9, 16, 64, 32, 1, 1], "accuracy": 0.42342215990000004}
{"config": [9, 16, 16, 64, 1, 1], "accuracy": 0.5507246377}
{"config": [9, 64, 128, 64, 1, 0], "accuracy": 0.4096072931}
{"config": [9, 32, 128, 41, 1, 0], "accuracy": 0.4494389902}
{"config": [6, 64, 16, 64, 1, 0], "accuracy": 0.5141421225}
{"config": [9, 32, 16, 41, 0, 1], "accuracy": 0.5377279102}
{"config": [3, 16, 128, 32, 0, 0], "accuracy": 0.6025946704}
{"config": [3, 16, 128, 41, 1, 0], "accuracy": 0.5398550725}
{"config": [3, 16, 16, 41, 1, 1], "accuracy": 0.5852968677}
{"config": [6, 16, 32, 41, 1, 1], "accuracy": 0.4165030388}
{"config": [3, 32, 16, 64, 1, 0], "accuracy": 0.5052828424}
{"config": [3, 32, 16, 32, 1, 0], "accuracy": 0.5853669939}
{"config": [9, 32, 64, 64, 0, 1], "accuracy": 0.511430575}
{"config": [3, 32, 128, 64, 0, 0], "accuracy": 0.6025712950000001}
{"config": [9, 32, 128, 64, 1, 1], "accuracy": 0.5315801777}
{"config": [9, 64, 32, 41, 0, 0], "accuracy": 0.4923328658}
{"config": [3, 16, 32, 64, 1, 0], "accuracy": 0.5638616176}
{"config": [3, 16, 128, 64, 1, 1], "accuracy": 0.5226273960000001}
{"config": [3, 16, 16, 64, 1, 1], "accuracy": 0.5659654044}
{"config": [3, 16, 64, 64, 1, 0], "accuracy": 0.563487611}
{"config": [3, 32, 128, 32, 0, 1], "accuracy": 0.5657784011}
{"config": [3, 16, 16, 32, 0, 1], "accuracy": 0.5745675549}
{"config": [3, 32, 64, 32, 1, 0], "accuracy": 0.5465404395}
{"config": [3, 64, 32, 32, 1, 1], "accuracy": 0.5851566152000001}
{"config": [3, 64, 16, 41, 1, 1], "accuracy": 0.5681626928}
{"config": [3, 32, 32, 41, 1, 1], "accuracy": 0.5483169705000001}
{"config": [3, 32, 16, 41, 1, 0], "accuracy": 0.5701028518}
{"config": [3, 64, 32, 64, 1, 1], "accuracy": 0.524801309}
{"config": [3, 32, 32, 32, 0, 0], "accuracy": 0.5529219261}
{"config": [3, 64, 128, 64, 0, 1], "accuracy": 0.5508648901000001}
{"config": [3, 64, 128, 41, 0, 1], "accuracy": 0.5658719028}
{"config": [3, 64, 64, 41, 1, 1], "accuracy": 0.5050023375}
{"config": [3, 64, 32, 41, 0, 1], "accuracy": 0.5250350631}
{"config": [3, 64, 16, 32, 1, 0], "accuracy": 0.5396914446000001}
{"config": [9, 16, 32, 64, 1, 1], "accuracy": 0.522744273}
{"config": [6, 16, 64, 41, 0, 0], "accuracy": 0.5398784479000001}
{"config": [3, 32, 32, 64, 0, 1], "accuracy": 0.5487377279}
