{"config": [6, 64, 64, 64, 0, 0], "accuracy": 0.9744582814}
{"config": [9, 32, 32, 64, 1, 0], "accuracy": 0.9726068908000001}
{"config": [9, 64, 64, 64, 1, 0], "accuracy": 0.9689912827}
{"config": [9, 64, 16, 32, 0, 1], "accuracy": 0.9726234952}
{"config": [9, 64, 32, 64, 1, 0], "accuracy": 0.9635076795}
{"config": [3, 16, 128, 32, 0, 0], "accuracy": 0.9707970112000001}
{"config": [3, 64, 128, 32, 1, 0], "accuracy": 0.9726151930000001}
{"config": [3, 16, 32, 32, 1, 1], "accuracy": 0.9708053134}
{"config": [3, 16, 128, 64, 0, 0], "accuracy": 0.9708011623}
{"config": [3, 64, 64, 32, 1, 1], "accuracy": 0.9680697385}
{"config": [3, 16, 16, 64, 1, 1], "accuracy": 0.9735367372}
{"config": [3, 64, 128, 64, 0, 1], "accuracy": 0.9680489830000001}
{"config": [9, 16, 64, 64, 0, 1], "accuracy": 0.9644084682}
{"config": [9, 16, 16, 41, 0, 0], "accuracy": 0.9707970112000001}
{"config": [9, 32, 128, 32, 0, 1], "accuracy": 0.9689663761}
{"config": [3, 32, 16, 32, 1, 0], "accuracy": 0.9726193441000001}
{"config": [3, 32, 64, 32, 1, 0], "accuracy": 0.9680655874}
{"config": [3, 32, 128, 41, 1, 0], "accuracy": 0.9689788294}
{"config": [3, 64, 32, 32, 0, 0], "accuracy": 0.965309257}
{"config": [3, 64, 16, 64, 0, 1], "accuracy": 0.9717102532}
{"config": [3, 32, 64, 64, 1, 1], "accuracy": 0.9653424658}
{"config": [9, 64, 128, 41, 1, 0], "accuracy": 0.9634910751}
{"config": [9, 16, 64, 32, 1, 1], "accuracy": 0.9589456206}
{"config": [3, 32, 16, 41, 0, 1], "accuracy": 0.9707928601}
{"config": [9, 32, 32, 32, 1, 1], "accuracy": 0.9726317974}
{"config": [9, 16, 128, 64, 1, 0], "accuracy": 0.9698920714}
{"config": [3, 16, 32, 64, 0, 0], "accuracy": 0.9708011623}
{"config": [6, 32, 128, 64, 0, 0], "accuracy": 0.9644458281}
{"config": [3, 64, 16, 41, 1, 0], "accuracy": 0.9753715235}
{"config": [9, 16, 16, 64, 0, 1], "accuracy": 0.9753590702}
{"config": [6, 32, 16, 64, 0, 0], "accuracy": 0.9698920714}
{"config": [9, 64, 64, 41, 0, 1], "accuracy": 0.9644167704000001}
{"config": [3, 64, 128, 41, 0, 1], "accuracy": 0.9653507680000001}
{"config": [9, 16, 128, 41, 1, 0], "accuracy": 0.9689912827}
{"config": [9, 16, 16, 32, 1, 1], "accuracy": 0.9689705272}
{"config": [3, 16, 64, 64, 1, 0], "accuracy": 0.9717227065}
{"config": [3, 64, 32, 64, 1, 1], "accuracy": 0.9698879203}
{"config": [6, 16, 64, 41, 0, 0], "accuracy": 0.9698879203}
{"config": [9, 64, 128, 64, 1, 1], "accuracy": 0.9635035284000001}
{"config": [3, 64, 16, 32, 0, 1], "accuracy": 0.9717268576}
{"config": [3, 64, 64, 41, 1, 0], "accuracy": 0.9707970112000001}
{"config": [9, 32, 64, 41, 1, 0], "accuracy": 0.968090494}
{"config": [3, 16, 128, 64, 1, 1], "accuracy": 0.9708094645}
{"config": [3, 16, 16, 32, 0, 1], "accuracy": 0.9717351598}
{"config": [3, 32, 32, 41, 1, 0], "accuracy": 0.9744541303}
{"config": [9, 64, 128, 32, 0, 0], "accuracy": 0.9616894977}
{"config": [9, 16, 32, 32, 0, 0], "accuracy": 0.9662141968}
{"config": [9, 64, 64, 32, 1, 0], "accuracy": 0.9726276463}
{"config": [9, 16, 32, 64, 1, 1], "accuracy": 0.9680655874}
{"config": [9, 16, 128, 32, 1, 0], "accuracy": 0.9698837692000001}
