{"config": [9, 64, 64, 32, 0, 1], "accuracy": 0.8361334559}
{"config": [6, 64, 32, 41, 0, 1], "accuracy": 0.8194667892}
{"config": [3, 64, 64, 32, 1, 1], "accuracy": 0.8273615261}
{"config": [3, 32, 16, 41, 0, 1], "accuracy": 0.8334597411}
{"config": [3, 64, 64, 41, 0, 1], "accuracy": 0.8238412625}
{"config": [9, 16, 128, 32, 1, 0], "accuracy": 0.8185589520000001}
{"config": [9, 16, 64, 32, 1, 1], "accuracy": 0.843124186}
{"config": [9, 64, 128, 64, 1, 1], "accuracy": 0.8457212901000001}
{"config": [9, 16, 16, 64, 1, 1], "accuracy": 0.8282119053}
{"config": [9, 64, 128, 32, 0, 0], "accuracy": 0.8255688348}
{"config": [9, 16, 128, 64, 0, 0], "accuracy": 0.8352179576000001}
{"config": [9, 16, 16, 32, 1, 1], "accuracy": 0.8203133379}
{"config": [9, 32, 64, 64, 0, 1], "accuracy": 0.8326055313}
{"config": [6, 64, 16, 64, 1, 0], "accuracy": 0.8229985444}
{"config": [3, 32, 128, 64, 0, 0], "accuracy": 0.8229717306000001}
{"config": [3, 16, 64, 64, 1, 0], "accuracy": 0.8194514671}
{"config": [9, 64, 16, 32, 1, 0], "accuracy": 0.8273232207000001}
{"config": [9, 32, 32, 41, 1, 0], "accuracy": 0.8343484256}
{"config": [9, 64, 64, 64, 1, 0], "accuracy": 0.8185857657000001}
{"config": [9, 32, 128, 41, 1, 0], "accuracy": 0.8106642151}
{"config": [3, 16, 32, 32, 0, 0], "accuracy": 0.8273423734}
{"config": [3, 32, 64, 32, 1, 0], "accuracy": 0.8396498889}
{"config": [3, 64, 128, 64, 0, 0], "accuracy": 0.8062859113}
{"config": [3, 32, 32, 64, 0, 1], "accuracy": 0.8299471386}
{"config": [3, 16, 128, 64, 1, 1], "accuracy": 0.8080288056}
{"config": [3, 32, 16, 64, 1, 0], "accuracy": 0.8185512909}
{"config": [9, 32, 16, 32, 0, 1], "accuracy": 0.8343369340000001}
{"config": [9, 16, 32, 64, 1, 0], "accuracy": 0.7948938941}
{"config": [9, 64, 32, 64, 0, 1], "accuracy": 0.8168045660000001}
{"config": [9, 32, 128, 64, 1, 1], "accuracy": 0.8281927526}
{"config": [6, 16, 64, 41, 0, 0], "accuracy": 0.8361104727}
{"config": [3, 64, 16, 32, 0, 1], "accuracy": 0.8387190684}
{"config": [3, 32, 128, 32, 0, 1], "accuracy": 0.8238336015000001}
{"config": [3, 16, 128, 41, 0, 1], "accuracy": 0.8194744503}
{"config": [3, 16, 16, 64, 1, 1], "accuracy": 0.7992836896000001}
{"config": [3, 64, 64, 64, 0, 1], "accuracy": 0.8185781047}
{"config": [3, 32, 32, 32, 0, 0], "accuracy": 0.8142074619}
{"config": [9, 64, 16, 41, 1, 1], "accuracy": 0.8273653566}
{"config": [9, 16, 16, 41, 0, 0], "accuracy": 0.8159695089000001}
{"config": [9, 32, 64, 41, 1, 1], "accuracy": 0.826469011}
{"config": [3, 64, 128, 41, 0, 1], "accuracy": 0.8238719068}
{"config": [9, 16, 64, 64, 0, 1], "accuracy": 0.8142495978000001}
{"config": [3, 64, 32, 64, 1, 1], "accuracy": 0.8177009117}
{"config": [9, 16, 32, 32, 1, 1], "accuracy": 0.8247107945000001}
{"config": [9, 64, 128, 41, 1, 0], "accuracy": 0.8247107945000001}
{"config": [3, 64, 128, 32, 1, 0], "accuracy": 0.8343445951}
{"config": [9, 32, 32, 64, 1, 1], "accuracy": 0.8317513215000001}
{"config": [3, 16, 32, 41, 0, 1], "accuracy": 0.8098061748000001}
{"config": [3, 64, 16, 41, 1, 0], "accuracy": 0.826469011}
{"config": [3, 16, 128, 32, 0, 0], "accuracy": 0.8194744503}
