{"config": [9, 64, 64, 32, 0, 1], "accuracy": 0.7308078589}
{"config": [6, 64, 32, 41, 0, 1], "accuracy": 0.8462306195}
{"config": [3, 64, 64, 32, 1, 1], "accuracy": 0.8540895110000001}
{"config": [3, 32, 16, 41, 0, 1], "accuracy": 0.8451321323000001}
{"config": [3, 64, 64, 41, 0, 1], "accuracy": 0.8406754127}
{"config": [3, 16, 128, 32, 0, 0], "accuracy": 0.8541146193}
{"config": [3, 64, 128, 32, 1, 0], "accuracy": 0.8653380202000001}
{"config": [3, 64, 16, 32, 1, 0], "accuracy": 0.8406000879000001}
{"config": [3, 64, 16, 64, 0, 1], "accuracy": 0.8463059444000001}
{"config": [3, 16, 64, 64, 1, 1], "accuracy": 0.8495825749}
{"config": [3, 16, 128, 64, 1, 1], "accuracy": 0.8372041931}
{"config": [3, 32, 64, 32, 1, 0], "accuracy": 0.8574351893000001}
{"config": [3, 32, 32, 64, 1, 0], "accuracy": 0.8519364761}
{"config": [3, 16, 32, 32, 1, 1], "accuracy": 0.8506622309}
{"config": [3, 64, 128, 64, 1, 0], "accuracy": 0.8474107087}
{"config": [3, 32, 128, 41, 1, 0], "accuracy": 0.8597012115}
{"config": [3, 16, 16, 64, 1, 1], "accuracy": 0.8551879982}
{"config": [3, 64, 32, 32, 0, 1], "accuracy": 0.8282844768000001}
{"config": [3, 64, 32, 64, 1, 1], "accuracy": 0.8563178708}
{"config": [6, 16, 64, 32, 1, 1], "accuracy": 0.8394953236}
{"config": [3, 16, 32, 41, 1, 0], "accuracy": 0.8664741699}
{"config": [9, 16, 16, 41, 1, 0], "accuracy": 0.8148703785}
{"config": [3, 64, 128, 41, 1, 1], "accuracy": 0.8585587848}
{"config": [3, 64, 16, 41, 1, 1], "accuracy": 0.846268282}
{"config": [3, 32, 128, 64, 0, 0], "accuracy": 0.8540832339000001}
{"config": [3, 16, 32, 64, 0, 0], "accuracy": 0.8630406126}
{"config": [3, 64, 64, 64, 0, 1], "accuracy": 0.8597074885}
{"config": [3, 32, 64, 64, 1, 1], "accuracy": 0.8518674283000001}
{"config": [3, 16, 32, 64, 1, 0], "accuracy": 0.8349946645}
{"config": [6, 32, 16, 64, 0, 0], "accuracy": 0.832791413}
{"config": [3, 16, 16, 41, 0, 1], "accuracy": 0.8507187245000001}
{"config": [3, 32, 128, 32, 0, 1], "accuracy": 0.8440399222}
{"config": [3, 32, 32, 32, 0, 0], "accuracy": 0.8507124474000001}
{"config": [9, 16, 128, 41, 1, 0], "accuracy": 0.7957504237}
{"config": [6, 16, 64, 41, 0, 0], "accuracy": 0.8283472475}
{"config": [9, 64, 16, 32, 0, 1], "accuracy": 0.8429539891000001}
{"config": [9, 16, 16, 64, 0, 1], "accuracy": 0.8496327914}
{"config": [3, 16, 128, 41, 0, 1], "accuracy": 0.858583893}
{"config": [9, 64, 32, 64, 0, 1], "accuracy": 0.8361496453}
{"config": [9, 64, 128, 64, 1, 1], "accuracy": 0.7867553826}
{"config": [6, 16, 32, 41, 0, 1], "accuracy": 0.8496327914}
{"config": [9, 64, 128, 32, 0, 0], "accuracy": 0.7599711255}
{"config": [9, 16, 64, 64, 0, 0], "accuracy": 0.8372293014000001}
{"config": [9, 16, 128, 64, 0, 0], "accuracy": 0.7776724625}
{"config": [9, 64, 16, 41, 1, 0], "accuracy": 0.8350134957}
{"config": [6, 32, 16, 32, 0, 0], "accuracy": 0.838365451}
{"config": [3, 16, 32, 32, 0, 0], "accuracy": 0.8406440274}
{"config": [3, 32, 32, 41, 1, 1], "accuracy": 0.8372167472}
{"config": [9, 32, 32, 64, 0, 1], "accuracy": 0.8439645973000001}
{"config": [9, 64, 64, 64, 1, 0], "accuracy": 0.8036155922}
