{"config": [9, 64, 64, 32, 0, 1], "accuracy": 0.44}
{"config": [6, 64, 32, 41, 0, 1], "accuracy": 0.5587223587}
{"config": [3, 64, 64, 32, 1, 1], "accuracy": 0.5118755119}
{"config": [3, 32, 16, 41, 0, 1], "accuracy": 0.6183947584}
{"config": [3, 64, 64, 41, 0, 1], "accuracy": 0.5842424242}
{"config": [3, 16, 64, 64, 1, 0], "accuracy": 0.5930548731}
{"config": [3, 32, 16, 64, 1, 1], "accuracy": 0.6075511876}
{"config": [3, 64, 64, 64, 0, 1], "accuracy": 0.5102211302}
{"config": [3, 32, 32, 41, 1, 0], "accuracy": 0.5875348075}
{"config": [3, 16, 128, 64, 0, 0], "accuracy": 0.4592301392}
{"config": [3, 64, 128, 41, 0, 1], "accuracy": 0.44668304670000003}
{"config": [3, 16, 16, 64, 1, 1], "accuracy": 0.6113185913}
{"config": [3, 16, 128, 32, 0, 0], "accuracy": 0.46651924650000004}
{"config": [6, 16, 64, 41, 0, 0], "accuracy": 0.5604095004}
{"config": [3, 64, 16, 64, 0, 1], "accuracy": 0.6093857494}
{"config": [3, 16, 16, 32, 0, 1], "accuracy": 0.6149058149000001}
{"config": [3, 64, 16, 41, 1, 0], "accuracy": 0.6022440622}
{"config": [9, 16, 16, 41, 1, 0], "accuracy": 0.5675675676}
{"config": [3, 16, 32, 64, 0, 0], "accuracy": 0.5895004095}
{"config": [3, 32, 64, 64, 1, 1], "accuracy": 0.5403439803}
{"config": [3, 64, 128, 64, 0, 0], "accuracy": 0.4520556921}
{"config": [3, 16, 16, 41, 0, 1], "accuracy": 0.5930221130000001}
{"config": [3, 32, 16, 32, 1, 0], "accuracy": 0.6022276822}
{"config": [3, 16, 32, 32, 0, 1], "accuracy": 0.5896642097}
{"config": [3, 64, 32, 64, 1, 1], "accuracy": 0.6058149058}
{"config": [3, 32, 64, 32, 1, 0], "accuracy": 0.5930876331}
{"config": [9, 32, 128, 41, 1, 0], "accuracy": 0.4016380016}
{"config": [9, 16, 16, 64, 0, 1], "accuracy": 0.6004586405}
{"config": [9, 64, 32, 64, 1, 0], "accuracy": 0.5840131040000001}
{"config": [9, 64, 16, 32, 0, 1], "accuracy": 0.6040131040000001}
{"config": [9, 64, 16, 41, 1, 1], "accuracy": 0.5805896806}
{"config": [3, 32, 32, 64, 0, 1], "accuracy": 0.5659459459}
{"config": [9, 16, 64, 64, 0, 1], "accuracy": 0.5424897625}
{"config": [3, 64, 16, 32, 0, 1], "accuracy": 0.6311875512}
{"config": [6, 32, 64, 41, 0, 1], "accuracy": 0.5587059787}
{"config": [3, 32, 128, 64, 0, 0], "accuracy": 0.49380835380000004}
{"config": [9, 32, 16, 32, 0, 1], "accuracy": 0.5985585586000001}
{"config": [6, 16, 64, 32, 1, 1], "accuracy": 0.4953480753}
{"config": [3, 32, 32, 32, 0, 0], "accuracy": 0.5784275184000001}
{"config": [3, 32, 128, 32, 0, 1], "accuracy": 0.47390663390000004}
{"config": [3, 64, 32, 32, 1, 0], "accuracy": 0.5586404586}
{"config": [9, 64, 128, 32, 0, 0], "accuracy": 0.5028173628}
{"config": [9, 16, 32, 64, 1, 1], "accuracy": 0.5514987715}
{"config": [3, 16, 32, 41, 0, 1], "accuracy": 0.5913677314}
{"config": [9, 64, 128, 64, 1, 1], "accuracy": 0.5406224406}
{"config": [9, 32, 128, 64, 1, 1], "accuracy": 0.5062899263}
{"config": [6, 32, 16, 64, 0, 0], "accuracy": 0.6201474201}
{"config": [9, 16, 32, 32, 0, 0], "accuracy": 0.5354463554000001}
{"config": [6, 64, 16, 64, 1, 0], "accuracy": 0.5803767404}
{"config": [9, 64, 64, 64, 1, 0], "accuracy": 0.5332841933}
