{"config": [9, 64, 64, 32, 0, 1], "accuracy": 0.8093333333}
{"config": [6, 64, 32, 41, 0, 1], "accuracy": 0.8026666667}
{"config": [3, 64, 64, 32, 1, 1], "accuracy": 0.7986666667000001}
{"config": [3, 32, 16, 41, 0, 1], "accuracy": 0.7973333333}
{"config": [3, 64, 64, 41, 0, 1], "accuracy": 0.8093333333}
{"config": [9, 16, 128, 64, 0, 0], "accuracy": 0.7506666667}
{"config": [9, 16, 64, 64, 0, 1], "accuracy": 0.8053333333}
{"config": [9, 64, 128, 64, 1, 1], "accuracy": 0.764}
{"config": [9, 16, 16, 64, 0, 1], "accuracy": 0.7906666667000001}
{"config": [9, 64, 64, 64, 1, 0], "accuracy": 0.7826666667000001}
{"config": [9, 32, 128, 32, 0, 1], "accuracy": 0.764}
{"config": [9, 16, 64, 32, 1, 1], "accuracy": 0.8093333333}
{"config": [9, 16, 32, 32, 0, 0], "accuracy": 0.8}
{"config": [9, 32, 64, 41, 1, 0], "accuracy": 0.8173333333}
{"config": [3, 64, 16, 64, 0, 1], "accuracy": 0.7906666667000001}
{"config": [9, 64, 128, 32, 0, 0], "accuracy": 0.7533333333000001}
{"config": [3, 32, 32, 64, 0, 1], "accuracy": 0.7893333333}
{"config": [9, 64, 16, 32, 0, 1], "accuracy": 0.8}
{"config": [3, 16, 128, 32, 0, 0], "accuracy": 0.8253333333}
{"config": [3, 32, 128, 64, 0, 0], "accuracy": 0.7813333333}
{"config": [3, 16, 64, 64, 1, 0], "accuracy": 0.8026666667}
{"config": [6, 32, 64, 32, 0, 1], "accuracy": 0.808}
{"config": [9, 16, 16, 32, 1, 1], "accuracy": 0.8106666667}
{"config": [3, 16, 128, 41, 0, 1], "accuracy": 0.804}
{"config": [9, 32, 16, 32, 1, 0], "accuracy": 0.804}
{"config": [3, 64, 128, 64, 0, 0], "accuracy": 0.6853333333}
{"config": [9, 32, 64, 64, 0, 1], "accuracy": 0.7906666667000001}
{"config": [9, 64, 32, 64, 0, 1], "accuracy": 0.7986666667000001}
{"config": [9, 16, 32, 64, 1, 1], "accuracy": 0.788}
{"config": [6, 16, 64, 41, 0, 0], "accuracy": 0.8253333333}
{"config": [3, 16, 16, 32, 1, 0], "accuracy": 0.8200000000000001}
{"config": [9, 16, 128, 32, 1, 0], "accuracy": 0.7493333333000001}
{"config": [9, 64, 16, 41, 1, 0], "accuracy": 0.8066666667}
{"config": [6, 32, 16, 64, 1, 0], "accuracy": 0.7773333333}
{"config": [3, 64, 16, 32, 1, 0], "accuracy": 0.8160000000000001}
{"config": [3, 32, 128, 41, 1, 0], "accuracy": 0.808}
{"config": [3, 32, 32, 32, 0, 0], "accuracy": 0.8}
{"config": [3, 16, 32, 41, 1, 0], "accuracy": 0.8026666667}
{"config": [3, 16, 16, 64, 1, 1], "accuracy": 0.784}
{"config": [9, 16, 16, 41, 0, 0], "accuracy": 0.7906666667000001}
{"config": [9, 64, 64, 41, 1, 0], "accuracy": 0.7893333333}
{"config": [3, 64, 32, 64, 1, 1], "accuracy": 0.8133333333}
{"config": [3, 64, 16, 41, 0, 1], "accuracy": 0.796}
{"config": [3, 64, 32, 32, 0, 0], "accuracy": 0.796}
{"config": [3, 16, 128, 64, 1, 1], "accuracy": 0.752}
{"config": [3, 64, 64, 64, 0, 1], "accuracy": 0.784}
{"config": [9, 32, 128, 64, 1, 1], "accuracy": 0.7586666667}
{"config": [9, 32, 32, 41, 1, 0], "accuracy": 0.8173333333}
{"config": [9, 64, 128, 41, 1, 1], "accuracy": 0.7933333333}
{"config": [3, 32, 128, 32, 0, 1], "accuracy": 0.7906666667000001}
