{"config": [9, 64, 64, 32, 0, 1], "accuracy": 0.7784774042}
{"config": [6, 64, 32, 41, 0, 1], "accuracy": 0.776243765}
{"config": [3, 64, 64, 32, 1, 1], "accuracy": 0.7909764066}
{"config": [3, 32, 16, 41, 0, 1], "accuracy": 0.7987948923}
{"config": [3, 64, 64, 41, 0, 1], "accuracy": 0.7829406923000001}
{"config": [3, 16, 128, 32, 0, 0], "accuracy": 0.7815994114}
{"config": [3, 64, 128, 32, 1, 0], "accuracy": 0.7780195032}
{"config": [3, 16, 16, 64, 1, 1], "accuracy": 0.7925446429}
{"config": [3, 16, 128, 64, 1, 1], "accuracy": 0.7885265363}
{"config": [3, 16, 16, 32, 1, 0], "accuracy": 0.7972261572}
{"config": [3, 16, 64, 64, 1, 0], "accuracy": 0.7891884477000001}
{"config": [9, 64, 128, 64, 1, 1], "accuracy": 0.7784749102}
{"config": [6, 16, 64, 32, 1, 1], "accuracy": 0.7686397646}
{"config": [6, 64, 16, 64, 1, 0], "accuracy": 0.7735577115000001}
{"config": [3, 64, 16, 32, 0, 0], "accuracy": 0.771325818}
{"config": [9, 32, 128, 41, 1, 0], "accuracy": 0.780700818}
{"config": [9, 32, 32, 64, 1, 0], "accuracy": 0.7682033121}
{"config": [3, 32, 128, 64, 0, 0], "accuracy": 0.7950032422000001}
{"config": [3, 64, 64, 64, 0, 1], "accuracy": 0.7800414006}
{"config": [3, 32, 32, 32, 0, 0], "accuracy": 0.7883028232}
{"config": [9, 32, 16, 32, 1, 1], "accuracy": 0.7744538109}
{"config": [3, 32, 64, 64, 1, 1], "accuracy": 0.8059442338}
{"config": [3, 32, 128, 32, 0, 1], "accuracy": 0.7842779828}
{"config": [9, 16, 128, 64, 0, 0], "accuracy": 0.789407921}
{"config": [3, 32, 64, 32, 1, 0], "accuracy": 0.7811552275}
{"config": [3, 16, 32, 41, 0, 1], "accuracy": 0.7907584298}
{"config": [3, 64, 32, 64, 1, 1], "accuracy": 0.7867308460000001}
{"config": [3, 64, 128, 64, 0, 0], "accuracy": 0.8106347267}
{"config": [9, 16, 16, 41, 0, 0], "accuracy": 0.7757973364}
{"config": [3, 32, 16, 64, 1, 0], "accuracy": 0.8037076018}
{"config": [9, 16, 128, 32, 1, 1], "accuracy": 0.7646268955000001}
{"config": [3, 64, 128, 41, 0, 1], "accuracy": 0.7903072626000001}
{"config": [3, 32, 32, 64, 0, 1], "accuracy": 0.7974603452}
{"config": [9, 16, 64, 64, 0, 1], "accuracy": 0.7815936752}
{"config": [9, 64, 128, 32, 0, 0], "accuracy": 0.7905279828}
{"config": [3, 16, 32, 64, 0, 0], "accuracy": 0.7999109637}
{"config": [9, 32, 64, 41, 1, 0], "accuracy": 0.7713243216}
{"config": [3, 16, 128, 41, 0, 1], "accuracy": 0.7963385375}
{"config": [3, 64, 32, 32, 1, 0], "accuracy": 0.7851775738000001}
{"config": [9, 16, 32, 32, 1, 1], "accuracy": 0.780488328}
{"config": [3, 64, 16, 41, 1, 1], "accuracy": 0.8014769553000001}
{"config": [3, 64, 16, 64, 0, 1], "accuracy": 0.8019221369}
{"config": [9, 16, 16, 64, 0, 1], "accuracy": 0.7751279429}
{"config": [9, 64, 64, 64, 1, 0], "accuracy": 0.7760225459000001}
{"config": [3, 32, 32, 41, 1, 1], "accuracy": 0.7856155227}
{"config": [6, 32, 64, 64, 0, 0], "accuracy": 0.7889717179}
{"config": [9, 32, 128, 64, 1, 1], "accuracy": 0.7860607043000001}
{"config": [6, 16, 64, 41, 0, 0], "accuracy": 0.7845011971}
{"config": [9, 64, 128, 41, 1, 0], "accuracy": 0.7950099761}
{"config": [9, 64, 16, 32, 0, 1], "accuracy": 0.7744523144000001}
