{"config": [9, 64, 64, 32, 0, 1], "accuracy": 0.8316265962}
{"config": [6, 64, 32, 41, 0, 1], "accuracy": 0.8273743017}
{"config": [3, 64, 64, 32, 1, 1], "accuracy": 0.8470288807}
{"config": [3, 32, 16, 41, 0, 1], "accuracy": 0.8550720770000001}
{"config": [3, 64, 64, 41, 0, 1], "accuracy": 0.8313968974}
{"config": [3, 16, 128, 32, 0, 0], "accuracy": 0.8546263966000001}
{"config": [6, 16, 64, 32, 1, 0], "accuracy": 0.8387667099}
{"config": [3, 64, 128, 32, 1, 0], "accuracy": 0.8490368117}
{"config": [3, 16, 128, 64, 1, 1], "accuracy": 0.8454656325000001}
{"config": [3, 16, 16, 64, 1, 1], "accuracy": 0.8461390164}
{"config": [3, 16, 16, 32, 1, 1], "accuracy": 0.8579698723}
{"config": [3, 64, 128, 64, 1, 0], "accuracy": 0.8441228551000001}
{"config": [3, 64, 16, 32, 0, 0], "accuracy": 0.8465876895000001}
{"config": [9, 32, 128, 41, 1, 0], "accuracy": 0.8400997606}
{"config": [3, 64, 16, 64, 0, 1], "accuracy": 0.8490385575}
{"config": [3, 32, 64, 64, 1, 1], "accuracy": 0.8430077813}
{"config": [9, 32, 16, 32, 1, 0], "accuracy": 0.8432290004}
{"config": [3, 32, 128, 32, 0, 1], "accuracy": 0.8463604848}
{"config": [3, 32, 32, 32, 0, 0], "accuracy": 0.8409911213}
{"config": [9, 16, 128, 32, 1, 1], "accuracy": 0.8452521449}
{"config": [9, 16, 64, 64, 0, 0], "accuracy": 0.8244690243}
{"config": [9, 64, 64, 64, 1, 0], "accuracy": 0.8211292897}
{"config": [3, 32, 32, 64, 1, 0], "accuracy": 0.845240423}
{"config": [9, 64, 128, 64, 1, 1], "accuracy": 0.8358551975}
{"config": [3, 16, 32, 41, 1, 0], "accuracy": 0.846143755}
{"config": [6, 32, 128, 64, 0, 0], "accuracy": 0.8392161313000001}
{"config": [9, 16, 16, 41, 0, 0], "accuracy": 0.8374296688}
{"config": [9, 32, 64, 41, 1, 1], "accuracy": 0.8356412111}
{"config": [6, 32, 16, 64, 1, 0], "accuracy": 0.8416729848000001}
{"config": [9, 16, 32, 64, 1, 1], "accuracy": 0.8354132582}
{"config": [9, 64, 16, 41, 1, 1], "accuracy": 0.8396565742000001}
{"config": [3, 16, 128, 41, 0, 1], "accuracy": 0.8474778033}
{"config": [9, 16, 128, 64, 0, 0], "accuracy": 0.8369780028}
{"config": [9, 64, 128, 32, 0, 0], "accuracy": 0.8405446927}
{"config": [9, 16, 32, 32, 1, 1], "accuracy": 0.8380963188}
{"config": [3, 64, 32, 64, 1, 1], "accuracy": 0.8476980247}
{"config": [3, 64, 16, 41, 1, 0], "accuracy": 0.8389879290000001}
{"config": [3, 64, 128, 41, 0, 1], "accuracy": 0.8501551277}
{"config": [3, 32, 64, 32, 1, 0], "accuracy": 0.8517211193}
{"config": [9, 64, 32, 64, 1, 0], "accuracy": 0.8334143057000001}
{"config": [3, 16, 64, 64, 1, 1], "accuracy": 0.8526079908}
{"config": [3, 16, 32, 64, 0, 0], "accuracy": 0.85104998}
{"config": [9, 64, 32, 32, 1, 0], "accuracy": 0.8276057462}
{"config": [3, 64, 64, 64, 0, 1], "accuracy": 0.8468019254}
{"config": [6, 16, 64, 41, 0, 0], "accuracy": 0.8358584397000001}
{"config": [9, 64, 128, 41, 1, 0], "accuracy": 0.8363066141000001}
{"config": [3, 16, 32, 32, 0, 1], "accuracy": 0.8519438348}
{"config": [3, 64, 32, 32, 1, 1], "accuracy": 0.8430140164000001}
{"config": [9, 32, 32, 64, 0, 1], "accuracy": 0.8300581105}
{"config": [9, 32, 128, 64, 1, 1], "accuracy": 0.8380925778}
