{"config": [9, 64, 64, 32, 0, 1], "accuracy": 0.7570313747}
{"config": [6, 64, 32, 41, 0, 1], "accuracy": 0.7829369513000001}
{"config": [3, 64, 64, 32, 1, 1], "accuracy": 0.7887397745}
{"config": [3, 32, 16, 41, 0, 1], "accuracy": 0.7963397845}
{"config": [3, 64, 64, 41, 0, 1], "accuracy": 0.7815981644000001}
{"config": [3, 16, 128, 32, 0, 0], "accuracy": 0.7941091381000001}
{"config": [3, 64, 128, 32, 1, 0], "accuracy": 0.7780284816}
{"config": [3, 16, 128, 64, 1, 1], "accuracy": 0.7885195531}
{"config": [3, 16, 16, 64, 1, 1], "accuracy": 0.8003591381}
{"config": [6, 64, 16, 64, 1, 0], "accuracy": 0.7717782322000001}
{"config": [3, 16, 64, 64, 1, 0], "accuracy": 0.7842812251}
{"config": [3, 16, 16, 32, 1, 0], "accuracy": 0.7934260275}
{"config": [3, 64, 16, 32, 0, 0], "accuracy": 0.781151237}
{"config": [3, 64, 128, 64, 1, 0], "accuracy": 0.7795909816000001}
{"config": [6, 16, 64, 32, 1, 1], "accuracy": 0.7842737430000001}
{"config": [3, 32, 128, 41, 1, 0], "accuracy": 0.7798042199}
{"config": [3, 32, 32, 64, 1, 0], "accuracy": 0.7882975858}
{"config": [9, 16, 128, 32, 1, 1], "accuracy": 0.7753451716}
{"config": [9, 16, 16, 64, 1, 1], "accuracy": 0.7880783619}
{"config": [3, 16, 32, 41, 0, 1], "accuracy": 0.7871750299}
{"config": [3, 64, 64, 64, 0, 1], "accuracy": 0.7994682761}
{"config": [3, 32, 64, 64, 1, 1], "accuracy": 0.7923201816000001}
{"config": [3, 32, 32, 32, 0, 0], "accuracy": 0.7885235435}
{"config": [9, 32, 16, 32, 1, 1], "accuracy": 0.777126646}
{"config": [3, 64, 32, 64, 1, 1], "accuracy": 0.7802538907000001}
{"config": [3, 32, 64, 32, 1, 0], "accuracy": 0.7880831006}
{"config": [3, 32, 128, 64, 0, 0], "accuracy": 0.7967807263000001}
{"config": [9, 16, 128, 64, 0, 0], "accuracy": 0.7646161712}
{"config": [3, 32, 128, 32, 0, 1], "accuracy": 0.7936547287}
{"config": [9, 64, 64, 64, 1, 0], "accuracy": 0.7594972067}
{"config": [3, 32, 16, 64, 1, 1], "accuracy": 0.7965629988}
{"config": [9, 16, 16, 41, 0, 0], "accuracy": 0.783156674}
{"config": [9, 64, 128, 64, 1, 1], "accuracy": 0.7577142358000001}
{"config": [3, 64, 128, 41, 0, 1], "accuracy": 0.7791423085}
{"config": [9, 16, 64, 64, 0, 1], "accuracy": 0.7726608639}
{"config": [3, 64, 32, 32, 1, 1], "accuracy": 0.7878491620000001}
{"config": [3, 64, 16, 41, 1, 1], "accuracy": 0.797009178}
{"config": [3, 16, 32, 64, 0, 0], "accuracy": 0.8010277833}
{"config": [3, 16, 128, 41, 0, 1], "accuracy": 0.7894181464000001}
{"config": [9, 64, 128, 32, 0, 0], "accuracy": 0.7809225359}
{"config": [9, 16, 32, 32, 1, 0], "accuracy": 0.7820540702000001}
{"config": [9, 16, 64, 41, 0, 0], "accuracy": 0.7708734038}
{"config": [9, 64, 16, 41, 1, 0], "accuracy": 0.7757935954}
{"config": [9, 32, 32, 41, 1, 0], "accuracy": 0.7659681764}
{"config": [9, 32, 32, 64, 0, 1], "accuracy": 0.7807063049}
{"config": [9, 32, 128, 32, 0, 0], "accuracy": 0.7784661812}
{"config": [9, 32, 128, 64, 1, 1], "accuracy": 0.7737901536}
{"config": [9, 32, 64, 32, 1, 1], "accuracy": 0.7655180068}
{"config": [9, 16, 32, 64, 1, 1], "accuracy": 0.7900897845}
{"config": [9, 16, 16, 32, 1, 1], "accuracy": 0.7784709198}
