{"config": [9, 16, 128, 32, 1, 0], "accuracy": 0.9640447925000001}
{"config": [6, 32, 128, 41, 1, 0], "accuracy": 0.9665043895000001}
{"config": [6, 16, 128, 64, 1, 0], "accuracy": 0.9743198823}
{"config": [9, 64, 64, 32, 0, 1], "accuracy": 0.9723114525000001}
{"config": [6, 64, 64, 41, 1, 1], "accuracy": 0.9723089585}
{"config": [6, 16, 128, 64, 0, 0], "accuracy": 0.9756576716}
{"config": [9, 16, 16, 64, 0, 1], "accuracy": 0.9799004888}
{"config": [3, 16, 16, 32, 0, 1], "accuracy": 0.9267520451000001}
{"config": [6, 64, 16, 64, 1, 0], "accuracy": 0.9799012370000001}
{"config": [9, 64, 128, 64, 1, 1], "accuracy": 0.9807968376}
{"config": [9, 32, 64, 64, 0, 1], "accuracy": 0.977889565}
{"config": [3, 64, 128, 32, 1, 0], "accuracy": 0.9305511772}
{"config": [9, 64, 16, 32, 0, 1], "accuracy": 0.9749895251}
{"config": [9, 64, 64, 64, 1, 0], "accuracy": 0.9796782721}
{"config": [9, 16, 64, 41, 0, 0], "accuracy": 0.9734247805}
{"config": [9, 32, 32, 41, 1, 0], "accuracy": 0.9783382382}
{"config": [3, 16, 32, 64, 0, 0], "accuracy": 0.9557803771000001}
{"config": [9, 64, 32, 64, 0, 1], "accuracy": 0.9810168097}
{"config": [3, 64, 128, 64, 0, 0], "accuracy": 0.9631531824}
{"config": [3, 32, 16, 64, 1, 1], "accuracy": 0.9629294693}
{"config": [9, 32, 128, 64, 1, 1], "accuracy": 0.97677499}
{"config": [3, 64, 32, 32, 0, 0], "accuracy": 0.9296513368}
{"config": [9, 32, 64, 32, 1, 1], "accuracy": 0.9709709198}
{"config": [3, 16, 128, 41, 0, 1], "accuracy": 0.9254160016}
{"config": [9, 16, 64, 64, 0, 0], "accuracy": 0.9787856644}
{"config": [9, 32, 32, 64, 1, 0], "accuracy": 0.9828050180000001}
{"config": [9, 64, 128, 41, 1, 0], "accuracy": 0.9758818835}
{"config": [9, 64, 16, 41, 1, 0], "accuracy": 0.9774446329}
{"config": [9, 32, 16, 32, 1, 0], "accuracy": 0.9763298085000001}
{"config": [9, 16, 32, 32, 1, 1], "accuracy": 0.9702985335000001}
{"config": [9, 32, 128, 32, 0, 1], "accuracy": 0.9678434258}
{"config": [9, 16, 16, 41, 1, 0], "accuracy": 0.9754342079}
{"config": [3, 64, 64, 64, 0, 1], "accuracy": 0.9624827913}
{"config": [9, 32, 16, 41, 0, 1], "accuracy": 0.9776663508000001}
{"config": [9, 16, 32, 64, 1, 1], "accuracy": 0.9819101656}
{"config": [9, 16, 128, 64, 0, 0], "accuracy": 0.9774458799}
{"config": [3, 16, 64, 64, 1, 1], "accuracy": 0.9535472366000001}
{"config": [3, 64, 32, 64, 1, 1], "accuracy": 0.9649391460000001}
{"config": [9, 64, 32, 32, 1, 0], "accuracy": 0.9747645650000001}
{"config": [9, 16, 64, 32, 1, 1], "accuracy": 0.9698536014}
{"config": [9, 64, 128, 32, 0, 0], "accuracy": 0.9689609936}
{"config": [3, 32, 64, 32, 1, 0], "accuracy": 0.9231803671000001}
{"config": [9, 64, 32, 41, 0, 0], "accuracy": 0.9776685954000001}
{"config": [9, 16, 16, 32, 1, 1], "accuracy": 0.9732015662000001}
{"config": [3, 64, 16, 64, 0, 1], "accuracy": 0.9673959996}
{"config": [3, 16, 16, 64, 1, 1], "accuracy": 0.9582414705000001}
{"config": [9, 64, 64, 41, 1, 0], "accuracy": 0.9785617019}
{"config": [9, 32, 32, 32, 1, 1], "accuracy": 0.9734237829000001}
{"config": [9, 16, 128, 41, 1, 0], "accuracy": 0.9714148543000001}
{"config": [3, 32, 128, 64, 0, 0], "accuracy": 0.9582397247000001}
