precision,accuracy,recall,duration
0.8577008114466952,0.8614583333333333,0.8261408774657298,596.6655669212341
