precision,accuracy,recall,duration
0.7615572768917186,0.7578947368421053,0.7240832570819989,189.55770826339722
