precision,accuracy,recall,duration
0.6466108044002781,0.731974921630094,0.6005424606412649,562.6121790409088
