precision,accuracy,recall,duration
0.7186245196940264,0.9386666666666666,0.5987632557633237,354.69676995277405
