precision,accuracy,recall,duration
0.8233576642335767,0.8298368298368298,0.8145586146868844,2305.907867908478
