precision,accuracy,recall,duration
0.6323793326852674,0.6308080808080808,0.6308080808080807,364.8165626525879
