precision,accuracy,recall,duration
0.7712418300653594,0.7714285714285715,0.7712418300653594,183.56898593902588
