precision,accuracy,recall,duration
0.6876241085026495,0.9415555555555556,0.5568163384262366,267.82667088508606
