precision,accuracy,recall,duration
0.7854909831846197,0.7869565217391304,0.7861759693525443,479.6432554721832
