precision,accuracy,recall,duration
0.832249004981938,0.8384615384615385,0.8312828137153226,1227.1804087162018
