precision,accuracy,recall,duration
0.8426995798319328,0.8222222222222222,0.8222222222222222,335.01919078826904
