precision,accuracy,recall,duration
0.6463379638257555,0.7475,0.630827970279447,266.12313628196716
