precision,accuracy,recall,duration
0.4094167084699181,0.4072727272727273,0.4254671490788899,183.70700025558472
