precision,accuracy,recall,duration
0.8697916666666666,0.7333333333333333,0.5916666666666667,72.5045416355133
