precision,accuracy,recall,duration
0.9304463142491312,0.9370409233997902,0.9385891342838506,135.78675413131714
