precision,accuracy,recall,duration
0.5772727272727273,0.53125,0.5688259109311741,249.1927170753479
