precision,accuracy,recall,duration
0.9623046779373489,0.9620323841429369,0.9621142688402455,1876.452802658081
