precision,accuracy,recall,duration
0.9632336655592469,0.9509803921568627,0.935525467440361,506.90152764320374
