precision,accuracy,recall,duration
0.6420303819408393,0.5911602209944752,0.59829504144612,114.6894040107727
