precision,accuracy,recall,duration
0.8617338169865348,0.8615384615384616,0.8544477996243502,877.4226586818695
