precision,accuracy,recall,duration
0.9031146651643662,0.9001597444089456,0.8968393350022466,333.4616186618805
