precision,accuracy,recall,duration
0.892887637387592,0.8913738019169329,0.8886911868540985,63.42264533042908
