precision,accuracy,recall,duration
0.6571498712315941,0.7084639498432602,0.5718806689052499,325.21037697792053
