precision,accuracy,recall,duration
0.9608235159429326,0.9634146341463414,0.9487124657765259,106.97514343261719
