precision,accuracy,recall,duration
0.9694531755569936,0.9727177334732424,0.9732154505637871,141.05805468559265
