precision,accuracy,recall,duration
0.8425911408857273,0.8580729166666666,0.8275324555788747,550.382034778595
