precision,accuracy,recall,duration
0.9523465432536563,0.9492682926829268,0.9267978672737758,145.4742829799652
