precision,accuracy,recall,duration
0.8955849871555771,0.8775362318840579,0.8780216179312522,83.17985439300537
