precision,accuracy,recall,duration
0.9272952193234554,0.9262926292629263,0.9257828392909038,623.9582254886627
