precision,accuracy,recall,duration
0.8265969668956723,0.8205128205128205,0.8214293979313733,381.0163025856018
