precision,accuracy,recall,duration
0.8412775093934514,0.81,0.6930603858912113,90.81039500236511
