precision,accuracy,recall,duration
0.4171425549420614,0.4072727272727273,0.43536961340332564,185.55660271644592
