precision,accuracy,recall,duration
0.7151041362163071,0.7289473684210527,0.7139927329829463,357.98873496055603
