precision,accuracy,recall,duration
0.701439332795265,0.7071823204419889,0.68765664160401,398.1635138988495
