precision,accuracy,recall,duration
0.7685505552971605,0.7816666666666666,0.7821035321035321,207.78288960456848
