precision,accuracy,recall,duration
0.8857245708604681,0.7834319526627219,0.8939920054214091,327.5839295387268
