precision,accuracy,recall,duration
0.8161852826326511,0.8056265984654731,0.808948933948934,203.96743822097778
