precision,accuracy,recall,duration
0.9486350181748282,0.9483476811996667,0.9480899642871474,2495.964069366455
