precision,accuracy,recall,duration
0.4356574044356849,0.6340852130325815,0.42594680742554064,165.87934684753418
