precision,accuracy,recall,duration
0.7825410299943407,0.7734806629834254,0.7502506265664161,145.7626256942749
