precision,accuracy,recall,duration
0.9685829388289872,0.975594949004371,0.9598992854706413,4388.254323244095
