precision,accuracy,recall,duration
0.8631811470955019,0.8713541666666667,0.8348459320278053,747.6483690738678
