precision,accuracy,recall,duration
0.8295238095238096,0.7666666666666667,0.7666666666666667,63.04754137992859
