precision,accuracy,recall,duration
0.9956427015250545,0.9955555555555555,0.9955555555555556,329.36331510543823
