precision,accuracy,recall,duration
0.9081573112381842,0.9106529209621993,0.8820734105309155,1770.2403509616852
