precision,accuracy,recall,duration
0.9721002476285018,0.9776590577950461,0.9624442979066613,2418.89684343338
