precision,accuracy,recall,duration
0.8879999999999999,0.86,0.8149950639948735,1045.3041274547577
