precision,accuracy,recall,duration
0.9565217391304348,0.9333333333333333,0.9230769230769231,385.8106138706207
