precision,accuracy,recall,duration
0.9542110338914621,0.9546341463414634,0.9403463541540906,146.13772702217102
