precision,accuracy,recall,duration
0.9712294164550416,0.977294803302574,0.9618822664986683,1348.4967696666718
