precision,accuracy,recall,duration
0.9258277533286743,0.9254675467546755,0.9251671025864574,503.7199032306671
