precision,accuracy,recall,duration
0.9812370005473454,0.9809045226130654,0.9812399513973656,625.688812494278
