precision,accuracy,recall,duration
0.8559858766412889,0.8514285714285714,0.864187403153769,104.13349080085754
