precision,accuracy,recall,duration
0.830689593539106,0.8171428571428572,0.8337435056056878,83.83080196380615
