precision,accuracy,recall,duration
0.8940960678665597,0.888,0.888,914.4056529998779
