precision,accuracy,recall,duration
0.8339132829735535,0.8333333333333334,0.8272398668605098,144.06046056747437
