precision,accuracy,recall,duration
0.7592627846887047,0.7802631578947369,0.7456495127355204,324.57511711120605
