precision,accuracy,recall,duration
0.9645252462468941,0.962046908315565,0.9622809358878676,323.33443999290466
