precision,accuracy,recall,duration
0.5042321576082827,0.4909090909090909,0.5021770887065018,590.2127916812897
