precision,accuracy,recall,duration
0.8604329004329003,0.8082191780821918,0.8043859649122808,153.33559846878052
