precision,accuracy,recall,duration
0.9406740724457239,0.940536013400335,0.9407015176515735,1246.8933234214783
