precision,accuracy,recall,duration
0.8448486563373044,0.8461538461538461,0.8397175852205812,1178.8670768737793
