precision,accuracy,recall,duration
0.7955985080985082,0.80306905370844,0.8038041538041537,277.8246896266937
