precision,accuracy,recall,duration
0.7651043549161167,0.7618421052631579,0.7260605240651234,143.64060878753662
