precision,accuracy,recall,duration
0.6205026455026456,0.735,0.6085389762604952,143.7071132659912
