precision,accuracy,recall,duration
0.9054536785731802,0.9053601340033501,0.9055463465508498,1014.57275557518
