precision,accuracy,recall,duration
0.8258556383556384,0.8132992327365729,0.8172065172065172,387.25467467308044
