precision,accuracy,recall,duration
0.654035824302036,0.7626373626373626,0.6247534344912054,384.5326704978943
