precision,accuracy,recall,duration
0.6599760276219321,0.9331111111111111,0.5702705139177772,1520.3968017101288
