precision,accuracy,recall,duration
0.9520288987047989,0.9538300104931794,0.9501164849501444,353.9848518371582
