precision,accuracy,recall,duration
0.9647475068131739,0.9634146341463414,0.9465396627352448,463.7284429073334
