precision,accuracy,recall,duration
0.9658132614414447,0.9674711437565582,0.9653270897400056,143.18418216705322
