precision,accuracy,recall,duration
0.9495728756106855,0.9504132231404959,0.9379791705878663,324.26215648651123
