precision,accuracy,recall,duration
0.780448717948718,0.78,0.78,865.5679659843445
