precision,accuracy,recall,duration
0.9484767255756428,0.9472,0.9482781412905635,422.93430638313293
