precision,accuracy,recall,duration
0.9632070787747271,0.9614634146341463,0.9436180660513828,455.00191593170166
