precision,accuracy,recall,duration
0.4062130226430429,0.6090225563909775,0.3910525344368674,144.82207322120667
