precision,accuracy,recall,duration
0.9228420294214683,0.9224422442244224,0.9221211130485324,1203.382076740265
