precision,accuracy,recall,duration
0.8086729178144989,0.7894736842105263,0.7462153372207823,204.5423059463501
