precision,accuracy,recall,duration
0.7395484359958043,0.7058823529411765,0.7168086793086792,188.78779458999634
