precision,accuracy,recall,duration
0.9445365277339,0.9441821716189948,0.9438866819148509,1675.0208444595337
