precision,accuracy,recall,duration
0.7886994002998501,0.8033333333333333,0.7937222937222937,371.9122552871704
