precision,accuracy,recall,duration
0.7605449715154357,0.848780487804878,0.8224777183600712,175.61661386489868
