precision,accuracy,recall,duration
0.7959808481356327,0.7868421052631579,0.7615426079182577,180.00378561019897
