precision,accuracy,recall,duration
0.9581582796278924,0.9619512195121951,0.9372036626141304,454.54005670547485
