precision,accuracy,recall,duration
0.7829210892546385,0.7947368421052632,0.7784049991856999,606.4975481033325
