precision,accuracy,recall,duration
0.8011361666223604,0.8183333333333334,0.8167428515852947,213.5776584148407
