precision,accuracy,recall,duration
0.7510442773600667,0.752,0.7520000000000001,3042.194044113159
