precision,accuracy,recall,duration
0.8262450724557215,0.8266666666666667,0.7857420735265512,280.07352662086487
