precision,accuracy,recall,duration
0.9558181389253317,0.9575609756097561,0.9338587680123726,166.65706324577332
