precision,accuracy,recall,duration
0.8680580762250454,0.8685714285714285,0.877221766475253,187.11050486564636
