precision,accuracy,recall,duration
0.8233865101512162,0.7928388746803069,0.7957779457779457,675.675746679306
