precision,accuracy,recall,duration
0.9212121212121213,0.9166666666666666,0.9166666666666666,75.77482914924622
