precision,accuracy,recall,duration
0.6165585293876408,0.6207070707070707,0.6207070707070707,171.75955867767334
