precision,accuracy,recall,duration
0.9583732359552577,0.9614634146341463,0.9420233336956089,162.3121681213379
