precision,accuracy,recall,duration
0.8022528160200251,0.7885714285714286,0.8037553550268891,55.495288610458374
