precision,accuracy,recall,duration
0.6367701863354037,0.6353591160220995,0.6244231249375811,89.75879073143005
