precision,accuracy,recall,duration
0.7304895903124148,0.824390243902439,0.7877183600713012,230.34608626365662
