precision,accuracy,recall,duration
0.4596332625457584,0.7625,0.461678449016782,77.77057814598083
