precision,accuracy,recall,duration
0.6301990139575239,0.6333333333333333,0.6333333333333333,328.65411496162415
