precision,accuracy,recall,duration
0.7733017204159439,0.8536585365853658,0.8104456327985741,168.9823875427246
