precision,accuracy,recall,duration
0.8659451659451659,0.8356164383561644,0.8328082110036997,112.31935930252075
