precision,accuracy,recall,duration
0.7252525459325646,0.7013333333333334,0.7013333333333334,324.4700174331665
