precision,accuracy,recall,duration
0.9583604424202993,0.9444444444444444,0.9203739522888459,567.0020153522491
