precision,accuracy,recall,duration
0.8108088110941992,0.7942857142857143,0.8085862729012853,63.74295401573181
