precision,accuracy,recall,duration
0.7715825485562328,0.7774936061381074,0.7847162597162597,205.78449773788452
