precision,accuracy,recall,duration
0.756648045261986,0.785,0.6586033538789987,192.9664113521576
