precision,accuracy,recall,duration
0.8932603159159846,0.8936666666666667,0.8929077336187561,603.7909393310547
