precision,accuracy,recall,duration
0.9933333333333333,0.9933333333333333,0.9933333333333333,107.72109293937683
