precision,accuracy,recall,duration
0.4294467567192604,0.6140350877192983,0.41059148598239786,83.69792318344116
