precision,accuracy,recall,duration
0.6955227807881406,0.9395555555555556,0.6251502911857775,1518.937870979309
