precision,accuracy,recall,duration
0.6934832028289972,0.7016574585635359,0.6919799498746867,465.5856468677521
