precision,accuracy,recall,duration
0.8365404149811884,0.8076923076923077,0.822155120345239,383.1427972316742
