precision,accuracy,recall,duration
0.6378299120234604,0.640625,0.6427125506072875,778.0906972885132
