precision,accuracy,recall,duration
0.6960591133004926,0.703125,0.701417004048583,83.17194128036499
