precision,accuracy,recall,duration
0.9433367805269576,0.9433490697028604,0.9432847799044982,1801.327639579773
