precision,accuracy,recall,duration
0.8333333333333334,0.795,0.6588329143854091,270.65955924987793
