precision,accuracy,recall,duration
0.6557807912919474,0.7912087912087912,0.6612674476538254,411.5698516368866
