precision,accuracy,recall,duration
0.6352594615847945,0.7375,0.6039970734063561,273.6388728618622
