precision,accuracy,recall,duration
0.40702901518697665,0.6165413533834586,0.40433574245691756,205.81876730918884
