precision,accuracy,recall,duration
0.9657566477770025,0.9678048780487805,0.9527665068937178,450.9322257041931
