precision,accuracy,recall,duration
0.9005709909328633,0.8961661341853036,0.8921291482123371,515.6922268867493
