precision,accuracy,recall,duration
0.8832952598515134,0.8934707903780069,0.8665883766659384,947.9171705245972
