precision,accuracy,recall,duration
0.8848133031948867,0.887,0.8678233083357869,3052.2055752277374
