precision,accuracy,recall,duration
0.8795115403721961,0.8966942148760331,0.858336470292992,857.4827907085419
