precision,accuracy,recall,duration
0.8094953051643193,0.7925,0.6674529114011225,269.8008782863617
