precision,accuracy,recall,duration
0.7029306960062124,0.7714285714285715,0.6272690149204081,383.63507556915283
