precision,accuracy,recall,duration
0.9736842105263157,0.9722222222222222,0.9722222222222222,144.74173188209534
