precision,accuracy,recall,duration
0.795672099194987,0.805,0.8179003792930255,758.0639934539795
