precision,accuracy,recall,duration
0.9711100285406201,0.9698492462311558,0.9695682966961744,204.02506113052368
