precision,accuracy,recall,duration
0.9583515763687517,0.9609756097560975,0.9430809410923207,361.4796767234802
