precision,accuracy,recall,duration
0.8671468639368707,0.8456521739130435,0.8465785915543074,505.88076758384705
