precision,accuracy,recall,duration
0.4008530712836144,0.6215538847117794,0.40495004468535684,83.3600401878357
