precision,accuracy,recall,duration
0.7525189198871525,0.7633333333333333,0.7742170783894184,373.3256080150604
