precision,accuracy,recall,duration
0.4647888520136153,0.4636363636363636,0.49651830570194766,144.19588208198547
