precision,accuracy,recall,duration
0.8135724304841953,0.8081841432225064,0.8056503181503181,176.20358753204346
