precision,accuracy,recall,duration
0.8383835887296095,0.8368298368298368,0.8135965916899537,2729.8764238357544
