precision,accuracy,recall,duration
0.9513931888544891,0.95,0.95,338.73542976379395
