precision,accuracy,recall,duration
0.6091445427728613,0.7204968944099379,0.654649947753396,324.60737442970276
