precision,accuracy,recall,duration
0.6293432248776836,0.6287878787878788,0.6287878787878788,117.38489007949829
