precision,accuracy,recall,duration
0.5664675130694548,0.8043478260869565,0.5174373040752351,263.2998158931732
