precision,accuracy,recall,duration
0.718008658008658,0.8195121951219512,0.7681105169340464,173.0845332145691
