precision,accuracy,recall,duration
0.95,0.9431818181818182,0.9484265734265734,610.3675079345703
