precision,accuracy,recall,duration
0.8596672034353193,0.8342857142857143,0.8526114301339897,69.97889447212219
