precision,accuracy,recall,duration
0.9507659129816136,0.9534109816971714,0.9582231563721835,108.1336739063263
