precision,accuracy,recall,duration
0.9026297325362745,0.8933333333333333,0.8933333333333334,806.0124864578247
