precision,accuracy,recall,duration
0.949830977891232,0.9517073170731707,0.9324082956871568,115.23518395423889
