precision,accuracy,recall,duration
0.6459354575163399,0.8074534161490683,0.5933254963427377,530.1710431575775
