precision,accuracy,recall,duration
0.6574562536519057,0.659846547314578,0.6567345192345193,327.8710672855377
