precision,accuracy,recall,duration
0.6275845589917773,0.7413793103448276,0.5935012116751734,745.4277653694153
