precision,accuracy,recall,duration
0.6949396215602415,0.9377777777777778,0.577560593896669,342.044814825058
