precision,accuracy,recall,duration
0.9164512161521134,0.9173553719008265,0.8845692954388608,195.32011556625366
