precision,accuracy,recall,duration
0.7082748948106592,0.7037037037037037,0.7037037037037037,233.30249667167664
