precision,accuracy,recall,duration
0.8999246199790664,0.8986666666666666,0.8986666666666667,567.3143026828766
