precision,accuracy,recall,duration
0.8954057365604251,0.8218934911242604,0.9201955234253142,1261.7840719223022
