precision,accuracy,recall,duration
0.9748680379449611,0.9738693467336683,0.9740780413658419,446.15598320961
