precision,accuracy,recall,duration
0.7777777777777778,0.7,0.7,263.9045841693878
