precision,accuracy,recall,duration
0.9399302070978925,0.9464847848898216,0.9493593327742056,51.341692209243774
