precision,accuracy,recall,duration
0.8651515151515152,0.8666666666666667,0.8643724696356275,145.48987936973572
