precision,accuracy,recall,duration
0.9534706331045003,0.9504132231404959,0.93866930171278,207.96893548965454
