precision,accuracy,recall,duration
0.8429696592931889,0.8384615384615385,0.8428654725823148,1203.5168631076813
