precision,accuracy,recall,duration
0.45284471166013684,0.725,0.48332180730396773,431.65363454818726
