precision,accuracy,recall,duration
0.8307027313606261,0.8337595907928389,0.8398523773523774,888.9892835617065
