precision,accuracy,recall,duration
0.7248677248677249,0.6888888888888889,0.6888888888888889,323.8890860080719
