precision,accuracy,recall,duration
0.8126996223112718,0.8123188405797102,0.8117192159636002,264.40213775634766
