precision,accuracy,recall,duration
0.7838911756437529,0.78,0.6592120718218305,205.46489000320435
