precision,accuracy,recall,duration
0.9718163273015753,0.9718172983479106,0.9718198921075298,56.56762218475342
