precision,accuracy,recall,duration
0.8576388888888888,0.8333333333333334,0.7638888888888888,117.1062707901001
