precision,accuracy,recall,duration
0.8380092968908759,0.8321678321678322,0.8047952265335104,876.1928510665894
