precision,accuracy,recall,duration
0.9727372743891658,0.9718550106609808,0.9719950261404373,414.75798177719116
