precision,accuracy,recall,duration
0.6935237517649474,0.9355555555555556,0.5829021179569295,423.47579312324524
