precision,accuracy,recall,duration
0.9559733989007119,0.9553322166387493,0.9554949986181992,1225.2330417633057
