precision,accuracy,recall,duration
0.7833226744991452,0.7877237851662404,0.7956249456249456,119.48509740829468
