precision,accuracy,recall,duration
0.7170708604411454,0.9368888888888889,0.5727075124719507,348.1094117164612
