precision,accuracy,recall,duration
0.6150793650793651,0.625,0.6174089068825911,220.78505873680115
