precision,accuracy,recall,duration
0.5498050737057487,0.551948051948052,0.550165000901396,203.2116014957428
