precision,accuracy,recall,duration
0.9422690136844185,0.9422382671480144,0.9421311343846555,3095.3651473522186
