{"config": [6, 16, 128, 41, 1, 1], "accuracy": 0.8629674996000001}
{"config": [6, 16, 16, 41, 1, 1], "accuracy": 0.860403397}
{"config": [6, 32, 32, 41, 1, 0], "accuracy": 0.8578392945000001}
{"config": [6, 16, 64, 32, 1, 0], "accuracy": 0.8553731831}
{"config": [6, 16, 32, 32, 0, 1], "accuracy": 0.8553405194}
{"config": [9, 32, 128, 41, 1, 0], "accuracy": 0.8552833578}
{"config": [6, 32, 128, 32, 1, 0], "accuracy": 0.8540584681000001}
{"config": [9, 32, 128, 32, 0, 1], "accuracy": 0.8527274212}
{"config": [6, 64, 64, 41, 1, 0], "accuracy": 0.8514943655}
{"config": [6, 16, 64, 32, 1, 1], "accuracy": 0.850236812}
{"config": [9, 16, 16, 41, 1, 0], "accuracy": 0.8502123142}
{"config": [9, 32, 64, 32, 1, 1], "accuracy": 0.8501633186}
{"config": [9, 64, 16, 41, 1, 1], "accuracy": 0.8501633186}
{"config": [6, 32, 16, 32, 1, 0], "accuracy": 0.8489547607}
{"config": [3, 64, 128, 32, 1, 0], "accuracy": 0.8489220970000001}
{"config": [9, 64, 64, 32, 1, 1], "accuracy": 0.8476645435}
{"config": [6, 32, 64, 32, 0, 1], "accuracy": 0.8476482117}
{"config": [6, 16, 32, 64, 1, 0], "accuracy": 0.8476400457000001}
{"config": [6, 16, 16, 32, 1, 1], "accuracy": 0.8463906582}
{"config": [6, 64, 128, 32, 0, 0], "accuracy": 0.8463906582}
{"config": [6, 32, 64, 41, 0, 1], "accuracy": 0.8451249388000001}
{"config": [6, 16, 16, 64, 1, 0], "accuracy": 0.8451167728000001}
{"config": [6, 64, 32, 32, 0, 0], "accuracy": 0.8451086069}
{"config": [6, 32, 32, 32, 0, 0], "accuracy": 0.845100441}
{"config": [9, 16, 128, 32, 1, 0], "accuracy": 0.8450841091}
{"config": [3, 64, 32, 32, 0, 1], "accuracy": 0.8450759432}
{"config": [6, 32, 16, 32, 0, 1], "accuracy": 0.8450596113000001}
{"config": [9, 32, 16, 32, 1, 0], "accuracy": 0.8438020578000001}
{"config": [9, 32, 32, 32, 1, 0], "accuracy": 0.843785726}
{"config": [9, 64, 16, 32, 1, 0], "accuracy": 0.84377756}
{"config": [3, 64, 16, 41, 1, 0], "accuracy": 0.8437367304000001}
{"config": [6, 16, 16, 41, 0, 0], "accuracy": 0.8425200065}
{"config": [6, 64, 64, 32, 1, 1], "accuracy": 0.8425118406000001}
{"config": [9, 64, 128, 32, 1, 0], "accuracy": 0.8424791769000001}
{"config": [6, 64, 128, 41, 0, 0], "accuracy": 0.8412297893}
{"config": [6, 32, 16, 41, 1, 1], "accuracy": 0.8412216234000001}
{"config": [9, 64, 128, 41, 1, 1], "accuracy": 0.8412134575}
{"config": [9, 32, 64, 32, 1, 0], "accuracy": 0.8411889597000001}
{"config": [3, 64, 32, 32, 0, 0], "accuracy": 0.8399722358}
{"config": [6, 16, 32, 41, 0, 1], "accuracy": 0.8399722358}
{"config": [6, 32, 32, 32, 0, 1], "accuracy": 0.839947738}
{"config": [6, 64, 128, 41, 0, 1], "accuracy": 0.8399395721}
{"config": [3, 64, 16, 32, 1, 1], "accuracy": 0.8399395721}
{"config": [9, 64, 32, 32, 1, 0], "accuracy": 0.8399314062000001}
{"config": [9, 32, 32, 32, 1, 1], "accuracy": 0.8399314062000001}
{"config": [9, 16, 16, 64, 1, 1], "accuracy": 0.8387228483}
{"config": [3, 64, 16, 32, 0, 1], "accuracy": 0.8387146823}
{"config": [6, 32, 32, 41, 1, 1], "accuracy": 0.8386820186}
{"config": [6, 32, 128, 41, 1, 0], "accuracy": 0.8386656868}
{"config": [9, 16, 32, 32, 1, 0], "accuracy": 0.8386575208}
{"config": [3, 64, 32, 32, 1, 1], "accuracy": 0.8386411890000001}
{"config": [3, 64, 64, 41, 1, 1], "accuracy": 0.8386330230000001}
{"config": [3, 32, 32, 41, 1, 0], "accuracy": 0.8386085252000001}
{"config": [9, 16, 16, 41, 1, 1], "accuracy": 0.8374326311}
{"config": [9, 64, 64, 41, 1, 0], "accuracy": 0.8374326311}
{"config": [6, 64, 16, 32, 1, 0], "accuracy": 0.8374162992}
{"config": [6, 16, 16, 32, 1, 0], "accuracy": 0.8374162992}
{"config": [9, 32, 32, 41, 0, 0], "accuracy": 0.8374162992}
{"config": [3, 64, 64, 32, 0, 1], "accuracy": 0.8374081333000001}
{"config": [9, 64, 16, 32, 0, 1], "accuracy": 0.8373836355000001}
{"config": [9, 32, 32, 64, 0, 1], "accuracy": 0.8373591377}
{"config": [9, 32, 16, 41, 0, 1], "accuracy": 0.8373346399}
{"config": [9, 16, 32, 64, 1, 0], "accuracy": 0.8361424138}
{"config": [9, 32, 32, 41, 1, 0], "accuracy": 0.8361097501}
{"config": [6, 16, 16, 41, 0, 1], "accuracy": 0.8360852523000001}
{"config": [9, 16, 16, 41, 0, 0], "accuracy": 0.8360607545000001}
{"config": [6, 64, 128, 32, 1, 0], "accuracy": 0.8360525886}
{"config": [3, 32, 32, 64, 0, 1], "accuracy": 0.8360362567}
{"config": [9, 32, 32, 64, 1, 1], "accuracy": 0.8359954271000001}
{"config": [6, 16, 128, 64, 1, 1], "accuracy": 0.8348848604}
{"config": [6, 16, 128, 64, 0, 0], "accuracy": 0.8348766944}
{"config": [6, 32, 128, 64, 0, 0], "accuracy": 0.8348603626000001}
{"config": [3, 32, 128, 41, 1, 0], "accuracy": 0.8348603626000001}
{"config": [6, 16, 32, 41, 1, 1], "accuracy": 0.8348195329}
{"config": [6, 16, 32, 32, 0, 0], "accuracy": 0.8348195329}
{"config": [9, 64, 32, 32, 0, 1], "accuracy": 0.834811367}
{"config": [6, 64, 64, 32, 0, 0], "accuracy": 0.834811367}
{"config": [3, 32, 32, 32, 0, 0], "accuracy": 0.8347868692}
{"config": [9, 64, 32, 41, 0, 0], "accuracy": 0.8347623714}
{"config": [6, 64, 16, 41, 1, 0], "accuracy": 0.8335701454000001}
{"config": [6, 64, 16, 41, 1, 1], "accuracy": 0.8335538135}
{"config": [9, 32, 16, 32, 0, 1], "accuracy": 0.8335456476}
{"config": [3, 64, 32, 41, 0, 1], "accuracy": 0.8335293157}
{"config": [9, 32, 128, 64, 1, 1], "accuracy": 0.8335293157}
{"config": [9, 16, 128, 41, 1, 0], "accuracy": 0.8335129838}
{"config": [9, 64, 128, 41, 1, 0], "accuracy": 0.8335048179000001}
{"config": [3, 32, 64, 32, 1, 0], "accuracy": 0.8335048179000001}
{"config": [3, 64, 64, 41, 0, 1], "accuracy": 0.8323289237}
{"config": [3, 64, 16, 32, 1, 0], "accuracy": 0.8323207578}
{"config": [9, 64, 128, 32, 0, 0], "accuracy": 0.8323125919000001}
{"config": [6, 16, 64, 41, 0, 0], "accuracy": 0.8323125919000001}
{"config": [9, 16, 128, 64, 0, 0], "accuracy": 0.83229626}
{"config": [3, 16, 128, 41, 1, 0], "accuracy": 0.8322880941}
{"config": [9, 64, 32, 64, 0, 1], "accuracy": 0.8322554303}
{"config": [9, 64, 64, 32, 0, 1], "accuracy": 0.8322472644000001}
{"config": [3, 64, 128, 41, 0, 1], "accuracy": 0.8322472644000001}
{"config": [3, 64, 64, 41, 1, 0], "accuracy": 0.8322146007000001}
{"config": [9, 16, 32, 32, 1, 1], "accuracy": 0.8310387065}
{"config": [9, 16, 16, 64, 0, 1], "accuracy": 0.8310142087}
{"config": [9, 32, 64, 41, 1, 1], "accuracy": 0.8309978769}
{"config": [9, 64, 64, 64, 1, 0], "accuracy": 0.8309815450000001}
{"config": [9, 16, 16, 32, 1, 1], "accuracy": 0.8309652131}
{"config": [3, 16, 32, 64, 1, 1], "accuracy": 0.8309488813}
{"config": [3, 64, 64, 32, 0, 0], "accuracy": 0.8309325494}
{"config": [6, 64, 32, 64, 0, 0], "accuracy": 0.8309325494}
{"config": [6, 16, 64, 64, 0, 1], "accuracy": 0.8297729871}
{"config": [6, 32, 32, 64, 1, 0], "accuracy": 0.8297403234}
{"config": [6, 32, 16, 64, 1, 0], "accuracy": 0.8296831618}
{"config": [3, 16, 32, 41, 1, 0], "accuracy": 0.8296749959}
{"config": [6, 32, 16, 32, 0, 0], "accuracy": 0.8284991017000001}
{"config": [3, 32, 32, 41, 1, 1], "accuracy": 0.8284337743}
{"config": [3, 64, 64, 41, 0, 0], "accuracy": 0.8284174424}
{"config": [6, 64, 32, 41, 0, 1], "accuracy": 0.8284174424}
{"config": [3, 16, 32, 32, 0, 0], "accuracy": 0.8284174424}
{"config": [6, 16, 16, 64, 0, 1], "accuracy": 0.8283847787}
{"config": [3, 64, 16, 32, 0, 0], "accuracy": 0.828352115}
{"config": [3, 16, 16, 64, 1, 1], "accuracy": 0.8272088845000001}
{"config": [3, 64, 128, 64, 0, 0], "accuracy": 0.8271762208000001}
{"config": [6, 16, 32, 32, 1, 0], "accuracy": 0.8271680549}
{"config": [6, 64, 128, 64, 0, 0], "accuracy": 0.8271517230000001}
{"config": [6, 64, 64, 41, 0, 0], "accuracy": 0.8271435571}
{"config": [9, 16, 64, 64, 0, 0], "accuracy": 0.8271435571}
{"config": [6, 16, 128, 32, 0, 1], "accuracy": 0.8271435571}
{"config": [6, 32, 32, 32, 1, 1], "accuracy": 0.8271190593000001}
{"config": [6, 64, 32, 64, 1, 0], "accuracy": 0.8270945615}
{"config": [9, 16, 64, 41, 0, 1], "accuracy": 0.8259105014}
{"config": [9, 16, 64, 32, 1, 1],