{"config": [6, 32, 16, 64, 1, 0], "accuracy": 0.8442021461}
{"config": [3, 32, 32, 32, 0, 0], "accuracy": 0.8385427484}
{"config": [3, 64, 16, 41, 0, 1], "accuracy": 0.8367601246}
{"config": [3, 16, 16, 32, 1, 1], "accuracy": 0.833091035}
{"config": [3, 16, 32, 41, 0, 1], "accuracy": 0.8254932503}
{"config": [3, 16, 16, 32, 1, 0], "accuracy": 0.8237971616}
{"config": [9, 16, 16, 64, 1, 1], "accuracy": 0.8237625476}
{"config": [6, 32, 32, 32, 0, 0], "accuracy": 0.8236760125}
{"config": [3, 64, 64, 41, 0, 1], "accuracy": 0.8219106957000001}
{"config": [6, 64, 16, 41, 1, 0], "accuracy": 0.8218933887000001}
{"config": [6, 64, 64, 64, 0, 0], "accuracy": 0.8218587747}
{"config": [3, 16, 16, 41, 0, 1], "accuracy": 0.8200588439000001}
{"config": [3, 64, 32, 32, 1, 1], "accuracy": 0.8200588439000001}
{"config": [3, 32, 32, 41, 1, 0], "accuracy": 0.8200415369}
{"config": [3, 64, 64, 32, 1, 1], "accuracy": 0.8199896158000001}
{"config": [3, 16, 16, 64, 1, 1], "accuracy": 0.8199896158000001}
{"config": [6, 64, 64, 41, 0, 0], "accuracy": 0.8182935272}
{"config": [3, 16, 32, 32, 1, 1], "accuracy": 0.8182589131}
{"config": [6, 16, 16, 41, 0, 0], "accuracy": 0.8182589131}
{"config": [9, 64, 16, 41, 1, 0], "accuracy": 0.8182416061000001}
{"config": [3, 64, 16, 32, 1, 1], "accuracy": 0.818206992}
{"config": [6, 16, 64, 64, 0, 1], "accuracy": 0.8181550710000001}
{"config": [6, 32, 16, 64, 0, 0], "accuracy": 0.8164243683}
{"config": [3, 64, 32, 32, 0, 0], "accuracy": 0.8163897542}
{"config": [9, 32, 32, 32, 1, 1], "accuracy": 0.8163724472}
{"config": [3, 64, 64, 32, 0, 1], "accuracy": 0.8163205261}
{"config": [3, 32, 16, 64, 1, 1], "accuracy": 0.8162686051}
{"config": [6, 64, 64, 41, 1, 0], "accuracy": 0.8145205954}
{"config": [3, 16, 16, 41, 1, 1], "accuracy": 0.8145032883000001}
{"config": [3, 64, 64, 41, 0, 0], "accuracy": 0.8145032883000001}
{"config": [6, 16, 32, 64, 0, 1], "accuracy": 0.8144859813}
{"config": [9, 64, 16, 41, 1, 1], "accuracy": 0.8144686743}
{"config": [9, 16, 64, 64, 0, 1], "accuracy": 0.8144513673}
{"config": [3, 32, 16, 41, 1, 0], "accuracy": 0.8144340602}
{"config": [3, 16, 32, 32, 0, 0], "accuracy": 0.8144340602}
{"config": [3, 16, 64, 64, 1, 1], "accuracy": 0.8144340602}
{"config": [6, 64, 64, 41, 1, 1], "accuracy": 0.8143994462}
{"config": [6, 32, 16, 32, 0, 1], "accuracy": 0.8126514365}
{"config": [6, 32, 16, 32, 0, 0], "accuracy": 0.8126168224}
{"config": [3, 64, 16, 41, 1, 0], "accuracy": 0.8125302873}
{"config": [3, 16, 64, 64, 1, 0], "accuracy": 0.8109380408}
{"config": [6, 16, 16, 41, 0, 1], "accuracy": 0.8108515057}
{"config": [6, 64, 16, 32, 1, 0], "accuracy": 0.8107649706000001}
{"config": [9, 32, 64, 41, 1, 0], "accuracy": 0.8107303565}
{"config": [6, 64, 16, 64, 1, 1], "accuracy": 0.8107130495}
{"config": [9, 64, 16, 32, 0, 1], "accuracy": 0.8106784354000001}
{"config": [3, 64, 16, 32, 1, 0], "accuracy": 0.8106784354000001}
{"config": [3, 64, 32, 32, 0, 1], "accuracy": 0.8106092073000001}
{"config": [6, 64, 32, 64, 1, 0], "accuracy": 0.8089304258000001}
{"config": [9, 64, 32, 64, 1, 0], "accuracy": 0.8089131187}
{"config": [6, 16, 32, 32, 0, 0], "accuracy": 0.8088785047}
{"config": [9, 64, 64, 41, 1, 0], "accuracy": 0.8088785047}
{"config": [3, 32, 16, 41, 0, 1], "accuracy": 0.8088785047}
{"config": [3, 32, 64, 32, 1, 0], "accuracy": 0.8088611976000001}
{"config": [3, 16, 32, 64, 1, 0], "accuracy": 0.8088438906000001}
{"config": [3, 64, 64, 41, 1, 0], "accuracy": 0.8088438906000001}
{"config": [3, 32, 16, 64, 1, 0], "accuracy": 0.8088438906000001}
{"config": [9, 16, 16, 41, 0, 0], "accuracy": 0.8088092766}
{"config": [6, 32, 32, 64, 1, 0], "accuracy": 0.8070958809000001}
{"config": [6, 16, 64, 64, 0, 0], "accuracy": 0.8070958809000001}
{"config": [3, 64, 16, 41, 1, 1], "accuracy": 0.8070958809000001}
{"config": [6, 16, 16, 64, 0, 0], "accuracy": 0.8070785739}
{"config": [6, 16, 64, 32, 1, 0], "accuracy": 0.8069920388}
{"config": [6, 16, 32, 41, 1, 1], "accuracy": 0.8069401177000001}
{"config": [6, 16, 64, 41, 0, 0], "accuracy": 0.8069228107}
{"config": [3, 16, 32, 64, 0, 0], "accuracy": 0.8053478712000001}
{"config": [6, 32, 16, 32, 1, 0], "accuracy": 0.8052440291}
{"config": [3, 64, 32, 41, 0, 1], "accuracy": 0.805226722}
{"config": [3, 64, 64, 41, 1, 1], "accuracy": 0.8052094150000001}
{"config": [6, 32, 32, 41, 1, 0], "accuracy": 0.8052094150000001}
{"config": [9, 32, 16, 32, 1, 1], "accuracy": 0.8051921080000001}
{"config": [6, 32, 32, 41, 1, 1], "accuracy": 0.805174801}
{"config": [6, 32, 64, 64, 0, 0], "accuracy": 0.8034267913}
{"config": [3, 16, 32, 41, 1, 0], "accuracy": 0.8034094843}
{"config": [3, 32, 32, 41, 1, 1], "accuracy": 0.8033921772}
{"config": [6, 64, 16, 64, 1, 0], "accuracy": 0.8033921772}
{"config": [3, 64, 16, 32, 0, 0], "accuracy": 0.8033748702}
{"config": [9, 32, 64, 41, 1, 1], "accuracy": 0.8033229491}
{"config": [6, 16, 16, 32, 1, 1], "accuracy": 0.8033229491}
{"config": [3, 64, 64, 64, 0, 1], "accuracy": 0.8032017999000001}
{"config": [9, 32, 32, 64, 1, 1], "accuracy": 0.8015403254}
{"config": [3, 32, 16, 41, 1, 1], "accuracy": 0.8014884043}
{"config": [9, 16, 16, 41, 1, 0], "accuracy": 0.8014710973}
{"config": [3, 16, 32, 64, 1, 1], "accuracy": 0.8014018692}
{"config": [6, 32, 64, 32, 0, 1], "accuracy": 0.8013672551000001}
{"config": [6, 16, 32, 32, 1, 0], "accuracy": 0.7996884735}
{"config": [3, 16, 16, 32, 0, 1], "accuracy": 0.7996538595}
{"config": [3, 16, 128, 41, 0, 1], "accuracy": 0.7996192454000001}
{"config": [3, 32, 32, 64, 1, 0], "accuracy": 0.7996192454000001}
{"config": [6, 64, 32, 41, 0, 1], "accuracy": 0.7996019384}
{"config": [3, 32, 32, 64, 0, 1], "accuracy": 0.7996019384}
{"config": [6, 16, 32, 41, 0, 1], "accuracy": 0.7995673243}
{"config": [9, 32, 64, 32, 1, 0], "accuracy": 0.7995673243}
{"config": [3, 64, 16, 64, 0, 1], "accuracy": 0.7978539287}
{"config": [9, 16, 16, 64, 0, 1], "accuracy": 0.7977500865}
{"config": [3, 32, 64, 64, 1, 1], "accuracy": 0.7977500865}
{"config": [9, 32, 32, 64, 1, 0], "accuracy": 0.7977327795}
{"config": [6, 32, 32, 32, 1, 1], "accuracy": 0.7977154725000001}
{"config": [6, 64, 32, 32, 0, 0], "accuracy": 0.7976981655000001}
{"config": [6, 16, 16, 64, 1, 0], "accuracy": 0.7976635514}
{"config": [9, 64, 32, 41, 0, 0], "accuracy": 0.7960539979}
{"config": [6, 64, 64, 32, 1, 1], "accuracy": 0.7960366909000001}
{"config": [9, 16, 32, 64, 1, 1], "accuracy": 0.7960193839}
{"config": [6, 16, 16, 32, 1, 0], "accuracy": 0.7959155417}
{"config": [9, 32, 32, 41, 1, 0], "accuracy": 0.7959155417}
{"config": [6, 32, 64, 41, 0, 1], "accuracy": 0.7958982347}
{"config": [6, 64, 64, 32, 0, 0], "accuracy": 0.7958809277000001}
{"config": [3, 64, 16, 32, 0, 1], "accuracy": 0.7958636206}
{"config": [6, 16, 32, 64, 1, 0], "accuracy": 0.7958463136}
{"config": [6, 16, 16, 64, 0, 1], "accuracy": 0.7941329180000001}
{"config": [3, 64, 64, 32, 0, 0], "accuracy": 0.7941329180000001}
{"config": [9, 32, 16, 41, 0, 1], "accuracy": 0.7941156109}
{"config": [3, 16, 32, 32, 0, 1], "accuracy": 0.7940290758}
{"config": [9, 64, 64, 41, 0, 1], "accuracy": 0.7922810661}
{"config": [3, 16, 128, 64, 0, 0], "accuracy": 0.7922291450000001}
{"config": [9, 32, 16, 32, 1, 0], "accuracy": 0.7922118380000001}
{"config": [3, 16, 128, 32, 0, 0], "accuracy": 0.7922118380000001}
{"config": [9, 16, 16, 32, 1, 1], "accuracy": 0.7922118380000001}
{"config": [6, 64, 16, 41, 1, 1], "accuracy": 0.792177224}
{"config": [9, 32, 32, 64, 0, 1], "accuracy": 0.792177224}
{"config": [9, 16, 32, 64, 1, 0], "accuracy": 0.7921079958}
{"config": [9, 32, 32, 32, 1, 0], "accuracy": 0.7904984424}
{"config": [6, 64, 64, 64, 0, 1], "accuracy": 0.7904638283000001}
{"config": [9, 32, 64, 64, 0, 1], "accuracy": 0.7904465213}
{"config": [3, 32, 16, 41, 0, 0], "accuracy": 0.7903426791}
{"config": [6, 16, 16, 41, 1, 1], "accuracy": 0.7903253721}
{"config": [9, 16, 32, 32, 0, 0],