{"config": [6, 32, 16, 64, 1, 0], "accuracy": 0.9762972188000001}
{"config": [3, 16, 64, 64, 1, 1], "accuracy": 0.9762847655}
{"config": [3, 16, 128, 41, 0, 0], "accuracy": 0.9762806144}
{"config": [6, 64, 16, 32, 1, 0], "accuracy": 0.9762723122}
{"config": [3, 64, 16, 41, 1, 0], "accuracy": 0.9753715235}
{"config": [9, 16, 16, 64, 0, 1], "accuracy": 0.9753590702}
{"config": [6, 64, 64, 64, 0, 0], "accuracy": 0.9744582814}
{"config": [3, 32, 32, 41, 1, 0], "accuracy": 0.9744541303}
{"config": [3, 64, 64, 32, 0, 0], "accuracy": 0.9744499792}
{"config": [6, 16, 16, 41, 0, 0], "accuracy": 0.9735574927}
{"config": [9, 32, 16, 32, 1, 1], "accuracy": 0.9735491905}
{"config": [6, 16, 16, 64, 0, 0], "accuracy": 0.9735408883000001}
{"config": [3, 16, 16, 64, 1, 1], "accuracy": 0.9735367372}
{"config": [6, 64, 128, 64, 0, 1], "accuracy": 0.9735201328}
{"config": [6, 64, 64, 41, 1, 1], "accuracy": 0.9726317974}
{"config": [9, 32, 32, 32, 1, 1], "accuracy": 0.9726317974}
{"config": [9, 64, 64, 32, 1, 0], "accuracy": 0.9726276463}
{"config": [9, 64, 16, 32, 1, 0], "accuracy": 0.9726276463}
{"config": [9, 64, 16, 32, 0, 1], "accuracy": 0.9726234952}
{"config": [6, 32, 16, 32, 0, 1], "accuracy": 0.9726234952}
{"config": [6, 32, 16, 32, 0, 0], "accuracy": 0.9726193441000001}
{"config": [9, 16, 16, 41, 1, 1], "accuracy": 0.9726193441000001}
{"config": [3, 32, 16, 32, 1, 0], "accuracy": 0.9726193441000001}
{"config": [3, 64, 128, 32, 1, 0], "accuracy": 0.9726151930000001}
{"config": [9, 32, 32, 64, 1, 0], "accuracy": 0.9726068908000001}
{"config": [3, 16, 16, 32, 0, 1], "accuracy": 0.9717351598}
{"config": [9, 16, 128, 32, 1, 1], "accuracy": 0.9717310087000001}
{"config": [3, 16, 32, 41, 1, 0], "accuracy": 0.9717268576}
{"config": [3, 64, 16, 32, 0, 1], "accuracy": 0.9717268576}
{"config": [3, 16, 64, 64, 1, 0], "accuracy": 0.9717227065}
{"config": [6, 16, 16, 41, 0, 1], "accuracy": 0.9717227065}
{"config": [6, 32, 32, 41, 1, 0], "accuracy": 0.9717144043}
{"config": [6, 16, 32, 41, 1, 1], "accuracy": 0.9717102532}
{"config": [3, 64, 16, 64, 0, 1], "accuracy": 0.9717102532}
{"config": [9, 16, 32, 64, 1, 0], "accuracy": 0.9717061021000001}
{"config": [3, 16, 128, 41, 0, 1], "accuracy": 0.9717061021000001}
{"config": [3, 32, 16, 64, 1, 0], "accuracy": 0.9717061021000001}
{"config": [6, 16, 32, 32, 0, 0], "accuracy": 0.971701951}
{"config": [6, 32, 64, 41, 0, 1], "accuracy": 0.9708177667000001}
{"config": [6, 32, 16, 32, 1, 0], "accuracy": 0.9708136156}
{"config": [6, 64, 16, 64, 1, 1], "accuracy": 0.9708136156}
{"config": [3, 16, 128, 64, 1, 1], "accuracy": 0.9708094645}
{"config": [3, 32, 16, 41, 0, 0], "accuracy": 0.9708094645}
{"config": [9, 64, 16, 41, 1, 0], "accuracy": 0.9708094645}
{"config": [3, 32, 32, 64, 1, 0], "accuracy": 0.9708094645}
{"config": [6, 16, 32, 41, 0, 1], "accuracy": 0.9708094645}
{"config": [3, 16, 32, 32, 1, 1], "accuracy": 0.9708053134}
{"config": [6, 32, 16, 41, 1, 1], "accuracy": 0.9708053134}
{"config": [3, 16, 128, 64, 0, 0], "accuracy": 0.9708011623}
{"config": [3, 16, 32, 64, 0, 0], "accuracy": 0.9708011623}
{"config": [6, 16, 128, 64, 0, 0], "accuracy": 0.9707970112000001}
{"config": [3, 64, 64, 41, 1, 0], "accuracy": 0.9707970112000001}
{"config": [3, 16, 128, 32, 0, 0], "accuracy": 0.9707970112000001}
{"config": [9, 16, 16, 41, 0, 0], "accuracy": 0.9707970112000001}
{"config": [3, 32, 16, 41, 0, 1], "accuracy": 0.9707928601}
{"config": [9, 32, 16, 32, 1, 0], "accuracy": 0.970788709}
{"config": [6, 16, 16, 41, 1, 1], "accuracy": 0.970788709}
{"config": [9, 32, 32, 32, 1, 0], "accuracy": 0.9707845579000001}
{"config": [6, 64, 32, 41, 0, 1], "accuracy": 0.9699045247}
{"config": [6, 16, 16, 32, 1, 0], "accuracy": 0.9699003736}
{"config": [6, 64, 16, 41, 1, 0], "accuracy": 0.9699003736}
{"config": [3, 32, 16, 41, 1, 0], "accuracy": 0.9699003736}
{"config": [3, 16, 32, 64, 1, 0], "accuracy": 0.9699003736}
{"config": [6, 32, 128, 32, 1, 0], "accuracy": 0.9698962225000001}
{"config": [9, 16, 16, 64, 1, 1], "accuracy": 0.9698920714}
{"config": [6, 16, 32, 64, 1, 0], "accuracy": 0.9698920714}
{"config": [6, 64, 16, 64, 1, 0], "accuracy": 0.9698920714}
{"config": [6, 32, 16, 64, 0, 0], "accuracy": 0.9698920714}
{"config": [9, 16, 64, 64, 0, 0], "accuracy": 0.9698920714}
{"config": [9, 16, 128, 64, 1, 0], "accuracy": 0.9698920714}
{"config": [6, 16, 64, 41, 0, 0], "accuracy": 0.9698879203}
{"config": [3, 64, 32, 64, 1, 1], "accuracy": 0.9698879203}
{"config": [6, 32, 32, 64, 1, 0], "accuracy": 0.9698879203}
{"config": [3, 64, 64, 41, 0, 0], "accuracy": 0.9698837692000001}
{"config": [9, 16, 128, 32, 1, 0], "accuracy": 0.9698837692000001}
{"config": [6, 64, 64, 32, 1, 1], "accuracy": 0.9698837692000001}
{"config": [3, 16, 32, 32, 0, 0], "accuracy": 0.9698837692000001}
{"config": [9, 32, 32, 64, 1, 1], "accuracy": 0.9698837692000001}
{"config": [6, 64, 32, 64, 0, 0], "accuracy": 0.9689954338000001}
{"config": [6, 64, 128, 64, 1, 1], "accuracy": 0.9689954338000001}
{"config": [9, 32, 64, 64, 0, 1], "accuracy": 0.9689954338000001}
{"config": [9, 64, 64, 64, 1, 0], "accuracy": 0.9689912827}
{"config": [9, 16, 128, 41, 1, 0], "accuracy": 0.9689912827}
{"config": [6, 32, 128, 64, 1, 1], "accuracy": 0.9689871316}
{"config": [6, 16, 64, 32, 1, 0], "accuracy": 0.9689829805000001}
{"config": [6, 16, 128, 64, 1, 0], "accuracy": 0.9689788294}
{"config": [9, 16, 16, 41, 1, 0], "accuracy": 0.9689788294}
{"config": [6, 64, 64, 41, 0, 0], "accuracy": 0.9689788294}
{"config": [3, 32, 128, 41, 1, 0], "accuracy": 0.9689788294}
{"config": [6, 16, 32, 32, 0, 1], "accuracy": 0.9689788294}
{"config": [9, 32, 16, 32, 0, 1], "accuracy": 0.9689746783000001}
{"config": [6, 16, 32, 64, 0, 1], "accuracy": 0.9689746783000001}
{"config": [3, 64, 32, 41, 0, 1], "accuracy": 0.9689746783000001}
{"config": [9, 32, 32, 41, 0, 0], "accuracy": 0.9689746783000001}
{"config": [6, 64, 64, 32, 0, 0], "accuracy": 0.9689746783000001}
{"config": [9, 16, 16, 32, 1, 1], "accuracy": 0.9689705272}
{"config": [6, 16, 64, 32, 1, 1], "accuracy": 0.9689705272}
{"config": [3, 16, 16, 32, 1, 0], "accuracy": 0.9689663761}
{"config": [9, 32, 128, 32, 0, 1], "accuracy": 0.9689663761}
{"config": [3, 64, 32, 32, 0, 1], "accuracy": 0.9689622250000001}
{"config": [9, 32, 64, 41, 1, 0], "accuracy": 0.968090494}
{"config": [9, 64, 16, 41, 1, 1], "accuracy": 0.9680863429000001}
{"config": [9, 64, 32, 64, 0, 1], "accuracy": 0.9680780407}
{"config": [6, 32, 32, 32, 1, 1], "accuracy": 0.9680780407}
{"config": [3, 16, 32, 64, 1, 1], "accuracy": 0.9680738896000001}
{"config": [6, 16, 16, 32, 1, 1], "accuracy": 0.9680738896000001}
{"config": [6, 16, 16, 64, 0, 1], "accuracy": 0.9680738896000001}
{"config": [3, 16, 128, 41, 1, 0], "accuracy": 0.9680697385}
{"config": [3, 64, 32, 32, 1, 1], "accuracy": 0.9680697385}
{"config": [6, 32, 32, 32, 0, 0], "accuracy": 0.9680697385}
{"config": [3, 64, 128, 64, 0, 0], "accuracy": 0.9680697385}
{"config": [3, 64, 64, 32, 1, 1], "accuracy": 0.9680697385}
{"config": [3, 32, 64, 32, 1, 0], "accuracy": 0.9680655874}
{"config": [3, 64, 64, 41, 0, 1], "accuracy": 0.9680655874}
{"config": [9, 16, 32, 64, 1, 1], "accuracy": 0.9680655874}
{"config": [9, 16, 32, 32, 1, 1], "accuracy": 0.9680614363000001}
{"config": [9, 16, 32, 32, 1, 0], "accuracy": 0.9680614363000001}
{"config": [9, 32, 128, 64, 1, 1], "accuracy": 0.9680614363000001}
{"config": [3, 16, 16, 41, 0, 1], "accuracy": 0.9680614363000001}
{"config": [9, 16, 64, 41, 0, 0], "accuracy": 0.9680572852}
{"config": [9, 32, 32, 41, 1, 0], "accuracy": 0.9680572852}
{"config": [3, 32, 32, 41, 1, 1], "accuracy": 0.9680531341}
{"config": [6, 16, 128, 64, 1, 1], "accuracy": 0.9680489830000001}
{"config": [3, 64, 128, 64, 0, 1], "accuracy": 0.9680489830000001}
{"config": [3, 16, 16, 41, 1, 1], "accuracy": 0.9671731009000001}
{"config": [3, 64, 64, 64, 0, 1],