{"config": [3, 32, 16, 41, 0, 0], "accuracy": 0.6348075348000001}
{"config": [3, 64, 16, 41, 1, 1], "accuracy": 0.632972973}
{"config": [3, 64, 16, 32, 0, 1], "accuracy": 0.6311875512}
{"config": [3, 16, 16, 41, 1, 1], "accuracy": 0.6257002457}
{"config": [3, 64, 16, 32, 0, 0], "accuracy": 0.6239639640000001}
{"config": [6, 32, 16, 32, 0, 0], "accuracy": 0.6238165438000001}
{"config": [3, 64, 16, 32, 1, 1], "accuracy": 0.6237674038000001}
{"config": [6, 64, 16, 41, 1, 0], "accuracy": 0.6220147420000001}
{"config": [6, 32, 16, 64, 0, 0], "accuracy": 0.6201474201}
{"config": [3, 32, 16, 41, 0, 1], "accuracy": 0.6183947584}
{"config": [6, 16, 16, 41, 1, 1], "accuracy": 0.6166584767000001}
{"config": [3, 16, 16, 32, 0, 1], "accuracy": 0.6149058149000001}
{"config": [6, 16, 16, 32, 1, 1], "accuracy": 0.6147092547}
{"config": [3, 64, 16, 32, 1, 0], "accuracy": 0.6147092547}
{"config": [3, 64, 16, 41, 0, 1], "accuracy": 0.6129074529}
{"config": [3, 16, 16, 64, 1, 1], "accuracy": 0.6113185913}
{"config": [3, 32, 16, 64, 1, 0], "accuracy": 0.6113022113000001}
{"config": [3, 64, 16, 64, 0, 1], "accuracy": 0.6093857494}
{"config": [9, 16, 16, 41, 0, 0], "accuracy": 0.6093529894}
{"config": [3, 16, 16, 32, 1, 1], "accuracy": 0.6093529894}
{"config": [3, 32, 16, 41, 1, 0], "accuracy": 0.6093529894}
{"config": [3, 32, 16, 41, 1, 1], "accuracy": 0.6092055692}
{"config": [6, 32, 16, 64, 1, 0], "accuracy": 0.6076003276}
{"config": [3, 32, 16, 64, 1, 1], "accuracy": 0.6075511876}
{"config": [6, 32, 16, 41, 1, 1], "accuracy": 0.6058149058}
{"config": [3, 64, 32, 64, 1, 1], "accuracy": 0.6058149058}
{"config": [6, 32, 32, 64, 1, 0], "accuracy": 0.6057821458}
{"config": [6, 16, 16, 64, 1, 0], "accuracy": 0.6057330057}
{"config": [9, 64, 16, 32, 0, 1], "accuracy": 0.6040131040000001}
{"config": [6, 16, 16, 41, 0, 0], "accuracy": 0.6039475839}
{"config": [3, 64, 16, 41, 1, 0], "accuracy": 0.6022440622}
{"config": [3, 32, 16, 32, 1, 0], "accuracy": 0.6022276822}
{"config": [9, 32, 16, 32, 1, 1], "accuracy": 0.6021785422}
{"config": [3, 16, 32, 32, 0, 0], "accuracy": 0.6021621622000001}
{"config": [9, 16, 64, 41, 0, 0], "accuracy": 0.6021130221000001}
{"config": [9, 16, 16, 64, 0, 1], "accuracy": 0.6004586405}
{"config": [6, 16, 16, 41, 0, 1], "accuracy": 0.6002129402}
{"config": [9, 32, 16, 32, 0, 1], "accuracy": 0.5985585586000001}
{"config": [3, 64, 32, 32, 0, 0], "accuracy": 0.5969041769}
{"config": [6, 16, 16, 64, 0, 1], "accuracy": 0.5968222768}
{"config": [6, 64, 16, 32, 1, 0], "accuracy": 0.5967731368}
{"config": [6, 64, 16, 41, 1, 1], "accuracy": 0.594987715}
{"config": [9, 64, 16, 32, 1, 0], "accuracy": 0.5949221949}
{"config": [3, 16, 32, 64, 1, 1], "accuracy": 0.5948566749}
{"config": [9, 64, 32, 64, 0, 1], "accuracy": 0.5947420147}
{"config": [9, 32, 32, 41, 1, 0], "accuracy": 0.5933824734}
{"config": [6, 16, 16, 64, 0, 0], "accuracy": 0.5931531532000001}
{"config": [6, 16, 16, 32, 1, 0], "accuracy": 0.5931203931}
{"config": [9, 16, 16, 64, 1, 1], "accuracy": 0.5931203931}
{"config": [3, 32, 64, 32, 1, 0], "accuracy": 0.5930876331}
{"config": [3, 16, 64, 64, 1, 0], "accuracy": 0.5930548731}
{"config": [3, 16, 16, 32, 1, 0], "accuracy": 0.593038493}
{"config": [3, 16, 16, 41, 0, 1], "accuracy": 0.5930221130000001}
{"config": [3, 64, 64, 32, 0, 0], "accuracy": 0.5930221130000001}
{"config": [3, 16, 32, 41, 0, 1], "accuracy": 0.5913677314}
{"config": [6, 16, 32, 32, 0, 0], "accuracy": 0.5911711712000001}
{"config": [3, 16, 32, 32, 0, 1], "accuracy": 0.5896642097}
{"config": [9, 64, 16, 41, 1, 0], "accuracy": 0.5895986896000001}
{"config": [3, 16, 32, 41, 1, 0], "accuracy": 0.5895167895}
{"config": [3, 16, 32, 64, 0, 0], "accuracy": 0.5895004095}
{"config": [6, 16, 128, 64, 1, 0], "accuracy": 0.5894185094000001}
{"config": [6, 64, 128, 64, 0, 0], "accuracy": 0.5894185094000001}
{"config": [6, 32, 16, 32, 0, 1], "accuracy": 0.5893857494}
{"config": [6, 16, 32, 41, 0, 0], "accuracy": 0.5878132678}
{"config": [3, 32, 32, 41, 1, 0], "accuracy": 0.5875348075}
{"config": [9, 16, 16, 32, 1, 1], "accuracy": 0.5860442260000001}
{"config": [9, 16, 32, 64, 1, 0], "accuracy": 0.5859623260000001}
{"config": [3, 64, 64, 41, 0, 1], "accuracy": 0.5842424242}
{"config": [3, 64, 64, 32, 0, 1], "accuracy": 0.5840950041}
{"config": [3, 64, 32, 41, 0, 1], "accuracy": 0.5840950041}
{"config": [9, 64, 32, 64, 1, 0], "accuracy": 0.5840131040000001}
{"config": [3, 16, 32, 32, 1, 1], "accuracy": 0.5823587224}
{"config": [6, 32, 128, 64, 0, 0], "accuracy": 0.5822932023}
{"config": [3, 32, 32, 41, 1, 1], "accuracy": 0.5822440622}
{"config": [3, 64, 32, 32, 1, 1], "accuracy": 0.5821949222}
{"config": [9, 64, 16, 41, 1, 1], "accuracy": 0.5805896806}
{"config": [6, 64, 16, 64, 1, 0], "accuracy": 0.5803767404}
{"config": [3, 64, 64, 41, 1, 1], "accuracy": 0.5802620803}
{"config": [6, 64, 16, 64, 1, 1], "accuracy": 0.5787223587}
{"config": [3, 32, 32, 32, 0, 0], "accuracy": 0.5784275184000001}
{"config": [6, 64, 128, 41, 0, 1], "accuracy": 0.5768714169}
{"config": [6, 16, 32, 32, 0, 1], "accuracy": 0.5765929566}
{"config": [6, 16, 32, 32, 1, 0], "accuracy": 0.5751187551}
{"config": [6, 32, 64, 64, 0, 0], "accuracy": 0.5750696151}
{"config": [6, 32, 16, 32, 1, 0], "accuracy": 0.575036855}
{"config": [3, 64, 32, 32, 0, 1], "accuracy": 0.5750204750000001}
{"config": [6, 32, 32, 32, 1, 1], "accuracy": 0.5715806716}
{"config": [9, 32, 16, 32, 1, 0], "accuracy": 0.5714332514}
{"config": [9, 64, 64, 41, 1, 0], "accuracy": 0.5712366912}
{"config": [9, 16, 16, 41, 1, 1], "accuracy": 0.5711711712}
{"config": [9, 32, 16, 41, 0, 1], "accuracy": 0.5697624898}
{"config": [3, 64, 64, 41, 0, 0], "accuracy": 0.5694185094}
{"config": [9, 32, 32, 32, 1, 1], "accuracy": 0.5678951679}
{"config": [3, 16, 32, 64, 1, 0], "accuracy": 0.5676658477000001}
{"config": [9, 16, 16, 41, 1, 0], "accuracy": 0.5675675676}
{"config": [9, 16, 64, 64, 0, 0], "accuracy": 0.5661588862}
{"config": [6, 64, 32, 64, 1, 0], "accuracy": 0.5660769861}
{"config": [9, 64, 128, 64, 1, 0], "accuracy": 0.565978706}
{"config": [3, 32, 32, 64, 0, 1], "accuracy": 0.5659459459}
{"config": [9, 64, 32, 41, 0, 0], "accuracy": 0.5643079443}
{"config": [3, 32, 32, 64, 1, 0], "accuracy": 0.5642096642000001}
{"config": [6, 64, 64, 64, 0, 0], "accuracy": 0.5641932842}
{"config": [6, 64, 32, 32, 0, 0], "accuracy": 0.5623751024}
{"config": [9, 32, 64, 41, 1, 1], "accuracy": 0.5607207207}
{"config": [6, 64, 32, 64, 0, 1], "accuracy": 0.5605733006}
{"config": [6, 16, 64, 41, 0, 0], "accuracy": 0.5604095004}
{"config": [3, 64, 64, 41, 1, 0], "accuracy": 0.558968059}
{"config": [3, 16, 64, 64, 1, 1], "accuracy": 0.5587551188000001}
{"config": [6, 64, 32, 41, 0, 1], "accuracy": 0.5587223587}
{"config": [6, 32, 64, 41, 0, 1], "accuracy": 0.5587059787}
{"config": [6, 16, 32, 41, 1, 1], "accuracy": 0.5587059787}
{"config": [3, 64, 32, 32, 1, 0], "accuracy": 0.5586404586}
{"config": [9, 64, 32, 32, 1, 0], "accuracy": 0.557035217}
{"config": [9, 16, 32, 32, 1, 1], "accuracy": 0.5568877969}
{"config": [9, 16, 32, 32, 1, 0], "accuracy": 0.5567076167}
{"config": [6, 16, 64, 32, 1, 0], "accuracy": 0.5550204750000001}
{"config": [9, 32, 32, 64, 0, 1], "accuracy": 0.5533660934}
{"config": [9, 16, 32, 64, 1, 1], "accuracy": 0.5514987715}
{"config": [6, 32, 32, 41, 1, 1], "accuracy": 0.5498116298}
{"config": [6, 64, 128, 64, 1, 1], "accuracy": 0.5480917281000001}
{"config": [6, 16, 32, 41, 0, 1], "accuracy": 0.5478951679}
{"config": [6, 32, 128, 32, 1, 0], "accuracy": 0.5463226863}
{"config": [6, 64, 64, 64, 0, 1], "accuracy": 0.5442915643}
{"config": [6, 32, 32, 32, 0, 0], "accuracy": 0.5442588043000001}
{"config": [9, 32, 32, 41, 0, 0], "accuracy": 0.5442424242}
{"config": [6, 64, 128, 64, 0, 1], "accuracy": 0.5441769042}
{"config": [9, 16, 64, 64, 0, 1], "accuracy": 0.5424897625}
{"config": [9, 64, 32, 32, 0, 1],