{"config": [9, 32, 16, 41, 0, 1], "accuracy": 0.7545290745000001}
{"config": [9, 16, 32, 64, 1, 1], "accuracy": 0.7527436527}
{"config": [6, 64, 16, 64, 1, 0], "accuracy": 0.7526945127}
{"config": [9, 16, 16, 64, 1, 1], "accuracy": 0.7509746110000001}
{"config": [9, 64, 16, 32, 0, 1], "accuracy": 0.7509254709000001}
{"config": [3, 64, 16, 41, 0, 1], "accuracy": 0.7508927109}
{"config": [9, 32, 16, 32, 1, 1], "accuracy": 0.7508763309}
{"config": [3, 32, 16, 32, 1, 0], "accuracy": 0.7490745291}
{"config": [6, 64, 16, 32, 1, 0], "accuracy": 0.7473382473}
{"config": [6, 32, 16, 32, 1, 0], "accuracy": 0.7472072072}
{"config": [3, 64, 16, 64, 0, 1], "accuracy": 0.7455200655}
{"config": [9, 64, 16, 32, 1, 0], "accuracy": 0.7437346437}
{"config": [3, 32, 16, 41, 1, 1], "accuracy": 0.7436691237}
{"config": [6, 16, 16, 64, 0, 1], "accuracy": 0.7436036036}
{"config": [6, 16, 16, 32, 1, 0], "accuracy": 0.7419000819}
{"config": [3, 16, 16, 41, 0, 1], "accuracy": 0.7418837019000001}
{"config": [3, 16, 16, 41, 1, 1], "accuracy": 0.7418673219}
{"config": [3, 16, 32, 64, 1, 1], "accuracy": 0.7401638002}
{"config": [3, 64, 16, 32, 0, 1], "accuracy": 0.7401146601}
{"config": [3, 16, 32, 41, 1, 0], "accuracy": 0.7400982801}
{"config": [3, 16, 32, 32, 0, 0], "accuracy": 0.74001638}
{"config": [6, 32, 16, 64, 0, 0], "accuracy": 0.7384275184}
{"config": [3, 16, 16, 64, 1, 1], "accuracy": 0.7383783784}
{"config": [6, 16, 16, 41, 1, 1], "accuracy": 0.7383128583}
{"config": [3, 16, 16, 32, 0, 1], "accuracy": 0.7383128583}
{"config": [6, 16, 16, 41, 0, 1], "accuracy": 0.7364291564000001}
{"config": [3, 64, 16, 32, 1, 0], "accuracy": 0.7364291564000001}
{"config": [3, 32, 16, 41, 0, 1], "accuracy": 0.7363800164000001}
{"config": [6, 64, 16, 64, 1, 1], "accuracy": 0.7347256347000001}
{"config": [9, 32, 16, 32, 1, 0], "accuracy": 0.7346764947000001}
{"config": [3, 64, 32, 64, 1, 1], "accuracy": 0.7346601147}
{"config": [3, 16, 64, 64, 1, 1], "accuracy": 0.7346273546000001}
{"config": [3, 16, 16, 32, 1, 0], "accuracy": 0.7346109746}
{"config": [9, 16, 16, 41, 1, 1], "accuracy": 0.7329729730000001}
{"config": [3, 16, 32, 41, 0, 1], "accuracy": 0.732956593}
{"config": [3, 64, 16, 41, 1, 0], "accuracy": 0.7328746929000001}
{"config": [3, 32, 16, 64, 1, 0], "accuracy": 0.7328419328}
{"config": [9, 16, 16, 64, 0, 1], "accuracy": 0.7328091728}
{"config": [6, 32, 16, 64, 1, 0], "accuracy": 0.7327927928}
{"config": [9, 32, 128, 41, 1, 0], "accuracy": 0.7311547912}
{"config": [9, 16, 16, 41, 1, 0], "accuracy": 0.7311056511}
{"config": [9, 32, 16, 32, 0, 1], "accuracy": 0.7311056511}
{"config": [6, 64, 32, 64, 1, 0], "accuracy": 0.7310892711}
{"config": [3, 64, 32, 41, 0, 0], "accuracy": 0.7310565111}
{"config": [3, 16, 16, 32, 1, 1], "accuracy": 0.730958231}
{"config": [9, 64, 16, 41, 1, 0], "accuracy": 0.7293038493}
{"config": [3, 32, 16, 41, 1, 0], "accuracy": 0.7292055692}
{"config": [6, 16, 16, 32, 1, 1], "accuracy": 0.7274529075}
{"config": [3, 64, 16, 32, 0, 0], "accuracy": 0.7274365274}
{"config": [6, 32, 16, 32, 0, 0], "accuracy": 0.7273218673}
{"config": [6, 16, 32, 41, 0, 1], "accuracy": 0.7238984439}
{"config": [3, 32, 16, 41, 0, 0], "accuracy": 0.7238820639}
{"config": [6, 32, 16, 41, 1, 1], "accuracy": 0.7238656839000001}
{"config": [3, 16, 64, 64, 1, 0], "accuracy": 0.7238165438}
{"config": [6, 16, 32, 64, 0, 1], "accuracy": 0.7237837838000001}
{"config": [3, 64, 16, 41, 1, 1], "accuracy": 0.7221130221000001}
{"config": [3, 64, 32, 32, 0, 0], "accuracy": 0.7220966421}
{"config": [3, 32, 32, 32, 0, 0], "accuracy": 0.7220638821}
{"config": [6, 16, 16, 64, 0, 0], "accuracy": 0.722047502}
{"config": [9, 64, 32, 41, 0, 0], "accuracy": 0.7219164619}
{"config": [9, 16, 64, 64, 0, 1], "accuracy": 0.7202293202000001}
{"config": [6, 32, 32, 32, 1, 1], "accuracy": 0.7202129402}
{"config": [6, 64, 64, 64, 0, 1], "accuracy": 0.7200655201}
{"config": [6, 16, 32, 64, 1, 0], "accuracy": 0.7185257985}
{"config": [3, 64, 16, 32, 1, 1], "accuracy": 0.7184930385}
{"config": [6, 64, 16, 41, 1, 1], "accuracy": 0.7184602785}
{"config": [3, 16, 32, 32, 0, 1], "accuracy": 0.7184438984}
{"config": [6, 64, 16, 41, 1, 0], "accuracy": 0.7184111384}
{"config": [9, 64, 16, 41, 1, 1], "accuracy": 0.7183947584}
{"config": [3, 16, 32, 64, 0, 0], "accuracy": 0.7165929566}
{"config": [9, 16, 16, 32, 1, 1], "accuracy": 0.7165929566}
{"config": [3, 32, 32, 64, 1, 0], "accuracy": 0.7148894349}
{"config": [3, 64, 32, 32, 1, 1], "accuracy": 0.7148566749}
{"config": [6, 32, 16, 32, 0, 1], "accuracy": 0.7148239148000001}
{"config": [3, 32, 64, 32, 1, 0], "accuracy": 0.7147583948}
{"config": [9, 64, 32, 64, 0, 1], "accuracy": 0.7146928747}
{"config": [3, 32, 32, 64, 0, 1], "accuracy": 0.713038493}
{"config": [6, 16, 16, 41, 0, 0], "accuracy": 0.713005733}
{"config": [6, 32, 32, 32, 0, 1], "accuracy": 0.7111711712000001}
{"config": [6, 32, 32, 41, 1, 0], "accuracy": 0.7111384111}
{"config": [6, 16, 128, 64, 0, 1], "accuracy": 0.7110892711}
{"config": [3, 64, 64, 41, 1, 0], "accuracy": 0.7094185094000001}
{"config": [3, 64, 32, 41, 0, 1], "accuracy": 0.7094021294}
{"config": [3, 64, 64, 32, 0, 0], "accuracy": 0.7076822277}
{"config": [9, 16, 16, 41, 0, 0], "accuracy": 0.7075511876}
{"config": [3, 16, 32, 64, 1, 0], "accuracy": 0.7075511876}
{"config": [6, 16, 16, 64, 1, 0], "accuracy": 0.7058640459000001}
{"config": [6, 16, 32, 41, 0, 0], "accuracy": 0.7057166257}
{"config": [3, 32, 16, 64, 1, 1], "accuracy": 0.7038329238000001}
{"config": [9, 32, 64, 41, 1, 0], "accuracy": 0.7021621622}
{"config": [3, 64, 32, 32, 1, 0], "accuracy": 0.6986404586}
{"config": [3, 32, 32, 41, 1, 0], "accuracy": 0.6985913186}
{"config": [9, 16, 128, 64, 1, 0], "accuracy": 0.6985585586}
{"config": [3, 32, 32, 41, 1, 1], "accuracy": 0.6985421785}
{"config": [6, 32, 32, 64, 1, 0], "accuracy": 0.6984111384}
{"config": [3, 16, 32, 32, 1, 1], "accuracy": 0.6968386568}
{"config": [9, 16, 32, 32, 1, 1], "accuracy": 0.6963308763}
{"config": [3, 16, 128, 64, 0, 0], "accuracy": 0.6951515152000001}
{"config": [6, 64, 32, 41, 0, 1], "accuracy": 0.6950204750000001}
{"config": [9, 64, 32, 64, 1, 0], "accuracy": 0.6932841933}
{"config": [6, 32, 32, 41, 1, 1], "accuracy": 0.6931531532}
{"config": [6, 16, 128, 41, 1, 1], "accuracy": 0.6930712531000001}
{"config": [6, 16, 32, 32, 0, 0], "accuracy": 0.6930548731}
{"config": [3, 64, 64, 41, 0, 0], "accuracy": 0.6913841114}
{"config": [9, 32, 32, 64, 0, 1], "accuracy": 0.6913677314000001}
{"config": [6, 16, 32, 32, 0, 1], "accuracy": 0.6912366912}
{"config": [9, 16, 64, 32, 1, 1], "accuracy": 0.6911384111000001}
{"config": [3, 64, 128, 64, 0, 1], "accuracy": 0.6895823096}
{"config": [6, 32, 128, 41, 1, 0], "accuracy": 0.6878624079}
{"config": [6, 64, 32, 32, 0, 0], "accuracy": 0.6878132678000001}
{"config": [9, 16, 64, 41, 0, 1], "accuracy": 0.6876003276}
{"config": [3, 64, 32, 32, 0, 1], "accuracy": 0.6858968059}
{"config": [9, 16, 32, 64, 1, 0], "accuracy": 0.6858640459}
{"config": [6, 16, 64, 64, 0, 1], "accuracy": 0.6857657658}
{"config": [9, 32, 32, 41, 0, 0], "accuracy": 0.6841277641}
{"config": [6, 16, 64, 64, 0, 0], "accuracy": 0.684045864}
{"config": [3, 64, 64, 41, 0, 1], "accuracy": 0.6824078624000001}
{"config": [9, 16, 64, 64, 0, 0], "accuracy": 0.6822768223}
{"config": [9, 32, 32, 64, 1, 1], "accuracy": 0.6805569206000001}
{"config": [9, 64, 64, 32, 1, 1], "accuracy": 0.6789189189}
{"config": [9, 64, 64, 32, 1, 0], "accuracy": 0.6787878788}
{"config": [9, 32, 64, 41, 1, 1], "accuracy": 0.6786240786000001}
{"config": [9, 16, 32, 32, 1, 0], "accuracy": 0.6785913186}
{"config": [6, 64, 64, 41, 1, 0], "accuracy": 0.6715151515000001}
{"config": [3, 64, 64, 32, 0, 1], "accuracy": 0.6696642097000001}
{"config": [3, 64, 64, 64, 0, 1], "accuracy": 0.667993448}
{"config": [3, 64, 64, 32, 1, 1], "accuracy": 0.6661916462}
{"config": [3, 16, 128, 64, 1, 1],