{"config": [3, 64, 16, 32, 0, 1], "accuracy": 0.8644628099}
{"config": [3, 16, 32, 64, 1, 1], "accuracy": 0.8595041322}
{"config": [3, 32, 32, 64, 0, 1], "accuracy": 0.8561983471}
{"config": [3, 16, 32, 41, 1, 0], "accuracy": 0.8561983471}
{"config": [3, 32, 32, 32, 0, 0], "accuracy": 0.8545454545000001}
{"config": [3, 64, 16, 41, 1, 1], "accuracy": 0.8545454545000001}
{"config": [3, 64, 16, 64, 0, 1], "accuracy": 0.8528925620000001}
{"config": [3, 64, 32, 32, 0, 0], "accuracy": 0.8528925620000001}
{"config": [9, 64, 16, 32, 0, 1], "accuracy": 0.8512396694000001}
{"config": [6, 64, 16, 32, 1, 0], "accuracy": 0.8512396694000001}
{"config": [3, 32, 32, 41, 1, 1], "accuracy": 0.8512396694000001}
{"config": [3, 64, 16, 41, 0, 1], "accuracy": 0.8512396694000001}
{"config": [3, 16, 32, 41, 0, 1], "accuracy": 0.8495867769000001}
{"config": [3, 16, 16, 32, 1, 0], "accuracy": 0.8495867769000001}
{"config": [3, 32, 16, 41, 1, 1], "accuracy": 0.8495867769000001}
{"config": [3, 32, 16, 41, 0, 0], "accuracy": 0.8495867769000001}
{"config": [3, 64, 16, 32, 1, 0], "accuracy": 0.8495867769000001}
{"config": [6, 64, 16, 64, 1, 1], "accuracy": 0.8495867769000001}
{"config": [3, 64, 32, 41, 0, 1], "accuracy": 0.8495867769000001}
{"config": [6, 16, 16, 41, 0, 1], "accuracy": 0.8479338843}
{"config": [3, 16, 16, 64, 1, 1], "accuracy": 0.8479338843}
{"config": [6, 16, 16, 41, 0, 0], "accuracy": 0.8479338843}
{"config": [9, 16, 16, 32, 1, 1], "accuracy": 0.8479338843}
{"config": [3, 16, 32, 32, 0, 0], "accuracy": 0.8479338843}
{"config": [3, 16, 32, 32, 0, 1], "accuracy": 0.8479338843}
{"config": [9, 32, 16, 41, 0, 1], "accuracy": 0.8479338843}
{"config": [3, 32, 16, 41, 1, 0], "accuracy": 0.8479338843}
{"config": [9, 64, 32, 64, 1, 0], "accuracy": 0.8479338843}
{"config": [3, 32, 16, 64, 1, 1], "accuracy": 0.8479338843}
{"config": [6, 32, 16, 32, 1, 0], "accuracy": 0.8462809917}
{"config": [6, 32, 16, 64, 1, 0], "accuracy": 0.8462809917}
{"config": [6, 16, 16, 32, 1, 1], "accuracy": 0.8462809917}
{"config": [6, 16, 16, 41, 1, 1], "accuracy": 0.8462809917}
{"config": [6, 32, 32, 32, 1, 1], "accuracy": 0.8462809917}
{"config": [3, 32, 16, 32, 1, 0], "accuracy": 0.8462809917}
{"config": [3, 32, 16, 64, 1, 0], "accuracy": 0.8446280992}
{"config": [3, 64, 32, 64, 1, 1], "accuracy": 0.8446280992}
{"config": [6, 16, 32, 32, 0, 1], "accuracy": 0.8446280992}
{"config": [6, 64, 16, 41, 1, 1], "accuracy": 0.8429752066}
{"config": [3, 16, 16, 41, 1, 1], "accuracy": 0.8429752066}
{"config": [6, 16, 32, 64, 0, 1], "accuracy": 0.8429752066}
{"config": [3, 16, 16, 32, 1, 1], "accuracy": 0.8429752066}
{"config": [9, 16, 16, 41, 0, 0], "accuracy": 0.841322314}
{"config": [6, 16, 32, 32, 1, 0], "accuracy": 0.841322314}
{"config": [3, 64, 16, 32, 1, 1], "accuracy": 0.841322314}
{"config": [6, 32, 16, 41, 1, 1], "accuracy": 0.841322314}
{"config": [3, 16, 32, 64, 1, 0], "accuracy": 0.841322314}
{"config": [3, 32, 32, 41, 1, 0], "accuracy": 0.841322314}
{"config": [3, 32, 32, 64, 1, 0], "accuracy": 0.841322314}
{"config": [3, 64, 64, 32, 0, 1], "accuracy": 0.8396694215}
{"config": [3, 16, 16, 41, 0, 1], "accuracy": 0.8396694215}
{"config": [3, 16, 32, 64, 0, 0], "accuracy": 0.8396694215}
{"config": [6, 64, 16, 41, 1, 0], "accuracy": 0.8396694215}
{"config": [3, 32, 64, 64, 1, 1], "accuracy": 0.8396694215}
{"config": [9, 16, 16, 41, 1, 1], "accuracy": 0.8396694215}
{"config": [9, 16, 32, 32, 1, 1], "accuracy": 0.8396694215}
{"config": [3, 32, 128, 32, 0, 1], "accuracy": 0.8396694215}
{"config": [3, 64, 32, 32, 0, 1], "accuracy": 0.8396694215}
{"config": [3, 64, 32, 41, 0, 0], "accuracy": 0.8396694215}
{"config": [6, 64, 16, 64, 1, 0], "accuracy": 0.8380165289}
{"config": [6, 32, 64, 41, 0, 1], "accuracy": 0.8380165289}
{"config": [3, 64, 32, 32, 1, 0], "accuracy": 0.8380165289}
{"config": [3, 64, 16, 32, 0, 0], "accuracy": 0.8380165289}
{"config": [6, 16, 16, 32, 1, 0], "accuracy": 0.8380165289}
{"config": [9, 32, 32, 64, 0, 1], "accuracy": 0.8380165289}
{"config": [6, 16, 16, 64, 0, 1], "accuracy": 0.8380165289}
{"config": [9, 64, 16, 32, 1, 0], "accuracy": 0.8380165289}
{"config": [9, 32, 16, 32, 0, 1], "accuracy": 0.8363636364}
{"config": [9, 64, 32, 41, 0, 0], "accuracy": 0.8363636364}
{"config": [6, 16, 16, 64, 0, 0], "accuracy": 0.8347107438}
{"config": [3, 16, 32, 32, 1, 1], "accuracy": 0.8347107438}
{"config": [6, 16, 16, 64, 1, 0], "accuracy": 0.8347107438}
{"config": [9, 32, 32, 64, 1, 1], "accuracy": 0.8347107438}
{"config": [9, 64, 16, 41, 1, 1], "accuracy": 0.8347107438}
{"config": [3, 64, 32, 32, 1, 1], "accuracy": 0.8347107438}
{"config": [9, 32, 16, 32, 1, 0], "accuracy": 0.8347107438}
{"config": [6, 64, 32, 64, 0, 0], "accuracy": 0.8347107438}
{"config": [9, 16, 16, 41, 1, 0], "accuracy": 0.8330578512}
{"config": [9, 64, 32, 64, 0, 1], "accuracy": 0.8330578512}
{"config": [3, 64, 128, 41, 0, 1], "accuracy": 0.8330578512}
{"config": [6, 64, 64, 32, 1, 1], "accuracy": 0.8330578512}
{"config": [9, 32, 16, 32, 1, 1], "accuracy": 0.8330578512}
{"config": [3, 64, 64, 41, 1, 0], "accuracy": 0.8330578512}
{"config": [9, 16, 16, 64, 1, 1], "accuracy": 0.8330578512}
{"config": [6, 32, 16, 64, 0, 0], "accuracy": 0.8314049587000001}
{"config": [3, 16, 16, 32, 0, 1], "accuracy": 0.8314049587000001}
{"config": [3, 64, 16, 41, 1, 0], "accuracy": 0.8314049587000001}
{"config": [9, 16, 32, 32, 0, 0], "accuracy": 0.8297520661000001}
{"config": [9, 16, 16, 64, 0, 1], "accuracy": 0.8297520661000001}
{"config": [9, 32, 32, 32, 1, 1], "accuracy": 0.8297520661000001}
{"config": [6, 16, 32, 41, 0, 0], "accuracy": 0.8280991736000001}
{"config": [9, 32, 32, 32, 1, 0], "accuracy": 0.8280991736000001}
{"config": [6, 32, 16, 32, 0, 0], "accuracy": 0.8280991736000001}
{"config": [3, 64, 64, 32, 0, 0], "accuracy": 0.8264462810000001}
{"config": [3, 16, 128, 41, 1, 0], "accuracy": 0.8264462810000001}
{"config": [6, 16, 32, 41, 1, 1], "accuracy": 0.8264462810000001}
{"config": [6, 32, 16, 32, 0, 1], "accuracy": 0.8264462810000001}
{"config": [6, 64, 32, 64, 0, 1], "accuracy": 0.8264462810000001}
{"config": [9, 16, 32, 32, 1, 0], "accuracy": 0.8264462810000001}
{"config": [9, 64, 32, 32, 0, 1], "accuracy": 0.8247933884}
{"config": [3, 64, 64, 41, 1, 1], "accuracy": 0.8247933884}
{"config": [9, 16, 64, 64, 0, 1], "accuracy": 0.8247933884}
{"config": [3, 64, 64, 64, 0, 1], "accuracy": 0.8247933884}
{"config": [6, 16, 32, 64, 1, 0], "accuracy": 0.8231404959}
{"config": [9, 16, 64, 64, 0, 0], "accuracy": 0.8231404959}
{"config": [3, 64, 128, 64, 1, 0], "accuracy": 0.8214876033}
{"config": [6, 16, 64, 64, 0, 0], "accuracy": 0.8214876033}
{"config": [3, 64, 64, 32, 1, 1], "accuracy": 0.8214876033}
{"config": [3, 32, 16, 41, 0, 1], "accuracy": 0.8214876033}
{"config": [6, 16, 32, 32, 0, 0], "accuracy": 0.8214876033}
{"config": [6, 64, 32, 64, 1, 0], "accuracy": 0.8214876033}
{"config": [3, 16, 64, 64, 1, 1], "accuracy": 0.8198347107}
{"config": [9, 16, 32, 64, 1, 1], "accuracy": 0.8198347107}
{"config": [6, 16, 128, 64, 1, 0], "accuracy": 0.8198347107}
{"config": [6, 32, 64, 32, 0, 1], "accuracy": 0.8181818182}
{"config": [6, 16, 32, 41, 0, 1], "accuracy": 0.8181818182}
{"config": [9, 32, 32, 41, 0, 0], "accuracy": 0.8181818182}
{"config": [3, 64, 128, 32, 1, 0], "accuracy": 0.8181818182}
{"config": [6, 64, 64, 32, 0, 0], "accuracy": 0.8181818182}
{"config": [9, 16, 32, 64, 1, 0], "accuracy": 0.8181818182}
{"config": [6, 32, 32, 32, 0, 1], "accuracy": 0.8181818182}
{"config": [6, 64, 64, 41, 1, 1], "accuracy": 0.8181818182}
{"config": [3, 16, 128, 32, 0, 0], "accuracy": 0.8181818182}
{"config": [3, 32, 64, 32, 1, 0], "accuracy": 0.8165289256}
{"config": [9, 64, 16, 41, 1, 0], "accuracy": 0.8148760331}
{"config": [6, 64, 32, 32, 0, 0], "accuracy": 0.8148760331}
{"config": [3, 16, 128, 64, 1, 1], "accuracy": 0.8148760331}
{"config": [6, 16, 64, 32, 1, 0],