{"config": [9, 16, 128, 32, 1, 0], "accuracy": 0.983720087}
{"config": [6, 32, 128, 41, 1, 0], "accuracy": 0.9827203978000001}
{"config": [6, 16, 128, 64, 1, 0], "accuracy": 0.9827152181000001}
{"config": [9, 64, 64, 32, 0, 1], "accuracy": 0.9816999896}
{"config": [6, 64, 64, 41, 1, 1], "accuracy": 0.9806899410000001}
{"config": [9, 64, 64, 41, 1, 0], "accuracy": 0.9806847612}
{"config": [9, 16, 32, 32, 1, 1], "accuracy": 0.9806640423}
{"config": [9, 32, 128, 64, 1, 1], "accuracy": 0.9806536828}
{"config": [6, 16, 128, 32, 0, 1], "accuracy": 0.9796747125}
{"config": [9, 32, 128, 32, 0, 1], "accuracy": 0.9796695328}
{"config": [9, 16, 64, 64, 0, 0], "accuracy": 0.9796695328}
{"config": [9, 16, 32, 64, 1, 1], "accuracy": 0.9796643531}
{"config": [9, 32, 64, 64, 0, 1], "accuracy": 0.9796591733000001}
{"config": [6, 16, 128, 64, 0, 0], "accuracy": 0.9796539936}
{"config": [9, 64, 16, 32, 1, 0], "accuracy": 0.9796539936}
{"config": [3, 16, 32, 41, 1, 0], "accuracy": 0.9796488138}
{"config": [9, 64, 32, 64, 1, 0], "accuracy": 0.9796488138}
{"config": [9, 16, 64, 64, 0, 1], "accuracy": 0.9796436341}
{"config": [6, 32, 16, 32, 1, 0], "accuracy": 0.9786543044}
{"config": [3, 16, 128, 64, 0, 0], "accuracy": 0.9786543044}
{"config": [6, 16, 128, 64, 1, 1], "accuracy": 0.9786439449000001}
{"config": [9, 64, 128, 64, 1, 1], "accuracy": 0.9786335854}
{"config": [3, 64, 128, 64, 0, 1], "accuracy": 0.9786284057}
{"config": [6, 32, 64, 64, 0, 0], "accuracy": 0.9786284057}
{"config": [9, 64, 64, 64, 1, 0], "accuracy": 0.9786284057}
{"config": [9, 16, 128, 64, 0, 0], "accuracy": 0.9786232259000001}
{"config": [3, 16, 16, 64, 1, 1], "accuracy": 0.9786232259000001}
{"config": [6, 64, 64, 32, 0, 0], "accuracy": 0.9776338962000001}
{"config": [3, 32, 64, 32, 1, 0], "accuracy": 0.9776338962000001}
{"config": [6, 32, 128, 32, 1, 0], "accuracy": 0.9776287165}
{"config": [3, 64, 32, 41, 0, 0], "accuracy": 0.9776287165}
{"config": [9, 32, 32, 64, 1, 1], "accuracy": 0.9776235367}
{"config": [9, 16, 16, 41, 1, 1], "accuracy": 0.9776235367}
{"config": [6, 32, 64, 32, 0, 1], "accuracy": 0.9776183570000001}
{"config": [3, 16, 32, 32, 0, 0], "accuracy": 0.9776183570000001}
{"config": [9, 64, 128, 32, 0, 0], "accuracy": 0.9776183570000001}
{"config": [6, 32, 32, 32, 1, 1], "accuracy": 0.9776131773000001}
{"config": [3, 32, 16, 41, 0, 1], "accuracy": 0.9776028178}
{"config": [6, 64, 32, 64, 0, 1], "accuracy": 0.9776028178}
{"config": [3, 64, 32, 32, 1, 1], "accuracy": 0.9775976380000001}
{"config": [6, 16, 32, 41, 1, 1], "accuracy": 0.9766290272}
{"config": [9, 16, 64, 41, 0, 0], "accuracy": 0.976613488}
{"config": [6, 32, 16, 32, 0, 0], "accuracy": 0.976613488}
{"config": [9, 32, 64, 41, 1, 0], "accuracy": 0.976613488}
{"config": [3, 32, 128, 41, 1, 0], "accuracy": 0.976613488}
{"config": [3, 16, 32, 32, 1, 1], "accuracy": 0.9766083083}
{"config": [9, 16, 32, 32, 1, 0], "accuracy": 0.9766083083}
{"config": [9, 16, 32, 64, 1, 0], "accuracy": 0.9766083083}
{"config": [6, 32, 16, 32, 0, 1], "accuracy": 0.9766031286}
{"config": [6, 16, 16, 41, 0, 0], "accuracy": 0.9765875894}
{"config": [9, 32, 64, 32, 1, 0], "accuracy": 0.9765875894}
{"config": [6, 64, 64, 41, 0, 0], "accuracy": 0.9765875894}
{"config": [9, 64, 64, 32, 1, 0], "accuracy": 0.9765824096000001}
{"config": [6, 16, 64, 64, 0, 1], "accuracy": 0.9756034393}
{"config": [3, 16, 32, 64, 1, 0], "accuracy": 0.9756034393}
{"config": [6, 32, 16, 64, 0, 0], "accuracy": 0.9755930799}
{"config": [3, 16, 128, 41, 1, 0], "accuracy": 0.9755879001000001}
{"config": [6, 16, 64, 64, 0, 0], "accuracy": 0.9755827204}
{"config": [3, 64, 16, 64, 0, 1], "accuracy": 0.9755827204}
{"config": [3, 16, 128, 64, 1, 1], "accuracy": 0.9755827204}
{"config": [6, 16, 32, 64, 0, 1], "accuracy": 0.9755827204}
{"config": [3, 32, 16, 41, 0, 0], "accuracy": 0.9755775407}
{"config": [3, 64, 16, 32, 0, 1], "accuracy": 0.9755775407}
{"config": [6, 64, 64, 32, 1, 1], "accuracy": 0.9755775407}
{"config": [9, 16, 32, 32, 0, 0], "accuracy": 0.9755723609}
{"config": [9, 64, 16, 41, 1, 1], "accuracy": 0.9755620015}
{"config": [6, 16, 128, 41, 1, 1], "accuracy": 0.9755620015}
{"config": [3, 32, 32, 64, 0, 1], "accuracy": 0.9745830312}
{"config": [6, 32, 32, 32, 0, 0], "accuracy": 0.9745726717000001}
{"config": [3, 16, 32, 41, 0, 1], "accuracy": 0.9745726717000001}
{"config": [3, 16, 16, 41, 1, 1], "accuracy": 0.9745726717000001}
{"config": [3, 64, 16, 41, 1, 1], "accuracy": 0.9745726717000001}
{"config": [9, 32, 16, 32, 1, 0], "accuracy": 0.9745726717000001}
{"config": [6, 16, 32, 32, 0, 1], "accuracy": 0.974567492}
{"config": [6, 16, 16, 32, 1, 1], "accuracy": 0.9745571325000001}
{"config": [3, 64, 32, 32, 0, 1], "accuracy": 0.9745571325000001}
{"config": [6, 64, 16, 64, 1, 0], "accuracy": 0.9745571325000001}
{"config": [6, 64, 128, 32, 0, 0], "accuracy": 0.974546773}
{"config": [3, 32, 128, 32, 0, 1], "accuracy": 0.9745415933}
{"config": [6, 64, 128, 41, 0, 0], "accuracy": 0.9745415933}
{"config": [9, 16, 16, 41, 1, 0], "accuracy": 0.9745415933}
{"config": [3, 32, 128, 64, 0, 0], "accuracy": 0.9735833420000001}
{"config": [6, 16, 128, 64, 0, 1], "accuracy": 0.9735781622}
{"config": [6, 16, 64, 41, 0, 0], "accuracy": 0.9735729825}
{"config": [9, 64, 32, 64, 0, 1], "accuracy": 0.9735678028}
{"config": [9, 64, 16, 41, 1, 0], "accuracy": 0.9735626230000001}
{"config": [6, 16, 32, 32, 1, 0], "accuracy": 0.9735626230000001}
{"config": [3, 16, 32, 32, 0, 1], "accuracy": 0.9735626230000001}
{"config": [6, 64, 128, 64, 0, 0], "accuracy": 0.9735574433}
{"config": [3, 64, 32, 32, 0, 0], "accuracy": 0.9735574433}
{"config": [3, 16, 32, 64, 0, 0], "accuracy": 0.9735522635}
{"config": [9, 64, 128, 41, 1, 1], "accuracy": 0.9735522635}
{"config": [3, 16, 128, 41, 0, 0], "accuracy": 0.9735522635}
{"config": [9, 64, 64, 41, 0, 1], "accuracy": 0.9735470838}
{"config": [9, 32, 128, 41, 1, 0], "accuracy": 0.9735470838}
{"config": [6, 32, 64, 41, 0, 1], "accuracy": 0.9735419041000001}
{"config": [6, 32, 16, 64, 1, 0], "accuracy": 0.9735419041000001}
{"config": [9, 64, 32, 32, 1, 0], "accuracy": 0.9735315446}
{"config": [3, 16, 16, 32, 0, 1], "accuracy": 0.9735263649}
{"config": [6, 64, 64, 41, 1, 0], "accuracy": 0.9735263649}
{"config": [3, 64, 32, 64, 1, 1], "accuracy": 0.9725473946000001}
{"config": [6, 16, 16, 64, 0, 1], "accuracy": 0.9725422149}
{"config": [3, 64, 128, 32, 1, 0], "accuracy": 0.9725422149}
{"config": [6, 16, 32, 41, 0, 0], "accuracy": 0.9725370351}
{"config": [3, 16, 16, 32, 1, 0], "accuracy": 0.9725318554000001}
{"config": [6, 64, 16, 41, 1, 0], "accuracy": 0.9725318554000001}
{"config": [3, 64, 16, 32, 1, 0], "accuracy": 0.9725266756000001}
{"config": [9, 64, 128, 64, 1, 0], "accuracy": 0.9725266756000001}
{"config": [6, 32, 32, 32, 0, 1], "accuracy": 0.9725266756000001}
{"config": [3, 16, 128, 32, 0, 0], "accuracy": 0.9725266756000001}
{"config": [6, 64, 16, 64, 1, 1], "accuracy": 0.9725214959}
{"config": [9, 16, 16, 41, 0, 0], "accuracy": 0.9725214959}
{"config": [6, 16, 64, 32, 1, 0], "accuracy": 0.9725163162}
{"config": [3, 32, 64, 64, 1, 1], "accuracy": 0.9715425256}
{"config": [3, 16, 64, 64, 1, 1], "accuracy": 0.9715373459000001}
{"config": [9, 32, 32, 32, 1, 0], "accuracy": 0.9715321662}
{"config": [9, 32, 32, 64, 1, 0], "accuracy": 0.9715321662}
{"config": [6, 64, 128, 64, 1, 1], "accuracy": 0.9715269864}
{"config": [3, 32, 32, 32, 0, 0], "accuracy": 0.9715218067}
{"config": [9, 16, 64, 41, 0, 1], "accuracy": 0.9715218067}
{"config": [3, 16, 16, 32, 1, 1], "accuracy": 0.9715166270000001}
{"config": [6, 16, 32, 41, 0, 1], "accuracy": 0.9715166270000001}
{"config": [3, 32, 32, 41, 1, 0], "accuracy": 0.9715166270000001}
{"config": [3, 64, 128, 41, 1, 1], "accuracy": 0.9715166270000001}
{"config": [3, 16, 128, 41, 0, 1], "accuracy": 0.9715166270000001}
{"config": [9, 16, 128, 64, 1, 0],