{"config": [9, 32, 32, 64, 1, 0], "accuracy": 0.8541436464000001}
{"config": [6, 64, 32, 64, 1, 0], "accuracy": 0.8541436464000001}
{"config": [6, 64, 16, 64, 1, 1], "accuracy": 0.8419889503}
{"config": [6, 32, 64, 64, 0, 0], "accuracy": 0.8408839779}
{"config": [6, 64, 128, 64, 0, 0], "accuracy": 0.8386740331}
{"config": [9, 64, 32, 32, 0, 1], "accuracy": 0.8375690608}
{"config": [6, 64, 128, 64, 1, 1], "accuracy": 0.8375690608}
{"config": [6, 16, 32, 64, 0, 1], "accuracy": 0.8375690608}
{"config": [6, 32, 16, 64, 0, 0], "accuracy": 0.8364640884000001}
{"config": [6, 64, 128, 64, 0, 1], "accuracy": 0.8364640884000001}
{"config": [6, 64, 16, 64, 1, 0], "accuracy": 0.835359116}
{"config": [3, 64, 64, 64, 0, 1], "accuracy": 0.8342541436}
{"config": [3, 64, 16, 64, 0, 1], "accuracy": 0.8342541436}
{"config": [9, 32, 128, 64, 1, 1], "accuracy": 0.8331491713}
{"config": [9, 32, 64, 64, 0, 1], "accuracy": 0.8331491713}
{"config": [6, 64, 64, 64, 0, 1], "accuracy": 0.8331491713}
{"config": [9, 64, 32, 64, 0, 1], "accuracy": 0.8331491713}
{"config": [6, 16, 16, 64, 1, 0], "accuracy": 0.8331491713}
{"config": [9, 64, 16, 41, 1, 0], "accuracy": 0.8309392265000001}
{"config": [3, 32, 128, 64, 0, 0], "accuracy": 0.8309392265000001}
{"config": [9, 16, 16, 64, 0, 1], "accuracy": 0.8309392265000001}
{"config": [6, 64, 32, 64, 0, 0], "accuracy": 0.8309392265000001}
{"config": [6, 64, 64, 64, 0, 0], "accuracy": 0.8298342541}
{"config": [3, 64, 128, 64, 0, 0], "accuracy": 0.8298342541}
{"config": [9, 16, 32, 64, 1, 0], "accuracy": 0.8287292818}
{"config": [6, 64, 32, 41, 0, 1], "accuracy": 0.8287292818}
{"config": [9, 64, 32, 32, 1, 0], "accuracy": 0.8287292818}
{"config": [9, 32, 32, 64, 1, 1], "accuracy": 0.8276243094}
{"config": [9, 64, 16, 32, 0, 1], "accuracy": 0.8276243094}
{"config": [3, 64, 128, 64, 0, 1], "accuracy": 0.8254143646000001}
{"config": [6, 64, 32, 64, 0, 1], "accuracy": 0.8254143646000001}
{"config": [6, 32, 16, 64, 1, 0], "accuracy": 0.8243093923}
{"config": [9, 32, 16, 41, 0, 1], "accuracy": 0.8243093923}
{"config": [3, 32, 16, 64, 1, 1], "accuracy": 0.8232044199}
{"config": [3, 64, 32, 64, 1, 1], "accuracy": 0.8232044199}
{"config": [6, 64, 16, 41, 1, 0], "accuracy": 0.8232044199}
{"config": [6, 32, 128, 64, 0, 0], "accuracy": 0.8232044199}
{"config": [9, 64, 32, 64, 1, 0], "accuracy": 0.8220994475000001}
{"config": [6, 32, 16, 41, 1, 1], "accuracy": 0.8220994475000001}
{"config": [9, 64, 16, 41, 1, 1], "accuracy": 0.8220994475000001}
{"config": [6, 32, 64, 41, 0, 1], "accuracy": 0.8209944751}
{"config": [9, 64, 128, 64, 1, 0], "accuracy": 0.8209944751}
{"config": [9, 16, 32, 64, 1, 1], "accuracy": 0.8209944751}
{"config": [9, 64, 32, 41, 0, 0], "accuracy": 0.8209944751}
{"config": [6, 32, 32, 64, 1, 0], "accuracy": 0.8198895028000001}
{"config": [6, 64, 64, 41, 1, 0], "accuracy": 0.8198895028000001}
{"config": [3, 32, 32, 64, 1, 0], "accuracy": 0.8198895028000001}
{"config": [3, 32, 16, 64, 1, 0], "accuracy": 0.8198895028000001}
{"config": [6, 32, 128, 64, 1, 1], "accuracy": 0.8187845304}
{"config": [6, 64, 16, 41, 1, 1], "accuracy": 0.8187845304}
{"config": [9, 16, 16, 41, 1, 1], "accuracy": 0.8187845304}
{"config": [3, 32, 64, 64, 1, 1], "accuracy": 0.8187845304}
{"config": [6, 64, 64, 41, 1, 1], "accuracy": 0.8187845304}
{"config": [9, 32, 32, 32, 1, 0], "accuracy": 0.8187845304}
{"config": [6, 16, 32, 64, 1, 0], "accuracy": 0.817679558}
{"config": [9, 64, 64, 41, 1, 0], "accuracy": 0.817679558}
{"config": [9, 64, 128, 64, 1, 1], "accuracy": 0.817679558}
{"config": [6, 32, 16, 32, 0, 0], "accuracy": 0.8165745856000001}
{"config": [6, 16, 128, 64, 1, 1], "accuracy": 0.8165745856000001}
{"config": [9, 32, 32, 64, 0, 1], "accuracy": 0.8165745856000001}
{"config": [9, 64, 128, 32, 1, 0], "accuracy": 0.8154696133}
{"config": [6, 16, 16, 41, 0, 0], "accuracy": 0.8154696133}
{"config": [6, 16, 16, 41, 1, 1], "accuracy": 0.8154696133}
{"config": [9, 16, 128, 64, 0, 0], "accuracy": 0.8143646409}
{"config": [3, 16, 16, 64, 1, 1], "accuracy": 0.8143646409}
{"config": [9, 32, 128, 41, 1, 0], "accuracy": 0.8143646409}
{"config": [9, 64, 128, 41, 1, 0], "accuracy": 0.8132596685}
{"config": [9, 32, 32, 41, 0, 0], "accuracy": 0.8132596685}
{"config": [9, 16, 16, 64, 1, 1], "accuracy": 0.8132596685}
{"config": [9, 64, 64, 41, 0, 1], "accuracy": 0.8121546961}
{"config": [6, 64, 64, 32, 0, 0], "accuracy": 0.8121546961}
{"config": [9, 64, 16, 32, 1, 0], "accuracy": 0.8121546961}
{"config": [6, 16, 64, 64, 0, 0], "accuracy": 0.8121546961}
{"config": [9, 16, 64, 64, 0, 1], "accuracy": 0.8110497238000001}
{"config": [9, 64, 64, 64, 1, 0], "accuracy": 0.8110497238000001}
{"config": [3, 64, 128, 64, 1, 0], "accuracy": 0.8099447514}
{"config": [6, 64, 128, 41, 0, 0], "accuracy": 0.8099447514}
{"config": [6, 32, 32, 41, 1, 0], "accuracy": 0.808839779}
{"config": [3, 32, 32, 64, 0, 1], "accuracy": 0.808839779}
{"config": [6, 32, 128, 41, 1, 0], "accuracy": 0.808839779}
{"config": [6, 64, 128, 41, 0, 1], "accuracy": 0.8077348066000001}
{"config": [6, 64, 64, 41, 0, 0], "accuracy": 0.8077348066000001}
{"config": [6, 16, 128, 64, 0, 1], "accuracy": 0.8066298343}
{"config": [9, 64, 64, 32, 1, 1], "accuracy": 0.8066298343}
{"config": [3, 64, 64, 41, 1, 1], "accuracy": 0.8066298343}
{"config": [9, 64, 128, 41, 1, 1], "accuracy": 0.8066298343}
{"config": [9, 16, 128, 64, 1, 0], "accuracy": 0.8055248619}
{"config": [9, 32, 16, 32, 0, 1], "accuracy": 0.8055248619}
{"config": [3, 32, 32, 41, 1, 1], "accuracy": 0.8033149171}
{"config": [9, 32, 16, 32, 1, 1], "accuracy": 0.8033149171}
{"config": [9, 64, 64, 32, 1, 0], "accuracy": 0.8022099448000001}
{"config": [6, 64, 32, 32, 0, 0], "accuracy": 0.8022099448000001}
{"config": [9, 32, 32, 41, 1, 0], "accuracy": 0.8022099448000001}
{"config": [9, 16, 16, 41, 1, 0], "accuracy": 0.8022099448000001}
{"config": [6, 32, 32, 41, 1, 1], "accuracy": 0.8011049724}
{"config": [3, 16, 32, 64, 0, 0], "accuracy": 0.8011049724}
{"config": [3, 64, 64, 41, 1, 0], "accuracy": 0.8011049724}
{"config": [6, 64, 16, 32, 1, 0], "accuracy": 0.8011049724}
{"config": [3, 64, 16, 41, 0, 1], "accuracy": 0.8011049724}
{"config": [6, 16, 16, 64, 0, 0], "accuracy": 0.8}
{"config": [9, 32, 32, 32, 1, 1], "accuracy": 0.8}
{"config": [6, 16, 16, 64, 0, 1], "accuracy": 0.8}
{"config": [3, 64, 16, 41, 1, 0], "accuracy": 0.8}
{"config": [3, 64, 16, 41, 1, 1], "accuracy": 0.8}
{"config": [9, 16, 16, 41, 0, 0], "accuracy": 0.7988950276}
{"config": [6, 16, 128, 64, 1, 0], "accuracy": 0.7988950276}
{"config": [9, 16, 16, 32, 1, 1], "accuracy": 0.7977900552}
{"config": [9, 32, 16, 32, 1, 0], "accuracy": 0.7977900552}
{"config": [6, 32, 32, 32, 1, 1], "accuracy": 0.7977900552}
{"config": [9, 64, 128, 32, 0, 0], "accuracy": 0.7977900552}
{"config": [6, 16, 64, 64, 0, 1], "accuracy": 0.7977900552}
{"config": [6, 16, 32, 41, 0, 1], "accuracy": 0.7977900552}
{"config": [9, 32, 128, 32, 0, 1], "accuracy": 0.7966850829000001}
{"config": [9, 32, 64, 32, 1, 0], "accuracy": 0.7966850829000001}
{"config": [3, 64, 32, 41, 0, 0], "accuracy": 0.7966850829000001}
{"config": [6, 32, 16, 32, 1, 0], "accuracy": 0.7966850829000001}
{"config": [9, 16, 64, 64, 0, 0], "accuracy": 0.7955801105}
{"config": [9, 32, 64, 41, 1, 0], "accuracy": 0.7955801105}
{"config": [9, 64, 64, 32, 0, 1], "accuracy": 0.7955801105}
{"config": [3, 16, 64, 64, 1, 0], "accuracy": 0.7955801105}
{"config": [6, 32, 128, 32, 1, 0], "accuracy": 0.7955801105}
{"config": [6, 16, 32, 41, 0, 0], "accuracy": 0.7944751381}
{"config": [6, 16, 16, 32, 1, 0], "accuracy": 0.7944751381}
{"config": [6, 64, 64, 32, 1, 1], "accuracy": 0.7944751381}
{"config": [6, 16, 16, 41, 0, 1], "accuracy": 0.7944751381}
{"config": [9, 32, 64, 41, 1, 1], "accuracy": 0.7933701657000001}
{"config": [6, 32, 32, 32, 0, 0], "accuracy": 0.7922651934}
{"config": [6, 16, 64, 41, 0, 0],