{"config": [6, 32, 32, 41, 1, 1], "accuracy": 0.7986425339000001}
{"config": [6, 16, 32, 41, 1, 1], "accuracy": 0.7984917044000001}
{"config": [6, 16, 64, 32, 1, 1], "accuracy": 0.7947963801}
{"config": [3, 32, 32, 41, 1, 0], "accuracy": 0.7945701357}
{"config": [3, 64, 16, 32, 0, 0], "accuracy": 0.7904223228}
{"config": [3, 16, 32, 41, 1, 0], "accuracy": 0.7750377074}
{"config": [3, 64, 32, 32, 0, 0], "accuracy": 0.7711915535}
{"config": [3, 32, 128, 41, 1, 0], "accuracy": 0.7709653092000001}
{"config": [3, 64, 128, 32, 1, 0], "accuracy": 0.7674962293}
{"config": [3, 64, 64, 32, 0, 0], "accuracy": 0.7674962293}
{"config": [3, 16, 64, 64, 1, 1], "accuracy": 0.7672699849}
{"config": [3, 64, 64, 41, 1, 0], "accuracy": 0.7671945701}
{"config": [6, 16, 32, 32, 1, 0], "accuracy": 0.7641025641}
{"config": [6, 32, 128, 41, 1, 0], "accuracy": 0.7636500754000001}
{"config": [6, 16, 32, 64, 0, 1], "accuracy": 0.7634992459000001}
{"config": [3, 64, 32, 32, 1, 0], "accuracy": 0.7634992459000001}
{"config": [3, 64, 128, 64, 0, 1], "accuracy": 0.7599547511}
{"config": [9, 16, 128, 32, 1, 1], "accuracy": 0.7598793363}
{"config": [6, 32, 32, 32, 0, 0], "accuracy": 0.7598039216}
{"config": [9, 16, 32, 32, 1, 1], "accuracy": 0.7595022624000001}
{"config": [6, 16, 32, 32, 0, 0], "accuracy": 0.7594268477}
{"config": [3, 32, 32, 41, 1, 1], "accuracy": 0.7562594268}
{"config": [6, 32, 32, 32, 0, 1], "accuracy": 0.7562594268}
{"config": [9, 16, 64, 32, 1, 1], "accuracy": 0.7561085973}
{"config": [6, 32, 16, 32, 0, 1], "accuracy": 0.7559577677}
{"config": [3, 32, 64, 32, 1, 0], "accuracy": 0.7558823529}
{"config": [3, 32, 16, 32, 1, 0], "accuracy": 0.7553544495000001}
{"config": [6, 16, 32, 32, 0, 1], "accuracy": 0.7521116139}
{"config": [3, 32, 32, 64, 1, 0], "accuracy": 0.7521116139}
{"config": [3, 16, 32, 32, 1, 1], "accuracy": 0.7520361991000001}
{"config": [9, 16, 16, 32, 1, 1], "accuracy": 0.7519607843}
{"config": [3, 16, 32, 64, 1, 0], "accuracy": 0.7519607843}
{"config": [3, 16, 128, 64, 1, 1], "accuracy": 0.7518099548}
{"config": [3, 32, 16, 41, 1, 1], "accuracy": 0.7518099548}
{"config": [9, 16, 64, 64, 0, 0], "accuracy": 0.7515837104}
{"config": [6, 16, 32, 41, 0, 0], "accuracy": 0.7486425339}
{"config": [3, 64, 32, 32, 0, 1], "accuracy": 0.7484162896000001}
{"config": [6, 32, 64, 41, 0, 1], "accuracy": 0.7481900452}
{"config": [3, 64, 128, 41, 0, 1], "accuracy": 0.7480392157}
{"config": [6, 32, 128, 64, 1, 1], "accuracy": 0.7479638009}
{"config": [3, 64, 32, 32, 1, 1], "accuracy": 0.7478883861000001}
{"config": [6, 16, 128, 32, 0, 1], "accuracy": 0.7445701357000001}
{"config": [3, 64, 64, 32, 0, 1], "accuracy": 0.744494721}
{"config": [3, 16, 32, 41, 0, 1], "accuracy": 0.7444193062000001}
{"config": [3, 16, 128, 41, 0, 1], "accuracy": 0.7443438914}
{"config": [3, 64, 32, 41, 0, 1], "accuracy": 0.7442684766000001}
{"config": [3, 16, 32, 32, 0, 1], "accuracy": 0.7441930618}
{"config": [6, 16, 16, 64, 1, 0], "accuracy": 0.7441176471000001}
{"config": [6, 32, 64, 32, 0, 1], "accuracy": 0.7441176471000001}
{"config": [9, 32, 16, 32, 1, 0], "accuracy": 0.7441176471000001}
{"config": [3, 64, 32, 64, 1, 1], "accuracy": 0.7438159879}
{"config": [3, 16, 16, 32, 1, 0], "accuracy": 0.7437405732}
{"config": [3, 16, 128, 64, 0, 0], "accuracy": 0.7407993967000001}
{"config": [3, 64, 32, 41, 0, 0], "accuracy": 0.7407239819}
{"config": [3, 64, 128, 64, 1, 0], "accuracy": 0.7407239819}
{"config": [9, 16, 64, 41, 0, 1], "accuracy": 0.7407239819}
{"config": [9, 64, 64, 41, 1, 0], "accuracy": 0.7407239819}
{"config": [3, 64, 128, 64, 0, 0], "accuracy": 0.7404223228}
{"config": [6, 32, 16, 32, 1, 0], "accuracy": 0.7404223228}
{"config": [3, 32, 128, 64, 0, 0], "accuracy": 0.7401960784}
{"config": [3, 16, 32, 64, 0, 0], "accuracy": 0.7400452489}
{"config": [3, 16, 16, 41, 0, 1], "accuracy": 0.7399698341000001}
{"config": [9, 16, 32, 32, 0, 0], "accuracy": 0.7368024133000001}
{"config": [3, 32, 64, 64, 1, 1], "accuracy": 0.7367269985}
{"config": [3, 16, 16, 64, 1, 1], "accuracy": 0.7366515837000001}
{"config": [3, 16, 32, 32, 0, 0], "accuracy": 0.7365007541}
{"config": [3, 64, 64, 41, 0, 1], "accuracy": 0.7362745098}
{"config": [3, 32, 32, 32, 0, 0], "accuracy": 0.736199095}
{"config": [3, 64, 64, 32, 1, 1], "accuracy": 0.7328054299}
{"config": [3, 64, 16, 32, 0, 1], "accuracy": 0.7328054299}
{"config": [3, 16, 16, 32, 0, 1], "accuracy": 0.7327300151}
{"config": [6, 16, 16, 32, 1, 0], "accuracy": 0.7325037707000001}
{"config": [9, 16, 128, 64, 0, 0], "accuracy": 0.7325037707000001}
{"config": [6, 16, 128, 64, 1, 0], "accuracy": 0.7325037707000001}
{"config": [6, 32, 128, 32, 1, 0], "accuracy": 0.732428356}
{"config": [3, 32, 16, 64, 1, 0], "accuracy": 0.732428356}
{"config": [3, 64, 64, 41, 1, 1], "accuracy": 0.7288838612}
{"config": [9, 32, 128, 32, 0, 0], "accuracy": 0.7288084465}
{"config": [6, 64, 32, 32, 0, 0], "accuracy": 0.7285822021}
{"config": [3, 16, 128, 32, 0, 0], "accuracy": 0.7285822021}
{"config": [6, 16, 16, 41, 1, 1], "accuracy": 0.7251131222}
{"config": [6, 16, 64, 64, 0, 1], "accuracy": 0.7251131222}
{"config": [9, 32, 16, 41, 0, 1], "accuracy": 0.7250377074000001}
{"config": [9, 32, 32, 41, 0, 0], "accuracy": 0.7248868778}
{"config": [3, 64, 16, 32, 1, 1], "accuracy": 0.7248868778}
{"config": [3, 16, 16, 41, 1, 1], "accuracy": 0.7248114630000001}
{"config": [3, 64, 16, 32, 1, 0], "accuracy": 0.7245852187}
{"config": [3, 64, 64, 41, 0, 0], "accuracy": 0.7244343891}
{"config": [6, 64, 64, 32, 0, 0], "accuracy": 0.7214177979}
{"config": [3, 64, 16, 41, 1, 1], "accuracy": 0.7211915535}
{"config": [9, 32, 64, 64, 0, 1], "accuracy": 0.7209653092}
{"config": [6, 64, 128, 32, 0, 0], "accuracy": 0.7209653092}
{"config": [9, 64, 128, 64, 1, 1], "accuracy": 0.7209653092}
{"config": [3, 16, 64, 64, 1, 0], "accuracy": 0.7209653092}
{"config": [9, 32, 32, 64, 1, 0], "accuracy": 0.7208898944000001}
{"config": [3, 16, 32, 64, 1, 1], "accuracy": 0.7208898944000001}
{"config": [6, 32, 64, 64, 0, 0], "accuracy": 0.7208144796}
{"config": [6, 16, 16, 41, 0, 0], "accuracy": 0.7204374057}
{"config": [9, 16, 32, 64, 1, 0], "accuracy": 0.7170437406}
{"config": [3, 32, 16, 64, 1, 1], "accuracy": 0.7170437406}
{"config": [6, 32, 128, 64, 0, 0], "accuracy": 0.7168929110000001}
{"config": [6, 64, 64, 41, 1, 1], "accuracy": 0.7163650075}
{"config": [9, 16, 128, 64, 1, 0], "accuracy": 0.7134238311000001}
{"config": [3, 32, 16, 41, 0, 1], "accuracy": 0.7134238311000001}
{"config": [3, 32, 128, 32, 0, 1], "accuracy": 0.7130467572}
{"config": [6, 16, 64, 41, 0, 0], "accuracy": 0.7129713424}
{"config": [3, 32, 16, 41, 0, 0], "accuracy": 0.7128959276}
{"config": [9, 32, 16, 32, 0, 1], "accuracy": 0.7095022624}
{"config": [6, 64, 128, 64, 0, 0], "accuracy": 0.7094268477}
{"config": [9, 16, 16, 64, 0, 1], "accuracy": 0.7093514329}
{"config": [6, 32, 16, 32, 0, 0], "accuracy": 0.7092760181000001}
{"config": [9, 32, 32, 41, 1, 0], "accuracy": 0.7092006033}
{"config": [9, 32, 128, 32, 0, 1], "accuracy": 0.7092006033}
{"config": [3, 16, 128, 41, 0, 0], "accuracy": 0.7085972851}
{"config": [6, 16, 128, 41, 1, 1], "accuracy": 0.7061085973}
{"config": [9, 16, 128, 32, 1, 0], "accuracy": 0.7056561086}
{"config": [9, 32, 128, 64, 1, 1], "accuracy": 0.705505279}
{"config": [9, 16, 64, 64, 0, 1], "accuracy": 0.7054298643}
{"config": [9, 64, 32, 41, 0, 0], "accuracy": 0.7053544495}
{"config": [3, 64, 64, 64, 0, 1], "accuracy": 0.7052036199}
{"config": [9, 16, 64, 41, 0, 0], "accuracy": 0.7051282051000001}
{"config": [6, 16, 16, 32, 1, 1], "accuracy": 0.70173454}
{"config": [9, 32, 128, 41, 1, 0], "accuracy": 0.7016591252000001}
{"config": [6, 64, 32, 64, 0, 0], "accuracy": 0.7016591252000001}
{"config": [6, 64, 64, 64, 0, 0], "accuracy": 0.7012820513}
{"config": [9, 64, 16, 32, 1, 0], "accuracy": 0.7012066365}
{"config": [3, 64, 128, 41, 1, 1],