precision,accuracy,recall,duration
0.9055902003399766,0.897,0.8708801676509812,3147.1093044281006
