precision,accuracy,recall,duration
0.8418666666666667,0.855,0.8469275533001956,434.7834675312042
