precision,accuracy,recall,duration
0.8450259338151018,0.8153846153846154,0.8261594685369352,157.37270426750183
