precision,accuracy,recall,duration
0.8957079400886221,0.8855072463768116,0.8860530022186492,263.19138979911804
