precision,accuracy,recall,duration
0.9079629036726571,0.9008264462809917,0.8597998619737749,349.2925338745117
