precision,accuracy,recall,duration
0.8946454010194078,0.893,0.8905647001118134,236.04699277877808
