precision,accuracy,recall,duration
0.9260641469301805,0.9254675467546755,0.9250781022958442,453.17886543273926
