precision,accuracy,recall,duration
0.8375034153005464,0.8285714285714286,0.8419469510527756,145.50228643417358
