precision,accuracy,recall,duration
0.6090880016543969,0.7375,0.5993429371066502,124.24792909622192
