precision,accuracy,recall,duration
0.44516346975658877,0.72,0.47241376960012577,178.79603242874146
