precision,accuracy,recall,duration
0.8307318251834849,0.8333333333333334,0.8135221494342388,2835.457574367523
