precision,accuracy,recall,duration
0.9707794737264431,0.9764448761534725,0.9600384179947756,2481.5001168251038
