precision,accuracy,recall,duration
0.9659854180046088,0.9659863945578231,0.9659889387551566,62.216956615448
