precision,accuracy,recall,duration
0.9381930425801606,0.9401888772298006,0.9349058801602833,70.85362696647644
