precision,accuracy,recall,duration
0.9560498521067815,0.9575609756097561,0.9445485911199717,266.88742876052856
