precision,accuracy,recall,duration
0.617200075906441,0.7147335423197492,0.5714918852336115,302.07626724243164
