precision,accuracy,recall,duration
0.904890917216759,0.9034059184812954,0.9037179242877202,626.0447170734406
