precision,accuracy,recall,duration
0.5562090154068368,0.5584415584415584,0.5581478056822841,365.9791417121887
