precision,accuracy,recall,duration
0.9224005100685404,0.9216171617161716,0.9211620895088637,290.62303853034973
