precision,accuracy,recall,duration
0.7654114788946249,0.7783333333333333,0.7868848473059715,206.1877760887146
