precision,accuracy,recall,duration
0.7721474049599051,0.7825,0.6411896590643879,121.0525131225586
