precision,accuracy,recall,duration
0.5162274777354694,0.4763636363636364,0.49486731977831616,507.89307022094727
