precision,accuracy,recall,duration
0.38724967772254787,0.5989974937343359,0.3889437498785724,164.5333969593048
