precision,accuracy,recall,duration
0.8492617720999158,0.8282051282051283,0.8392487664049791,381.59270334243774
