precision,accuracy,recall,duration
0.4539939681171909,0.71,0.4654900292324924,327.20537996292114
