precision,accuracy,recall,duration
0.845324793930311,0.8508158508158508,0.8377788721425627,3906.9548354148865
