precision,accuracy,recall,duration
0.9933333333333334,0.9933333333333333,0.993421052631579,306.13669776916504
