precision,accuracy,recall,duration
0.9540052015590275,0.9492682926829268,0.9250336000012797,77.63301658630371
