precision,accuracy,recall,duration
0.690348904526579,0.9384444444444444,0.591822488211218,572.8550801277161
