precision,accuracy,recall,duration
0.8415349188182006,0.8286445012787724,0.8353522603522603,873.4934258460999
