precision,accuracy,recall,duration
0.7171794871794872,0.8,0.799964349376114,276.6149215698242
