precision,accuracy,recall,duration
0.4915864982970246,0.7425,0.5191678651794266,454.54810190200806
