precision,accuracy,recall,duration
0.6244746048549412,0.6818181818181818,0.5475849178193312,222.70301699638367
