precision,accuracy,recall,duration
0.8433255269320843,0.8473193473193473,0.8315944385908653,3872.838855743408
