precision,accuracy,recall,duration
0.8927292396046902,0.834319526627219,0.919435300136163,214.1381916999817
