precision,accuracy,recall,duration
0.9235095677742736,0.9116666666666666,0.9116666666666667,661.8197071552277
