precision,accuracy,recall,duration
0.6131691160220573,0.7178683385579937,0.5623315626967009,218.99944186210632
