precision,accuracy,recall,duration
0.9664372359274909,0.9628099173553719,0.9604084321475624,274.78965759277344
