precision,accuracy,recall,duration
0.7616541353383459,0.7875,0.6845899858055087,196.95652198791504
