precision,accuracy,recall,duration
0.4293831742665253,0.3145454545454546,0.2934057914087048,200.82764601707458
