precision,accuracy,recall,duration
0.9172145015810784,0.9090909090909091,0.8748855009724575,267.3524241447449
