precision,accuracy,recall,duration
0.8256327381327382,0.8184143222506394,0.8211469836469836,1232.6135749816895
