precision,accuracy,recall,duration
0.9733777038269551,0.9719051799824407,0.9719298245614035,451.7032091617584
