precision,accuracy,recall,duration
0.9037750064737221,0.9013333333333333,0.9013333333333334,765.9824984073639
