precision,accuracy,recall,duration
0.9225961538461539,0.9132231404958677,0.8815636959658697,175.31306076049805
