precision,accuracy,recall,duration
0.7353807038672555,0.7433333333333333,0.7566134993191986,368.65956950187683
