precision,accuracy,recall,duration
0.835360872125578,0.8260869565217391,0.8264079014079013,383.14507031440735
