precision,accuracy,recall,duration
0.9498908577298408,0.9380165289256198,0.9262145915678525,504.41505002975464
