precision,accuracy,recall,duration
0.8299583016564149,0.83,0.7426928977805325,83.76666188240051
