precision,accuracy,recall,duration
0.8916836300958532,0.889776357827476,0.8868322742152899,141.5535728931427
