precision,accuracy,recall,duration
0.9444484232947967,0.9444598722577062,0.9443962922836162,4003.79926609993
