precision,accuracy,recall,duration
0.857319701074441,0.8487179487179487,0.8549786682344099,779.1204698085785
