precision,accuracy,recall,duration
0.9616990437567768,0.9738950947061681,0.9621884951942947,586.9313151836395
