precision,accuracy,recall,duration
0.7716836734693877,0.7714285714285715,0.7706971677559913,531.2092509269714
