precision,accuracy,recall,duration
0.8012647673638387,0.7621483375959079,0.7734554859554859,122.18899536132812
