precision,accuracy,recall,duration
0.8108552631578947,0.7592592592592593,0.7592592592592593,64.40627574920654
