precision,accuracy,recall,duration
0.8716009863360782,0.8535773710482529,0.8712398580694736,203.3360903263092
