precision,accuracy,recall,duration
0.7406268956585859,0.7473684210526316,0.6851714774056165,361.3246076107025
