precision,accuracy,recall,duration
0.9352226720647774,0.9333333333333333,0.9352226720647774,703.4794178009033
