precision,accuracy,recall,duration
0.5819490586932448,0.7981366459627329,0.5338296760710554,263.27729058265686
