precision,accuracy,recall,duration
0.7609765153624802,0.848780487804878,0.774108734402852,479.4296474456787
