precision,accuracy,recall,duration
0.7255244755244755,0.7142857142857143,0.7107843137254902,208.16558718681335
