precision,accuracy,recall,duration
0.7335232023249298,0.7381578947368421,0.7263098035316808,360.0320680141449
