precision,accuracy,recall,duration
0.8828494807987222,0.8753993610223643,0.8698504396944605,111.19454193115234
