precision,accuracy,recall,duration
0.40104763136862015,0.5989974937343359,0.39704121009889065,83.60891699790955
