precision,accuracy,recall,duration
0.9233060200897225,0.9227172717271728,0.9223263586166812,263.53391122817993
