precision,accuracy,recall,duration
0.9490865609750563,0.9472,0.948235475129885,259.02548384666443
