precision,accuracy,recall,duration
0.9563311003321253,0.953170731707317,0.9326142613000706,75.09586524963379
