precision,accuracy,recall,duration
0.7885384456813028,0.7671232876712328,0.7824740422484783,148.91527819633484
