precision,accuracy,recall,duration
0.8360075403871025,0.8025,0.6842108283690873,186.67581510543823
