precision,accuracy,recall,duration
0.9484606709421132,0.9462809917355371,0.9376341050254093,574.4138276576996
