precision,accuracy,recall,duration
0.8804573804573805,0.86,0.8177083333333333,110.68548130989075
