precision,accuracy,recall,duration
0.6400183954790029,0.6393939393939394,0.6393939393939394,520.7915034294128
