precision,accuracy,recall,duration
0.9264205925206411,0.91,0.8810763888888888,50.754201889038086
