precision,accuracy,recall,duration
0.9108592132505176,0.9097444089456869,0.9076153796777713,201.9037868976593
