precision,accuracy,recall,duration
0.875,0.8569051580698835,0.8746355685131195,293.1984589099884
