precision,accuracy,recall,duration
0.4797667498839861,0.7475,0.49489477123777464,142.91534519195557
