precision,accuracy,recall,duration
0.9707517190565867,0.9779018941233608,0.9647154256677847,4707.475297689438
