precision,accuracy,recall,duration
0.8908850270764721,0.8916666666666667,0.8917100838890872,312.1366283893585
