precision,accuracy,recall,duration
0.7575843392055969,0.8390243902439024,0.7990819964349377,111.69351124763489
