precision,accuracy,recall,duration
0.9694791189365232,0.9758377853326857,0.9593361538003572,975.8755230903625
