precision,accuracy,recall,duration
0.2403846153846154,0.46296296296296297,0.46296296296296297,212.76052331924438
