precision,accuracy,recall,duration
0.676750897395198,0.9326666666666666,0.5957646817816523,333.5302355289459
