precision,accuracy,recall,duration
0.9702916916783387,0.9628099173553719,0.9531620553359684,163.2468454837799
