precision,accuracy,recall,duration
0.835,0.9076923076923077,0.8950471698113207,185.29975247383118
