precision,accuracy,recall,duration
0.6133216414081616,0.7225,0.5893612638338377,225.2149875164032
