precision,accuracy,recall,duration
0.9947826086956522,0.9947322212467077,0.9947368421052631,548.3239200115204
