precision,accuracy,recall,duration
0.9449803321077195,0.950682056663169,0.952241170440779,143.31972908973694
