precision,accuracy,recall,duration
0.9247947422947422,0.915,0.9149999999999999,3577.390020132065
