precision,accuracy,recall,duration
0.9621029527321083,0.9620991253644315,0.9620959698989076,175.83705258369446
