precision,accuracy,recall,duration
0.7950025206214361,0.7804347826086957,0.7809295236019655,613.8205182552338
