precision,accuracy,recall,duration
0.8501728135297082,0.841025641025641,0.8481672844701481,535.0706934928894
