precision,accuracy,recall,duration
0.4113805253300087,0.6190476190476191,0.3944324595403237,75.6660647392273
