precision,accuracy,recall,duration
0.6777777777777778,0.6761904761904762,0.6742919389978212,384.49319219589233
