precision,accuracy,recall,duration
0.9535398230088495,0.9313725490196079,0.8999032882011606,190.61740732192993
