precision,accuracy,recall,duration
0.8571428571428572,0.8,0.8,317.67133831977844
