precision,accuracy,recall,duration
0.899317257639182,0.8514792899408284,0.9295250862603107,138.16057634353638
