precision,accuracy,recall,duration
0.8250987151694792,0.8179487179487179,0.8249184558751447,285.0893557071686
