precision,accuracy,recall,duration
0.7919809058808144,0.7972027972027972,0.8068280727472628,239.40612244606018
