precision,accuracy,recall,duration
0.8540640005216639,0.8661458333333333,0.8438329585799567,1429.4057927131653
