precision,accuracy,recall,duration
0.5026547539446717,0.755,0.49356311999022767,137.432719707489
