precision,accuracy,recall,duration
0.7653757076685538,0.764,0.764,395.993469953537
