precision,accuracy,recall,duration
0.962968518835543,0.9577825159914712,0.957912106681829,143.20198154449463
