precision,accuracy,recall,duration
0.8461497128948189,0.8318840579710145,0.8326497736503341,235.6832902431488
