precision,accuracy,recall,duration
0.9443446125368693,0.9441821716189948,0.9439849925765418,1565.9778735637665
