precision,accuracy,recall,duration
0.8665425226030542,0.863768115942029,0.8637702174691386,344.5155212879181
