precision,accuracy,recall,duration
0.6422222222222222,0.6,0.5999999999999999,325.3167645931244
