precision,accuracy,recall,duration
0.6752754237374065,0.7586206896551724,0.6343266019978148,306.60402274131775
