precision,accuracy,recall,duration
0.9319440419846098,0.9297520661157025,0.9095865487169835,336.5072841644287
