precision,accuracy,recall,duration
0.8923088972431078,0.8906666666666667,0.8906666666666667,384.05964970588684
