precision,accuracy,recall,duration
0.7054756466153912,0.9402222222222222,0.5954265139115672,199.47852230072021
