precision,accuracy,recall,duration
0.5955574325938566,0.5969696969696969,0.5969696969696969,183.4523732662201
