precision,accuracy,recall,duration
0.978196995882748,0.9795121951219512,0.9716596092567427,687.3655009269714
