precision,accuracy,recall,duration
0.8664772727272727,0.8435940099833611,0.8629737609329446,359.4020891189575
