precision,accuracy,recall,duration
0.870144264287885,0.876,0.8586051022705623,3567.4311401844025
