precision,accuracy,recall,duration
0.7964234178519893,0.7808219178082192,0.7953634085213032,76.07874464988708
