precision,accuracy,recall,duration
0.7783940903925167,0.79,0.6775199048089101,123.34895062446594
