precision,accuracy,recall,duration
0.886577057378584,0.8853333333333333,0.8853333333333334,384.09644198417664
