precision,accuracy,recall,duration
0.7720174091141834,0.772,0.772,267.4368939399719
