precision,accuracy,recall,duration
0.8404724167199437,0.8355072463768116,0.8357790957725577,740.6944997310638
