precision,accuracy,recall,duration
0.9837334353274687,0.9850249584026622,0.9859199493750989,84.59205102920532
