precision,accuracy,recall,duration
0.7835298452468681,0.780952380952381,0.7794117647058824,152.85900568962097
