precision,accuracy,recall,duration
0.6738224420206593,0.6795580110497238,0.6764935583741136,144.20866990089417
