precision,accuracy,recall,duration
0.6192118226600984,0.609375,0.6224696356275303,358.2841634750366
