precision,accuracy,recall,duration
0.9578929949099542,0.964110929853181,0.9649827318452588,292.0169253349304
