precision,accuracy,recall,duration
0.9430215921878702,0.9430713690641489,0.9432948116046707,876.4358670711517
