precision,accuracy,recall,duration
0.8754269957021845,0.7875739644970414,0.8966185372960098,290.75139236450195
