precision,accuracy,recall,duration
0.8094001236858379,0.7808219178082192,0.7921470342522976,351.4796550273895
