precision,accuracy,recall,duration
0.761020451712171,0.7716666666666666,0.7769555269555269,192.08023715019226
