precision,accuracy,recall,duration
0.7239448194209148,0.9417777777777778,0.5707207597190725,143.86019802093506
