precision,accuracy,recall,duration
0.8197947121414275,0.84296875,0.8370858276641574,582.4241955280304
