precision,accuracy,recall,duration
0.8429368944637452,0.8228571428571428,0.8444079846869018,71.26760745048523
