precision,accuracy,recall,duration
0.9660895260695743,0.9659863945578231,0.9659662722698218,144.25875616073608
