precision,accuracy,recall,duration
0.9041619273830234,0.8986666666666666,0.8986666666666666,385.4030032157898
