precision,accuracy,recall,duration
0.7772470391665438,0.7733333333333333,0.7733333333333334,1345.9225447177887
