precision,accuracy,recall,duration
0.9645011850894204,0.954248366013072,0.9086879432624113,203.80634689331055
