precision,accuracy,recall,duration
0.6978609348265399,0.9344444444444444,0.5999214914138806,1120.5623126029968
