precision,accuracy,recall,duration
0.9297455322455321,0.9183333333333333,0.9183333333333334,1103.5271775722504
