precision,accuracy,recall,duration
0.8156992003906488,0.8025,0.687619419288439,81.48398399353027
