precision,accuracy,recall,duration
0.9840684682895664,0.9839195979899498,0.9845232001185816,419.89969873428345
