precision,accuracy,recall,duration
0.7546408573441613,0.8097560975609757,0.7338948306595365,203.3057804107666
