precision,accuracy,recall,duration
0.9684072586200246,0.968,0.9686001840349667,581.4903256893158
