precision,accuracy,recall,duration
0.8980175738034476,0.7763313609467456,0.8938746122283602,626.6040241718292
