precision,accuracy,recall,duration
0.6090427974468476,0.7375,0.6006371734219835,150.07990431785583
