precision,accuracy,recall,duration
0.8840202142440949,0.8718801996672213,0.8872748434922142,294.2884216308594
