precision,accuracy,recall,duration
0.6127611518915866,0.6187845303867403,0.5981240137820834,278.5925085544586
