precision,accuracy,recall,duration
0.761155808126467,0.7802631578947369,0.718325144603721,441.2057738304138
