precision,accuracy,recall,duration
0.8357034461114156,0.8307692307692308,0.8357852470945608,203.74933528900146
