precision,accuracy,recall,duration
0.7331926481008278,0.9402222222222222,0.5779271707160761,186.95384550094604
