precision,accuracy,recall,duration
0.963991357034661,0.9545454545454546,0.9461634983374113,143.8445689678192
