precision,accuracy,recall,duration
0.7882686407896493,0.7808219178082192,0.8088554720133667,145.6306700706482
