precision,accuracy,recall,duration
0.393689150199058,0.6115288220551378,0.39680820267723577,110.01740002632141
