precision,accuracy,recall,duration
0.9591022983247575,0.964390243902439,0.9504025823200001,258.1189036369324
