precision,accuracy,recall,duration
0.657867204371108,0.7460815047021944,0.6019756043809104,234.1163363456726
