precision,accuracy,recall,duration
0.9104784014153912,0.9173553719008265,0.8872545329067067,462.1358494758606
