precision,accuracy,recall,duration
0.7747092526568783,0.7883333333333333,0.7873945373945375,119.40277934074402
