precision,accuracy,recall,duration
0.9083080353538793,0.9066666666666666,0.9044207614657875,162.6662311553955
