precision,accuracy,recall,duration
0.6970733017845513,0.94,0.563363776069769,326.42994117736816
