precision,accuracy,recall,duration
0.8260302556077204,0.82,0.8200000000000001,1950.2089309692383
