precision,accuracy,recall,duration
0.7244184754683443,0.7226666666666667,0.7226666666666667,427.1685173511505
