precision,accuracy,recall,duration
0.7577594974908071,0.745,0.7803686053297023,680.8093383312225
