precision,accuracy,recall,duration
0.9209265271765273,0.9166666666666666,0.9166666666666667,2133.74610042572
