precision,accuracy,recall,duration
0.7629857397504457,0.8536585365853658,0.7629857397504457,170.43045783042908
