precision,accuracy,recall,duration
0.6258134866509479,0.6426332288401254,0.48399608333850885,121.58687376976013
