precision,accuracy,recall,duration
0.9661355764694604,0.9648780487804878,0.9485928527002327,225.42269086837769
