precision,accuracy,recall,duration
0.9645608628659477,0.9649122807017544,0.9652777777777778,264.2176058292389
