precision,accuracy,recall,duration
0.6679852120115507,0.7084639498432602,0.5617977281102348,203.1450982093811
