precision,accuracy,recall,duration
0.4868059258249013,0.75,0.49632521165055304,194.82664155960083
