precision,accuracy,recall,duration
0.902834008097166,0.9,0.902834008097166,77.34809184074402
