precision,accuracy,recall,duration
0.968940557650235,0.9706362153344209,0.9670166655077301,907.0287480354309
