precision,accuracy,recall,duration
0.9227699846449846,0.9116666666666666,0.9116666666666667,3098.064073085785
