precision,accuracy,recall,duration
0.805728027346703,0.8050724637681159,0.8045279792204557,378.0290083885193
