precision,accuracy,recall,duration
0.8460278758359242,0.841025641025641,0.8433946018973092,443.5662143230438
