precision,accuracy,recall,duration
0.7836947338777809,0.795,0.8001215501215502,861.0737617015839
