precision,accuracy,recall,duration
0.5835622229095784,0.7175,0.5785342880279589,148.85243344306946
