precision,accuracy,recall,duration
0.8370217866462973,0.8384615384615385,0.8321279072363331,325.84678888320923
