precision,accuracy,recall,duration
0.909026649446597,0.904,0.9039999999999999,386.67944383621216
