precision,accuracy,recall,duration
0.6308434680971993,0.6313131313131313,0.6313131313131314,266.7269539833069
