precision,accuracy,recall,duration
0.9671343471343471,0.9664,0.9672338887245718,204.0527539253235
