precision,accuracy,recall,duration
0.9384503701733387,0.940099833610649,0.9470416073406107,52.04694938659668
