precision,accuracy,recall,duration
0.7196772743191382,0.944,0.5826629831612001,312.54675698280334
