precision,accuracy,recall,duration
0.9630790580830976,0.9607675906183369,0.9609533720369196,298.7737877368927
