precision,accuracy,recall,duration
0.8730769230769231,0.8666666666666667,0.865746096009254,420.5228178501129
