precision,accuracy,recall,duration
0.6687183962924156,0.9348888888888889,0.5977409806219082,1512.9181571006775
