precision,accuracy,recall,duration
0.7818627450980392,0.785,0.6520949309214176,105.70306158065796
