precision,accuracy,recall,duration
0.916698590805424,0.9166666666666666,0.9165395233943621,1019.9879131317139
