precision,accuracy,recall,duration
0.8564289196086662,0.8333333333333334,0.8440682066109169,887.0689959526062
