precision,accuracy,recall,duration
0.9174757281553398,0.9151414309484193,0.9256559766763848,386.331693649292
