precision,accuracy,recall,duration
0.501736272986273,0.785,0.5163421265022583,629.4334106445312
