precision,accuracy,recall,duration
0.7381804435483871,0.7375,0.6601995646002395,451.3184275627136
