precision,accuracy,recall,duration
0.4188832088179522,0.40545454545454546,0.4275666076184332,312.19039583206177
