precision,accuracy,recall,duration
0.489436563155808,0.4935064935064935,0.4921358142077456,925.4018433094025
