precision,accuracy,recall,duration
0.9664854933291025,0.962046908315565,0.9621556775098512,143.19842171669006
