precision,accuracy,recall,duration
0.9175908350908349,0.9083333333333333,0.9083333333333333,443.20879006385803
