precision,accuracy,recall,duration
0.9610770972262996,0.9590243902439024,0.9340375496775298,205.46787881851196
