precision,accuracy,recall,duration
0.8694093547285763,0.9307692307692308,0.925314465408805,202.9235451221466
