precision,accuracy,recall,duration
0.9904113010657194,0.990342405618964,0.9903477939136065,203.86772322654724
