precision,accuracy,recall,duration
0.34470997484121285,0.5864661654135338,0.35905625254997964,121.49679756164551
