precision,accuracy,recall,duration
0.8363218314829242,0.8282051282051283,0.8355467560882347,545.0329105854034
