precision,accuracy,recall,duration
0.6872158616544667,0.9373333333333334,0.5829576821728804,341.4063136577606
