precision,accuracy,recall,duration
0.9131689984454807,0.908,0.886671054226779,1526.8476991653442
