precision,accuracy,recall,duration
0.853045122737124,0.8643229166666667,0.8362210283553076,419.9925835132599
