precision,accuracy,recall,duration
0.9725660586352354,0.9779018941233608,0.9624459379622018,2155.5044989585876
