precision,accuracy,recall,duration
0.9214340198321892,0.9166666666666666,0.9166666666666666,697.0276012420654
