precision,accuracy,recall,duration
0.9344747979992305,0.9342105263157895,0.9356481481481481,207.5766565799713
