precision,accuracy,recall,duration
0.8924755683832093,0.891,0.8691655553438751,3688.6786119937897
