precision,accuracy,recall,duration
0.8287662337662338,0.8344988344988346,0.8189163498098859,442.21419191360474
