precision,accuracy,recall,duration
0.486111772825324,0.73,0.5170852248023857,309.5833923816681
