precision,accuracy,recall,duration
0.8548891017697734,0.8487179487179487,0.8575216221476657,925.6693134307861
