precision,accuracy,recall,duration
0.7076709106267522,0.7429467084639498,0.6086052365958419,402.17800068855286
