precision,accuracy,recall,duration
0.723553286200576,0.7292817679558011,0.7139724310776943,123.53656315803528
