precision,accuracy,recall,duration
0.6960483423740272,0.7934065934065934,0.6709383012584251,1090.5733790397644
