precision,accuracy,recall,duration
0.9081467486241551,0.9049586776859504,0.8769778530648096,948.2466104030609
