precision,accuracy,recall,duration
0.47833209827173134,0.4709090909090909,0.4855528800218449,325.7917091846466
