precision,accuracy,recall,duration
0.9594632596279766,0.9580487804878048,0.9386179039797744,82.4849202632904
