precision,accuracy,recall,duration
0.7104084141508143,0.789010989010989,0.6576471321592066,801.8826870918274
