precision,accuracy,recall,duration
0.7992868645042558,0.7714285714285715,0.7994713335156322,62.50520181655884
