precision,accuracy,recall,duration
0.8438048245614035,0.8438228438228438,0.8231881900224471,1726.560115814209
