precision,accuracy,recall,duration
0.9410068194340832,0.9478048780487804,0.9278095336349698,166.72140669822693
