precision,accuracy,recall,duration
0.633724017451049,0.731974921630094,0.5942787748412816,309.8805584907532
