precision,accuracy,recall,duration
0.8771929824561404,0.8602329450915142,0.8775510204081632,385.8159165382385
