precision,accuracy,recall,duration
0.7821852425180598,0.78,0.78,267.21684074401855
