precision,accuracy,recall,duration
0.7618547460826205,0.7570332480818415,0.7641282516282517,126.89431691169739
