precision,accuracy,recall,duration
0.8747224765685341,0.8760330578512396,0.8519778530648096,1045.6751141548157
