precision,accuracy,recall,duration
0.8205128205128205,0.82,0.8200000000000001,563.4731965065002
