precision,accuracy,recall,duration
0.7252399518984762,0.8153846153846154,0.7072111819896649,463.9642598628998
