precision,accuracy,recall,duration
0.9733292880304875,0.9728643216080402,0.9727234541340605,93.00759029388428
