precision,accuracy,recall,duration
0.5185039907350034,0.5162337662337663,0.5153529437848746,1596.4506368637085
