precision,accuracy,recall,duration
0.9763895524765089,0.9771428571428571,0.9782430213464696,141.6505515575409
