precision,accuracy,recall,duration
0.9982486865148862,0.9982440737489026,0.9982456140350877,190.6288435459137
