precision,accuracy,recall,duration
0.7891062523973916,0.7428571428571429,0.7753167441436514,57.64829444885254
