precision,accuracy,recall,duration
0.9048008813112594,0.9049520766773163,0.9037999871622056,204.23492860794067
