precision,accuracy,recall,duration
0.9680307349975662,0.9706362153344209,0.9680307349975662,684.9198877811432
