precision,accuracy,recall,duration
0.9669763207205029,0.966958211856171,0.966969264245886,568.1581077575684
