precision,accuracy,recall,duration
0.7513742452915202,0.785,0.6570534378598839,467.35833764076233
