precision,accuracy,recall,duration
0.7617166258293055,0.7605263157894737,0.760768223845703,358.60297417640686
