precision,accuracy,recall,duration
0.8868476744640816,0.895,0.8854457126032664,710.7896037101746
