precision,accuracy,recall,duration
0.8049935606425875,0.8104410943606923,0.8084952239419301,457.7206361293793
