precision,accuracy,recall,duration
0.9590351366424986,0.961730449251248,0.9650315275611906,115.3031976222992
