precision,accuracy,recall,duration
0.39392942020044935,0.5964912280701754,0.38843648607953996,67.0482885837555
