precision,accuracy,recall,duration
0.8615384615384616,0.8514285714285714,0.864187403153769,164.76438808441162
