precision,accuracy,recall,duration
0.8676417479234381,0.8514285714285714,0.864187403153769,335.9858124256134
