precision,accuracy,recall,duration
0.6639549436795995,0.671875,0.6325910931174089,203.07591104507446
