precision,accuracy,recall,duration
0.9019296277833166,0.9001597444089456,0.8974683869311253,368.9045789241791
