precision,accuracy,recall,duration
0.8140521050225992,0.8266666666666667,0.8007197043376775,169.57715678215027
