precision,accuracy,recall,duration
0.9438926019108772,0.9439044709802833,0.9438405360940572,2512.131580591202
