precision,accuracy,recall,duration
0.8582474226804124,0.8797250859106529,0.8682270045881582,541.3585023880005
