precision,accuracy,recall,duration
0.9746709867903625,0.9785089849441476,0.9622958441667411,3041.4259538650513
