precision,accuracy,recall,duration
0.8100835137643055,0.8057142857142857,0.8167897183483731,264.18470191955566
