precision,accuracy,recall,duration
0.9535264197626891,0.9528196538246789,0.9529862523192365,3927.4909451007843
