precision,accuracy,recall,duration
0.7731428571428571,0.79,0.7905563120015562,291.3156304359436
