precision,accuracy,recall,duration
0.8865909757991828,0.8849840255591054,0.8821362089992939,193.03037786483765
