precision,accuracy,recall,duration
0.9624638002766472,0.9624390243902439,0.9465989030068316,356.3325197696686
