precision,accuracy,recall,duration
0.7077269306572154,0.7978021978021979,0.6500096608413947,493.5449523925781
