precision,accuracy,recall,duration
0.8494427171403116,0.8496503496503497,0.8301628567501946,1497.0551948547363
