precision,accuracy,recall,duration
0.7499967661195649,0.7493333333333333,0.7493333333333334,388.99292063713074
