precision,accuracy,recall,duration
0.6807805093264038,0.6967967838153287,0.5894669105841391,2778.6944649219513
