precision,accuracy,recall,duration
0.632538569424965,0.6296296296296297,0.6296296296296297,91.16312146186829
