precision,accuracy,recall,duration
0.8920454545454545,0.8666666666666667,0.7916666666666666,208.2010395526886
