precision,accuracy,recall,duration
0.8019323671497585,0.8,0.8,595.913622379303
