precision,accuracy,recall,duration
0.626116560455357,0.6313131313131313,0.6313131313131314,172.79700469970703
