precision,accuracy,recall,duration
0.42202548234476717,0.6215538847117794,0.4124642760000778,77.14169239997864
