precision,accuracy,recall,duration
0.8485080062240958,0.8487179487179487,0.8514103048430405,564.6148462295532
