precision,accuracy,recall,duration
0.838924963924964,0.821917808219178,0.8381787802840436,75.23501682281494
