precision,accuracy,recall,duration
0.8403550796111032,0.728,0.6255044250852977,503.9253897666931
