precision,accuracy,recall,duration
0.6532114392873886,0.7525,0.619541405617355,126.6870756149292
