precision,accuracy,recall,duration
0.7818780366754781,0.776,0.7760000000000001,2665.9186108112335
