precision,accuracy,recall,duration
0.7841051314142677,0.765625,0.7297570850202428,67.1823365688324
