precision,accuracy,recall,duration
0.8524058076478704,0.8384615384615385,0.8472444158987643,383.4979648590088
