precision,accuracy,recall,duration
0.9450857234820508,0.9497560975609756,0.9262067813015691,106.83640718460083
