precision,accuracy,recall,duration
0.8479040237577075,0.8435897435897436,0.8508535930546225,323.8177001476288
