precision,accuracy,recall,duration
0.8449260581336053,0.8694158075601375,0.869455975529823,228.00052165985107
