precision,accuracy,recall,duration
0.8510233403940913,0.8598958333333333,0.8287343632231172,537.9705586433411
