precision,accuracy,recall,duration
0.8192015049666296,0.8175,0.716476705347612,190.67095756530762
