precision,accuracy,recall,duration
0.8142538363880871,0.818537130094919,0.8168823708426194,687.5352663993835
