precision,accuracy,recall,duration
0.9520304470910588,0.9484008528784649,0.9487224464548664,234.43570470809937
