precision,accuracy,recall,duration
0.9832068092937657,0.9828571428571429,0.9840194698569082,239.58553910255432
