precision,accuracy,recall,duration
0.9247722548300317,0.9256198347107438,0.899062049062049,1051.348475933075
