precision,accuracy,recall,duration
0.5991918587249327,0.7546583850931677,0.6082157784743991,844.5651423931122
