precision,accuracy,recall,duration
0.5523420479302832,0.5454545454545454,0.5452376705019613,384.55477595329285
