precision,accuracy,recall,duration
0.6207768640769984,0.7375,0.6073569733907287,123.74294185638428
