precision,accuracy,recall,duration
0.7691355226021778,0.7552631578947369,0.7373798754127007,106.89231419563293
