precision,accuracy,recall,duration
0.595356134481695,0.715,0.6050526360652942,63.977415800094604
