precision,accuracy,recall,duration
0.9310871535871537,0.9216666666666666,0.9216666666666667,3625.5722584724426
