precision,accuracy,recall,duration
0.7424585218702866,0.8390243902439024,0.7353475935828877,476.47747135162354
