precision,accuracy,recall,duration
0.6043829212603405,0.713166144200627,0.5626862274411116,468.90948152542114
