precision,accuracy,recall,duration
0.9676625765653747,0.9658848614072495,0.9661431594771681,228.23812413215637
