precision,accuracy,recall,duration
0.9186819310294837,0.9265477439664218,0.9306052558009505,94.90083932876587
