precision,accuracy,recall,duration
0.930294043725132,0.9338842975206612,0.9158949745906266,581.4557194709778
