precision,accuracy,recall,duration
0.6797745996375502,0.9331111111111111,0.601035263118262,1467.8470873832703
