precision,accuracy,recall,duration
0.8930504109271906,0.891,0.8883154772886568,234.10595989227295
