precision,accuracy,recall,duration
0.4887181622910397,0.4781818181818182,0.5069728316937568,320.1954302787781
