precision,accuracy,recall,duration
0.9278621757802169,0.9274148520379676,0.9276577935480672,1434.0663120746613
