precision,accuracy,recall,duration
0.985094297213473,0.9849246231155779,0.9849719166535102,59.03147006034851
