precision,accuracy,recall,duration
0.7229736687260959,0.8341463414634146,0.7469251336898396,703.4560556411743
