precision,accuracy,recall,duration
0.8499461931665321,0.8514285714285714,0.8568954516452466,487.59151315689087
