precision,accuracy,recall,duration
0.8571428571428572,0.8,0.8,152.80371117591858
