precision,accuracy,recall,duration
0.8329764968262138,0.8228571428571428,0.8371160331783795,72.42801928520203
