precision,accuracy,recall,duration
0.59895432441961,0.6015151515151516,0.6015151515151516,277.6437747478485
