precision,accuracy,recall,duration
0.7418064024390244,0.7333333333333333,0.7303921568627452,945.2349817752838
