precision,accuracy,recall,duration
0.6381866543404162,0.7604395604395604,0.6355875885036876,203.29182124137878
