precision,accuracy,recall,duration
0.9882943143812709,0.9885714285714285,0.9891215106732348,327.32379174232483
