precision,accuracy,recall,duration
0.9681709594260529,0.967930029154519,0.9678985901446122,150.11789441108704
