precision,accuracy,recall,duration
0.8098411778504505,0.8,0.8148755810773859,601.7425653934479
