precision,accuracy,recall,duration
0.5894847267103305,0.5909090909090909,0.5915169149867262,564.7498781681061
