precision,accuracy,recall,duration
0.8350582607048125,0.7953410981697171,0.8197391913576062,240.35829663276672
