precision,accuracy,recall,duration
0.6119623655913978,0.73,0.5947378141470968,156.16358160972595
