precision,accuracy,recall,duration
0.917427701674277,0.9037800687285223,0.859514966135023,386.0610854625702
