precision,accuracy,recall,duration
0.8324435699435698,0.8363171355498721,0.8412942162942162,276.9370217323303
