precision,accuracy,recall,duration
0.95676838966146,0.9580487804878048,0.9438129679486292,148.9891574382782
