precision,accuracy,recall,duration
0.873658193297662,0.8666666666666667,0.8681047029564377,300.2526853084564
