precision,accuracy,recall,duration
0.8666666666666668,0.8,0.8,162.99885296821594
