precision,accuracy,recall,duration
0.9155018472906404,0.9161341853035144,0.9158058925476603,63.309110164642334
