precision,accuracy,recall,duration
0.9351064213564213,0.925,0.9250000000000002,883.7490432262421
