precision,accuracy,recall,duration
0.7710424472619595,0.7084398976982097,0.7116271491271492,122.94706535339355
