precision,accuracy,recall,duration
0.8938954755948834,0.8898550724637682,0.8900825785255804,143.46705555915833
