precision,accuracy,recall,duration
0.4617356738215293,0.7675,0.4727470864615662,273.45758533477783
