precision,accuracy,recall,duration
0.8077564519666843,0.8075,0.7014745436528432,89.1464319229126
