precision,accuracy,recall,duration
0.6715769355899558,0.936,0.5905548399926092,830.8705108165741
