precision,accuracy,recall,duration
0.9650891947444648,0.964824120603015,0.9648803381103842,4467.438432455063
