precision,accuracy,recall,duration
0.9147286821705426,0.9145367412140575,0.9131921175941973,204.63976573944092
