precision,accuracy,recall,duration
0.4552579061950959,0.7325,0.4678739320638656,256.36270689964294
