precision,accuracy,recall,duration
0.5619485078046722,0.5357142857142857,0.534418205218792,1044.4725549221039
