precision,accuracy,recall,duration
0.3869591678294204,0.5864661654135338,0.3776394353130889,208.71714758872986
