precision,accuracy,recall,duration
0.9967213114754099,0.9966666666666667,0.9966666666666667,263.9111669063568
