precision,accuracy,recall,duration
0.49201337819644825,0.775,0.5075490781922105,506.1823019981384
