precision,accuracy,recall,duration
0.6534677896063346,0.7460815047021944,0.6072422036819922,480.11512446403503
