precision,accuracy,recall,duration
0.9163612483813082,0.8955223880597015,0.8964783113759467,425.76149678230286
