precision,accuracy,recall,duration
0.47473166702181785,0.44727272727272727,0.4619963390033823,625.5351357460022
