precision,accuracy,recall,duration
0.8696275071633237,0.848585690515807,0.8673469387755102,143.23988890647888
