precision,accuracy,recall,duration
0.9403670008091065,0.9402943626770341,0.9401508767705951,1883.1632142066956
