precision,accuracy,recall,duration
0.7389183849858008,0.7388888888888889,0.7388888888888889,214.3373246192932
