precision,accuracy,recall,duration
0.8582918739635157,0.8762886597938144,0.8540255625955866,386.4419195652008
