precision,accuracy,recall,duration
0.9685872645728347,0.9726829268292683,0.9575480094711907,639.1165504455566
