precision,accuracy,recall,duration
0.7247764333599331,0.9411111111111111,0.5722949279952166,245.2746193408966
