precision,accuracy,recall,duration
0.9304972611303618,0.9256198347107438,0.8948459752807579,152.9697082042694
