precision,accuracy,recall,duration
0.5558954933954934,0.6894409937888198,0.575169801462905,865.6688280105591
