precision,accuracy,recall,duration
0.9826007326007326,0.9828571428571429,0.985045742434905,149.28381872177124
