precision,accuracy,recall,duration
0.9192159692159693,0.9116666666666666,0.9116666666666667,304.23298621177673
