precision,accuracy,recall,duration
0.9673494802886193,0.9664,0.9674327122153209,1588.4294588565826
