precision,accuracy,recall,duration
0.8358627752176139,0.8285714285714286,0.84340534135448,79.78300428390503
