precision,accuracy,recall,duration
0.9238408510393467,0.9238173817381738,0.9237067712874165,1766.6493983268738
