precision,accuracy,recall,duration
0.7901611129552306,0.7749360613810742,0.7869293994293993,523.831661939621
