precision,accuracy,recall,duration
0.7053424655098447,0.9357777777777778,0.5661418090514865,343.70712780952454
