precision,accuracy,recall,duration
0.9304722413204012,0.9304857621440537,0.9307127900441267,1167.1389260292053
