precision,accuracy,recall,duration
0.43461650504994154,0.6240601503759399,0.4147853038604263,163.26297044754028
