precision,accuracy,recall,duration
0.7856564429598137,0.7983333333333333,0.8087677494650847,83.24528861045837
