precision,accuracy,recall,duration
0.40983899821109127,0.606516290726817,0.3975493846049232,382.3686902523041
