precision,accuracy,recall,duration
0.8611667903444552,0.8538461538461538,0.8613084709401737,567.8672449588776
