precision,accuracy,recall,duration
0.8600203647692082,0.8461538461538461,0.8542770858084442,534.5413615703583
