precision,accuracy,recall,duration
0.8709595959595959,0.8666666666666667,0.8582995951417004,526.8498656749725
