precision,accuracy,recall,duration
0.8933539202230791,0.8903333333333333,0.887167413206132,654.4833154678345
