precision,accuracy,recall,duration
0.903616154031804,0.9118572927597062,0.9207785854067654,93.37997388839722
