precision,accuracy,recall,duration
0.7031573498964803,0.77,0.627569648666695,154.39467072486877
