precision,accuracy,recall,duration
0.9733806566104704,0.9714285714285714,0.9721147079521464,163.5124716758728
