precision,accuracy,recall,duration
0.8622526636225266,0.85,0.8098958333333333,117.23653531074524
