precision,accuracy,recall,duration
0.7505053238041629,0.7618421052631579,0.7506322961544685,365.2934834957123
