precision,accuracy,recall,duration
0.7963564213564213,0.7714285714285715,0.7878042111019962,806.0411763191223
