precision,accuracy,recall,duration
0.8181004210415975,0.8158567774936062,0.8222526347526348,865.5954768657684
