precision,accuracy,recall,duration
0.63076360248087,0.7428571428571429,0.5933818361892665,382.4447705745697
