precision,accuracy,recall,duration
0.9383116883116883,0.9150326797385621,0.8571083172147002,203.86528730392456
