precision,accuracy,recall,duration
0.847695441813089,0.8493150684931506,0.8574531567012771,146.59433603286743
