precision,accuracy,recall,duration
0.8605950187958361,0.86171875,0.8284075538786619,1002.4074025154114
