precision,accuracy,recall,duration
0.7365433137089992,0.7348066298342542,0.7114661654135338,192.18929862976074
