precision,accuracy,recall,duration
0.9691715804520682,0.9717138103161398,0.9747384003435261,146.1981589794159
