precision,accuracy,recall,duration
0.834868485097375,0.841025641025641,0.8333280458327165,567.0682303905487
