precision,accuracy,recall,duration
0.9734071867873763,0.9728643216080402,0.9730300113373969,267.1959900856018
