precision,accuracy,recall,duration
0.9469225302061124,0.9464847848898216,0.9394883980989657,325.8541352748871
