precision,accuracy,recall,duration
0.6107302118171684,0.5911602209944752,0.6109281683811046,78.84932971000671
