precision,accuracy,recall,duration
0.4933601473405549,0.74,0.49402942277532125,198.7881326675415
