precision,accuracy,recall,duration
0.9631059478944779,0.9590243902439024,0.9407677082001794,80.67351579666138
