precision,accuracy,recall,duration
0.7365450472316527,0.8087912087912088,0.686713206281163,324.55331540107727
