precision,accuracy,recall,duration
0.7739817375647956,0.7868421052631579,0.7583886258485714,373.1533284187317
