precision,accuracy,recall,duration
0.9643718832758016,0.9639865996649917,0.9640434165472902,1722.8155121803284
