precision,accuracy,recall,duration
0.7076923076923077,0.6666666666666666,0.6666666666666666,406.2443673610687
