precision,accuracy,recall,duration
0.8217556925184044,0.8,0.8177923616807948,121.03971719741821
