precision,accuracy,recall,duration
0.5213765097412707,0.7925,0.5089095795089803,166.60191106796265
