precision,accuracy,recall,duration
0.8232117089259947,0.8082191780821918,0.8036340852130326,567.8106234073639
