precision,accuracy,recall,duration
0.8906316753127861,0.8886666666666667,0.8859941095824932,315.9382486343384
