precision,accuracy,recall,duration
0.7107319191116782,0.942,0.5739144510146864,174.81329011917114
