precision,accuracy,recall,duration
0.9601524601524601,0.9605263157894737,0.961111111111111,536.8778119087219
