precision,accuracy,recall,duration
0.7724358974358974,0.772,0.772,2058.217832803726
