precision,accuracy,recall,duration
0.3774803083176446,0.581453634085213,0.3699284912863554,131.07415318489075
