precision,accuracy,recall,duration
0.6061416628317227,0.735,0.5984592763073776,364.5477635860443
