precision,accuracy,recall,duration
0.9383189033189032,0.93,0.9299999999999999,1500.2357511520386
