precision,accuracy,recall,duration
0.7779411764705882,0.7592592592592593,0.7592592592592593,176.90105652809143
