precision,accuracy,recall,duration
0.6905914798839464,0.7154714044870963,0.6390286343019421,24678.22079896927
