precision,accuracy,recall,duration
0.673981549065999,0.9382222222222222,0.582112160574397,258.55750727653503
