precision,accuracy,recall,duration
0.46384394180840666,0.4309090909090909,0.4523520796701924,195.81294322013855
