precision,accuracy,recall,duration
0.9283883970781739,0.9276677667766776,0.9272413542574833,636.3443460464478
