precision,accuracy,recall,duration
0.79771414738735,0.8116666666666666,0.8077720577720577,595.3835895061493
