precision,accuracy,recall,duration
0.777928539122569,0.79,0.7636207636207637,353.85673928260803
