precision,accuracy,recall,duration
0.623927153927154,0.6298342541436464,0.6093051033656247,179.36199808120728
