precision,accuracy,recall,duration
0.8259141178695508,0.8239130434782609,0.8232522188345754,451.72229981422424
