precision,accuracy,recall,duration
0.7125331564986737,0.7182320441988951,0.7008145363408521,304.40318059921265
