precision,accuracy,recall,duration
0.8178904929890611,0.824009324009324,0.8070284942049567,447.0474627017975
