precision,accuracy,recall,duration
0.9637004964178085,0.9648780487804878,0.9450179251643058,105.96307921409607
