precision,accuracy,recall,duration
0.9755769125071648,0.9748743718592965,0.9746868070508489,501.3002963066101
