precision,accuracy,recall,duration
0.8245490620490621,0.821917808219178,0.8509189640768587,269.62912774086
