precision,accuracy,recall,duration
0.6216641957005189,0.7950310559006211,0.5857497387669801,895.4518551826477
