precision,accuracy,recall,duration
0.5927501970055161,0.73,0.5887894415320575,88.08258533477783
