precision,accuracy,recall,duration
0.7932148645383938,0.80306905370844,0.8115989865989864,672.6886115074158
