precision,accuracy,recall,duration
0.5666738490267903,0.7,0.5582235860716873,273.16827392578125
