precision,accuracy,recall,duration
0.8041237448623901,0.785,0.648686340002066,137.69042325019836
