precision,accuracy,recall,duration
0.67906023526261,0.7021138633121514,0.614909689546377,6444.460360765457
