precision,accuracy,recall,duration
0.8324025817039029,0.8256410256410256,0.8289329061437982,890.3622584342957
