precision,accuracy,recall,duration
0.9651462474491723,0.9650145772594753,0.9649916134004262,81.66310143470764
