precision,accuracy,recall,duration
0.7380952380952381,0.7,0.7,209.10507655143738
