precision,accuracy,recall,duration
0.957946359703937,0.9543710021321962,0.95479077012032,384.7120668888092
