precision,accuracy,recall,duration
0.7719023885522005,0.7907894736842105,0.7856811019639272,858.8641123771667
