precision,accuracy,recall,duration
0.8717579250720462,0.8519134775374376,0.870262390670554,203.39016246795654
