precision,accuracy,recall,duration
0.8460859804609804,0.8487179487179487,0.8432350264048315,926.1251332759857
