precision,accuracy,recall,duration
0.4683082273792262,0.7275,0.47993382843238924,270.221896648407
