precision,accuracy,recall,duration
0.9604523179559764,0.9580487804878048,0.9437010820307281,284.0221767425537
