precision,accuracy,recall,duration
0.8924526785603897,0.8906666666666667,0.8906666666666667,304.3644952774048
