precision,accuracy,recall,duration
0.7553419713744179,0.8390243902439024,0.7837165775401069,284.9363193511963
