precision,accuracy,recall,duration
0.4571379007590348,0.7375,0.47692770960874115,191.0992648601532
