precision,accuracy,recall,duration
0.8086751790535315,0.8051282051282052,0.8105290409718146,520.1767406463623
