precision,accuracy,recall,duration
0.9727447890913474,0.9780233122875183,0.9628677365837692,1462.6340968608856
