precision,accuracy,recall,duration
0.91292225476049,0.9016666666666666,0.9016666666666667,293.12965846061707
