precision,accuracy,recall,duration
0.9678334199636172,0.9658536585365853,0.9478770940844697,455.23661732673645
