precision,accuracy,recall,duration
0.8476878764860101,0.8606770833333334,0.8300286579992623,998.4789524078369
