precision,accuracy,recall,duration
0.85461445051609,0.8514285714285714,0.8627290128520645,109.99262881278992
