precision,accuracy,recall,duration
0.7741902834008098,0.8025,0.7069388489071007,85.77719473838806
