precision,accuracy,recall,duration
0.9618789131189012,0.9653658536585366,0.9516130258574318,646.1961643695831
