precision,accuracy,recall,duration
0.7711111111111111,0.6666666666666666,0.6666666666666666,566.6890542507172
