precision,accuracy,recall,duration
0.8488131018640206,0.8481770833333333,0.8050592678320707,301.384126663208
