precision,accuracy,recall,duration
0.9743567639895202,0.9783875667799903,0.9618740455451736,3627.957807302475
