precision,accuracy,recall,duration
0.8586752796042609,0.8564102564102564,0.8577178048445141,443.27404594421387
