precision,accuracy,recall,duration
0.8700396825396826,0.86,0.8237847222222222,107.59470987319946
