precision,accuracy,recall,duration
0.9765328893433108,0.9758793969849247,0.9760892951750376,125.20567035675049
