precision,accuracy,recall,duration
0.892192613370734,0.888,0.8632293597048788,1032.5642261505127
