precision,accuracy,recall,duration
0.7659123055162659,0.8634146341463415,0.7854723707664885,389.7581651210785
