precision,accuracy,recall,duration
0.8556083495776479,0.8514285714285714,0.864187403153769,178.27460527420044
