precision,accuracy,recall,duration
0.8811003303055326,0.8809904153354633,0.8791873676102446,69.3466899394989
