precision,accuracy,recall,duration
0.9629575070745975,0.9702439024390244,0.9563064503830887,624.8144328594208
