precision,accuracy,recall,duration
0.8396762685430854,0.8228571428571428,0.8385744234800839,181.0118386745453
