precision,accuracy,recall,duration
0.8389868918103568,0.8307692307692308,0.8333969266004656,396.1495110988617
