precision,accuracy,recall,duration
0.9572072072072072,0.9379084967320261,0.9052224371373307,336.0679235458374
