precision,accuracy,recall,duration
0.9956445993031359,0.9956101843722563,0.9956140350877193,507.37690258026123
