precision,accuracy,recall,duration
0.821763730367769,0.8146853146853147,0.7833157725960878,439.72959208488464
