precision,accuracy,recall,duration
0.869936466546636,0.8666666666666667,0.8666666666666667,170.7195382118225
