precision,accuracy,recall,duration
0.7987223264856087,0.7978260869565217,0.797306828146972,805.7573881149292
