precision,accuracy,recall,duration
0.6972332673155079,0.7523510971786834,0.6296606027390164,454.2556188106537
