precision,accuracy,recall,duration
0.9480680713128038,0.9480699805609553,0.948001685325629,411.1910705566406
