precision,accuracy,recall,duration
0.6624697213911847,0.7398119122257053,0.6054565690705863,275.1020267009735
