precision,accuracy,recall,duration
0.8378326989890335,0.8253623188405798,0.8259672992003819,520.7360517978668
