precision,accuracy,recall,duration
0.8961034385548536,0.8005917159763314,0.9055574913178767,364.6969327926636
