precision,accuracy,recall,duration
0.4212925221367671,0.6115288220551378,0.4041006464805425,165.71600341796875
