precision,accuracy,recall,duration
0.94211355205131,0.935181236673774,0.9358277470323806,203.49043726921082
