precision,accuracy,recall,duration
0.8935736044663686,0.8906666666666667,0.8906666666666667,572.0873870849609
