precision,accuracy,recall,duration
0.9765571759574758,0.9710743801652892,0.9634387351778657,86.7855236530304
