precision,accuracy,recall,duration
0.77104636503712,0.7388888888888889,0.7388888888888889,204.29190492630005
