precision,accuracy,recall,duration
0.8478780718294869,0.8435897435897436,0.8369854024672804,638.3023326396942
