precision,accuracy,recall,duration
0.9973776223776224,0.9973661106233538,0.9973684210526316,264.31533694267273
