precision,accuracy,recall,duration
0.8744197310055716,0.8017751479289941,0.9044196808492705,631.4941165447235
