precision,accuracy,recall,duration
0.6346546406155514,0.6865203761755486,0.554256301330071,355.17540764808655
