precision,accuracy,recall,duration
0.881745929136698,0.813,0.7429077400024247,983.8582291603088
