precision,accuracy,recall,duration
0.9637019949026955,0.9634146341463414,0.9468488382296736,107.09046697616577
