precision,accuracy,recall,duration
0.6964606638423364,0.9384444444444444,0.5718522187053108,199.33225059509277
