precision,accuracy,recall,duration
0.6103427895981087,0.73,0.6036603730696558,106.00828051567078
