precision,accuracy,recall,duration
0.9719825045389168,0.9706362153344209,0.9639744570382217,1285.568682193756
