precision,accuracy,recall,duration
0.8219110309613648,0.8128205128205128,0.819505665735,207.63687586784363
