precision,accuracy,recall,duration
0.8005050505050505,0.8166666666666667,0.7951274071192376,116.80679941177368
