precision,accuracy,recall,duration
0.7779196217494091,0.795,0.6687499282623417,437.53659415245056
