precision,accuracy,recall,duration
0.7959998034301439,0.78,0.6610707467220672,199.3759322166443
