precision,accuracy,recall,duration
0.9245337014547033,0.9235423542354235,0.9230310956117408,928.7821235656738
