precision,accuracy,recall,duration
0.8600829394947043,0.8388746803069054,0.8524509274509274,287.5080497264862
