precision,accuracy,recall,duration
0.9366213628292595,0.9366842543737851,0.9368825488543799,2858.014181137085
