precision,accuracy,recall,duration
0.9426989619377163,0.9475341028331584,0.9470925356443948,306.07192373275757
