precision,accuracy,recall,duration
0.9380952380952381,0.9318181818181818,0.9388111888111889,513.4804079532623
