precision,accuracy,recall,duration
0.8279727095516569,0.8228571428571428,0.8312824719715614,323.7083327770233
