precision,accuracy,recall,duration
0.833577425157987,0.8414918414918415,0.8312852169132805,1762.6033871173859
