precision,accuracy,recall,duration
0.6158608481907252,0.6121212121212121,0.6121212121212121,748.3825869560242
