precision,accuracy,recall,duration
0.8475817880229645,0.8439897698209718,0.8486486486486486,478.46131348609924
