precision,accuracy,recall,duration
0.6154445122814006,0.7100313479623824,0.5896148030794396,105.27561688423157
