precision,accuracy,recall,duration
0.7538727611045788,0.7683333333333333,0.765015015015015,331.42418241500854
