precision,accuracy,recall,duration
0.9736842105263157,0.9736842105263158,0.975,722.9786162376404
