precision,accuracy,recall,duration
0.9634822167080231,0.9624796084828712,0.9545870709037387,323.22722697257996
