precision,accuracy,recall,duration
0.9346288953190678,0.9297520661157025,0.9135548026852375,251.45268392562866
