precision,accuracy,recall,duration
0.8224048077919682,0.8102564102564103,0.8193803773151195,521.0433619022369
