precision,accuracy,recall,duration
0.9111111111111111,0.9,0.9,75.72874069213867
