precision,accuracy,recall,duration
0.889221055587962,0.8883333333333333,0.8863043549153001,216.17727136611938
