precision,accuracy,recall,duration
0.751074644386997,0.775,0.656618038099392,180.32974696159363
