precision,accuracy,recall,duration
0.9025139017608896,0.9072164948453608,0.8795608477168451,149.04819536209106
