precision,accuracy,recall,duration
0.8517780145985849,0.8512820512820513,0.8440875095088357,327.0819978713989
