precision,accuracy,recall,duration
0.7536019302413334,0.848780487804878,0.7903832442067736,978.5291500091553
