precision,accuracy,recall,duration
0.607423832373195,0.73,0.6019804230774695,96.6487045288086
