precision,accuracy,recall,duration
0.7852764736567553,0.78,0.78,254.72872042655945
