precision,accuracy,recall,duration
0.5588975618800408,0.5292207792207793,0.5262739233406317,500.6369378566742
