precision,accuracy,recall,duration
0.8854096251553676,0.854,0.8061102547671417,923.6069750785828
