precision,accuracy,recall,duration
0.7745726495726495,0.78,0.7999416455942423,387.35603404045105
