precision,accuracy,recall,duration
0.6359602413915513,0.8167701863354038,0.5250130616509927,281.7215642929077
