precision,accuracy,recall,duration
0.9166666666666667,0.9,0.9,567.8737959861755
