precision,accuracy,recall,duration
0.8944006401570362,0.889,0.8848712850410825,173.06402444839478
