precision,accuracy,recall,duration
0.5725450338685102,0.7075,0.5703199363536916,151.53537607192993
