precision,accuracy,recall,duration
0.6446753246753246,0.6408839779005525,0.6272288524917607,169.11847519874573
