precision,accuracy,recall,duration
0.7666666666666667,0.7333333333333333,0.7333333333333333,330.4015588760376
