precision,accuracy,recall,duration
0.8583432259050784,0.8615384615384616,0.8554717033378826,303.2600996494293
