precision,accuracy,recall,duration
0.4756800598032826,0.745,0.5007478600538219,196.8710355758667
