precision,accuracy,recall,duration
0.9820831342570473,0.9828571428571429,0.9821428571428571,94.36614871025085
