precision,accuracy,recall,duration
0.46979026981829014,0.4309090909090909,0.44337111628226966,628.2497639656067
