precision,accuracy,recall,duration
0.8592914812899163,0.8564102564102564,0.8583396154165146,804.197300195694
