precision,accuracy,recall,duration
0.9060066740823136,0.9055555555555556,0.9055555555555556,484.67884278297424
