precision,accuracy,recall,duration
0.7838095238095238,0.7666666666666667,0.7666666666666667,135.99990224838257
