precision,accuracy,recall,duration
0.45144002754471446,0.43636363636363634,0.45286021993763986,507.81628251075745
