precision,accuracy,recall,duration
0.6607098167397588,0.6879782129425496,0.6007895907145288,1703.8698301315308
