precision,accuracy,recall,duration
0.813953488372093,0.7037037037037037,0.7037037037037037,62.055888652801514
