precision,accuracy,recall,duration
0.8763642808151391,0.877,0.8540111536396543,1819.2091960906982
