precision,accuracy,recall,duration
0.4698464359847129,0.4509090909090909,0.45284366697643313,266.1763937473297
