precision,accuracy,recall,duration
0.8243363163683632,0.8228438228438228,0.7971906637958679,870.7372479438782
