precision,accuracy,recall,duration
0.7716151588936754,0.785,0.670070283775046,188.41887044906616
