precision,accuracy,recall,duration
0.9453089613560078,0.9478048780487804,0.9303687526107965,112.01039910316467
