precision,accuracy,recall,duration
0.8844892398858177,0.883,0.8805135554204483,419.303124666214
