precision,accuracy,recall,duration
0.9775913741430983,0.9771428571428571,0.9775259633634018,265.4228689670563
