precision,accuracy,recall,duration
0.9459900882751412,0.9458483754512635,0.9456663055254604,2301.744257211685
