precision,accuracy,recall,duration
0.8280300030300031,0.8235294117647058,0.8248683748683749,1185.8481364250183
