precision,accuracy,recall,duration
0.6980125359468345,0.9377777777777778,0.579545082162316,810.5306160449982
