precision,accuracy,recall,duration
0.9720951712713862,0.9770519669742593,0.9601759104633695,503.7590141296387
