precision,accuracy,recall,duration
0.7011819879466938,0.7463414634146341,0.6778342245989304,165.267591714859
