precision,accuracy,recall,duration
0.9349350778883992,0.9422875131164743,0.9469970179852762,240.7360541820526
