precision,accuracy,recall,duration
0.7919683257918552,0.8585365853658536,0.7821390374331552,443.89869499206543
