precision,accuracy,recall,duration
0.962962962962963,0.9477124183006536,0.9279497098646035,494.60831904411316
