precision,accuracy,recall,duration
0.9440171313762706,0.9521951219512195,0.9316585141727141,152.57907724380493
