precision,accuracy,recall,duration
0.7342708623410378,0.728,0.7280000000000001,1224.5272479057312
