precision,accuracy,recall,duration
0.7352024436439712,0.7268115942028985,0.7265645850799729,805.8644654750824
