precision,accuracy,recall,duration
0.8817217199398006,0.7928994082840237,0.8953614349451436,294.8261921405792
