precision,accuracy,recall,duration
0.7898645915912651,0.7769230769230769,0.7889452673456959,143.4033989906311
