precision,accuracy,recall,duration
0.9149007770856079,0.9153354632587859,0.9146877206495925,139.0145025253296
