precision,accuracy,recall,duration
0.9416666666666667,0.9084967320261438,0.8763700838168923,196.97463464736938
