precision,accuracy,recall,duration
0.94550395256917,0.9248366013071896,0.8896679561573179,474.3715252876282
