precision,accuracy,recall,duration
0.9466369106777106,0.9466814773673979,0.946661450182577,2291.3126616477966
