precision,accuracy,recall,duration
0.8160833046289181,0.7942857142857143,0.8100446632029897,63.18022918701172
