precision,accuracy,recall,duration
0.6325413699616392,0.7325,0.5957585702311441,268.2716109752655
