precision,accuracy,recall,duration
0.9350775951474771,0.9338842975206612,0.9168329255285776,377.8116431236267
