precision,accuracy,recall,duration
0.9309698391297121,0.930968096809681,0.9308867335077013,878.6251945495605
