precision,accuracy,recall,duration
0.9276869572922204,0.9284525790349417,0.9363572671593554,445.7523903846741
