precision,accuracy,recall,duration
0.8281139537718485,0.80306905370844,0.8124830124830124,271.3455331325531
