precision,accuracy,recall,duration
0.9525675650592123,0.9559286463798531,0.9544147796104743,135.8626880645752
