precision,accuracy,recall,duration
0.5750911264689587,0.73,0.5755984599866456,144.5294268131256
