precision,accuracy,recall,duration
0.9185305151738462,0.9132231404958677,0.8800081560951126,377.06451296806335
