precision,accuracy,recall,duration
0.8453664096253372,0.8497395833333333,0.8138027818504097,418.6666533946991
