precision,accuracy,recall,duration
0.4108964036500269,0.6040100250626567,0.39253370830176215,386.87402987480164
