precision,accuracy,recall,duration
0.739195590939777,0.785,0.6307109871484377,339.3510117530823
