precision,accuracy,recall,duration
0.7671111155264108,0.7921052631578948,0.7775821107524143,899.3043749332428
