precision,accuracy,recall,duration
0.9623557070909659,0.9650582362728786,0.9689074965534387,77.40037560462952
