precision,accuracy,recall,duration
0.9698960459830026,0.9714285714285714,0.9715735824110209,645.8496551513672
