precision,accuracy,recall,duration
0.9517864191866511,0.9504,0.9512061609887698,303.1882972717285
