precision,accuracy,recall,duration
0.8618800663769135,0.8507246376811595,0.8509969207253567,504.68804574012756
