precision,accuracy,recall,duration
0.8326432037472118,0.8318840579710145,0.8314992931900884,276.9270157814026
