precision,accuracy,recall,duration
0.965848503903726,0.9624733475479744,0.9626289125993863,612.5692276954651
