precision,accuracy,recall,duration
0.8388254745786422,0.8403645833333333,0.7989699031717761,143.86737871170044
