precision,accuracy,recall,duration
0.818311684347049,0.7986842105263158,0.7723590439469595,339.2896568775177
