precision,accuracy,recall,duration
0.6875,0.6851851851851852,0.6851851851851851,232.55507922172546
