precision,accuracy,recall,duration
0.9127524412768215,0.9126186487995533,0.9128801097689989,730.1888122558594
