precision,accuracy,recall,duration
0.9763895524765089,0.9771428571428571,0.979093361482524,587.1200487613678
