precision,accuracy,recall,duration
0.9564402734401651,0.9518123667377398,0.9521039380667266,444.38192915916443
