precision,accuracy,recall,duration
0.9509399690882588,0.9504,0.9519668070910308,123.46036839485168
