precision,accuracy,recall,duration
0.7991344402629527,0.7855263157894737,0.7632126615787205,447.4025354385376
