precision,accuracy,recall,duration
0.9045960332911978,0.9026666666666666,0.9002091084813346,570.5410952568054
