precision,accuracy,recall,duration
0.8418276188929926,0.8435897435897436,0.8388523572342098,534.2359058856964
