precision,accuracy,recall,duration
0.8007784769765736,0.8183333333333334,0.803904882318615,522.5224807262421
