precision,accuracy,recall,duration
0.9335447352784815,0.9338842975206612,0.9132097371227806,267.75882482528687
