precision,accuracy,recall,duration
0.8377983147719991,0.8158567774936062,0.8231518481518482,485.816260099411
