precision,accuracy,recall,duration
0.7666666666666666,0.6666666666666666,0.6666666666666666,406.53993940353394
