precision,accuracy,recall,duration
0.9699162205902471,0.9775376396308888,0.9642919869906766,3369.198929786682
