precision,accuracy,recall,duration
0.8866538140566497,0.891,0.8751407194443963,1165.6655304431915
