precision,accuracy,recall,duration
0.9252765494271937,0.9249174917491749,0.9246167538506248,324.28520035743713
