precision,accuracy,recall,duration
0.9636294375608723,0.9616,0.9633114791810444,1132.9108128547668
