precision,accuracy,recall,duration
0.9709941958777363,0.9698492462311558,0.9695414025034386,147.7149875164032
