precision,accuracy,recall,duration
0.9286538924038924,0.9216666666666666,0.9216666666666669,1308.2119476795197
