precision,accuracy,recall,duration
0.42938896210486094,0.72,0.44097619232511853,196.9053349494934
