precision,accuracy,recall,duration
0.7835433654558932,0.6888888888888889,0.6888888888888889,385.6091721057892
