precision,accuracy,recall,duration
0.6136588417975886,0.6187845303867403,0.6097582642564666,195.84000635147095
