precision,accuracy,recall,duration
0.832855696628516,0.8205128205128205,0.8291605531254977,386.54666805267334
