precision,accuracy,recall,duration
0.7648942925444494,0.8439024390243902,0.7567736185383245,112.2004804611206
