precision,accuracy,recall,duration
0.8439153439153438,0.8285714285714286,0.849238902561298,325.81653237342834
