precision,accuracy,recall,duration
0.869047967808388,0.8011834319526627,0.9007880778408355,388.8629434108734
