precision,accuracy,recall,duration
0.7606371352111088,0.7578947368421053,0.7070430853373267,180.00342226028442
