precision,accuracy,recall,duration
0.9676083258658955,0.968780487804878,0.9534906552866439,273.5855939388275
