precision,accuracy,recall,duration
0.499035574035574,0.8025,0.48782084418005667,326.6330621242523
