precision,accuracy,recall,duration
0.8071643423571233,0.77,0.7081559021919203,435.11582350730896
