precision,accuracy,recall,duration
0.8327070812652217,0.8307692307692308,0.8326172364054528,1052.2508039474487
