precision,accuracy,recall,duration
0.6932692307692307,0.6857142857142857,0.6824618736383442,264.32576966285706
