precision,accuracy,recall,duration
0.7753269478725364,0.79,0.784999284999285,202.45244002342224
