precision,accuracy,recall,duration
0.6121303193838002,0.7037617554858934,0.5569233157149245,294.8901824951172
