precision,accuracy,recall,duration
0.7107554417413573,0.7182320441988951,0.706265664160401,180.34346890449524
