precision,accuracy,recall,duration
0.8336892667081347,0.8228571428571428,0.8341992525749703,65.77013850212097
