precision,accuracy,recall,duration
0.7812045784883721,0.7966666666666666,0.8010601050379303,367.68611884117126
