precision,accuracy,recall,duration
0.9791201472268029,0.978894472361809,0.97898890586441,325.82566952705383
