precision,accuracy,recall,duration
0.701620494223809,0.9364444444444444,0.5716708683258381,342.9202618598938
