precision,accuracy,recall,duration
0.970205526812377,0.9668292682926829,0.9515423244626586,354.30060839653015
