precision,accuracy,recall,duration
0.9480674181169036,0.9313725490196079,0.8900709219858156,203.90313577651978
