precision,accuracy,recall,duration
0.965811539788821,0.9678048780487805,0.9537400672912889,371.04047203063965
