precision,accuracy,recall,duration
0.8420645597116184,0.8337595907928389,0.8381390006390006,513.4874460697174
