precision,accuracy,recall,duration
0.7219269728093256,0.8043956043956044,0.6828017366190742,451.80857944488525
