precision,accuracy,recall,duration
0.7133906874535714,0.8043956043956044,0.6843319890979334,263.60967922210693
