precision,accuracy,recall,duration
0.7197507377128122,0.7956043956043956,0.6716185382385071,203.58099246025085
