precision,accuracy,recall,duration
0.7596153846153846,0.7592592592592593,0.7592592592592593,69.13187980651855
