precision,accuracy,recall,duration
0.6285163149786999,0.73,0.6220282998764012,206.13031673431396
