precision,accuracy,recall,duration
0.9622940952297273,0.9582089552238806,0.9584074961473779,275.2289094924927
