precision,accuracy,recall,duration
0.9745474066907048,0.9738693467336683,0.9737638305587493,385.5053913593292
