precision,accuracy,recall,duration
0.8473387358644366,0.8580729166666666,0.8285262152064007,1030.2342839241028
