precision,accuracy,recall,duration
0.9352044352044353,0.9342105263157895,0.9361111111111111,146.0295648574829
