precision,accuracy,recall,duration
0.855601864119021,0.8538461538461538,0.8544036798270463,602.0190727710724
