precision,accuracy,recall,duration
0.929113664113664,0.92,0.92,923.311817407608
