precision,accuracy,recall,duration
0.9590909090909091,0.9411764705882353,0.9373791102514507,468.1688115596771
