precision,accuracy,recall,duration
0.6893616804291754,0.7178057320710673,0.6299208088402299,17433.380990982056
