precision,accuracy,recall,duration
0.8809480295581507,0.831,0.770757200505724,318.05926871299744
