precision,accuracy,recall,duration
0.8095132350200067,0.7973684210526316,0.7707022224228208,506.2262043952942
