precision,accuracy,recall,duration
0.3171765234713558,0.3145454545454546,0.3519343955916793,115.61445569992065
