precision,accuracy,recall,duration
0.9599032512339629,0.9569296375266525,0.9571407649831274,627.3221156597137
