precision,accuracy,recall,duration
0.8492063492063492,0.8,0.736111111111111,105.2259738445282
