precision,accuracy,recall,duration
0.9016986464588909,0.902,0.9012119893627619,466.1223781108856
