precision,accuracy,recall,duration
0.955772409015493,0.9521951219512195,0.9308922334053812,177.38670015335083
