precision,accuracy,recall,duration
0.8204760451632591,0.833,0.8410389857808414,804.0078883171082
