precision,accuracy,recall,duration
0.7095757328297839,0.9368888888888889,0.5816723466724146,674.8447306156158
