precision,accuracy,recall,duration
0.8979731783151119,0.8961661341853036,0.8933872520700943,501.97270345687866
