precision,accuracy,recall,duration
0.958773093104079,0.9643231899265478,0.9674517752306402,249.21783018112183
