precision,accuracy,recall,duration
0.6270747530365622,0.6297979797979798,0.6297979797979797,243.7494866847992
