precision,accuracy,recall,duration
0.846772102319266,0.8487179487179487,0.8439235449170593,748.4192216396332
