precision,accuracy,recall,duration
0.9702682870233205,0.9717073170731707,0.9601852932677443,260.6413643360138
