precision,accuracy,recall,duration
0.6010890693649313,0.6077348066298343,0.5934382303006092,239.79295182228088
