precision,accuracy,recall,duration
0.9050872275872276,0.9,0.9,319.7714309692383
