precision,accuracy,recall,duration
0.32979589181366464,0.30727272727272725,0.3381383466719355,264.2492136955261
