precision,accuracy,recall,duration
0.6037341886662398,0.6035353535353535,0.6035353535353536,382.7086229324341
