precision,accuracy,recall,duration
0.8216931216931217,0.8057142857142857,0.8240816698568955,151.5993835926056
