precision,accuracy,recall,duration
0.9378787878787879,0.9333333333333333,0.9333333333333332,505.76336145401
