precision,accuracy,recall,duration
0.9069264069264069,0.9,0.8967611336032388,76.59524822235107
