precision,accuracy,recall,duration
0.9894179894179894,0.9885714285714285,0.9889455782312925,151.91177582740784
