precision,accuracy,recall,duration
0.5011878506675236,0.5,0.49666297203346216,745.5802862644196
