precision,accuracy,recall,duration
0.9879931389365352,0.9877085162423178,0.987719298245614,511.2241849899292
