precision,accuracy,recall,duration
0.8151346751965947,0.7493606138107417,0.7647587772587773,182.5752730369568
