precision,accuracy,recall,duration
0.9438278805384288,0.9439044709802833,0.9439388467557481,3758.7281544208527
