precision,accuracy,recall,duration
0.7681553448098134,0.8,0.7188645172151249,115.90038895606995
