precision,accuracy,recall,duration
0.29917922315562223,0.27090909090909093,0.3207459029210979,131.48748660087585
