precision,accuracy,recall,duration
0.5483364659545117,0.5422077922077922,0.5397932422923373,444.6910753250122
