precision,accuracy,recall,duration
0.5098571956678684,0.5097402597402597,0.5084929640226686,625.5322184562683
