precision,accuracy,recall,duration
0.9627998685507723,0.9632738719832109,0.9593281148075669,143.2256543636322
