precision,accuracy,recall,duration
0.8239513613847103,0.8179487179487179,0.8219997337964401,842.7545640468597
