precision,accuracy,recall,duration
0.6360665866242216,0.6292929292929293,0.6292929292929292,174.20483708381653
