precision,accuracy,recall,duration
0.840928220339985,0.8158567774936062,0.8258586758586758,480.38892364501953
