precision,accuracy,recall,duration
0.7217980602424933,0.7475,0.6174553983066087,206.89464282989502
