precision,accuracy,recall,duration
0.8520596396604461,0.8461538461538461,0.8549501706568927,1248.3887195587158
