precision,accuracy,recall,duration
0.9290703958351018,0.9166666666666666,0.9166666666666667,506.20981645584106
