precision,accuracy,recall,duration
0.7892784590153011,0.7800511508951407,0.7807569682569683,381.10444617271423
