precision,accuracy,recall,duration
0.9923884633046701,0.9980532121998702,0.9975869843730987,1180.8736445903778
