precision,accuracy,recall,duration
0.9573081758507699,0.9586776859504132,0.9522915490306795,243.24972701072693
