precision,accuracy,recall,duration
0.9601885544411222,0.96,0.9610236818621911,239.47222995758057
