precision,accuracy,recall,duration
0.7766666666666666,0.7666666666666667,0.7666666666666667,145.65525245666504
