precision,accuracy,recall,duration
0.8757483743671006,0.872,0.872,204.21613025665283
