precision,accuracy,recall,duration
0.5093550957772682,0.775,0.5050556758258157,467.05132722854614
