precision,accuracy,recall,duration
0.766182964568435,0.785,0.7792015172145497,93.32036209106445
