precision,accuracy,recall,duration
0.8975659229208925,0.9072164948453608,0.8854052873060957,966.7824249267578
