precision,accuracy,recall,duration
0.8229402503552433,0.7948717948717948,0.8061250689775848,387.52505922317505
