precision,accuracy,recall,duration
0.8938807599211858,0.8946666666666667,0.8947971254619618,242.01773381233215
