precision,accuracy,recall,duration
0.7552004612923588,0.7774936061381074,0.7835670335670335,237.0218527317047
