precision,accuracy,recall,duration
0.593103448275862,0.5925925925925926,0.5925925925925926,226.66289520263672
