precision,accuracy,recall,duration
0.5814604077761973,0.7795031055900621,0.5560997910135841,624.4535391330719
