precision,accuracy,recall,duration
0.8931332047443574,0.8923333333333333,0.8904204103457996,340.55019903182983
