precision,accuracy,recall,duration
0.8432728232618584,0.84,0.8516087868015677,385.6147072315216
