precision,accuracy,recall,duration
0.6211797639528489,0.6187845303867403,0.6130009237990612,195.07961654663086
