precision,accuracy,recall,duration
0.6979107002313274,0.9364444444444444,0.5971907797758769,1537.3046388626099
