precision,accuracy,recall,duration
0.8458972911056244,0.8487179487179487,0.8439426160251265,519.955649137497
