precision,accuracy,recall,duration
0.97491497801166,0.9744,0.9752139406487232,629.4331429004669
