precision,accuracy,recall,duration
0.7172696512233212,0.7237569060773481,0.7092105263157895,293.4030292034149
