precision,accuracy,recall,duration
0.7633028712165403,0.76,0.76,913.7521739006042
