precision,accuracy,recall,duration
0.9206349206349206,0.9166666666666666,0.9166666666666666,445.76962327957153
