precision,accuracy,recall,duration
0.9602800200184148,0.9573560767590619,0.9575861559886246,385.4213445186615
