precision,accuracy,recall,duration
0.9823232323232323,0.9771241830065359,0.9764667956157318,518.3834955692291
