precision,accuracy,recall,duration
0.5929871456187246,0.7225,0.582118654903465,206.23430967330933
