precision,accuracy,recall,duration
0.851156372828533,0.841025641025641,0.8485528515273755,303.39198088645935
