precision,accuracy,recall,duration
0.7488888888888889,0.6333333333333333,0.6333333333333333,551.7715167999268
