precision,accuracy,recall,duration
0.9792485247772483,0.978894472361809,0.9791621201094985,263.7051486968994
