precision,accuracy,recall,duration
0.9386344994457129,0.94,0.9184218557592704,148.38670587539673
