precision,accuracy,recall,duration
0.5182848667831983,0.5162337662337663,0.5165012168846009,805.0497183799744
