precision,accuracy,recall,duration
0.9745219029639739,0.9775376396308888,0.9590392463205166,3252.1861639022827
