precision,accuracy,recall,duration
0.8204301075268817,0.819672131147541,0.8225108225108224,264.21973395347595
