precision,accuracy,recall,duration
0.757847309414549,0.7583333333333333,0.7821192375024314,273.876930475235
