precision,accuracy,recall,duration
0.5246305418719212,0.515625,0.5253036437246963,445.35259342193604
