precision,accuracy,recall,duration
0.730127186009539,0.7142857142857143,0.710239651416122,180.72606015205383
