precision,accuracy,recall,duration
0.9997395833333333,0.99975,0.999748743718593,191.2525269985199
