precision,accuracy,recall,duration
0.7012786957466565,0.7296070548566982,0.64426277229129,9705.278567552567
