precision,accuracy,recall,duration
0.7283293834962641,0.824390243902439,0.7402584670231729,165.77875804901123
