precision,accuracy,recall,duration
0.8755854349460785,0.7846153846153846,0.8973383893758476,638.8822243213654
