precision,accuracy,recall,duration
0.8103560001075528,0.7808219178082192,0.7893483709273182,627.5997986793518
