precision,accuracy,recall,duration
0.9756321156279576,0.9777804759592035,0.9592435750712424,685.9560513496399
