precision,accuracy,recall,duration
0.9743451668547003,0.9738693467336683,0.9738224946173283,264.25134801864624
