precision,accuracy,recall,duration
0.8695219605846045,0.8666666666666667,0.8666666666666667,400.3049862384796
