precision,accuracy,recall,duration
0.7825095884797376,0.7925,0.7051593723815754,118.34871935844421
