precision,accuracy,recall,duration
0.7050438596491229,0.7047619047619048,0.7037037037037037,564.0870158672333
