precision,accuracy,recall,duration
0.8677713379326284,0.8692307692307693,0.8635618777566573,292.3474988937378
