precision,accuracy,recall,duration
0.6915525124911672,0.934,0.5787550949080901,625.8651518821716
