precision,accuracy,recall,duration
0.9851975919837569,0.9849246231155779,0.985163735669432,385.9575114250183
