precision,accuracy,recall,duration
0.6435504745470233,0.7475,0.6235853613490744,155.72473812103271
