precision,accuracy,recall,duration
0.8400270220074217,0.8358974358974359,0.8359840811293201,324.26745891571045
