precision,accuracy,recall,duration
0.9370840263461502,0.9297520661157025,0.920703933747412,112.19970750808716
