precision,accuracy,recall,duration
0.9594519745587375,0.9595121951219512,0.9448872103779494,166.71837782859802
