precision,accuracy,recall,duration
0.9991228070175439,0.9991220368744512,0.9991228070175439,145.94110703468323
