precision,accuracy,recall,duration
0.9593805985380492,0.9591836734693877,0.9591549934267192,76.0861918926239
