precision,accuracy,recall,duration
0.8994152625957507,0.896,0.8927435649221305,244.0776605606079
