precision,accuracy,recall,duration
0.6240606743531457,0.6222222222222222,0.6222222222222222,85.52632331848145
