precision,accuracy,recall,duration
0.6221888483634891,0.7425,0.6157325718507153,163.244647026062
