precision,accuracy,recall,duration
0.7954083621103769,0.7714285714285715,0.7921793820071096,169.28987312316895
