precision,accuracy,recall,duration
0.9764547900317442,0.9779643231899265,0.9769476283664151,52.79541635513306
