precision,accuracy,recall,duration
0.9216808703205389,0.9207920792079208,0.9203047805870386,2067.0644788742065
