precision,accuracy,recall,duration
0.581498487627519,0.670846394984326,0.551615171443505,355.5391330718994
