precision,accuracy,recall,duration
0.9626543773947532,0.9658536585365853,0.9443914444236702,362.7028567790985
