precision,accuracy,recall,duration
0.9964380533581856,0.9983776768332252,0.9951250193131491,415.91404843330383
