precision,accuracy,recall,duration
0.9047619047619047,0.9090909090909091,0.8760399021268587,461.72644877433777
