precision,accuracy,recall,duration
0.7220779220779221,0.7111111111111111,0.711111111111111,226.60111331939697
