precision,accuracy,recall,duration
0.8724319474534302,0.7857988165680473,0.8987797055991588,1287.4637060165405
