precision,accuracy,recall,duration
0.9524781245918768,0.9548793284365162,0.9520058708414874,203.21823835372925
