precision,accuracy,recall,duration
0.8828540588557322,0.8825878594249201,0.880668849091726,372.6991262435913
