precision,accuracy,recall,duration
0.7826913670824163,0.785,0.6454835883367959,112.96449398994446
