precision,accuracy,recall,duration
0.7554824561403508,0.7523809523809524,0.7538126361655774,150.67917776107788
