precision,accuracy,recall,duration
0.9669699053260696,0.966958211856171,0.9669522643818849,78.40350794792175
