precision,accuracy,recall,duration
0.8136544306757073,0.8,0.8148755810773859,207.75692105293274
