precision,accuracy,recall,duration
0.8205128205128205,0.7666666666666667,0.6638888888888889,255.53783750534058
