precision,accuracy,recall,duration
0.905379188712522,0.9072164948453608,0.8766386279222198,396.2259726524353
