precision,accuracy,recall,duration
0.513136302294197,0.5097402597402597,0.5089378229396558,173.6875720024109
