precision,accuracy,recall,duration
0.8974578052592349,0.7875739644970414,0.8942443411682206,289.0036790370941
