precision,accuracy,recall,duration
0.8939698829876758,0.8201183431952662,0.9146116889810677,394.4664535522461
