precision,accuracy,recall,duration
0.6679753415269957,0.7570532915360502,0.621825433978498,319.81447744369507
