precision,accuracy,recall,duration
0.6178852786133585,0.6865203761755486,0.5516747100567961,141.45319056510925
