precision,accuracy,recall,duration
0.8499849133854928,0.8461538461538461,0.851634662724054,687.5256280899048
