precision,accuracy,recall,duration
0.7471380471380471,0.73,0.7677008364131492,289.38716197013855
