precision,accuracy,recall,duration
0.9754728132387708,0.9669421487603306,0.9627486040529519,143.58376002311707
