precision,accuracy,recall,duration
0.8828391593841032,0.8809904153354633,0.8779292637524874,83.93298721313477
