precision,accuracy,recall,duration
0.9763151394590442,0.9758793969849247,0.9759003259051954,209.03750157356262
