precision,accuracy,recall,duration
0.7281479520942234,0.728,0.7280000000000001,2184.56130027771
