precision,accuracy,recall,duration
0.9650142798857609,0.9650145772594753,0.9650142798857609,208.21536946296692
