precision,accuracy,recall,duration
0.8375098246615275,0.8260869565217391,0.826518264018264,324.05435252189636
