precision,accuracy,recall,duration
0.7923076923076923,0.8075,0.7146972288220867,113.16514277458191
