precision,accuracy,recall,duration
0.8743268463299703,0.7982248520710059,0.8983158728508256,474.18118596076965
