precision,accuracy,recall,duration
0.7601783245569069,0.77,0.6586737524342978,120.2939989566803
