precision,accuracy,recall,duration
0.8778533268576979,0.87,0.8376736111111112,111.76916098594666
