precision,accuracy,recall,duration
0.8207877090230031,0.8082191780821918,0.8350459482038429,205.3165123462677
