precision,accuracy,recall,duration
0.8954547707923458,0.8884297520661157,0.8495231821318777,325.40901279449463
