precision,accuracy,recall,duration
0.9013006069453641,0.8011834319526627,0.9045465689313918,668.3881180286407
