precision,accuracy,recall,duration
0.7588392516227568,0.7525,0.6416392150561084,274.83696365356445
