precision,accuracy,recall,duration
0.871757296508854,0.875,0.8542363047506885,3326.6834948062897
