precision,accuracy,recall,duration
0.9279746731281646,0.9276940256839754,0.9278764189535906,1063.7566010951996
