precision,accuracy,recall,duration
0.624331740213648,0.6303030303030303,0.6303030303030304,206.11338591575623
