precision,accuracy,recall,duration
0.8493620250973192,0.8337595907928389,0.8393375768375768,641.4671347141266
