precision,accuracy,recall,duration
0.5632170076213397,0.7608695652173914,0.5514629049111808,208.011620759964
