precision,accuracy,recall,duration
0.801948051948052,0.8032786885245902,0.801948051948052,386.58577132225037
