precision,accuracy,recall,duration
0.9774967999741188,0.9768844221105528,0.9769803138003889,97.18698120117188
