precision,accuracy,recall,duration
0.9733436055469954,0.9736842105263158,0.9740740740740741,197.83918738365173
