precision,accuracy,recall,duration
0.6181882210550084,0.7275,0.6065223259316087,386.1240303516388
