precision,accuracy,recall,duration
0.9316954673104101,0.9312431243124313,0.9309139784946237,531.5360751152039
