precision,accuracy,recall,duration
0.7567049808429118,0.7266666666666667,0.7736821630033068,371.7610468864441
