precision,accuracy,recall,duration
0.5526068024008474,0.7795031055900621,0.529192789968652,206.9719693660736
