precision,accuracy,recall,duration
0.9537244615101447,0.9556097560975609,0.9365850059243026,265.16913509368896
