precision,accuracy,recall,duration
0.7728946919269499,0.7825,0.6867486197674552,278.4661719799042
