precision,accuracy,recall,duration
0.877075182404568,0.8969072164948454,0.8895564780423859,264.185378074646
