precision,accuracy,recall,duration
0.5733094485423252,0.5714285714285714,0.570196980468784,384.31330943107605
