precision,accuracy,recall,duration
0.8163905874432191,0.7979539641943734,0.8057432432432432,255.76721692085266
