precision,accuracy,recall,duration
0.8383820384889522,0.8228571428571428,0.8400328137817884,120.66663122177124
