precision,accuracy,recall,duration
0.9675257237636974,0.9641791044776119,0.9642337331243851,598.6738166809082
