precision,accuracy,recall,duration
0.8063725490196079,0.804,0.804,203.17138957977295
