precision,accuracy,recall,duration
0.8473175147703449,0.84,0.8530671771032723,77.6898934841156
