precision,accuracy,recall,duration
0.7757867910342534,0.7657894736842106,0.7353285383089443,324.7672097682953
