precision,accuracy,recall,duration
0.6145207723765037,0.735,0.6064733125914561,372.47444462776184
