precision,accuracy,recall,duration
0.47282963777201453,0.4772727272727273,0.4758804439956849,925.4114162921906
