precision,accuracy,recall,duration
0.796611459111459,0.7953964194373402,0.8048948798948797,246.90671801567078
