precision,accuracy,recall,duration
0.9617266767312346,0.9552238805970149,0.9554103244611916,203.5341465473175
