precision,accuracy,recall,duration
0.8432177794723538,0.8520833333333333,0.814929001919419,203.8800504207611
