precision,accuracy,recall,duration
0.9684230074006849,0.968780487804878,0.9605082703017633,235.59611296653748
