precision,accuracy,recall,duration
0.9064802323547874,0.9061976549413735,0.9064137885840222,1043.8928911685944
