precision,accuracy,recall,duration
0.4738736737632906,0.4618181818181818,0.4739918601419631,326.8372449874878
