precision,accuracy,recall,duration
0.7054919312857887,0.712707182320442,0.6978696741854636,294.5901391506195
