precision,accuracy,recall,duration
0.7054219504358192,0.9371111111111111,0.5648294225750115,192.05634307861328
