precision,accuracy,recall,duration
0.9733137762877518,0.9789946576007771,0.9647817014808747,1459.89532995224
