precision,accuracy,recall,duration
0.5576420246380672,0.5551948051948052,0.5540384230949286,1055.7641804218292
