precision,accuracy,recall,duration
0.9589529484313223,0.9575609756097561,0.9351884163503961,168.38921070098877
