precision,accuracy,recall,duration
0.603057811753464,0.5911602209944752,0.5853693448516928,386.74982595443726
