precision,accuracy,recall,duration
0.9820749883701945,0.9819095477386934,0.9821762809853807,507.09487199783325
