precision,accuracy,recall,duration
0.8856163393266322,0.8739130434782608,0.8741412537555068,203.25363421440125
