precision,accuracy,recall,duration
0.8947598208415516,0.895367412140575,0.8946594775017651,542.9962639808655
