precision,accuracy,recall,duration
0.7932009510956879,0.792,0.792,704.0770258903503
