precision,accuracy,recall,duration
0.8456935318148554,0.8487179487179487,0.8400495002488704,172.20609641075134
