precision,accuracy,recall,duration
0.8895182121408154,0.889,0.8675981572247528,1646.9954814910889
