precision,accuracy,recall,duration
0.9622361787009134,0.9629268292682926,0.9456213289974267,325.5207784175873
