precision,accuracy,recall,duration
0.9284613227567102,0.9214876033057852,0.8875995984691638,384.3432056903839
