precision,accuracy,recall,duration
0.43492276749864534,0.41818181818181815,0.45189032282867114,384.07227969169617
