precision,accuracy,recall,duration
0.9775185986086304,0.9768844221105528,0.9766181302854579,505.4456949234009
