precision,accuracy,recall,duration
0.9086096336052174,0.8485207100591716,0.9283705826342883,374.2567050457001
