precision,accuracy,recall,duration
0.6229323477123597,0.6912225705329154,0.5622996992480018,141.48925828933716
