precision,accuracy,recall,duration
0.6284103955745747,0.6298342541436464,0.6329119145111355,315.5892143249512
