precision,accuracy,recall,duration
0.988095238095238,0.9885714285714285,0.9891215106732348,143.83927941322327
