precision,accuracy,recall,duration
0.4719502651001936,0.7775,0.4859440939720822,204.00998401641846
