precision,accuracy,recall,duration
0.6094503942567965,0.7981366459627329,0.5607366771159874,263.2042248249054
