precision,accuracy,recall,duration
0.6748098070172913,0.7056153546881079,0.6189458572889025,4510.118451356888
