precision,accuracy,recall,duration
0.8651008182349503,0.845360824742268,0.7729681013764474,251.3064305782318
