precision,accuracy,recall,duration
0.8349798733239837,0.849,0.8505905886835587,447.948935508728
