precision,accuracy,recall,duration
0.6907072969254927,0.9393333333333334,0.5753898841033178,350.5566897392273
