precision,accuracy,recall,duration
0.7545006221532209,0.7716666666666666,0.7710319004084809,274.9370627403259
