precision,accuracy,recall,duration
0.9608344916241116,0.9658536585365853,0.9539273184838686,461.1802752017975
