precision,accuracy,recall,duration
0.9771062271062271,0.9771428571428571,0.9780670889045273,150.09048199653625
