precision,accuracy,recall,duration
0.7926743216370518,0.792,0.792,566.1233401298523
