precision,accuracy,recall,duration
0.6119583437031401,0.6166666666666667,0.6166666666666667,191.2234661579132
