precision,accuracy,recall,duration
0.9353204622857748,0.9266524520255863,0.9271846904878088,656.6652920246124
