precision,accuracy,recall,duration
0.9498759070350888,0.9494695700725851,0.9495720771365307,1287.1043446063995
