precision,accuracy,recall,duration
0.679980202330617,0.7045778757618986,0.6141604098035195,3142.1176710128784
