precision,accuracy,recall,duration
0.7816350094527552,0.765,0.6302518661356168,204.45290184020996
