precision,accuracy,recall,duration
0.8535443658255304,0.8485507246376811,0.8485781964523851,159.13732194900513
