precision,accuracy,recall,duration
0.7891647629550855,0.7842105263157895,0.7263696972732737,244.05297946929932
