precision,accuracy,recall,duration
0.9574359924105557,0.9572400388726919,0.9572113423092615,215.90302395820618
