precision,accuracy,recall,duration
0.9297853721444362,0.9295929592959296,0.9293773612321999,985.5863332748413
