precision,accuracy,recall,duration
0.6428779942279942,0.7758241758241758,0.6619405196626559,1345.656306028366
