precision,accuracy,recall,duration
0.9228167665667666,0.9183333333333333,0.9183333333333333,1036.8222219944
