precision,accuracy,recall,duration
0.9695943935478819,0.968,0.9686588451805843,1093.9766097068787
