precision,accuracy,recall,duration
0.7821266968325793,0.7966666666666666,0.8031997665823769,167.55509161949158
