precision,accuracy,recall,duration
0.8381776953205525,0.8285714285714286,0.8448637316561843,386.87767124176025
