precision,accuracy,recall,duration
0.7045170931080554,0.9388888888888889,0.5756352715957436,641.1974151134491
