precision,accuracy,recall,duration
0.8972132138734679,0.896,0.8754741162818891,1201.0478699207306
