precision,accuracy,recall,duration
0.9705525713379117,0.9771615008156607,0.9812194330482349,106.21615886688232
