precision,accuracy,recall,duration
0.8093286706117544,0.8193473193473193,0.8110025653946584,503.2670955657959
