precision,accuracy,recall,duration
0.5625,0.5625,0.5647773279352226,71.00072383880615
