precision,accuracy,recall,duration
0.6858010469238408,0.7538461538461538,0.6170869373660396,203.5665144920349
