precision,accuracy,recall,duration
0.972146787779559,0.9708542713567839,0.9716500288884662,121.65095543861389
