precision,accuracy,recall,duration
0.9766666666666666,0.9771428571428571,0.9769137184654425,247.00770235061646
