precision,accuracy,recall,duration
0.922926924055864,0.9216171617161716,0.9210222319093286,2337.321873664856
