precision,accuracy,recall,duration
0.9683722725075868,0.9697560975609756,0.954368088037339,281.60503244400024
