precision,accuracy,recall,duration
0.8948412698412699,0.88,0.8454861111111112,239.67722249031067
