precision,accuracy,recall,duration
0.8311111111111111,0.7333333333333333,0.7333333333333334,68.4026141166687
