precision,accuracy,recall,duration
0.9560297164628967,0.9462809917355371,0.9277997364953888,646.8151710033417
