precision,accuracy,recall,duration
0.8672379118524206,0.7934911242603551,0.8971462956111073,918.9682877063751
