precision,accuracy,recall,duration
0.9223225712535407,0.9218921892189219,0.9215580499854694,1374.9178245067596
