precision,accuracy,recall,duration
0.9039356616770173,0.9034059184812954,0.9036600952816676,505.9281826019287
