precision,accuracy,recall,duration
0.9112139316251503,0.901,0.8746124802992779,1522.5333518981934
