precision,accuracy,recall,duration
0.894527117330608,0.894,0.8923106956240889,324.27811646461487
