precision,accuracy,recall,duration
0.646218411656248,0.6132596685082873,0.5824835463896934,135.3627986907959
