precision,accuracy,recall,duration
0.8063725490196079,0.804,0.804,900.9208428859711
