precision,accuracy,recall,duration
0.8290334113863527,0.7774936061381074,0.7860247110247109,291.433482170105
