precision,accuracy,recall,duration
0.7230081506520031,0.8197802197802198,0.6989133419899675,493.83707427978516
