precision,accuracy,recall,duration
0.8538723453370267,0.8252911813643927,0.8464585169616019,147.84421515464783
