precision,accuracy,recall,duration
0.7968314315431388,0.7995533221663875,0.7974872533240164,475.32192873954773
