precision,accuracy,recall,duration
0.893016987136623,0.8319526627218935,0.9207536203381761,213.96259927749634
