precision,accuracy,recall,duration
0.7094933958666167,0.9411111111111111,0.5908276114748932,564.3470478057861
