precision,accuracy,recall,duration
0.4411562168889799,0.4218181818181818,0.42407555987000606,627.7039556503296
