precision,accuracy,recall,duration
0.8195045659310828,0.8076923076923077,0.8191464006698527,201.43543791770935
