precision,accuracy,recall,duration
0.34872323894051266,0.5914786967418546,0.3615040386819763,71.43653726577759
