precision,accuracy,recall,duration
0.9665688337312661,0.9664,0.9670422285639677,637.2588233947754
