precision,accuracy,recall,duration
0.6105930164518321,0.6126262626262626,0.6126262626262626,253.34172201156616
