precision,accuracy,recall,duration
0.8504531504123896,0.841025641025641,0.8487917948985801,202.11194968223572
