precision,accuracy,recall,duration
0.9009519393025982,0.9009584664536742,0.8995930419153989,92.29958629608154
