precision,accuracy,recall,duration
0.6756582633053222,0.6795580110497238,0.6580256916009188,165.55636954307556
