precision,accuracy,recall,duration
0.8932926829268293,0.8835274542429284,0.8979591836734694,385.628137588501
