precision,accuracy,recall,duration
0.9090909090909092,0.9,0.8920618854829381,215.9139266014099
