precision,accuracy,recall,duration
0.8107202408897379,0.822,0.832418296125669,923.7559158802032
