precision,accuracy,recall,duration
0.4870053947504928,0.7375,0.4998584770937558,442.57109570503235
