precision,accuracy,recall,duration
0.17290598611715224,0.2916666666666667,0.1804861615889685,334.9240584373474
