precision,accuracy,recall,duration
0.9759443953103872,0.9789946576007771,0.9623632202421222,865.6615827083588
