precision,accuracy,recall,duration
0.8240038115038114,0.8005115089514067,0.8064883314883314,382.1143391132355
