precision,accuracy,recall,duration
0.6617759146341464,0.6571428571428571,0.6541394335511983,564.7062876224518
