precision,accuracy,recall,duration
0.7763497540803648,0.8065789473684211,0.7956414012245213,405.9117319583893
