precision,accuracy,recall,duration
0.8848669713640573,0.884,0.8819249594938869,717.9361155033112
