precision,accuracy,recall,duration
0.6056307425549812,0.7375,0.5904203781840912,107.46836113929749
