precision,accuracy,recall,duration
0.8317099567099567,0.8082191780821918,0.8179197994987468,87.606769323349
