precision,accuracy,recall,duration
0.8904643449419569,0.9037800687285223,0.8858149442866508,534.942994594574
