precision,accuracy,recall,duration
0.8830290961389534,0.889,0.8747683541453783,805.1595258712769
