precision,accuracy,recall,duration
0.7109444069541754,0.9371111111111111,0.6045981378942833,307.51538252830505
