precision,accuracy,recall,duration
0.8455355606117315,0.8461538461538461,0.839489146739834,468.4841363430023
