precision,accuracy,recall,duration
0.8640292729490375,0.872,0.8566653388524221,2425.108688354492
