precision,accuracy,recall,duration
0.5552197114252521,0.7775,0.48923367942909884,263.627454996109
