precision,accuracy,recall,duration
0.7598019536999867,0.7666666666666667,0.7776347776347776,155.26913142204285
