precision,accuracy,recall,duration
0.9655016309927633,0.9663414634146341,0.9511227172054836,259.4289572238922
