precision,accuracy,recall,duration
0.20941493651090676,0.3138185654008439,0.18387588931920096,563.4629261493683
