precision,accuracy,recall,duration
0.775,0.7714285714285715,0.7696078431372549,364.36494636535645
