precision,accuracy,recall,duration
0.8947211204534179,0.8929712460063898,0.89017266833558,84.09549975395203
