precision,accuracy,recall,duration
0.8506066206761241,0.8333333333333334,0.8424591983012445,348.88569593429565
