precision,accuracy,recall,duration
0.89431197894382,0.8929712460063898,0.8904242891071315,63.303866386413574
