precision,accuracy,recall,duration
0.805441618813235,0.805,0.7182557992722932,86.49710536003113
