precision,accuracy,recall,duration
0.22237930372882658,0.339662447257384,0.22296933048807133,749.3569705486298
