precision,accuracy,recall,duration
0.7440600636260087,0.744,0.7440000000000001,1859.9257802963257
