precision,accuracy,recall,duration
0.9825856541775195,0.9819095477386934,0.981616838778705,210.34430241584778
