precision,accuracy,recall,duration
0.8479645341449747,0.8512820512820513,0.8456240491645705,533.9490280151367
