precision,accuracy,recall,duration
0.7424242424242424,0.7142857142857143,0.7091503267973855,195.70518159866333
