precision,accuracy,recall,duration
0.8299319727891157,0.8228571428571428,0.8400328137817884,168.0701723098755
