precision,accuracy,recall,duration
0.8433954651041189,0.841025641025641,0.8418061474684847,1105.743054151535
