precision,accuracy,recall,duration
0.8533333333333335,0.8,0.8,401.2615988254547
