precision,accuracy,recall,duration
0.8367175347453505,0.8307692307692308,0.8319956353210215,805.5766916275024
