precision,accuracy,recall,duration
0.9370189457996706,0.9439024390243902,0.9213638927018074,146.44451665878296
