precision,accuracy,recall,duration
0.6168253968253968,0.6,0.6,145.16881036758423
