precision,accuracy,recall,duration
0.848023406953394,0.8384615384615385,0.8447178931847353,872.8977711200714
