precision,accuracy,recall,duration
0.8183106575963718,0.8082191780821918,0.8306599832915623,111.22053647041321
