precision,accuracy,recall,duration
0.7746438881264492,0.79,0.7766337766337766,121.61160159111023
