precision,accuracy,recall,duration
0.711111111111111,0.6333333333333333,0.6333333333333334,235.47197198867798
