precision,accuracy,recall,duration
0.8933531746031745,0.8833333333333333,0.8775303643724697,363.8495841026306
