precision,accuracy,recall,duration
0.9653088197521569,0.9668292682926829,0.9471791205471038,203.9275040626526
