precision,accuracy,recall,duration
0.7971268958115318,0.8006700167504187,0.7987517719831245,478.95557498931885
