precision,accuracy,recall,duration
0.6693521431981244,0.9362222222222222,0.5852639647131423,1446.5747818946838
