precision,accuracy,recall,duration
0.8728260044049517,0.863013698630137,0.8695071010860485,208.11509776115417
