precision,accuracy,recall,duration
0.7040050062578223,0.703125,0.6649797570850202,219.7570776939392
