precision,accuracy,recall,duration
0.48520278974963826,0.7375,0.4930176611486506,271.53972339630127
