precision,accuracy,recall,duration
0.9185520361990951,0.9111111111111111,0.9111111111111111,508.38128447532654
