precision,accuracy,recall,duration
0.8609685863874346,0.8831615120274914,0.8765840069914792,266.3366210460663
