precision,accuracy,recall,duration
0.9587332334664139,0.9509594882729211,0.9511770010381374,172.17116475105286
