precision,accuracy,recall,duration
0.8738004922215449,0.8569051580698835,0.8741553099645174,389.6009478569031
