precision,accuracy,recall,duration
0.9978070175438596,0.9977777777777778,0.9977777777777778,263.9811170101166
