precision,accuracy,recall,duration
0.8259679979089323,0.8159420289855073,0.8164412361871849,684.3186595439911
