precision,accuracy,recall,duration
0.8512307865249041,0.8388746803069054,0.8442203817203818,854.8365643024445
