precision,accuracy,recall,duration
0.683315677258242,0.9391111111111111,0.566160112818803,417.5289273262024
