precision,accuracy,recall,duration
0.9483048820897118,0.940724946695096,0.9413504347652997,384.3802123069763
