precision,accuracy,recall,duration
0.5397058823529413,0.5370370370370371,0.537037037037037,129.62915754318237
