precision,accuracy,recall,duration
0.7536666317754401,0.7447368421052631,0.7183766347756324,104.74298667907715
