precision,accuracy,recall,duration
0.619128697314656,0.6090909090909091,0.6090909090909091,144.5443389415741
