precision,accuracy,recall,duration
0.9490376863700807,0.9489030824770897,0.9487299867581558,987.2892303466797
