precision,accuracy,recall,duration
0.9502449946496792,0.934640522875817,0.8927304964539007,227.84317278862
