precision,accuracy,recall,duration
0.5473306448354072,0.5454545454545454,0.5422275694147614,1164.2348368167877
