precision,accuracy,recall,duration
0.9078658280922433,0.9013333333333333,0.9013333333333332,165.52907609939575
