precision,accuracy,recall,duration
0.8402397681809445,0.8286445012787724,0.8327943452943454,650.6033165454865
