precision,accuracy,recall,duration
0.6182358301516138,0.6865203761755486,0.547760444906623,276.0707893371582
