precision,accuracy,recall,duration
0.943385830819666,0.9424,0.9436882659864028,420.09503626823425
