precision,accuracy,recall,duration
0.9172030777599933,0.9049586776859504,0.8808802308802308,506.53590178489685
