precision,accuracy,recall,duration
0.9378021284271283,0.925,0.925,984.473611831665
