precision,accuracy,recall,duration
0.9316195809972727,0.9306930693069307,0.9302110578320255,985.979930639267
