precision,accuracy,recall,duration
0.9097693351424694,0.91,0.8932291666666667,245.36702585220337
