precision,accuracy,recall,duration
0.7562711261341398,0.76,0.780198404979576,204.85243010520935
