precision,accuracy,recall,duration
0.9769047619047618,0.9771428571428571,0.9784811165845648,143.80050826072693
