precision,accuracy,recall,duration
0.672107939263899,0.7956043956043956,0.6694786789749638,745.5993597507477
