precision,accuracy,recall,duration
0.6437246963562753,0.65625,0.6437246963562753,83.87126135826111
