precision,accuracy,recall,duration
0.8208879265674734,0.7725,0.6525299480810655,83.94643139839172
