precision,accuracy,recall,duration
0.8984777423728663,0.8927536231884058,0.89302608413966,203.27692365646362
