precision,accuracy,recall,duration
0.8999670537846964,0.9001597444089456,0.8989781115604338,747.1363043785095
