precision,accuracy,recall,duration
0.8402312720799232,0.8435897435897436,0.8363493686971388,388.1522169113159
