precision,accuracy,recall,duration
0.9403063201237529,0.9399776661083193,0.9401821831877903,1165.671171426773
