precision,accuracy,recall,duration
0.34406122397399025,0.581453634085213,0.35889596811796937,386.08038663864136
