precision,accuracy,recall,duration
0.7010686218962527,0.7802197802197802,0.6566481616938273,443.30474185943604
