precision,accuracy,recall,duration
0.7697262479871175,0.768,0.768,456.94774174690247
