precision,accuracy,recall,duration
0.768202343821539,0.7212276214833759,0.7253356628356629,277.2042064666748
