precision,accuracy,recall,duration
0.6013055899612809,0.6005050505050505,0.6005050505050504,121.47909116744995
