precision,accuracy,recall,duration
0.9593729435657282,0.9604878048780487,0.9422327303847148,221.9198546409607
