precision,accuracy,recall,duration
0.8565641534391535,0.8457142857142858,0.862273265882782,506.9878284931183
