precision,accuracy,recall,duration
0.6223321992441316,0.6202020202020202,0.6202020202020202,175.1912407875061
