precision,accuracy,recall,duration
0.8280581022098031,0.8268115942028985,0.8263381724052812,436.6394507884979
