precision,accuracy,recall,duration
0.9756152510389798,0.9748743718592965,0.9747001601467642,263.9805815219879
