precision,accuracy,recall,duration
0.8306571087216249,0.8228571428571428,0.8371160331783795,77.50835824012756
