precision,accuracy,recall,duration
0.8344351216204764,0.8171428571428572,0.8352018959073922,134.70156073570251
