precision,accuracy,recall,duration
0.8898809523809523,0.8833333333333333,0.878903990746096,567.1444993019104
