precision,accuracy,recall,duration
0.894720286488579,0.8906666666666667,0.8906666666666667,1143.0556828975677
