precision,accuracy,recall,duration
0.8147907647907647,0.821917808219178,0.8384473087480606,154.06513500213623
