precision,accuracy,recall,duration
0.32960381383721904,0.5914786967418546,0.35776134862349673,90.43776535987854
