precision,accuracy,recall,duration
0.9564782419793739,0.9624796084828712,0.9626996268224277,273.21277832984924
