precision,accuracy,recall,duration
0.7536363636363637,0.7523809523809524,0.7532679738562091,204.62298440933228
