precision,accuracy,recall,duration
0.9166666666666666,0.8666666666666667,0.7916666666666666,480.3376772403717
