precision,accuracy,recall,duration
0.7313242784380305,0.7292817679558011,0.7048872180451128,458.2925088405609
