precision,accuracy,recall,duration
0.6326851473701299,0.7272727272727273,0.5855661293056137,396.0618233680725
