precision,accuracy,recall,duration
0.8287126094065596,0.8321678321678322,0.8131270328462137,3925.4277155399323
