precision,accuracy,recall,duration
0.931492303992304,0.9216666666666666,0.9216666666666666,2244.887813806534
