precision,accuracy,recall,duration
0.9137696524954119,0.912,0.912,628.2848088741302
