precision,accuracy,recall,duration
0.9529388026397,0.9380165289256198,0.9208011794968316,143.74991130828857
