precision,accuracy,recall,duration
0.6010443590605274,0.6060606060606061,0.6060606060606061,144.07238793373108
