precision,accuracy,recall,duration
0.7741173241173241,0.7391304347826086,0.7443305568305569,193.4782910346985
