precision,accuracy,recall,duration
0.7808808423215203,0.78,0.78,2065.754941701889
