precision,accuracy,recall,duration
0.9655172413793103,0.9649122807017544,0.9666666666666667,366.86093521118164
