precision,accuracy,recall,duration
0.7760706740925677,0.776,0.776,844.0611946582794
