precision,accuracy,recall,duration
0.4069233291662122,0.6040100250626567,0.4010068533737445,65.62801361083984
