precision,accuracy,recall,duration
0.9315596440596441,0.9233333333333333,0.9233333333333335,1464.491711616516
