precision,accuracy,recall,duration
0.854897678008426,0.8538461538461538,0.85516498942671,669.6167330741882
