precision,accuracy,recall,duration
0.8320185519377841,0.837995337995338,0.8234344220990426,1226.0322878360748
