precision,accuracy,recall,duration
0.8438484396440851,0.8358974358974359,0.8427909669772906,540.2670040130615
