precision,accuracy,recall,duration
0.8121693121693122,0.7885714285714286,0.8081305259320025,128.63720750808716
