precision,accuracy,recall,duration
0.8824318153514051,0.88,0.88,297.7807903289795
