precision,accuracy,recall,duration
0.7922993144980459,0.792,0.792,272.5017273426056
