precision,accuracy,recall,duration
0.7872837858943973,0.7855263157894737,0.7460200259605734,324.5862514972687
