precision,accuracy,recall,duration
0.7177722844874557,0.9377777777777778,0.5755264519379988,563.3127193450928
