precision,accuracy,recall,duration
0.6958027272323564,0.778021978021978,0.6257141059662732,804.7919738292694
