precision,accuracy,recall,duration
0.7684313725490196,0.848780487804878,0.7912923351158646,170.78655314445496
