precision,accuracy,recall,duration
0.5888892396301696,0.71,0.5650066061458466,365.6088228225708
