precision,accuracy,recall,duration
0.8592880986295022,0.8557971014492753,0.8555675902266758,204.2485589981079
