precision,accuracy,recall,duration
0.5803474484256244,0.8043478260869565,0.5241640543364682,263.37264943122864
