precision,accuracy,recall,duration
0.8383128291278085,0.8307692307692308,0.8399426399695374,788.6098980903625
