precision,accuracy,recall,duration
0.9713375643324523,0.9698492462311558,0.9693657863295119,59.08692979812622
