precision,accuracy,recall,duration
0.7291608780216727,0.7292817679558011,0.7067042606516291,104.99976778030396
