precision,accuracy,recall,duration
0.7656849902886309,0.78,0.7860338455553394,170.14937472343445
