precision,accuracy,recall,duration
0.9864864864864865,0.9868421052631579,0.9875,212.34469056129456
