precision,accuracy,recall,duration
0.8504801665647252,0.8461538461538461,0.8523479888768662,295.9383978843689
