precision,accuracy,recall,duration
0.9060485289736315,0.9053333333333333,0.9036541941639926,202.77246713638306
