precision,accuracy,recall,duration
0.9640509542590325,0.9640427599611273,0.9640509542590325,264.2466013431549
