precision,accuracy,recall,duration
0.9221364221364221,0.93,0.9270833333333333,552.4813182353973
