precision,accuracy,recall,duration
0.9541696729196729,0.9379084967320261,0.9150548033526757,214.0491280555725
