precision,accuracy,recall,duration
0.5962431220279908,0.5966850828729282,0.5843825027464297,173.8953025341034
