precision,accuracy,recall,duration
0.7929528634500915,0.8023450586264657,0.8003566133748179,687.4658553600311
