precision,accuracy,recall,duration
0.94615999848558,0.9281045751633987,0.882495164410058,230.46165013313293
