precision,accuracy,recall,duration
0.5693866943866943,0.7888198757763976,0.5348746081504702,260.1204483509064
