precision,accuracy,recall,duration
0.522129564481453,0.7625,0.5302717545029703,89.05843997001648
