precision,accuracy,recall,duration
0.8294469517873773,0.8634146341463415,0.7714705882352941,411.6995093822479
