precision,accuracy,recall,duration
0.40052392651897034,0.6090225563909775,0.3855387378329545,156.08095622062683
