precision,accuracy,recall,duration
0.834983334983335,0.8184143222506394,0.8257460632460633,254.04868721961975
