precision,accuracy,recall,duration
0.8675324675324676,0.8666666666666667,0.8596732215153268,477.13290095329285
