precision,accuracy,recall,duration
0.9220779220779222,0.9166666666666666,0.9166666666666666,446.07329273223877
