precision,accuracy,recall,duration
0.9706080083519776,0.9766877124817873,0.9606048297761407,3040.6840858459473
