precision,accuracy,recall,duration
0.8901120139260557,0.889,0.8868310348971277,731.2597599029541
