precision,accuracy,recall,duration
0.7303921568627452,0.7725,0.6210231511770715,310.8995306491852
