precision,accuracy,recall,duration
0.9540845184227538,0.9411764705882353,0.8734687298517085,200.1756992340088
