precision,accuracy,recall,duration
0.7562289562289563,0.7666666666666667,0.772057772057772,457.3771827220917
