precision,accuracy,recall,duration
0.9299601787101788,0.9233333333333333,0.9233333333333335,1645.6167492866516
