precision,accuracy,recall,duration
0.8846153846153847,0.8,0.6916666666666667,146.15306663513184
