precision,accuracy,recall,duration
0.8175483785747308,0.832,0.8330850898006548,512.0421743392944
