precision,accuracy,recall,duration
0.7817982456140351,0.780952380952381,0.7799564270152506,203.17691826820374
