precision,accuracy,recall,duration
0.8960342561863821,0.8885191347753744,0.9018521029674328,239.7224109172821
