precision,accuracy,recall,duration
0.9581682652210176,0.9411764705882353,0.9275467440361058,584.8055226802826
