precision,accuracy,recall,duration
0.9139914640935238,0.9136413641364136,0.9133282476024411,1927.5093400478363
