precision,accuracy,recall,duration
0.7750944146292985,0.7466666666666667,0.7466666666666666,624.5482902526855
