precision,accuracy,recall,duration
0.6903640190910741,0.9384444444444444,0.573084596650826,684.1105153560638
