precision,accuracy,recall,duration
0.889443125854563,0.889,0.8873090226668948,532.8270933628082
