precision,accuracy,recall,duration
0.5399212241465702,0.5487012987012987,0.5472560269953564,444.67344069480896
