precision,accuracy,recall,duration
0.6218658735796087,0.6191919191919192,0.6191919191919192,566.3687438964844
