precision,accuracy,recall,duration
0.854889798101005,0.8512820512820513,0.8533193555160364,383.4869785308838
