precision,accuracy,recall,duration
0.4853826174185536,0.74,0.4975038374658128,202.28011560440063
