precision,accuracy,recall,duration
0.8670938741196353,0.8571428571428571,0.8733934919332786,567.2545030117035
