precision,accuracy,recall,duration
0.8533333333333333,0.7666666666666667,0.7666666666666667,507.29385352134705
