precision,accuracy,recall,duration
0.8403005857917832,0.8401041666666667,0.7955628793004346,118.47748351097107
