precision,accuracy,recall,duration
0.7066381087686944,0.9397777777777778,0.5649904790116274,192.56540060043335
