precision,accuracy,recall,duration
0.5996829769557043,0.7925,0.5241565961862266,268.4149823188782
