precision,accuracy,recall,duration
0.9389112279616456,0.9385964912280702,0.9379629629629629,178.83577227592468
