precision,accuracy,recall,duration
0.8791507357371735,0.8608695652173913,0.8617091345637088,320.8648045063019
