precision,accuracy,recall,duration
0.9602466220389362,0.96,0.9364510523959557,505.1593005657196
