precision,accuracy,recall,duration
0.9674744732353258,0.9653658536585366,0.9474742729633762,271.25289273262024
