precision,accuracy,recall,duration
0.8718519432980217,0.8692307692307693,0.8641857362342176,129.90033316612244
