precision,accuracy,recall,duration
0.8191019140018172,0.8263403263403264,0.8117069036602684,327.4236605167389
