precision,accuracy,recall,duration
0.898874123483899,0.896,0.896,265.9682869911194
