precision,accuracy,recall,duration
0.9109074310375235,0.9066666666666666,0.9066666666666667,892.2308330535889
