precision,accuracy,recall,duration
0.9583730158730159,0.9582118561710399,0.9581860011786573,77.77837657928467
