precision,accuracy,recall,duration
0.9032778536881602,0.8986666666666666,0.8986666666666666,564.1093242168427
