precision,accuracy,recall,duration
0.9507101086048454,0.95,0.9499999999999998,745.9040634632111
