precision,accuracy,recall,duration
0.8277959167665049,0.8158567774936062,0.8182227682227682,473.5404143333435
