precision,accuracy,recall,duration
0.796474358974359,0.796,0.796,626.33252120018
