precision,accuracy,recall,duration
0.9699309413175884,0.9628099173553719,0.9597183010226488,323.2631301879883
