precision,accuracy,recall,duration
0.8818747545301343,0.7828402366863906,0.8965029026418297,396.9452681541443
