precision,accuracy,recall,duration
0.9150160093252476,0.9214876033057852,0.9016500407804756,851.8559064865112
