precision,accuracy,recall,duration
0.9574568082266464,0.9580272822665268,0.9535178454943621,48.12991189956665
