precision,accuracy,recall,duration
0.9525162337662337,0.9313725490196079,0.904819471308833,497.31382155418396
