precision,accuracy,recall,duration
0.8899332488151551,0.891,0.8715556209840836,1886.7497942447662
