precision,accuracy,recall,duration
0.923101711927055,0.9214876033057852,0.9014022209674385,324.27277088165283
