precision,accuracy,recall,duration
0.7749459147638735,0.7697368421052632,0.7267606060189387,144.76154208183289
