precision,accuracy,recall,duration
0.8702664796633941,0.87,0.84375,64.05951714515686
