precision,accuracy,recall,duration
0.7928550301992467,0.7881578947368421,0.7533326687383696,251.98078846931458
