precision,accuracy,recall,duration
0.7736704861966329,0.7875,0.674672971928576,143.7866780757904
