precision,accuracy,recall,duration
0.9510230835684382,0.934640522875817,0.8976466795615732,193.8195197582245
