precision,accuracy,recall,duration
0.8391446020616119,0.8333333333333334,0.8408757345394458,212.13545966148376
