precision,accuracy,recall,duration
0.8622927031509121,0.8514285714285714,0.8685625740588825,122.02825331687927
