precision,accuracy,recall,duration
0.788888888888889,0.7,0.7,118.65609407424927
