precision,accuracy,recall,duration
0.7582543118257403,0.79,0.6447719507669234,202.01278352737427
