precision,accuracy,recall,duration
0.9464981037559631,0.9458403126744835,0.9460574612586287,1767.8075211048126
