precision,accuracy,recall,duration
0.8536791060510224,0.8457142857142858,0.8578980949776683,125.41245794296265
