precision,accuracy,recall,duration
0.9558303886925795,0.9584026622296173,0.9635568513119533,83.21228766441345
