precision,accuracy,recall,duration
0.7774980005449065,0.7975,0.6536215082890473,85.7185218334198
