precision,accuracy,recall,duration
0.9465031900364866,0.9464037767286865,0.9462501504755025,3303.195429086685
