precision,accuracy,recall,duration
0.9077818811425368,0.9049586776859504,0.8726645335340989,220.95232725143433
