precision,accuracy,recall,duration
0.9571970682626421,0.9504132231404959,0.9416023589936633,182.93796586990356
