precision,accuracy,recall,duration
0.7691022427864533,0.768,0.768,684.4766869544983
