precision,accuracy,recall,duration
0.9561151892747722,0.9421487603305785,0.9211462450592887,116.61999011039734
