precision,accuracy,recall,duration
0.9665597307667776,0.9633262260127932,0.9635628438925845,372.74671149253845
