precision,accuracy,recall,duration
0.593236284412755,0.7275,0.5844087854636378,111.03061962127686
