precision,accuracy,recall,duration
0.9381782283404071,0.9380165289256198,0.9251819436602045,273.6642544269562
