precision,accuracy,recall,duration
0.8727650839950305,0.789,0.7091610523216544,743.5942034721375
