precision,accuracy,recall,duration
0.9229757836693882,0.9224422442244224,0.9220702557396105,1377.6455216407776
