precision,accuracy,recall,duration
0.6333603748935323,0.6333333333333333,0.6333333333333333,748.0258021354675
