precision,accuracy,recall,duration
0.9244914100061159,0.9083333333333333,0.9083333333333333,323.7930257320404
