precision,accuracy,recall,duration
0.7061264822134388,0.712707182320442,0.6960526315789474,307.8065435886383
