precision,accuracy,recall,duration
0.7503231854145167,0.8,0.6709462254807456,925.0458917617798
