precision,accuracy,recall,duration
0.5048673976775627,0.3327272727272727,0.3649753744695273,231.70128059387207
