precision,accuracy,recall,duration
0.9595596369643662,0.9634146341463414,0.9523172241456497,205.69089722633362
