precision,accuracy,recall,duration
0.5297740045734807,0.4772727272727273,0.46872876630872523,268.42357206344604
