precision,accuracy,recall,duration
0.9308001744777783,0.9306930693069307,0.930528916012787,565.4434554576874
