precision,accuracy,recall,duration
0.8190836940836942,0.821917808219178,0.821171977562955,278.6200211048126
