precision,accuracy,recall,duration
0.7767241379310345,0.8075,0.701577463279884,188.05890202522278
