precision,accuracy,recall,duration
0.9660342069354915,0.965742251223491,0.9591532809494008,431.70300483703613
