precision,accuracy,recall,duration
0.8550600350169315,0.8512820512820513,0.8560918789380697,914.3802616596222
