precision,accuracy,recall,duration
0.9422064777327935,0.9248366013071896,0.8749194068343005,485.1185221672058
