precision,accuracy,recall,duration
0.7512065601304541,0.7526315789473684,0.7136580078990669,132.4774980545044
