precision,accuracy,recall,duration
0.8873094697077408,0.8853333333333333,0.8853333333333332,167.99865341186523
