precision,accuracy,recall,duration
0.8293117744610282,0.8171428571428572,0.8322851153039833,567.0257289409637
