precision,accuracy,recall,duration
0.7868434472208057,0.7777777777777778,0.7777777777777778,264.27966022491455
