precision,accuracy,recall,duration
0.7365630797773655,0.7605263157894737,0.7118929491087523,152.63075470924377
