precision,accuracy,recall,duration
0.9610091743119267,0.9444444444444444,0.9400386847195358,335.3310434818268
