precision,accuracy,recall,duration
0.6195582054114543,0.6126262626262626,0.6126262626262626,123.91067218780518
