precision,accuracy,recall,duration
0.833110749172577,0.8205128205128205,0.8326385505734177,387.19614028930664
