precision,accuracy,recall,duration
0.9669045998879817,0.9653658536585366,0.9433275251391968,105.49836087226868
