precision,accuracy,recall,duration
0.5338785575775999,0.5162337662337663,0.514942817691205,345.16204714775085
