precision,accuracy,recall,duration
0.6084337995825755,0.7275,0.5929456307093438,90.21557688713074
