precision,accuracy,recall,duration
0.9743860859702712,0.9783875667799903,0.9622257277735283,2618.2798318862915
