precision,accuracy,recall,duration
0.7987724887556222,0.8166666666666667,0.8101050379303638,695.194219827652
