precision,accuracy,recall,duration
0.8204256061398918,0.7825,0.6506949944331578,186.9141492843628
