precision,accuracy,recall,duration
0.9440998409760906,0.9475341028331584,0.945014444133818,143.59044766426086
