precision,accuracy,recall,duration
0.8644067796610169,0.8402662229617305,0.8600583090379008,325.84596395492554
