precision,accuracy,recall,duration
0.8884736075924152,0.785207100591716,0.8997691655947541,474.0789077281952
