precision,accuracy,recall,duration
0.7746318440418127,0.7618421052631579,0.7299659376479564,97.72212195396423
