precision,accuracy,recall,duration
0.8551414146029426,0.831946755407654,0.8513289036544851,264.52535820007324
