precision,accuracy,recall,duration
0.657507730354813,0.9324444444444444,0.5938758847380494,1527.8010816574097
