precision,accuracy,recall,duration
0.9546869004011861,0.9542857142857143,0.9555219329110954,87.47752594947815
