precision,accuracy,recall,duration
0.5789473684210527,0.59375,0.5789473684210527,505.8558316230774
