precision,accuracy,recall,duration
0.477180209005241,0.785,0.4822885500644773,358.86694145202637
