precision,accuracy,recall,duration
0.6330307989882458,0.745,0.6000653511202034,144.56557488441467
