precision,accuracy,recall,duration
0.9574062288920511,0.964390243902439,0.9446520792962999,624.8505499362946
