precision,accuracy,recall,duration
0.7727087783541857,0.785,0.7875375375375375,186.72726321220398
