precision,accuracy,recall,duration
0.9606472541901598,0.9605263157894737,0.9601851851851853,169.80335474014282
