precision,accuracy,recall,duration
0.8574876190588437,0.8651041666666667,0.8324074775859424,346.62186312675476
