precision,accuracy,recall,duration
0.9602569320905492,0.9585365853658536,0.9365475858216203,159.1393482685089
