precision,accuracy,recall,duration
0.9538639593195374,0.9541463414634146,0.9335174364968487,146.28824615478516
