precision,accuracy,recall,duration
0.5885075187969925,0.7125,0.5697729758911193,191.8882191181183
