precision,accuracy,recall,duration
0.941817504868828,0.9401888772298006,0.9312692200167738,234.16577172279358
