precision,accuracy,recall,duration
0.9399783315276273,0.9400166620383227,0.9399783315276273,2130.833479642868
