precision,accuracy,recall,duration
0.8261511253992457,0.8082191780821918,0.8080200501253133,207.92632818222046
