precision,accuracy,recall,duration
0.9405602508178843,0.9475341028331584,0.9517682415431926,432.3284523487091
