precision,accuracy,recall,duration
0.8388240445319025,0.8307692307692308,0.8392903137296418,537.7547645568848
