precision,accuracy,recall,duration
0.604618383565752,0.725,0.592447683586924,193.52179408073425
