precision,accuracy,recall,duration
0.806209776857895,0.8171875,0.7779444428425321,144.34505891799927
