precision,accuracy,recall,duration
0.9594998262779068,0.9580487804878048,0.9406222529139594,162.67460107803345
