precision,accuracy,recall,duration
0.9741894222052299,0.9738693467336683,0.9742514436118356,385.18642926216125
