precision,accuracy,recall,duration
0.8450180655950135,0.8435897435897436,0.844191550683752,379.9498109817505
