precision,accuracy,recall,duration
0.8390283140283141,0.8209718670076727,0.8275132525132524,892.9946980476379
