precision,accuracy,recall,duration
0.9605704836709384,0.9628099173553719,0.962403538490495,177.66856789588928
