precision,accuracy,recall,duration
0.672586959195593,0.7648351648351648,0.6151311188983015,201.2023241519928
