precision,accuracy,recall,duration
0.8676665111164551,0.8589743589743589,0.8587397243522514,443.2656648159027
