precision,accuracy,recall,duration
0.6927202152509395,0.9377777777777778,0.5724752389999934,360.27463269233704
