precision,accuracy,recall,duration
0.8,0.8133333333333334,0.8128128128128128,168.5685329437256
