precision,accuracy,recall,duration
0.9226190476190476,0.9166666666666666,0.9099190283400809,393.3282220363617
