precision,accuracy,recall,duration
0.7363024708972966,0.8065934065934066,0.6899152118607228,443.5798020362854
