precision,accuracy,recall,duration
0.9497276902304262,0.9462809917355371,0.9282122466905074,505.31475138664246
