precision,accuracy,recall,duration
0.924190409829797,0.9235423542354235,0.9231328102295844,2066.953855752945
