precision,accuracy,recall,duration
0.9402052081668617,0.9402943626770341,0.9404177199951848,889.2788529396057
