precision,accuracy,recall,duration
0.671652395625111,0.6958889897548955,0.6128675279214933,5733.523250818253
