precision,accuracy,recall,duration
0.7819368709831542,0.7763157894736842,0.7338816896855219,184.66643357276917
