precision,accuracy,recall,duration
0.7956140350877193,0.8075,0.6948632010682215,116.16537714004517
