precision,accuracy,recall,duration
0.8509699857681499,0.84,0.8559839577066812,385.2419559955597
