precision,accuracy,recall,duration
0.9728504274396036,0.9766877124817873,0.958260845303973,3147.7469387054443
