precision,accuracy,recall,duration
0.6499999999999999,0.6481481481481481,0.6481481481481481,122.34576654434204
