precision,accuracy,recall,duration
0.5012760362664455,0.4727272727272727,0.48444530254331475,206.0906240940094
