precision,accuracy,recall,duration
0.8424535451948894,0.8239130434782609,0.8246996484111788,685.5479946136475
