precision,accuracy,recall,duration
0.9543662981162981,0.934640522875817,0.9123952288845906,207.47593116760254
