precision,accuracy,recall,duration
0.9922145328719723,0.9920983318700615,0.9921052631578947,447.95351815223694
