precision,accuracy,recall,duration
0.9933333333333333,0.9933333333333333,0.9933333333333333,123.25392746925354
