precision,accuracy,recall,duration
0.9201388888888888,0.9,0.8859890109890111,103.09961128234863
