precision,accuracy,recall,duration
0.9443721400955898,0.9444598722577062,0.9445367360860318,2497.6492490768433
