precision,accuracy,recall,duration
0.9478759466014466,0.9475145792835323,0.9472212190522049,1800.7968516349792
