precision,accuracy,recall,duration
0.8393858280343166,0.837995337995338,0.8151026157863392,871.1180410385132
