precision,accuracy,recall,duration
0.8950997150997151,0.895,0.8752879336323802,3446.627678632736
