precision,accuracy,recall,duration
0.8271086212262683,0.8057142857142857,0.822623279555191,134.5812063217163
