precision,accuracy,recall,duration
0.8408795585266173,0.8235294117647058,0.8283267033267033,1209.0243759155273
