precision,accuracy,recall,duration
0.9591973589188074,0.9601259181532005,0.9562575715217594,325.62329483032227
