precision,accuracy,recall,duration
0.8013154388154389,0.8005115089514067,0.8079688704688704,175.58250832557678
