precision,accuracy,recall,duration
0.8158088362828385,0.7885714285714286,0.809588916233707,246.275221824646
