precision,accuracy,recall,duration
0.860912174617789,0.8246376811594203,0.825673296669654,505.60451340675354
