precision,accuracy,recall,duration
0.4090490214531135,0.6115288220551378,0.41094303102718044,83.30866765975952
