precision,accuracy,recall,duration
0.96073130032034,0.9575609756097561,0.9390315671837387,110.15658354759216
