precision,accuracy,recall,duration
0.7919483885508226,0.8585365853658536,0.7825935828877006,289.64998960494995
