precision,accuracy,recall,duration
0.8456794869419396,0.841025641025641,0.8435467799049884,251.8169116973877
