precision,accuracy,recall,duration
0.9818840579710144,0.9828571428571429,0.9831691297208539,267.02284049987793
