precision,accuracy,recall,duration
0.7876077516365285,0.784,0.784,444.4915294647217
