precision,accuracy,recall,duration
0.977697768070439,0.9771428571428571,0.979093361482524,265.6587014198303
