precision,accuracy,recall,duration
0.8539751853339618,0.8489583333333334,0.8082231058261402,283.00099754333496
