precision,accuracy,recall,duration
0.7677139208173691,0.848780487804878,0.7754723707664885,144.22310280799866
