precision,accuracy,recall,duration
0.9531855578975998,0.9608482871125612,0.9634587302691051,367.26443552970886
