precision,accuracy,recall,duration
0.7709775106690001,0.7710526315789473,0.7217933644791165,148.6597864627838
