precision,accuracy,recall,duration
0.5918272794662713,0.782608695652174,0.5647204806687565,805.7736382484436
