precision,accuracy,recall,duration
0.8439153439153441,0.8285714285714286,0.849238902561298,67.79987812042236
