precision,accuracy,recall,duration
0.9237932095811106,0.9240647682858738,0.9241252072761369,503.4428882598877
