precision,accuracy,recall,duration
0.8280509173366316,0.7945205479452054,0.8104010025062657,206.26944494247437
