precision,accuracy,recall,duration
0.7637299006725758,0.77,0.7879303637424626,377.3535053730011
