precision,accuracy,recall,duration
0.9015646600477567,0.8934707903780069,0.8490550578981866,383.0797655582428
