precision,accuracy,recall,duration
0.8947761999797986,0.888,0.8879999999999999,388.19961619377136
