precision,accuracy,recall,duration
0.9182130587277647,0.9,0.9,342.797554731369
