precision,accuracy,recall,duration
0.6115196078431372,0.7,0.5416666666666666,83.9093770980835
