precision,accuracy,recall,duration
0.8300596656757354,0.8179487179487179,0.8215767257151066,383.240779876709
