precision,accuracy,recall,duration
0.8312944951372111,0.8384615384615385,0.827975266647934,557.7803444862366
