precision,accuracy,recall,duration
0.777233782129743,0.79,0.7915057915057915,630.0958931446075
