precision,accuracy,recall,duration
0.8248539417188878,0.813768115942029,0.8142819745311223,625.6551194190979
