precision,accuracy,recall,duration
0.9449391150857573,0.9450152735351292,0.9450503591348662,1554.923017024994
