precision,accuracy,recall,duration
0.6128858046702066,0.719435736677116,0.5840307555213609,309.1407916545868
