precision,accuracy,recall,duration
0.583854818523154,0.609375,0.5678137651821862,452.60991191864014
