precision,accuracy,recall,duration
0.5880198884633474,0.715,0.5669110230291664,83.31599974632263
