precision,accuracy,recall,duration
0.6240617470140586,0.6187845303867403,0.6057640816937981,177.72730708122253
