precision,accuracy,recall,duration
0.8937166943918197,0.8142011834319527,0.9129367298102371,930.5153684616089
