precision,accuracy,recall,duration
0.7393624116313191,0.7366666666666667,0.7566137566137566,193.14210176467896
