precision,accuracy,recall,duration
0.8121798155737705,0.812,0.812,383.45016598701477
