precision,accuracy,recall,duration
0.8029330013575079,0.7975,0.6913279692695001,139.44946146011353
