precision,accuracy,recall,duration
0.9511505755643608,0.9484008528784649,0.9486220104790457,492.94485306739807
