precision,accuracy,recall,duration
0.8037037037037038,0.7277777777777777,0.7277777777777777,512.0778725147247
