precision,accuracy,recall,duration
0.9043887147335423,0.8985024958402662,0.9110787172011662,52.02069568634033
