precision,accuracy,recall,duration
0.9407652995731844,0.9408497639544571,0.940903254283536,3926.9941561222076
