precision,accuracy,recall,duration
0.942878791902948,0.9427936684254373,0.9426447574334899,4068.1249012947083
