precision,accuracy,recall,duration
0.571554895302773,0.715,0.5753107729900978,159.41956067085266
