precision,accuracy,recall,duration
0.8749857224443176,0.8865979381443299,0.8586410312431725,398.2319631576538
