precision,accuracy,recall,duration
0.8950677592184053,0.8782791185729276,0.8504473022085546,483.6398949623108
