precision,accuracy,recall,duration
0.9475155727861907,0.9421487603305785,0.9236511073467595,325.3630952835083
