precision,accuracy,recall,duration
0.8999049831081081,0.8937699680511182,0.8890262532896849,194.19318866729736
