precision,accuracy,recall,duration
0.9069237575969522,0.9132231404958677,0.8968724512202774,1105.5522887706757
