precision,accuracy,recall,duration
0.9223057644110275,0.9318181818181818,0.9388111888111889,565.996682882309
