precision,accuracy,recall,duration
0.9540228985680692,0.952,0.9534475336028131,327.6668543815613
