precision,accuracy,recall,duration
0.9498168498168498,0.934640522875817,0.8976466795615732,507.37369656562805
