precision,accuracy,recall,duration
0.8549118805045529,0.8512820512820513,0.8594649011599218,882.0805585384369
