precision,accuracy,recall,duration
0.4908643628861363,0.745,0.5160304771657073,175.00014734268188
