precision,accuracy,recall,duration
0.9463228774911173,0.944,0.9462483157514214,1102.6918773651123
