precision,accuracy,recall,duration
0.7275501307759372,0.6952380952380952,0.6895424836601307,203.28937888145447
