precision,accuracy,recall,duration
0.6309205927051672,0.6298342541436464,0.6271955957255567,178.49206018447876
