precision,accuracy,recall,duration
0.8817828354670461,0.8690095846645367,0.8617857372103472,625.9189159870148
