precision,accuracy,recall,duration
0.8455202779550558,0.8358974358974359,0.8430077839754168,503.15319418907166
