precision,accuracy,recall,duration
0.6284927422165831,0.6292929292929293,0.6292929292929293,697.1911451816559
