precision,accuracy,recall,duration
0.9481373814050766,0.940724946695096,0.9411615140013581,1071.8457989692688
