precision,accuracy,recall,duration
0.9507643952889228,0.9504,0.9519147059830291,144.0969159603119
