precision,accuracy,recall,duration
0.9712171470581937,0.9771733851384167,0.9617376533388707,923.2621021270752
