precision,accuracy,recall,duration
0.5734913793103449,0.782608695652174,0.5445402298850575,520.414797782898
