precision,accuracy,recall,duration
0.7826283655989683,0.7644736842105263,0.7301499433085317,204.9319281578064
