precision,accuracy,recall,duration
0.9028360748723767,0.9106529209621993,0.8879178501201661,962.0532650947571
