precision,accuracy,recall,duration
0.8817061745417263,0.888,0.8739846550858172,1506.606743812561
