{"config": [9, 16, 32, 64, 1, 0], "accuracy": 0.9467153285000001}
{"config": [6, 16, 64, 64, 0, 0], "accuracy": 0.9467153285000001}
{"config": [6, 16, 16, 64, 0, 0], "accuracy": 0.9467153285000001}
{"config": [6, 16, 16, 64, 1, 0], "accuracy": 0.9459854015}
{"config": [9, 16, 64, 64, 0, 1], "accuracy": 0.9452554745}
{"config": [6, 64, 16, 64, 1, 1], "accuracy": 0.9445255474}
{"config": [6, 16, 16, 41, 1, 1], "accuracy": 0.9437956204}
{"config": [6, 64, 128, 64, 0, 0], "accuracy": 0.9437956204}
{"config": [6, 32, 64, 64, 0, 0], "accuracy": 0.9437956204}
{"config": [6, 32, 64, 41, 0, 1], "accuracy": 0.9437956204}
{"config": [6, 16, 16, 64, 0, 1], "accuracy": 0.9430656934}
{"config": [6, 16, 32, 64, 0, 1], "accuracy": 0.9423357664}
{"config": [9, 16, 128, 64, 0, 0], "accuracy": 0.9416058394000001}
{"config": [9, 16, 32, 64, 1, 1], "accuracy": 0.9408759124}
{"config": [9, 16, 16, 64, 0, 1], "accuracy": 0.9408759124}
{"config": [6, 32, 16, 64, 1, 0], "accuracy": 0.9408759124}
{"config": [9, 32, 32, 64, 1, 1], "accuracy": 0.9408759124}
{"config": [6, 16, 32, 41, 1, 1], "accuracy": 0.9408759124}
{"config": [9, 64, 128, 64, 1, 0], "accuracy": 0.9408759124}
{"config": [3, 16, 32, 64, 0, 0], "accuracy": 0.9408759124}
{"config": [6, 16, 32, 64, 1, 0], "accuracy": 0.9408759124}
{"config": [6, 16, 32, 41, 0, 1], "accuracy": 0.9401459854}
{"config": [9, 16, 128, 64, 1, 0], "accuracy": 0.9401459854}
{"config": [6, 32, 32, 64, 1, 0], "accuracy": 0.9401459854}
{"config": [6, 16, 128, 64, 1, 1], "accuracy": 0.9401459854}
{"config": [6, 32, 128, 64, 1, 1], "accuracy": 0.9401459854}
{"config": [6, 16, 32, 32, 0, 0], "accuracy": 0.9401459854}
{"config": [9, 16, 64, 64, 0, 0], "accuracy": 0.9394160584000001}
{"config": [6, 16, 64, 64, 0, 1], "accuracy": 0.9394160584000001}
{"config": [9, 32, 128, 64, 1, 1], "accuracy": 0.9386861314}
{"config": [6, 16, 128, 64, 0, 0], "accuracy": 0.9386861314}
{"config": [6, 32, 64, 32, 0, 1], "accuracy": 0.9386861314}
{"config": [6, 32, 128, 32, 1, 0], "accuracy": 0.9379562044}
{"config": [6, 64, 32, 64, 0, 0], "accuracy": 0.9379562044}
{"config": [6, 16, 128, 64, 1, 0], "accuracy": 0.9379562044}
{"config": [3, 64, 16, 64, 0, 1], "accuracy": 0.9379562044}
{"config": [6, 16, 16, 41, 0, 1], "accuracy": 0.9379562044}
{"config": [9, 16, 16, 32, 1, 1], "accuracy": 0.9379562044}
{"config": [6, 32, 16, 64, 0, 0], "accuracy": 0.9379562044}
{"config": [9, 32, 32, 64, 1, 0], "accuracy": 0.9379562044}
{"config": [9, 16, 16, 64, 1, 1], "accuracy": 0.9379562044}
{"config": [6, 64, 32, 32, 0, 0], "accuracy": 0.9372262774000001}
{"config": [6, 16, 64, 32, 1, 1], "accuracy": 0.9372262774000001}
{"config": [6, 64, 16, 41, 1, 0], "accuracy": 0.9372262774000001}
{"config": [6, 16, 128, 64, 0, 1], "accuracy": 0.9364963504}
{"config": [6, 32, 16, 32, 1, 0], "accuracy": 0.9364963504}
{"config": [6, 64, 64, 41, 0, 0], "accuracy": 0.9364963504}
{"config": [6, 64, 64, 64, 0, 1], "accuracy": 0.9357664234}
{"config": [6, 64, 128, 64, 1, 1], "accuracy": 0.9357664234}
{"config": [9, 16, 32, 32, 0, 0], "accuracy": 0.9357664234}
{"config": [6, 64, 128, 41, 0, 0], "accuracy": 0.9357664234}
{"config": [6, 16, 32, 41, 0, 0], "accuracy": 0.9357664234}
{"config": [3, 16, 16, 64, 1, 1], "accuracy": 0.9350364964000001}
{"config": [6, 16, 128, 41, 1, 1], "accuracy": 0.9350364964000001}
{"config": [6, 16, 32, 32, 1, 0], "accuracy": 0.9350364964000001}
{"config": [9, 16, 128, 32, 1, 1], "accuracy": 0.9350364964000001}
{"config": [9, 32, 32, 32, 1, 0], "accuracy": 0.9343065693}
{"config": [6, 64, 128, 64, 0, 1], "accuracy": 0.9343065693}
{"config": [6, 16, 64, 41, 0, 0], "accuracy": 0.9343065693}
{"config": [9, 32, 64, 64, 0, 1], "accuracy": 0.9343065693}
{"config": [9, 32, 64, 41, 1, 0], "accuracy": 0.9343065693}
{"config": [3, 32, 16, 64, 1, 1], "accuracy": 0.9343065693}
{"config": [6, 64, 64, 41, 1, 0], "accuracy": 0.9343065693}
{"config": [6, 16, 16, 32, 1, 0], "accuracy": 0.9343065693}
{"config": [6, 32, 32, 41, 1, 0], "accuracy": 0.9335766423}
{"config": [9, 16, 128, 32, 1, 0], "accuracy": 0.9335766423}
{"config": [3, 32, 16, 41, 1, 0], "accuracy": 0.9335766423}
{"config": [9, 32, 32, 64, 0, 1], "accuracy": 0.9335766423}
{"config": [9, 16, 64, 41, 0, 0], "accuracy": 0.9328467153000001}
{"config": [6, 64, 128, 41, 0, 1], "accuracy": 0.9328467153000001}
{"config": [6, 16, 32, 32, 0, 1], "accuracy": 0.9328467153000001}
{"config": [6, 64, 16, 41, 1, 1], "accuracy": 0.9328467153000001}
{"config": [9, 32, 64, 32, 1, 0], "accuracy": 0.9328467153000001}
{"config": [6, 32, 128, 41, 1, 0], "accuracy": 0.9328467153000001}
{"config": [9, 32, 16, 32, 1, 0], "accuracy": 0.9328467153000001}
{"config": [6, 32, 128, 64, 0, 0], "accuracy": 0.9328467153000001}
{"config": [9, 32, 32, 41, 0, 0], "accuracy": 0.9321167883}
{"config": [6, 64, 16, 32, 1, 0], "accuracy": 0.9321167883}
{"config": [9, 16, 16, 41, 1, 1], "accuracy": 0.9321167883}
{"config": [6, 32, 32, 41, 1, 1], "accuracy": 0.9313868613}
{"config": [3, 16, 32, 64, 1, 0], "accuracy": 0.9313868613}
{"config": [6, 64, 32, 64, 1, 0], "accuracy": 0.9313868613}
{"config": [3, 64, 16, 41, 0, 1], "accuracy": 0.9306569343000001}
{"config": [6, 64, 64, 32, 0, 0], "accuracy": 0.9306569343000001}
{"config": [6, 16, 16, 41, 0, 0], "accuracy": 0.9306569343000001}
{"config": [9, 16, 32, 32, 1, 1], "accuracy": 0.9306569343000001}
{"config": [3, 16, 32, 64, 1, 1], "accuracy": 0.9306569343000001}
{"config": [9, 64, 32, 64, 1, 0], "accuracy": 0.9306569343000001}
{"config": [3, 64, 64, 64, 0, 1], "accuracy": 0.9299270073}
{"config": [9, 64, 64, 32, 1, 0], "accuracy": 0.9291970803}
{"config": [9, 16, 64, 32, 1, 1], "accuracy": 0.9291970803}
{"config": [6, 64, 32, 64, 0, 1], "accuracy": 0.9291970803}
{"config": [9, 16, 64, 41, 0, 1], "accuracy": 0.9291970803}
{"config": [9, 64, 32, 32, 1, 0], "accuracy": 0.9291970803}
{"config": [9, 16, 128, 41, 1, 0], "accuracy": 0.9291970803}
{"config": [9, 64, 32, 32, 0, 1], "accuracy": 0.9291970803}
{"config": [9, 64, 128, 64, 1, 1], "accuracy": 0.9291970803}
{"config": [3, 16, 128, 64, 0, 0], "accuracy": 0.9291970803}
{"config": [3, 64, 64, 41, 1, 0], "accuracy": 0.9284671533000001}
{"config": [6, 32, 32, 32, 1, 1], "accuracy": 0.9284671533000001}
{"config": [3, 16, 64, 64, 1, 1], "accuracy": 0.9284671533000001}
{"config": [9, 64, 16, 32, 0, 1], "accuracy": 0.9277372263}
{"config": [3, 64, 16, 32, 1, 0], "accuracy": 0.9277372263}
{"config": [3, 32, 32, 64, 0, 1], "accuracy": 0.9277372263}
{"config": [9, 32, 16, 32, 1, 1], "accuracy": 0.9277372263}
{"config": [9, 64, 32, 41, 0, 0], "accuracy": 0.9277372263}
{"config": [6, 64, 64, 41, 1, 1], "accuracy": 0.9270072993}
{"config": [6, 64, 64, 32, 1, 1], "accuracy": 0.9270072993}
{"config": [3, 64, 32, 41, 0, 1], "accuracy": 0.9270072993}
{"config": [6, 64, 16, 64, 1, 0], "accuracy": 0.9270072993}
{"config": [6, 64, 128, 32, 1, 0], "accuracy": 0.9270072993}
{"config": [3, 32, 32, 64, 1, 0], "accuracy": 0.9270072993}
{"config": [6, 32, 16, 32, 0, 0], "accuracy": 0.9270072993}
{"config": [9, 64, 16, 41, 1, 0], "accuracy": 0.9270072993}
{"config": [6, 16, 16, 32, 1, 1], "accuracy": 0.9270072993}
{"config": [6, 16, 64, 32, 1, 0], "accuracy": 0.9270072993}
{"config": [6, 16, 128, 32, 0, 1], "accuracy": 0.9262773723000001}
{"config": [3, 16, 128, 64, 1, 1], "accuracy": 0.9262773723000001}
{"config": [3, 32, 64, 64, 1, 1], "accuracy": 0.9262773723000001}
{"config": [3, 64, 16, 41, 1, 0], "accuracy": 0.9262773723000001}
{"config": [3, 16, 16, 41, 1, 1], "accuracy": 0.9255474453}
{"config": [6, 32, 32, 32, 0, 0], "accuracy": 0.9255474453}
{"config": [9, 16, 32, 32, 1, 0], "accuracy": 0.9255474453}
{"config": [9, 64, 32, 64, 0, 1], "accuracy": 0.9255474453}
{"config": [9, 32, 64, 32, 1, 1], "accuracy": 0.9255474453}
{"config": [3, 32, 16, 41, 0, 1], "accuracy": 0.9248175182}
{"config": [3, 32, 16, 41, 1, 1], "accuracy": 0.9248175182}
{"config": [9, 64, 64, 41, 1, 0], "accuracy": 0.9248175182}
{"config": [6, 32, 16, 41, 1, 1],