{"config": [6, 64, 16, 64, 1, 1], "accuracy": 0.8672413793}
{"config": [6, 16, 16, 64, 0, 0], "accuracy": 0.8608374384}
{"config": [6, 64, 32, 41, 0, 1], "accuracy": 0.8608374384}
{"config": [3, 64, 64, 41, 1, 1], "accuracy": 0.8598522167}
{"config": [6, 64, 32, 32, 0, 0], "accuracy": 0.8532019704}
{"config": [9, 64, 16, 32, 0, 1], "accuracy": 0.8529556650000001}
{"config": [6, 64, 64, 32, 1, 1], "accuracy": 0.8472906404}
{"config": [6, 16, 16, 41, 0, 0], "accuracy": 0.8467980296000001}
{"config": [3, 64, 64, 32, 1, 1], "accuracy": 0.8463054187}
{"config": [6, 64, 64, 64, 0, 0], "accuracy": 0.8463054187}
{"config": [6, 16, 16, 32, 1, 0], "accuracy": 0.8460591133}
{"config": [3, 32, 32, 41, 1, 1], "accuracy": 0.8458128079}
{"config": [3, 16, 64, 64, 1, 1], "accuracy": 0.8458128079}
{"config": [9, 64, 16, 32, 1, 0], "accuracy": 0.8455665025}
{"config": [6, 32, 64, 64, 0, 0], "accuracy": 0.8455665025}
{"config": [6, 32, 128, 64, 1, 1], "accuracy": 0.8401477833000001}
{"config": [6, 16, 16, 64, 1, 0], "accuracy": 0.8399014778}
{"config": [9, 16, 16, 64, 0, 1], "accuracy": 0.8394088670000001}
{"config": [6, 16, 32, 32, 0, 1], "accuracy": 0.8394088670000001}
{"config": [6, 16, 16, 41, 0, 1], "accuracy": 0.8391625616}
{"config": [3, 64, 64, 32, 0, 1], "accuracy": 0.8391625616}
{"config": [3, 64, 32, 41, 0, 0], "accuracy": 0.8391625616}
{"config": [3, 64, 16, 41, 0, 1], "accuracy": 0.8391625616}
{"config": [6, 64, 128, 32, 0, 0], "accuracy": 0.8389162562}
{"config": [6, 32, 32, 64, 1, 0], "accuracy": 0.8384236453}
{"config": [6, 64, 16, 41, 1, 0], "accuracy": 0.8332512315}
{"config": [6, 64, 128, 32, 1, 0], "accuracy": 0.8330049261}
{"config": [6, 32, 32, 32, 0, 0], "accuracy": 0.8327586207000001}
{"config": [9, 64, 32, 32, 1, 0], "accuracy": 0.8325123153}
{"config": [3, 16, 16, 41, 1, 1], "accuracy": 0.8325123153}
{"config": [3, 16, 128, 41, 1, 0], "accuracy": 0.8322660099}
{"config": [3, 32, 16, 64, 1, 0], "accuracy": 0.8322660099}
{"config": [3, 64, 32, 32, 0, 0], "accuracy": 0.8322660099}
{"config": [6, 64, 64, 41, 1, 1], "accuracy": 0.8320197044000001}
{"config": [6, 16, 16, 64, 0, 1], "accuracy": 0.8320197044000001}
{"config": [3, 32, 64, 64, 1, 1], "accuracy": 0.8320197044000001}
{"config": [9, 16, 16, 41, 0, 0], "accuracy": 0.8320197044000001}
{"config": [6, 64, 64, 41, 1, 0], "accuracy": 0.831773399}
{"config": [9, 16, 16, 41, 1, 0], "accuracy": 0.8312807882000001}
{"config": [6, 32, 16, 41, 1, 1], "accuracy": 0.8261083744000001}
{"config": [6, 16, 32, 41, 0, 1], "accuracy": 0.825862069}
{"config": [6, 64, 16, 32, 1, 0], "accuracy": 0.8256157635}
{"config": [9, 64, 64, 64, 1, 0], "accuracy": 0.8256157635}
{"config": [3, 64, 64, 32, 0, 0], "accuracy": 0.8253694581000001}
{"config": [3, 64, 128, 41, 0, 1], "accuracy": 0.8253694581000001}
{"config": [3, 16, 32, 64, 1, 1], "accuracy": 0.8253694581000001}
{"config": [3, 32, 16, 32, 1, 0], "accuracy": 0.8253694581000001}
{"config": [9, 32, 128, 64, 1, 1], "accuracy": 0.8253694581000001}
{"config": [6, 64, 32, 64, 1, 0], "accuracy": 0.8253694581000001}
{"config": [3, 16, 32, 32, 0, 0], "accuracy": 0.8253694581000001}
{"config": [9, 64, 64, 41, 1, 0], "accuracy": 0.8248768473}
{"config": [3, 64, 128, 64, 0, 1], "accuracy": 0.8248768473}
{"config": [9, 16, 64, 41, 0, 0], "accuracy": 0.8248768473}
{"config": [3, 64, 16, 32, 1, 0], "accuracy": 0.8248768473}
{"config": [3, 16, 32, 32, 1, 1], "accuracy": 0.8248768473}
{"config": [6, 32, 32, 41, 1, 1], "accuracy": 0.8243842365}
{"config": [9, 64, 64, 32, 0, 1], "accuracy": 0.8189655172}
{"config": [6, 16, 32, 32, 1, 0], "accuracy": 0.8184729064}
{"config": [3, 64, 128, 41, 1, 1], "accuracy": 0.8184729064}
{"config": [6, 32, 32, 32, 1, 1], "accuracy": 0.8184729064}
{"config": [6, 32, 128, 32, 1, 0], "accuracy": 0.8184729064}
{"config": [9, 64, 32, 41, 0, 0], "accuracy": 0.8184729064}
{"config": [6, 64, 32, 64, 0, 1], "accuracy": 0.818226601}
{"config": [9, 16, 64, 32, 1, 1], "accuracy": 0.818226601}
{"config": [6, 16, 32, 41, 0, 0], "accuracy": 0.8177339901}
{"config": [9, 32, 16, 32, 1, 1], "accuracy": 0.8177339901}
{"config": [6, 32, 16, 32, 1, 0], "accuracy": 0.8174876847}
{"config": [3, 32, 16, 41, 0, 0], "accuracy": 0.8174876847}
{"config": [9, 32, 16, 41, 0, 1], "accuracy": 0.8174876847}
{"config": [3, 64, 16, 64, 0, 1], "accuracy": 0.8120689655000001}
{"config": [3, 64, 128, 64, 0, 0], "accuracy": 0.8120689655000001}
{"config": [9, 32, 32, 41, 1, 0], "accuracy": 0.8118226601}
{"config": [3, 64, 32, 32, 1, 1], "accuracy": 0.8118226601}
{"config": [3, 64, 64, 64, 0, 1], "accuracy": 0.8115763547}
{"config": [3, 64, 16, 32, 0, 1], "accuracy": 0.8115763547}
{"config": [3, 16, 32, 32, 0, 1], "accuracy": 0.8115763547}
{"config": [3, 64, 16, 32, 0, 0], "accuracy": 0.8113300493000001}
{"config": [9, 32, 64, 41, 1, 1], "accuracy": 0.8113300493000001}
{"config": [3, 16, 32, 64, 1, 0], "accuracy": 0.8110837438}
{"config": [9, 32, 32, 32, 1, 1], "accuracy": 0.8110837438}
{"config": [3, 32, 16, 41, 0, 1], "accuracy": 0.8110837438}
{"config": [9, 16, 32, 32, 0, 0], "accuracy": 0.8105911330000001}
{"config": [3, 32, 64, 32, 1, 0], "accuracy": 0.8105911330000001}
{"config": [6, 32, 128, 64, 0, 0], "accuracy": 0.8103448276}
{"config": [3, 32, 32, 32, 0, 0], "accuracy": 0.8103448276}
{"config": [3, 16, 64, 64, 1, 0], "accuracy": 0.8051724138}
{"config": [6, 16, 32, 64, 1, 0], "accuracy": 0.8049261084}
{"config": [6, 64, 64, 41, 0, 0], "accuracy": 0.8041871921}
{"config": [3, 16, 16, 32, 1, 1], "accuracy": 0.8041871921}
{"config": [9, 16, 32, 32, 1, 1], "accuracy": 0.8041871921}
{"config": [9, 16, 32, 64, 1, 1], "accuracy": 0.8041871921}
{"config": [9, 16, 32, 32, 1, 0], "accuracy": 0.8041871921}
{"config": [6, 16, 128, 64, 1, 1], "accuracy": 0.8039408867000001}
{"config": [3, 64, 16, 41, 1, 1], "accuracy": 0.8039408867000001}
{"config": [3, 64, 16, 41, 1, 0], "accuracy": 0.8036945813}
{"config": [6, 64, 128, 64, 0, 1], "accuracy": 0.8036945813}
{"config": [3, 32, 16, 41, 1, 0], "accuracy": 0.8034482759}
{"config": [6, 64, 16, 64, 1, 0], "accuracy": 0.8034482759}
{"config": [6, 64, 128, 64, 0, 0], "accuracy": 0.8034482759}
{"config": [3, 32, 32, 64, 0, 1], "accuracy": 0.7977832512}
{"config": [6, 32, 32, 32, 0, 1], "accuracy": 0.7975369458}
{"config": [3, 16, 16, 32, 0, 1], "accuracy": 0.7972906404000001}
{"config": [9, 64, 32, 32, 0, 1], "accuracy": 0.7972906404000001}
{"config": [3, 16, 32, 64, 0, 0], "accuracy": 0.797044335}
{"config": [3, 16, 128, 64, 1, 1], "accuracy": 0.797044335}
{"config": [6, 16, 64, 64, 0, 0], "accuracy": 0.797044335}
{"config": [3, 16, 16, 32, 1, 0], "accuracy": 0.7967980296}
{"config": [9, 32, 64, 41, 1, 0], "accuracy": 0.7967980296}
{"config": [6, 32, 16, 64, 1, 0], "accuracy": 0.7965517241000001}
{"config": [3, 64, 64, 41, 1, 0], "accuracy": 0.7965517241000001}
{"config": [6, 16, 64, 64, 0, 1], "accuracy": 0.7965517241000001}
{"config": [3, 64, 64, 41, 0, 1], "accuracy": 0.7960591133}
{"config": [9, 64, 128, 32, 0, 0], "accuracy": 0.7960591133}
{"config": [6, 32, 64, 32, 0, 1], "accuracy": 0.7908866995}
{"config": [9, 32, 32, 41, 0, 0], "accuracy": 0.7906403941}
{"config": [9, 64, 32, 64, 0, 1], "accuracy": 0.7906403941}
{"config": [6, 16, 32, 64, 0, 1], "accuracy": 0.7906403941}
{"config": [9, 16, 16, 64, 1, 1], "accuracy": 0.7903940887}
{"config": [6, 16, 128, 32, 0, 1], "accuracy": 0.7903940887}
{"config": [3, 64, 64, 41, 0, 0], "accuracy": 0.7901477833}
{"config": [9, 64, 16, 41, 1, 1], "accuracy": 0.7901477833}
{"config": [6, 16, 16, 41, 1, 1], "accuracy": 0.7899014778}
{"config": [9, 32, 16, 32, 1, 0], "accuracy": 0.7899014778}
{"config": [6, 16, 32, 41, 1, 1], "accuracy": 0.7899014778}
{"config": [6, 64, 32, 64, 0, 0], "accuracy": 0.7899014778}
{"config": [6, 64, 128, 41, 0, 1], "accuracy": 0.7896551724}
{"config": [3, 16, 32, 41, 1, 0], "accuracy": 0.7886699507}
{"config": [9, 64, 32, 64, 1, 0], "accuracy": 0.7844827586}
{"config": [9, 16, 128, 32, 1, 1], "accuracy": 0.7839901478}
{"config": [3, 16, 128, 41, 0, 1],