{"config": [6, 64, 64, 64, 0, 1], "accuracy": 0.9863794393}
{"config": [9, 32, 32, 64, 1, 0], "accuracy": 0.9828050180000001}
{"config": [6, 64, 32, 64, 0, 1], "accuracy": 0.9828037709}
{"config": [9, 64, 32, 64, 1, 0], "accuracy": 0.9819119114}
{"config": [9, 16, 32, 64, 1, 1], "accuracy": 0.9819101656}
{"config": [6, 64, 32, 64, 1, 0], "accuracy": 0.9816876995}
{"config": [6, 32, 16, 64, 1, 0], "accuracy": 0.9816874501}
{"config": [6, 64, 16, 64, 1, 1], "accuracy": 0.9814662310000001}
{"config": [9, 64, 32, 64, 0, 1], "accuracy": 0.9810168097}
{"config": [9, 32, 32, 64, 0, 1], "accuracy": 0.9810165603000001}
{"config": [9, 64, 128, 64, 1, 1], "accuracy": 0.9807968376}
{"config": [9, 16, 32, 64, 1, 0], "accuracy": 0.9807965882}
{"config": [6, 32, 32, 64, 1, 0], "accuracy": 0.9807940942000001}
{"config": [6, 64, 32, 64, 0, 0], "accuracy": 0.9801224561}
{"config": [6, 16, 16, 64, 0, 0], "accuracy": 0.9799012370000001}
{"config": [6, 64, 16, 64, 1, 0], "accuracy": 0.9799012370000001}
{"config": [9, 16, 16, 64, 0, 1], "accuracy": 0.9799004888}
{"config": [9, 16, 16, 64, 1, 1], "accuracy": 0.9796792698000001}
{"config": [9, 16, 64, 64, 0, 1], "accuracy": 0.9796792698000001}
{"config": [9, 64, 64, 64, 1, 0], "accuracy": 0.9796782721}
{"config": [6, 32, 64, 64, 0, 0], "accuracy": 0.9794543097}
{"config": [9, 64, 128, 64, 1, 0], "accuracy": 0.9794518156}
{"config": [6, 16, 16, 64, 0, 1], "accuracy": 0.9792315942}
{"config": [6, 32, 16, 64, 0, 0], "accuracy": 0.9792293496000001}
{"config": [9, 16, 64, 64, 0, 0], "accuracy": 0.9787856644}
{"config": [6, 64, 128, 64, 0, 0], "accuracy": 0.9787849162000001}
{"config": [6, 64, 64, 64, 0, 0], "accuracy": 0.9787846668}
{"config": [6, 64, 128, 64, 1, 1], "accuracy": 0.978784168}
{"config": [9, 64, 64, 41, 1, 0], "accuracy": 0.9785617019}
{"config": [6, 16, 128, 64, 1, 1], "accuracy": 0.9783387370000001}
{"config": [9, 64, 16, 41, 1, 1], "accuracy": 0.9783387370000001}
{"config": [9, 32, 32, 41, 1, 0], "accuracy": 0.9783382382}
{"config": [9, 64, 32, 32, 0, 1], "accuracy": 0.9778915603}
{"config": [9, 32, 64, 64, 0, 1], "accuracy": 0.977889565}
{"config": [9, 64, 128, 41, 1, 1], "accuracy": 0.9776695930000001}
{"config": [6, 16, 16, 64, 1, 0], "accuracy": 0.9776693436}
{"config": [9, 64, 32, 41, 0, 0], "accuracy": 0.9776685954000001}
{"config": [9, 16, 128, 64, 1, 0], "accuracy": 0.9776683460000001}
{"config": [6, 32, 128, 64, 1, 1], "accuracy": 0.9776673484}
{"config": [9, 32, 16, 41, 0, 1], "accuracy": 0.9776663508000001}
{"config": [9, 16, 128, 64, 0, 0], "accuracy": 0.9774458799}
{"config": [9, 32, 64, 41, 1, 1], "accuracy": 0.9774458799}
{"config": [6, 16, 64, 64, 0, 0], "accuracy": 0.9774453811}
{"config": [9, 64, 16, 41, 1, 0], "accuracy": 0.9774446329}
{"config": [9, 32, 32, 41, 0, 0], "accuracy": 0.9772236632}
{"config": [6, 16, 32, 64, 1, 0], "accuracy": 0.9772221668000001}
{"config": [9, 32, 128, 64, 1, 1], "accuracy": 0.97677499}
{"config": [6, 32, 128, 64, 0, 0], "accuracy": 0.9765520251}
{"config": [9, 32, 64, 41, 1, 0], "accuracy": 0.9763300579}
{"config": [9, 32, 16, 32, 1, 0], "accuracy": 0.9763298085000001}
{"config": [9, 32, 32, 64, 1, 1], "accuracy": 0.9763270650000001}
{"config": [9, 64, 64, 32, 1, 1], "accuracy": 0.9761065942}
{"config": [9, 64, 128, 41, 1, 0], "accuracy": 0.9758818835}
{"config": [6, 16, 32, 64, 0, 1], "accuracy": 0.9758816341000001}
{"config": [6, 16, 64, 64, 0, 1], "accuracy": 0.9756599162}
{"config": [6, 64, 16, 41, 1, 1], "accuracy": 0.9756591680000001}
{"config": [6, 16, 128, 64, 0, 0], "accuracy": 0.9756576716}
{"config": [6, 32, 32, 41, 1, 0], "accuracy": 0.9756576716}
{"config": [9, 16, 16, 41, 1, 0], "accuracy": 0.9754342079}
{"config": [9, 32, 128, 41, 1, 0], "accuracy": 0.9754337091}
{"config": [6, 64, 128, 64, 0, 1], "accuracy": 0.9754324621}
{"config": [9, 64, 16, 32, 0, 1], "accuracy": 0.9749895251}
{"config": [6, 64, 32, 41, 0, 1], "accuracy": 0.9749885275000001}
{"config": [6, 64, 16, 41, 1, 0], "accuracy": 0.9749880287}
{"config": [9, 64, 64, 32, 1, 0], "accuracy": 0.9747663109}
{"config": [9, 64, 16, 32, 1, 0], "accuracy": 0.9747648144000001}
{"config": [9, 64, 32, 32, 1, 0], "accuracy": 0.9747645650000001}
{"config": [6, 16, 32, 41, 0, 1], "accuracy": 0.9747635674}
{"config": [9, 64, 64, 41, 0, 1], "accuracy": 0.9745430966}
{"config": [6, 16, 128, 64, 1, 0], "accuracy": 0.9743198823}
{"config": [9, 32, 32, 32, 1, 0], "accuracy": 0.9743186353000001}
{"config": [9, 16, 64, 41, 0, 1], "accuracy": 0.9740979150000001}
{"config": [6, 16, 128, 64, 0, 1], "accuracy": 0.9740939246}
{"config": [9, 16, 16, 41, 0, 0], "accuracy": 0.9740924282000001}
{"config": [9, 32, 16, 32, 1, 1], "accuracy": 0.9738722067000001}
{"config": [6, 32, 64, 41, 0, 1], "accuracy": 0.9738704609000001}
{"config": [6, 64, 64, 41, 0, 0], "accuracy": 0.9736482442000001}
{"config": [6, 16, 16, 41, 0, 1], "accuracy": 0.9736469972}
{"config": [9, 16, 64, 41, 0, 0], "accuracy": 0.9734247805}
{"config": [9, 32, 32, 32, 1, 1], "accuracy": 0.9734237829000001}
{"config": [6, 64, 64, 41, 1, 0], "accuracy": 0.9732023144}
{"config": [9, 16, 16, 32, 1, 1], "accuracy": 0.9732015662000001}
{"config": [9, 16, 32, 32, 0, 0], "accuracy": 0.9729795990000001}
{"config": [6, 16, 16, 41, 1, 1], "accuracy": 0.9729786014}
{"config": [6, 16, 32, 41, 0, 0], "accuracy": 0.9727566341}
{"config": [6, 64, 128, 41, 0, 0], "accuracy": 0.9725309258}
{"config": [9, 64, 64, 32, 0, 1], "accuracy": 0.9723114525000001}
{"config": [6, 64, 64, 41, 1, 1], "accuracy": 0.9723089585}
{"config": [6, 32, 32, 41, 1, 1], "accuracy": 0.9723082103}
{"config": [9, 32, 64, 32, 1, 0], "accuracy": 0.9718632781000001}
{"config": [6, 16, 16, 41, 0, 0], "accuracy": 0.9714178472}
{"config": [9, 16, 128, 41, 1, 0], "accuracy": 0.9714148543000001}
{"config": [6, 32, 32, 32, 1, 1], "accuracy": 0.9714141061}
{"config": [9, 32, 16, 32, 0, 1], "accuracy": 0.9711956305}
{"config": [9, 32, 64, 32, 1, 1], "accuracy": 0.9709709198}
{"config": [6, 32, 16, 41, 1, 1], "accuracy": 0.9709689246000001}
{"config": [6, 16, 32, 41, 1, 1], "accuracy": 0.9707472067}
{"config": [6, 64, 128, 32, 0, 0], "accuracy": 0.9707452115}
{"config": [6, 32, 16, 32, 1, 0], "accuracy": 0.9707449621}
{"config": [9, 16, 16, 41, 1, 1], "accuracy": 0.9705229948}
{"config": [9, 64, 128, 32, 1, 0], "accuracy": 0.9703005287}
{"config": [6, 16, 64, 41, 0, 0], "accuracy": 0.9702995311}
{"config": [9, 16, 32, 32, 1, 1], "accuracy": 0.9702985335000001}
{"config": [6, 64, 128, 41, 0, 1], "accuracy": 0.9700735734}
{"config": [9, 16, 64, 32, 1, 1], "accuracy": 0.9698536014}
{"config": [9, 16, 32, 32, 1, 0], "accuracy": 0.9696296389000001}
{"config": [6, 64, 16, 32, 1, 0], "accuracy": 0.9691827115}
{"config": [6, 16, 16, 32, 1, 0], "accuracy": 0.9691812151}
{"config": [6, 32, 32, 32, 0, 0], "accuracy": 0.9689617418}
{"config": [9, 64, 128, 32, 0, 0], "accuracy": 0.9689609936}
{"config": [6, 32, 128, 32, 1, 0], "accuracy": 0.9687357841}
{"config": [9, 32, 128, 32, 0, 0], "accuracy": 0.9685140662}
{"config": [6, 64, 32, 32, 0, 0], "accuracy": 0.9682916002}
{"config": [6, 16, 128, 41, 1, 1], "accuracy": 0.9680673883}
{"config": [6, 64, 64, 32, 1, 1], "accuracy": 0.9680663907}
{"config": [6, 64, 128, 32, 1, 0], "accuracy": 0.9678459198}
{"config": [9, 16, 128, 32, 1, 1], "accuracy": 0.9678449222000001}
{"config": [9, 32, 128, 32, 0, 1], "accuracy": 0.9678434258}
{"config": [6, 32, 32, 32, 0, 1], "accuracy": 0.9678419294}
{"config": [6, 32, 16, 32, 0, 1], "accuracy": 0.9678406824}
{"config": [6, 32, 16, 32, 0, 0], "accuracy": 0.9676184657}
{"config": [3, 64, 16, 64, 0, 1], "accuracy": 0.9673959996}
{"config": [6, 64, 64, 32, 0, 0], "accuracy": 0.9671707901000001}
{"config": [6, 32, 128, 41, 1, 0], "accuracy": 0.9665043895000001}
{"config": [6, 32, 64, 32, 0, 1], "accuracy": 0.9665016460000001}
{"config": [6, 16, 32, 32, 0, 1], "accuracy": 0.9662784318000001}
{"config": [3, 64, 32, 64, 1, 1], "accuracy": 0.9649391460000001}
{"config": [3, 64, 128, 64, 0, 1],