{"config": [3, 64, 16, 41, 1, 0], "accuracy": 0.8130873404000001}
{"config": [3, 64, 128, 64, 0, 0], "accuracy": 0.8106347267}
{"config": [3, 64, 16, 32, 1, 0], "accuracy": 0.8075034916}
{"config": [3, 16, 16, 41, 1, 1], "accuracy": 0.8070558160000001}
{"config": [3, 32, 64, 64, 1, 1], "accuracy": 0.8059442338}
{"config": [3, 64, 64, 41, 0, 0], "accuracy": 0.8046004589}
{"config": [3, 32, 16, 64, 1, 0], "accuracy": 0.8037076018}
{"config": [3, 16, 64, 64, 1, 1], "accuracy": 0.803256684}
{"config": [3, 32, 16, 41, 0, 0], "accuracy": 0.8028137470000001}
{"config": [3, 64, 16, 64, 0, 1], "accuracy": 0.8019221369}
{"config": [3, 16, 32, 64, 1, 1], "accuracy": 0.8019124102}
{"config": [3, 64, 16, 41, 1, 1], "accuracy": 0.8014769553000001}
{"config": [3, 16, 32, 41, 1, 0], "accuracy": 0.8014769553000001}
{"config": [3, 64, 16, 41, 0, 1], "accuracy": 0.8012547386000001}
{"config": [3, 16, 16, 32, 0, 1], "accuracy": 0.8003571429}
{"config": [3, 16, 32, 64, 0, 0], "accuracy": 0.7999109637}
{"config": [3, 16, 128, 64, 0, 0], "accuracy": 0.7990176077000001}
{"config": [3, 32, 16, 41, 0, 1], "accuracy": 0.7987948923}
{"config": [3, 16, 16, 41, 0, 1], "accuracy": 0.7979062749}
{"config": [3, 32, 32, 64, 1, 0], "accuracy": 0.7976773244}
{"config": [3, 32, 32, 64, 0, 1], "accuracy": 0.7974603452}
{"config": [3, 64, 16, 32, 0, 1], "accuracy": 0.7972269054000001}
{"config": [3, 16, 16, 32, 1, 0], "accuracy": 0.7972261572}
{"config": [3, 16, 128, 41, 0, 1], "accuracy": 0.7963385375}
{"config": [6, 16, 16, 64, 1, 0], "accuracy": 0.7958913607}
{"config": [9, 64, 128, 41, 1, 0], "accuracy": 0.7950099761}
{"config": [3, 32, 128, 64, 0, 0], "accuracy": 0.7950032422000001}
{"config": [6, 32, 128, 64, 1, 1], "accuracy": 0.7943143955}
{"config": [6, 16, 64, 64, 0, 1], "accuracy": 0.7936469972}
{"config": [3, 64, 64, 41, 1, 1], "accuracy": 0.7934322626}
{"config": [6, 64, 128, 41, 0, 1], "accuracy": 0.7932145351000001}
{"config": [3, 64, 32, 41, 0, 0], "accuracy": 0.7929873304}
{"config": [9, 32, 64, 41, 1, 1], "accuracy": 0.7927653631}
{"config": [6, 32, 32, 64, 1, 0], "accuracy": 0.7927581305}
{"config": [3, 16, 16, 64, 1, 1], "accuracy": 0.7925446429}
{"config": [3, 64, 64, 32, 0, 0], "accuracy": 0.7920959697000001}
{"config": [3, 64, 64, 41, 1, 0], "accuracy": 0.7918682662000001}
{"config": [6, 32, 64, 32, 0, 1], "accuracy": 0.7916487929}
{"config": [3, 16, 32, 32, 1, 1], "accuracy": 0.7914270750000001}
{"config": [6, 64, 32, 64, 0, 0], "accuracy": 0.7912073524000001}
{"config": [3, 64, 64, 32, 1, 1], "accuracy": 0.7909764066}
{"config": [3, 32, 16, 64, 1, 1], "accuracy": 0.7907634178}
{"config": [3, 16, 32, 41, 0, 1], "accuracy": 0.7907584298}
{"config": [3, 16, 32, 32, 0, 1], "accuracy": 0.7907544393}
{"config": [9, 64, 128, 32, 0, 0], "accuracy": 0.7905279828}
{"config": [6, 16, 64, 32, 1, 0], "accuracy": 0.7903125}
{"config": [3, 64, 128, 41, 0, 1], "accuracy": 0.7903072626000001}
{"config": [9, 64, 128, 32, 1, 0], "accuracy": 0.7903035215}
{"config": [3, 64, 32, 41, 0, 1], "accuracy": 0.7900862929}
{"config": [6, 16, 16, 64, 0, 1], "accuracy": 0.790074571}
{"config": [6, 64, 128, 32, 1, 0], "accuracy": 0.7896490922}
{"config": [3, 32, 32, 41, 1, 0], "accuracy": 0.7896363727}
{"config": [9, 16, 128, 64, 0, 0], "accuracy": 0.789407921}
{"config": [6, 16, 128, 64, 0, 1], "accuracy": 0.7891989226}
{"config": [6, 16, 16, 64, 0, 0], "accuracy": 0.7891904429000001}
{"config": [3, 16, 64, 64, 1, 0], "accuracy": 0.7891884477000001}
{"config": [3, 16, 16, 32, 1, 1], "accuracy": 0.7891822127}
{"config": [3, 64, 16, 32, 1, 1], "accuracy": 0.7889729649}
{"config": [6, 32, 64, 64, 0, 0], "accuracy": 0.7889717179}
{"config": [3, 32, 16, 41, 1, 1], "accuracy": 0.7885297785000001}
{"config": [3, 16, 128, 64, 1, 1], "accuracy": 0.7885265363}
{"config": [3, 16, 128, 41, 0, 0], "accuracy": 0.7885217977000001}
{"config": [9, 64, 128, 64, 1, 0], "accuracy": 0.7885113228}
{"config": [3, 32, 32, 32, 0, 0], "accuracy": 0.7883028232}
{"config": [6, 64, 32, 64, 1, 0], "accuracy": 0.7878578911}
{"config": [9, 16, 16, 32, 1, 1], "accuracy": 0.7878558958}
{"config": [3, 64, 128, 64, 1, 0], "accuracy": 0.7878516560000001}
{"config": [6, 64, 16, 41, 1, 1], "accuracy": 0.7876364226}
{"config": [3, 16, 32, 64, 1, 0], "accuracy": 0.7871780227}
{"config": [3, 64, 128, 41, 1, 1], "accuracy": 0.7867418196}
{"config": [3, 64, 32, 64, 1, 1], "accuracy": 0.7867308460000001}
{"config": [6, 16, 32, 32, 1, 0], "accuracy": 0.7862849162000001}
{"config": [9, 32, 128, 64, 1, 1], "accuracy": 0.7860607043000001}
{"config": [6, 64, 32, 64, 0, 1], "accuracy": 0.7858504589}
{"config": [6, 16, 64, 64, 0, 0], "accuracy": 0.7858357442}
{"config": [3, 32, 32, 41, 1, 1], "accuracy": 0.7856155227}
{"config": [3, 32, 16, 41, 1, 0], "accuracy": 0.7854000399000001}
{"config": [6, 16, 16, 32, 1, 1], "accuracy": 0.7853990423}
{"config": [6, 16, 128, 41, 1, 1], "accuracy": 0.7853975459}
{"config": [6, 64, 64, 41, 1, 0], "accuracy": 0.7853962989000001}
{"config": [3, 64, 32, 32, 1, 0], "accuracy": 0.7851775738000001}
{"config": [6, 32, 16, 41, 1, 1], "accuracy": 0.7849466281}
{"config": [6, 16, 16, 41, 0, 0], "accuracy": 0.7847336393000001}
{"config": [9, 32, 128, 32, 0, 0], "accuracy": 0.784730397}
{"config": [6, 16, 64, 41, 0, 0], "accuracy": 0.7845011971}
{"config": [9, 32, 64, 32, 1, 1], "accuracy": 0.7845001995}
{"config": [3, 32, 128, 32, 0, 1], "accuracy": 0.7842779828}
{"config": [6, 32, 16, 64, 0, 0], "accuracy": 0.7838347965}
{"config": [6, 64, 64, 32, 1, 1], "accuracy": 0.7836118316}
{"config": [6, 32, 128, 41, 1, 0], "accuracy": 0.7833836293}
{"config": [3, 64, 32, 32, 0, 1], "accuracy": 0.7833831305000001}
{"config": [6, 32, 128, 32, 1, 0], "accuracy": 0.7831651536}
{"config": [6, 16, 16, 41, 0, 1], "accuracy": 0.7831644054}
{"config": [3, 64, 64, 41, 0, 1], "accuracy": 0.7829406923000001}
{"config": [3, 32, 128, 41, 1, 0], "accuracy": 0.7829394453}
{"config": [6, 64, 128, 32, 0, 0], "accuracy": 0.7827152334}
{"config": [6, 64, 64, 32, 0, 0], "accuracy": 0.7824830407000001}
{"config": [6, 32, 16, 64, 1, 0], "accuracy": 0.7822703013000001}
{"config": [6, 16, 32, 32, 0, 0], "accuracy": 0.7820520750000001}
{"config": [6, 64, 16, 64, 1, 1], "accuracy": 0.7820465882000001}
{"config": [6, 64, 64, 64, 0, 1], "accuracy": 0.7818243715000001}
{"config": [3, 16, 32, 32, 0, 0], "accuracy": 0.7816086393}
{"config": [9, 32, 32, 41, 1, 0], "accuracy": 0.7816031524}
{"config": [9, 32, 32, 32, 1, 0], "accuracy": 0.7816011572}
{"config": [3, 16, 128, 32, 0, 0], "accuracy": 0.7815994114}
{"config": [9, 16, 64, 64, 0, 1], "accuracy": 0.7815936752}
{"config": [6, 16, 128, 64, 1, 0], "accuracy": 0.7813784417}
{"config": [9, 64, 64, 32, 1, 0], "accuracy": 0.7813684657000001}
{"config": [6, 32, 16, 32, 0, 1], "accuracy": 0.7811587191}
{"config": [9, 16, 16, 41, 1, 0], "accuracy": 0.7811557263000001}
{"config": [3, 32, 64, 32, 1, 0], "accuracy": 0.7811552275}
{"config": [6, 64, 128, 41, 0, 0], "accuracy": 0.7811482442000001}
{"config": [6, 64, 64, 41, 0, 0], "accuracy": 0.7807043097}
{"config": [9, 32, 128, 41, 1, 0], "accuracy": 0.780700818}
{"config": [9, 16, 64, 41, 0, 1], "accuracy": 0.7804908220000001}
{"config": [9, 16, 32, 32, 1, 1], "accuracy": 0.780488328}
{"config": [6, 16, 128, 32, 0, 1], "accuracy": 0.7804830906}
{"config": [3, 64, 64, 64, 0, 1], "accuracy": 0.7800414006}
{"config": [6, 32, 32, 32, 1, 1], "accuracy": 0.7795937251}
{"config": [6, 32, 16, 32, 0, 0], "accuracy": 0.7795889864000001}
{"config": [3, 64, 32, 32, 0, 0], "accuracy": 0.7793680168}
{"config": [6, 16, 128, 64, 0, 0], "accuracy": 0.7791458001}
{"config": [9, 64, 32, 41, 0, 0], "accuracy": 0.7791333300000001}
{"config": [9, 16, 128, 64, 1, 0], "accuracy": 0.7789161014}
{"config": [3, 32, 16, 32, 1, 0], "accuracy": 0.7789148543000001}
{"config": [6, 32, 32, 41, 1, 0], "accuracy": 0.7786908919000001}
{"config": [9, 64, 128, 41, 1, 1], "accuracy": 0.7784806464}
{"config": [9, 64, 64, 32, 0, 1], "accuracy": 0.7784774042}
{"config": [9, 64, 128, 64, 1, 1],