precision,accuracy,recall,duration
0.9021369596891695,0.89,0.859375,188.6984920501709
