precision,accuracy,recall,duration
0.716789069467158,0.9368888888888889,0.5687719203288301,387.8729374408722
