precision,accuracy,recall,duration
0.7886423338819506,0.777536231884058,0.7777033385000508,685.8657929897308
