precision,accuracy,recall,duration
0.8201207755829605,0.821917808219178,0.8425647451963242,86.7946629524231
