precision,accuracy,recall,duration
0.815405956752346,0.7885714285714286,0.806672135630298,60.31786561012268
