precision,accuracy,recall,duration
0.7061532792925571,0.7047619047619048,0.7031590413943356,210.03414750099182
