precision,accuracy,recall,duration
0.7766721913791305,0.7916666666666666,0.7844630344630346,196.40688252449036
