precision,accuracy,recall,duration
0.7107269105671941,0.9408888888888889,0.5977220147806703,143.80231642723083
