precision,accuracy,recall,duration
0.9269904971545151,0.9349422875131165,0.9446812971764047,73.5786063671112
