precision,accuracy,recall,duration
0.6798063707656238,0.6464088397790055,0.6389103665235194,94.42343878746033
