precision,accuracy,recall,duration
0.9744720257392209,0.9781447304516756,0.9612331369972237,3627.642364501953
