precision,accuracy,recall,duration
0.9735449735449736,0.9714285714285714,0.9722906403940887,206.80612468719482
