precision,accuracy,recall,duration
0.5909484337028529,0.7275,0.5840230717867848,140.92612075805664
