precision,accuracy,recall,duration
0.9965095986038395,0.9964881474978051,0.9964912280701754,501.6202847957611
