precision,accuracy,recall,duration
0.5908631650835041,0.5911602209944752,0.5722420353540396,285.4621515274048
