precision,accuracy,recall,duration
0.8645833333333334,0.85,0.8539618276460381,70.99421954154968
