precision,accuracy,recall,duration
0.8321491753695144,0.8114285714285714,0.8318293683347006,113.26366996765137
