precision,accuracy,recall,duration
0.6998559832416864,0.7071823204419889,0.6912907268170425,178.94619870185852
