precision,accuracy,recall,duration
0.9438851429900024,0.9380165289256198,0.9200279189409623,445.5236625671387
