precision,accuracy,recall,duration
0.8449203949203948,0.8312020460358056,0.8345559845559845,276.2496473789215
