precision,accuracy,recall,duration
0.6173742428914053,0.7037617554858934,0.5504080816103343,104.03096795082092
