precision,accuracy,recall,duration
0.8914930555555556,0.9,0.8914930555555556,126.07680559158325
