precision,accuracy,recall,duration
0.6948723355849361,0.7187135261315004,0.6338128971188796,9921.475418806076
