precision,accuracy,recall,duration
0.868462436978449,0.8376811594202899,0.8381073876646659,83.57692337036133
