precision,accuracy,recall,duration
0.8888888888888888,0.8333333333333334,0.8333333333333334,117.437429189682
