precision,accuracy,recall,duration
0.7848214285714286,0.7933333333333333,0.8102509239447578,445.42993116378784
