precision,accuracy,recall,duration
0.45056989573843503,0.7275,0.4691944537047535,331.6019082069397
