precision,accuracy,recall,duration
0.8281259648039518,0.8416666666666667,0.8230159502042405,507.3302011489868
