precision,accuracy,recall,duration
0.853225806451613,0.8524590163934426,0.8555194805194806,688.1892786026001
