precision,accuracy,recall,duration
0.9633970583358084,0.9634146341463414,0.9476692702414763,168.1772975921631
