precision,accuracy,recall,duration
0.9448148148148148,0.9421487603305785,0.9234864169646778,117.60491561889648
