precision,accuracy,recall,duration
0.7387027529432593,0.8390243902439024,0.7665329768270945,676.0022976398468
