precision,accuracy,recall,duration
0.9477809012692733,0.9475341028331584,0.9408582611126642,47.996546268463135
