precision,accuracy,recall,duration
0.810881185427465,0.8102564102564103,0.8143144962135017,327.58481550216675
