precision,accuracy,recall,duration
0.7146184975393715,0.7513157894736842,0.7426203978063664,362.45095205307007
