precision,accuracy,recall,duration
0.8351620080656376,0.8228571428571428,0.8400328137817884,107.99086332321167
