precision,accuracy,recall,duration
0.8499456507636433,0.859375,0.827787733010268,566.4726090431213
