precision,accuracy,recall,duration
0.8273424543946932,0.8171428571428572,0.8337435056056878,194.8310215473175
