precision,accuracy,recall,duration
0.8654066437571593,0.765,0.675414364640884,1103.6495270729065
