precision,accuracy,recall,duration
0.6194111872757883,0.6176767676767677,0.6176767676767677,387.543306350708
