precision,accuracy,recall,duration
0.9482758620689655,0.9215686274509803,0.8968407479045777,350.7806420326233
