precision,accuracy,recall,duration
0.8322825402972069,0.8344988344988346,0.8144727197764442,504.3458034992218
