precision,accuracy,recall,duration
0.5694850470662348,0.78,0.5115538064675763,374.17169642448425
