precision,accuracy,recall,duration
0.6916102443308325,0.8,0.6565138232080956,508.5873010158539
