precision,accuracy,recall,duration
0.6028875960770347,0.700626959247649,0.5563184954998502,273.055460691452
