precision,accuracy,recall,duration
0.8450863440228992,0.8512820512820513,0.845492932789259,854.5279357433319
