precision,accuracy,recall,duration
0.9822033898305085,0.9815627743634767,0.9815789473684211,507.52969002723694
