precision,accuracy,recall,duration
0.9438912491795295,0.9436267703415718,0.9433730588660166,4465.667888641357
