precision,accuracy,recall,duration
0.5050194931773879,0.79,0.4972719155502898,164.69469022750854
