precision,accuracy,recall,duration
0.8366148866148867,0.8184143222506394,0.8196731571731571,180.78807425498962
