precision,accuracy,recall,duration
0.8253270286663609,0.8401041666666667,0.8099668860736072,386.3767910003662
