precision,accuracy,recall,duration
0.5811339198435972,0.578125,0.584008097165992,120.66887974739075
