precision,accuracy,recall,duration
0.6822793148880105,0.6906077348066298,0.6733709273182957,439.19319009780884
