precision,accuracy,recall,duration
0.918160163339383,0.908,0.8830859557664663,3901.216863155365
