precision,accuracy,recall,duration
0.725,0.7222222222222222,0.7222222222222222,74.35046243667603
