precision,accuracy,recall,duration
0.966881199538639,0.9706190975865687,0.9715147702916783,46.265735387802124
