precision,accuracy,recall,duration
0.9572072072072072,0.9379084967320261,0.9101386202450032,204.40973830223083
