precision,accuracy,recall,duration
0.9752830918452758,0.9744,0.9752783528870486,1106.5869064331055
