precision,accuracy,recall,duration
0.8267795637198622,0.8171428571428572,0.8308267250022787,385.9588887691498
