precision,accuracy,recall,duration
0.6309746746283796,0.6353591160220995,0.6424877659043243,273.10014843940735
