precision,accuracy,recall,duration
0.7846063454759107,0.8033333333333333,0.7944466057187318,93.40891575813293
