precision,accuracy,recall,duration
0.8053650489443078,0.8076493579006142,0.8058980454552358,503.77371048927307
