precision,accuracy,recall,duration
0.3796920600423581,0.6140350877192983,0.3903503914825824,140.21971011161804
