precision,accuracy,recall,duration
0.8428804010152424,0.8358974358974359,0.8413579601679397,290.8261933326721
