precision,accuracy,recall,duration
0.8767476303317536,0.8831615120274914,0.8473618090452262,224.58669257164001
