precision,accuracy,recall,duration
0.9620092330478615,0.9628099173553719,0.9558472928038145,277.41534996032715
