precision,accuracy,recall,duration
0.7076854692504898,0.7268836726753988,0.6458738005205512,26964.764863967896
