precision,accuracy,recall,duration
0.8609912993000289,0.8571428571428571,0.8675599307264606,131.8062973022461
