precision,accuracy,recall,duration
0.6757561151083343,0.9357777777777778,0.5834752102468979,187.81841707229614
