precision,accuracy,recall,duration
0.9261497612901973,0.9257425742574258,0.9254232054635281,2368.709811925888
