precision,accuracy,recall,duration
0.8023676574783224,0.81,0.6766349490566976,150.27855801582336
