precision,accuracy,recall,duration
0.9130116959064326,0.9,0.9,470.37781524658203
