precision,accuracy,recall,duration
0.9158773122299364,0.9152915291529153,0.9148902935193257,998.4208240509033
