precision,accuracy,recall,duration
0.7858293075684379,0.784,0.784,620.5690293312073
