precision,accuracy,recall,duration
0.9401940998326541,0.9183006535947712,0.8745164410058026,204.139910697937
