precision,accuracy,recall,duration
0.8627569603287797,0.8487179487179487,0.8580681990279256,289.0945625305176
