precision,accuracy,recall,duration
0.8974027248406722,0.896964856230032,0.8951344758970409,57.757463455200195
