precision,accuracy,recall,duration
0.9407971125872455,0.9408497639544571,0.9408330323823282,6633.075949907303
