precision,accuracy,recall,duration
0.44665511638564975,0.4163636363636364,0.43121366556229507,808.4183740615845
