precision,accuracy,recall,duration
0.9553998450391605,0.9512195121951219,0.9268453942897723,264.773868560791
