precision,accuracy,recall,duration
0.8514621621130218,0.8487179487179487,0.842393566415732,196.19083309173584
