precision,accuracy,recall,duration
0.8307455307455307,0.8337595907928389,0.8415006165006165,324.05296516418457
