precision,accuracy,recall,duration
0.6644025193628866,0.934,0.5664074524963845,349.6464354991913
