precision,accuracy,recall,duration
0.6277964205816555,0.8074534161490683,0.5596917450365726,171.89482140541077
