precision,accuracy,recall,duration
0.9638737719787125,0.9545454545454546,0.9439854680343811,323.53117632865906
