precision,accuracy,recall,duration
0.9773626373626374,0.9771428571428571,0.9782430213464696,101.2983078956604
