precision,accuracy,recall,duration
0.9251648623914871,0.9251814628699051,0.9253244639437304,745.667177438736
