precision,accuracy,recall,duration
0.9606982844025955,0.9658536585365853,0.9539500962169781,229.66293001174927
