precision,accuracy,recall,duration
0.7738290680830516,0.8536585365853658,0.7928074866310161,373.9441502094269
