precision,accuracy,recall,duration
0.9609066276741821,0.9504132231404959,0.9310778593387289,244.646803855896
