precision,accuracy,recall,duration
0.8410975867588872,0.8426573426573427,0.8233485271886023,2006.9511168003082
