precision,accuracy,recall,duration
0.7681580816419535,0.7697368421052632,0.7416418091929704,384.5486252307892
