precision,accuracy,recall,duration
0.5449577464788733,0.5227272727272727,0.5202149665901934,964.2096157073975
