precision,accuracy,recall,duration
0.5976957462827028,0.6187845303867403,0.5963383850993708,274.5273995399475
