precision,accuracy,recall,duration
0.8297979797979798,0.8082191780821918,0.8238930659983292,136.83951091766357
