precision,accuracy,recall,duration
0.8834236662199141,0.8076923076923077,0.9085817804596857,478.2495400905609
