precision,accuracy,recall,duration
0.7560163850486431,0.756,0.756,584.2291159629822
