precision,accuracy,recall,duration
0.9039522950374423,0.8986666666666666,0.8986666666666667,378.0527958869934
