precision,accuracy,recall,duration
0.4745171032481264,0.7275,0.4896469791555614,446.0363607406616
