precision,accuracy,recall,duration
0.7663455626152901,0.8536585365853658,0.7941711229946523,172.45031762123108
