precision,accuracy,recall,duration
0.48109536490250093,0.4527272727272727,0.4639104481753486,1024.8909022808075
