precision,accuracy,recall,duration
0.7547169811320755,0.5185185185185185,0.5185185185185185,70.41148161888123
