precision,accuracy,recall,duration
0.9794672820070487,0.9792,0.97949104383887,338.99701142311096
