precision,accuracy,recall,duration
0.8825240130255558,0.8824678950307091,0.882927556528798,1230.5544121265411
