precision,accuracy,recall,duration
0.7550980392156864,0.848780487804878,0.775017825311943,206.08399605751038
