precision,accuracy,recall,duration
0.9672886287185556,0.9664,0.9675979484364577,267.8725185394287
