precision,accuracy,recall,duration
0.7236363636363636,0.7238095238095238,0.7233115468409586,132.78971600532532
