precision,accuracy,recall,duration
0.41047424367857804,0.6115288220551378,0.3939502705406928,156.98939180374146
