precision,accuracy,recall,duration
0.9641353432161828,0.9674711437565582,0.9674051812505824,49.5262131690979
