precision,accuracy,recall,duration
0.7886540697608809,0.7902813299232737,0.7925419925419926,124.6856734752655
