precision,accuracy,recall,duration
0.9318239861989863,0.9216666666666666,0.9216666666666667,1485.652344942093
