precision,accuracy,recall,duration
0.9632472285276714,0.9628699050809604,0.962954020994653,2905.5702018737793
