precision,accuracy,recall,duration
0.6102894280616344,0.6818181818181818,0.5507136299491643,356.34244656562805
