precision,accuracy,recall,duration
0.9690463341299822,0.9692982456140351,0.9694444444444444,330.64529848098755
