precision,accuracy,recall,duration
0.8833178053830227,0.8825878594249201,0.8802914179343989,340.31648111343384
