precision,accuracy,recall,duration
0.7521786492374728,0.7523809523809524,0.7521786492374728,200.00572204589844
