precision,accuracy,recall,duration
0.522458716303239,0.5194805194805194,0.517480963461477,1164.7460768222809
