precision,accuracy,recall,duration
0.9646935251365825,0.964390243902439,0.9481735114865878,165.0080418586731
