precision,accuracy,recall,duration
0.8248443689869834,0.7775,0.6267170169377394,145.99106764793396
