precision,accuracy,recall,duration
0.9621009509564082,0.973530840213696,0.9606996090298378,3285.1301169395447
