precision,accuracy,recall,duration
0.8668523510318725,0.8641025641025641,0.8654001887777772,435.31740069389343
