precision,accuracy,recall,duration
0.9662414814459432,0.9628997867803838,0.9630406581841839,445.7122383117676
