precision,accuracy,recall,duration
0.9236617086617086,0.9116666666666666,0.9116666666666668,563.4776856899261
