precision,accuracy,recall,duration
0.8068338779867639,0.8084868788386377,0.8067469609551626,336.0388140678406
