precision,accuracy,recall,duration
0.8328960346995092,0.8333333333333334,0.8356973756069155,504.71082186698914
