precision,accuracy,recall,duration
0.9483346344002083,0.9421487603305785,0.9131266076918251,359.5122845172882
