precision,accuracy,recall,duration
0.7333165751959099,0.8131868131868132,0.6912459085118527,222.9894564151764
