precision,accuracy,recall,duration
0.9607142857142856,0.9633943427620633,0.967930029154519,102.03020906448364
