precision,accuracy,recall,duration
0.9604418738187903,0.96,0.9611995009821097,802.964513540268
