precision,accuracy,recall,duration
0.8042842613780828,0.805,0.700177526791624,194.74186968803406
