precision,accuracy,recall,duration
0.9649167499167498,0.9657142857142857,0.9657881773399015,143.78023028373718
