precision,accuracy,recall,duration
0.9649266926435007,0.9603411513859275,0.9605409975701629,203.21064019203186
