precision,accuracy,recall,duration
0.9627213188471764,0.9624390243902439,0.9427892262390191,205.48985195159912
