precision,accuracy,recall,duration
0.67372993187,0.9326666666666666,0.5848150705886184,671.6712698936462
