precision,accuracy,recall,duration
0.8619909502262444,0.8555555555555555,0.8555555555555556,385.6559135913849
