precision,accuracy,recall,duration
0.4151629263833952,0.3890909090909091,0.40794722574079095,1127.4075450897217
