precision,accuracy,recall,duration
0.7311698717948718,0.7348066298342542,0.7169172932330827,172.84406113624573
