precision,accuracy,recall,duration
0.6439517170332354,0.6414141414141414,0.6414141414141414,304.6323049068451
