precision,accuracy,recall,duration
0.9742967393038015,0.9738693467336683,0.9740782293667469,497.90503764152527
