precision,accuracy,recall,duration
0.6527284873282952,0.415,0.5444709200544641,406.7519929409027
