precision,accuracy,recall,duration
0.7976158645276291,0.7657142857142857,0.7829732932276,486.5584714412689
