precision,accuracy,recall,duration
0.7833333333333334,0.7333333333333333,0.7333333333333334,191.8476324081421
