precision,accuracy,recall,duration
0.9225490196078432,0.9204545454545454,0.9274475524475525,92.9334819316864
