precision,accuracy,recall,duration
0.951468660858839,0.9517543859649122,0.9518518518518518,163.13252091407776
