precision,accuracy,recall,duration
0.983843537414966,0.9833187006145742,0.9833333333333334,326.07961869239807
