precision,accuracy,recall,duration
0.9253623188405796,0.9166666666666666,0.9166666666666666,204.53198957443237
