precision,accuracy,recall,duration
0.8953060502417738,0.889,0.8628180259443357,1173.1290574073792
