precision,accuracy,recall,duration
0.7180500658761528,0.7237569060773481,0.7073934837092732,474.12875390052795
