precision,accuracy,recall,duration
0.95141065830721,0.9431818181818182,0.9484265734265734,445.5683870315552
