precision,accuracy,recall,duration
0.9035549601196411,0.9017571884984026,0.8990756787983825,203.35624527931213
