precision,accuracy,recall,duration
0.8027905174084362,0.8,0.8,1874.8047556877136
