precision,accuracy,recall,duration
0.9595807687841134,0.9624796084828712,0.9586433488630832,224.69829106330872
