precision,accuracy,recall,duration
0.3735041273115986,0.6090225563909775,0.3897048823609411,105.14035272598267
