precision,accuracy,recall,duration
0.8411004974859465,0.8286445012787724,0.8377759252759253,177.22267317771912
