precision,accuracy,recall,duration
0.9074074074074074,0.9,0.9,639.0790364742279
