precision,accuracy,recall,duration
0.9469875474845766,0.9458403126744835,0.946096975998567,2083.4086544513702
