precision,accuracy,recall,duration
0.8794882145820718,0.8668885191347754,0.8824214071010463,256.52145981788635
