precision,accuracy,recall,duration
0.6865202444614209,0.7398119122257053,0.5995398959604148,760.8989436626434
