precision,accuracy,recall,duration
0.8118779662966209,0.8076923076923077,0.807699489257736,446.0156524181366
