precision,accuracy,recall,duration
0.4950524287557898,0.76,0.4974091739171283,77.7716224193573
