precision,accuracy,recall,duration
0.8470616453639255,0.8384615384615385,0.8417477978459748,799.3330760002136
