precision,accuracy,recall,duration
0.8115942028985508,0.5666666666666667,0.5666666666666668,139.8922417163849
