precision,accuracy,recall,duration
0.8369518019973947,0.8391608391608392,0.8199413624078061,1398.6852583885193
