precision,accuracy,recall,duration
0.9656984722440006,0.9743807673627974,0.9591340255742139,1083.2635338306427
