precision,accuracy,recall,duration
0.53125,0.53125,0.5323886639676113,204.9121973514557
