precision,accuracy,recall,duration
0.9497501423259456,0.9497361843932242,0.9496549095140645,324.0997576713562
