precision,accuracy,recall,duration
0.8694091550715871,0.8685714285714285,0.877221766475253,385.4533951282501
