precision,accuracy,recall,duration
0.8286372455374988,0.8424479166666666,0.8071389244704686,139.42479753494263
