precision,accuracy,recall,duration
0.9511831108216651,0.9313725490196079,0.904819471308833,190.99757409095764
