precision,accuracy,recall,duration
0.584642466973294,0.574585635359116,0.5588051283331669,441.71324348449707
