precision,accuracy,recall,duration
0.9412821728495103,0.9233333333333333,0.9233333333333335,2163.364397287369
