precision,accuracy,recall,duration
0.801311439933731,0.7928388746803069,0.797492484992485,387.67129850387573
