precision,accuracy,recall,duration
0.7590235069834965,0.795,0.701600801931369,209.5278615951538
