precision,accuracy,recall,duration
0.8274540637794495,0.8114285714285714,0.8318293683347006,181.43397784233093
