precision,accuracy,recall,duration
0.3611919102729122,0.5889724310776943,0.3640528647199394,139.37781977653503
