precision,accuracy,recall,duration
0.9712612806820901,0.9698492462311558,0.9703513277846153,89.50353813171387
