precision,accuracy,recall,duration
0.7533333333333333,0.6666666666666666,0.6666666666666667,203.73424887657166
