precision,accuracy,recall,duration
0.9117929397192404,0.9113418530351438,0.9097259130881314,247.45162224769592
