precision,accuracy,recall,duration
0.48783829473657825,0.775,0.5020327741627777,272.22456336021423
