precision,accuracy,recall,duration
0.6757188225082466,0.9391111111111111,0.5614952729690228,179.9009280204773
