precision,accuracy,recall,duration
0.8315012726471059,0.8205128205128205,0.8256545323450588,490.0233860015869
