precision,accuracy,recall,duration
0.96875,0.9666666666666667,0.9666666666666667,388.1144862174988
