precision,accuracy,recall,duration
0.78125,0.6111111111111112,0.6111111111111112,67.13334894180298
