precision,accuracy,recall,duration
0.8274382269139147,0.8344988344988346,0.8211381648266068,672.8851752281189
