precision,accuracy,recall,duration
0.3653846153846154,0.4666666666666667,0.3402777777777778,117.72356081008911
