precision,accuracy,recall,duration
0.8953448857611105,0.8966942148760331,0.8872717861848297,1000.6500287055969
