precision,accuracy,recall,duration
0.815737203972498,0.8082191780821918,0.8350459482038429,146.6247320175171
