precision,accuracy,recall,duration
0.8659172368849788,0.9307692307692308,0.941430817610063,204.30872535705566
