precision,accuracy,recall,duration
0.8678835033642116,0.8692307692307693,0.8635847447927089,524.1004688739777
