precision,accuracy,recall,duration
0.38830338555305927,0.6015037593984962,0.3846903960482602,266.3003499507904
