precision,accuracy,recall,duration
0.7180289511193293,0.7978021978021979,0.6535137056442011,775.8479151725769
