precision,accuracy,recall,duration
0.6741806543347263,0.629156010230179,0.6220749970749971,367.5103802680969
