precision,accuracy,recall,duration
0.9475122327699312,0.9475145792835323,0.94744592913607,1362.5159146785736
