precision,accuracy,recall,duration
0.7071366701700297,0.94,0.5661829898475079,143.33990383148193
