precision,accuracy,recall,duration
0.22972424742300462,0.3322784810126582,0.21297427466613408,248.64959692955017
