precision,accuracy,recall,duration
0.6199124576436659,0.7084639498432602,0.5790152556807036,364.00271487236023
