precision,accuracy,recall,duration
0.8086238174473469,0.7953964194373402,0.7980728730728732,327.6512463092804
