precision,accuracy,recall,duration
0.8301890721306014,0.8171428571428572,0.8322851153039833,93.7932538986206
