precision,accuracy,recall,duration
0.978062267099411,0.9710743801652892,0.9634387351778657,143.2755753993988
