precision,accuracy,recall,duration
0.9771973549659156,0.9798445847498786,0.9635678002536056,2221.5825004577637
