precision,accuracy,recall,duration
0.8552891818476674,0.8435897435897436,0.838174378740662,280.95383286476135
