precision,accuracy,recall,duration
0.9195794483294483,0.9066666666666666,0.9066666666666666,729.7610504627228
