precision,accuracy,recall,duration
0.8920818922064759,0.823076923076923,0.9197808912549432,634.4825479984283
