precision,accuracy,recall,duration
0.8972332015810277,0.8833333333333333,0.8833333333333333,143.34319305419922
