precision,accuracy,recall,duration
0.705598424327893,0.9446666666666667,0.6045416228774879,180.61180353164673
