precision,accuracy,recall,duration
0.8875793754597555,0.8826086956521739,0.8824800985012071,84.75388693809509
