precision,accuracy,recall,duration
0.764520202020202,0.7333333333333333,0.7282135076252724,82.46547389030457
