precision,accuracy,recall,duration
0.9006233924332052,0.8023668639053254,0.9079088756686862,218.27843952178955
