precision,accuracy,recall,duration
0.8604362351541865,0.87,0.8568904899634562,921.4156148433685
