precision,accuracy,recall,duration
0.5105179429727874,0.5032467532467533,0.5009826270459509,565.9189822673798
