precision,accuracy,recall,duration
0.7143829857382649,0.9435555555555556,0.58872943240327,296.8588216304779
