precision,accuracy,recall,duration
0.8,0.6666666666666666,0.6666666666666666,94.42676115036011
