precision,accuracy,recall,duration
0.4379997864239264,0.7375,0.45521473700941595,124.1986563205719
