precision,accuracy,recall,duration
0.45123669203774835,0.72,0.4609964039289783,122.33167719841003
