precision,accuracy,recall,duration
0.7947719688542825,0.7944444444444444,0.7944444444444445,264.5142025947571
