precision,accuracy,recall,duration
0.9593523877740425,0.9545454545454546,0.9518790388355605,141.06434798240662
