precision,accuracy,recall,duration
0.480300747599985,0.7725,0.46941568641235537,162.74739265441895
