precision,accuracy,recall,duration
0.3671942284395728,0.6140350877192983,0.38958897971673373,122.41903328895569
