precision,accuracy,recall,duration
0.8186147186147185,0.7333333333333333,0.7333333333333333,107.3513696193695
