precision,accuracy,recall,duration
0.9729684567566389,0.976930548810102,0.9590403465828077,2427.4305119514465
