precision,accuracy,recall,duration
0.944485294117647,0.9248366013071896,0.8896679561573179,263.9872958660126
