precision,accuracy,recall,duration
0.6883370660955389,0.7185838412657243,0.6323700444759155,4224.551168203354
