precision,accuracy,recall,duration
0.8049038447652537,0.809324399776661,0.8075606905357791,1444.4219307899475
