precision,accuracy,recall,duration
0.8852705557307406,0.8760869565217392,0.876757091634736,213.49855780601501
