precision,accuracy,recall,duration
0.9474567613944991,0.9475145792835323,0.9475161510372778,443.8409917354584
