precision,accuracy,recall,duration
0.9818303113989701,0.9809045226130654,0.9806458895787671,95.05582165718079
