precision,accuracy,recall,duration
0.9685234362922489,0.9637526652452025,0.9638638140871081,178.1877772808075
