precision,accuracy,recall,duration
0.8421706318765143,0.8312020460358056,0.8323331698331697,641.9213874340057
