precision,accuracy,recall,duration
0.9116577580887807,0.9066666666666666,0.9066666666666666,765.6926245689392
