precision,accuracy,recall,duration
0.6139081564613479,0.74,0.6054035431672563,148.6187903881073
