precision,accuracy,recall,duration
0.6857142857142857,0.6333333333333333,0.6333333333333333,385.6831319332123
