precision,accuracy,recall,duration
0.8534167916520857,0.8363171355498721,0.8392732267732267,1190.8624422550201
