precision,accuracy,recall,duration
0.48782144949569406,0.7825,0.48985747801880075,84.15474724769592
