precision,accuracy,recall,duration
0.6730362106147781,0.9393333333333334,0.5878264462886826,431.12100768089294
