precision,accuracy,recall,duration
0.8899485835265651,0.89,0.88876822551731,339.91456866264343
