precision,accuracy,recall,duration
0.8877876738320052,0.8785357737104825,0.8926254887336995,671.8565294742584
