precision,accuracy,recall,duration
0.9071069078037719,0.8986666666666666,0.8986666666666667,868.1586680412292
