precision,accuracy,recall,duration
0.7666666666666667,0.7333333333333333,0.7333333333333333,203.3086507320404
