precision,accuracy,recall,duration
0.86002886002886,0.8356164383561644,0.8349624060150376,448.99514508247375
