precision,accuracy,recall,duration
0.9476960405234627,0.9429268292682926,0.9188578179281217,112.95450973510742
