precision,accuracy,recall,duration
0.6987940633927475,0.7868131868131868,0.6525791853313525,1268.727314710617
