precision,accuracy,recall,duration
0.9664970661392386,0.9753521126760564,0.9613996726996739,1767.8378672599792
