precision,accuracy,recall,duration
0.8593314763231198,0.831946755407654,0.8527696793002916,278.7933659553528
