precision,accuracy,recall,duration
0.8957862063979012,0.895367412140575,0.8935271840297836,386.05544114112854
