precision,accuracy,recall,duration
0.9020580808080808,0.895,0.895,368.53155541419983
