precision,accuracy,recall,duration
0.6185254461850206,0.7325,0.6011841338845558,204.8697955608368
