precision,accuracy,recall,duration
0.9625386996904025,0.9611111111111111,0.9611111111111111,447.92791628837585
