precision,accuracy,recall,duration
0.9363636363636364,0.9333333333333333,0.9333333333333332,388.7974536418915
