precision,accuracy,recall,duration
0.9708566492198095,0.9692963752665246,0.9695451134524917,1591.153876543045
