precision,accuracy,recall,duration
0.7777777777777778,0.7,0.7,464.40527510643005
