precision,accuracy,recall,duration
0.8377911770768913,0.821917808219178,0.8421470342522974,559.533769607544
