precision,accuracy,recall,duration
0.9201806475856833,0.91996699669967,0.9197271868642836,526.66015791893
