precision,accuracy,recall,duration
0.8717579250720462,0.8519134775374376,0.870262390670554,364.4383647441864
