precision,accuracy,recall,duration
0.9635376165960486,0.9624390243902439,0.9470112293839567,207.5416886806488
