precision,accuracy,recall,duration
0.7461029520135387,0.9388888888888889,0.6006579344993895,1508.613569021225
