precision,accuracy,recall,duration
0.8555932339722618,0.8643229166666667,0.8366093978855959,350.3440799713135
