precision,accuracy,recall,duration
0.7851985857256767,0.7892238972640983,0.7874599729641457,491.85394525527954
