precision,accuracy,recall,duration
0.9219347467795674,0.921067106710671,0.9205863121185702,1911.659202337265
