precision,accuracy,recall,duration
0.6304086431010002,0.6292929292929293,0.6292929292929293,180.27807879447937
