precision,accuracy,recall,duration
0.9291708754208753,0.9183333333333333,0.9183333333333332,804.4242424964905
