precision,accuracy,recall,duration
0.9166472167114016,0.9175257731958762,0.8900207559536815,1778.6555964946747
