precision,accuracy,recall,duration
0.5526584606677984,0.5487012987012987,0.5446075692548363,444.3823735713959
