precision,accuracy,recall,duration
0.7214864824316836,0.8087912087912088,0.6999716421521376,624.420521736145
