precision,accuracy,recall,duration
0.963945135558369,0.9632,0.9643382290897818,195.29131388664246
