precision,accuracy,recall,duration
0.9466663132098592,0.9452929741738406,0.9446751735484129,743.2174406051636
