precision,accuracy,recall,duration
0.8557101449432697,0.8384615384615385,0.8464627047557313,685.953323841095
