precision,accuracy,recall,duration
0.7549807071422947,0.848780487804878,0.7745632798573975,415.2482521533966
