precision,accuracy,recall,duration
0.8139074720731068,0.7570332480818415,0.7682231432231432,121.28261089324951
