precision,accuracy,recall,duration
0.9191650937585079,0.9177667766776678,0.9171443621040396,1083.4128229618073
