precision,accuracy,recall,duration
0.9159944684944683,0.905,0.9049999999999999,639.7567667961121
