precision,accuracy,recall,duration
0.7555555555555555,0.7523809523809524,0.7505446623093681,310.0709662437439
