precision,accuracy,recall,duration
0.8929602000394148,0.891,0.8883632760656335,297.7819504737854
