precision,accuracy,recall,duration
0.9083671497584541,0.9066666666666666,0.9066666666666667,1203.1078655719757
