precision,accuracy,recall,duration
0.8867564534231202,0.88,0.8912587731291586,152.372563123703
