precision,accuracy,recall,duration
0.9228739180804153,0.9224422442244224,0.9221083987213019,2739.9244635105133
