precision,accuracy,recall,duration
0.7763828761934025,0.775,0.6600266290187436,324.25803780555725
