precision,accuracy,recall,duration
0.7981041964535948,0.7697368421052632,0.7490243731646256,265.9936714172363
