precision,accuracy,recall,duration
0.7911792686956491,0.7684210526315789,0.7342139121214383,144.5628855228424
