precision,accuracy,recall,duration
0.40965732087227413,0.8167701863354038,0.4981060606060606,263.2112271785736
