precision,accuracy,recall,duration
0.7596742400663969,0.775,0.7684470184470185,337.066614151001
