precision,accuracy,recall,duration
0.8676550084873875,0.8594202898550725,0.8597238956604762,684.7291250228882
