precision,accuracy,recall,duration
0.6409457291810232,0.6419437340153452,0.653023928023928,274.39269971847534
