precision,accuracy,recall,duration
0.670406732117812,0.6666666666666666,0.6666666666666666,150.48108959197998
