precision,accuracy,recall,duration
0.8283039605408027,0.8260869565217391,0.8292241917241917,171.84495759010315
