precision,accuracy,recall,duration
0.9131944444444444,0.92,0.9131944444444444,612.2071223258972
