precision,accuracy,recall,duration
0.895923977353407,0.896,0.8766691491019936,882.945538520813
