precision,accuracy,recall,duration
0.8399330078458759,0.8435897435897436,0.836934113711297,524.5085718631744
