precision,accuracy,recall,duration
0.9487240034283114,0.9462809917355371,0.9303877282138151,269.91380548477173
