precision,accuracy,recall,duration
0.9420546194532619,0.9419605665093029,0.9418041009590306,5304.149710416794
