precision,accuracy,recall,duration
0.8994256251126418,0.8961661341853036,0.89263238975544,263.8717179298401
