precision,accuracy,recall,duration
0.5064124917360465,0.5032467532467533,0.5017795410731265,985.5441927909851
