precision,accuracy,recall,duration
0.9750695186636582,0.9791160757649344,0.9635732808892686,1226.9740481376648
