precision,accuracy,recall,duration
0.8324322074322074,0.8158567774936062,0.8215384465384464,635.2176721096039
