precision,accuracy,recall,duration
0.842024753163677,0.8285714285714286,0.8463221219578889,417.4301824569702
