precision,accuracy,recall,duration
0.4075106519042446,0.6215538847117794,0.3900325304540421,83.28895497322083
