precision,accuracy,recall,duration
0.6226285330754311,0.6227272727272727,0.6227272727272727,191.32697129249573
