precision,accuracy,recall,duration
0.8195579349991114,0.7979539641943734,0.8032872157872158,186.79625058174133
