precision,accuracy,recall,duration
0.8506543148818796,0.8619791666666666,0.8377772427815579,547.1583199501038
