precision,accuracy,recall,duration
0.8381464131533021,0.837995337995338,0.8162135232946996,1674.0189816951752
