precision,accuracy,recall,duration
0.4943851469224604,0.5,0.497987124575835,1825.7160453796387
