precision,accuracy,recall,duration
0.6958266585441176,0.9391111111111111,0.5826652476484314,596.8564190864563
