precision,accuracy,recall,duration
0.6017244757985498,0.7225,0.5931068774950631,169.20403170585632
