precision,accuracy,recall,duration
0.676198505663567,0.7012060692517184,0.6099556247950506,4765.6812999248505
