precision,accuracy,recall,duration
0.7967032967032968,0.7962962962962963,0.7962962962962963,318.27304577827454
