precision,accuracy,recall,duration
0.6325723695671844,0.6257575757575757,0.6257575757575757,179.03952527046204
