precision,accuracy,recall,duration
0.9284400001559228,0.9279731993299832,0.9281464444703678,659.4723303318024
