precision,accuracy,recall,duration
0.8216675244467319,0.82,0.8200000000000001,517.2913422584534
