precision,accuracy,recall,duration
0.496533782799197,0.4709090909090909,0.48987017737365157,408.1945655345917
