precision,accuracy,recall,duration
0.9744544400262428,0.9738693467336683,0.9739206746057922,385.7669532299042
