precision,accuracy,recall,duration
0.8524963924963924,0.8082191780821918,0.8027986633249792,385.4157385826111
