precision,accuracy,recall,duration
0.5783801851323009,0.5097402597402597,0.5081942057683528,231.2611711025238
