precision,accuracy,recall,duration
0.7199447923774627,0.8087912087912088,0.7033051323633367,513.5924203395844
