precision,accuracy,recall,duration
0.7036589635854341,0.8048780487804879,0.7553832442067736,203.98949337005615
