precision,accuracy,recall,duration
0.7568053415511042,0.756,0.756,444.59961891174316
