precision,accuracy,recall,duration
0.9965095986038395,0.9964881474978051,0.9964912280701754,385.6492877006531
