precision,accuracy,recall,duration
0.9171301446051168,0.9166666666666666,0.9166666666666667,447.90737867355347
