precision,accuracy,recall,duration
0.7103993984859711,0.9371111111111111,0.5827161851561482,662.7293412685394
