precision,accuracy,recall,duration
0.8897280966767371,0.8785357737104825,0.8935860058309038,49.39057540893555
