precision,accuracy,recall,duration
0.9195169645169645,0.9066666666666666,0.9066666666666666,1012.358594417572
