precision,accuracy,recall,duration
0.7643741707209198,0.8536585365853658,0.7783511586452763,283.0867555141449
