precision,accuracy,recall,duration
0.8443223443223443,0.8333333333333334,0.8286581839213418,685.9671552181244
