precision,accuracy,recall,duration
0.9346283273994939,0.9338358458961474,0.9341286270770073,2125.702224969864
