precision,accuracy,recall,duration
0.8862342638204708,0.8746666666666667,0.8746666666666667,279.10804319381714
