precision,accuracy,recall,duration
0.9454833158405571,0.9455706748125521,0.9457044259861161,1330.6688067913055
