precision,accuracy,recall,duration
0.9483957863205768,0.9475153545505304,0.9477028792922368,1815.0774824619293
