precision,accuracy,recall,duration
0.8876191548364869,0.8846666666666667,0.8814478651592035,274.5804190635681
