precision,accuracy,recall,duration
0.6269582570083,0.6262626262626263,0.6262626262626263,318.9536828994751
