precision,accuracy,recall,duration
0.83841398855244,0.8435897435897436,0.8355591215615102,507.1621925830841
