precision,accuracy,recall,duration
0.8817018745573302,0.8816303740926856,0.8818817074175933,503.8486921787262
