precision,accuracy,recall,duration
0.9596926516802589,0.9556503198294243,0.9558545316373445,172.02543258666992
