precision,accuracy,recall,duration
0.9704322698014457,0.9696,0.970063598728195,649.8558485507965
