precision,accuracy,recall,duration
0.8734402852049911,0.88,0.8637152777777778,54.31833791732788
