precision,accuracy,recall,duration
0.8423120089786756,0.8388888888888889,0.8388888888888888,568.0510251522064
