precision,accuracy,recall,duration
0.9691035013466718,0.9692982456140351,0.9703703703703703,224.93616199493408
