precision,accuracy,recall,duration
0.8076891362605648,0.7808219178082192,0.7961152882205514,90.58505010604858
