precision,accuracy,recall,duration
0.9542372332306187,0.9497560975609756,0.9300133832233008,145.74861478805542
