precision,accuracy,recall,duration
0.5872026699153938,0.785,0.5240678408696953,470.61999130249023
