precision,accuracy,recall,duration
0.8483350117578983,0.8609375,0.8321925464874708,535.6530537605286
