precision,accuracy,recall,duration
0.7666666666666667,0.7333333333333333,0.7333333333333334,542.9470295906067
