precision,accuracy,recall,duration
0.9525162337662337,0.9313725490196079,0.8999032882011606,395.5455696582794
