precision,accuracy,recall,duration
0.9407999375641634,0.9408497639544571,0.9410717868464347,1179.3463203907013
