precision,accuracy,recall,duration
0.9669475670588557,0.9628997867803838,0.9629884741962687,102.4953031539917
