precision,accuracy,recall,duration
0.6973643466143429,0.9386666666666666,0.5711762408556778,238.9440779685974
