precision,accuracy,recall,duration
0.8116690781884139,0.7894736842105263,0.7605804057672201,176.8389699459076
