precision,accuracy,recall,duration
0.8272344457311296,0.8114285714285714,0.8289125877312916,446.9949128627777
