precision,accuracy,recall,duration
0.9568071400993864,0.9609756097560975,0.940403138718305,250.0852870941162
