precision,accuracy,recall,duration
0.8452380952380952,0.84,0.8020833333333333,163.2462501525879
