precision,accuracy,recall,duration
0.9417751171264965,0.9183006535947712,0.8745164410058026,199.3781702518463
