precision,accuracy,recall,duration
0.8122950699249797,0.7975,0.6848195463119192,124.99623608589172
