precision,accuracy,recall,duration
0.8315100264521723,0.823076923076923,0.8189181998075586,203.88261103630066
