precision,accuracy,recall,duration
0.6711197914648531,0.9326666666666666,0.5930182730373325,1573.9648315906525
