precision,accuracy,recall,duration
0.925137122184619,0.9243986254295533,0.8979681013764474,1349.1264798641205
