precision,accuracy,recall,duration
0.9933333333333333,0.9933333333333333,0.9933333333333333,125.77946972846985
