precision,accuracy,recall,duration
0.8079674756209844,0.7923076923076923,0.7978779871521965,176.33044242858887
