precision,accuracy,recall,duration
0.606060606060606,0.625,0.5991902834008097,146.45176601409912
