precision,accuracy,recall,duration
0.48385848881395693,0.7425,0.4984996857762467,264.4940278530121
