precision,accuracy,recall,duration
0.9424242424242424,0.9215686274509803,0.8673436492585429,546.9057288169861
