precision,accuracy,recall,duration
0.8491754225306857,0.841025641025641,0.8427763163377285,213.7247211933136
