precision,accuracy,recall,duration
0.8206349206349206,0.7666666666666667,0.7666666666666668,84.21167397499084
