precision,accuracy,recall,duration
0.6808476704333366,0.932,0.5592228935686221,793.3262710571289
