precision,accuracy,recall,duration
0.8700396825396826,0.86,0.8237847222222222,71.74272894859314
