precision,accuracy,recall,duration
0.9345849520849521,0.9266666666666666,0.9266666666666666,3266.0285193920135
