precision,accuracy,recall,duration
0.9509550712940543,0.9380165289256198,0.9134716732542819,666.4857268333435
