precision,accuracy,recall,duration
0.773015873015873,0.7624309392265194,0.7370927318295739,138.98705577850342
