precision,accuracy,recall,duration
0.9772813029573446,0.9768844221105528,0.9772228834547971,385.3683760166168
