precision,accuracy,recall,duration
0.6430659789565835,0.9344444444444444,0.5636078118854231,788.1581428050995
