precision,accuracy,recall,duration
0.8996674057649667,0.9037800687285223,0.8741260651081495,251.54930210113525
