precision,accuracy,recall,duration
0.9933333333333333,0.9933333333333333,0.9933333333333333,135.71015882492065
