precision,accuracy,recall,duration
0.9524827425891674,0.9380165289256198,0.9129619173097434,624.6815385818481
