precision,accuracy,recall,duration
0.9802345308729836,0.9798994974874372,0.98005313873485,83.66858386993408
