precision,accuracy,recall,duration
0.9455445544554455,0.9388888888888889,0.9388888888888889,445.80834436416626
