precision,accuracy,recall,duration
0.9371359044318266,0.9364686468646864,0.936072362685266,664.6655986309052
