precision,accuracy,recall,duration
0.7435592119506387,0.6388888888888888,0.6388888888888888,485.8207161426544
