precision,accuracy,recall,duration
0.9720479135847414,0.9774162214667315,0.9616647966278263,1240.8599128723145
