precision,accuracy,recall,duration
0.8994568103062822,0.8933333333333333,0.8933333333333334,204.1046268939972
