precision,accuracy,recall,duration
0.863095238095238,0.7666666666666667,0.6638888888888889,568.2344915866852
