precision,accuracy,recall,duration
0.5658801613525705,0.7875,0.5160592372384295,157.6554660797119
