precision,accuracy,recall,duration
0.7728429011347161,0.78,0.6772903443024996,200.7313346862793
