precision,accuracy,recall,duration
0.8583872573419612,0.8555555555555555,0.8555555555555556,508.9002320766449
