precision,accuracy,recall,duration
0.6218782630563254,0.7475,0.6138913750728097,151.2198166847229
