precision,accuracy,recall,duration
0.5098555333200488,0.5032467532467533,0.49970649201392214,2023.8083777427673
