precision,accuracy,recall,duration
0.7700490998363339,0.6833333333333333,0.6833333333333333,627.7885921001434
