precision,accuracy,recall,duration
0.8383458646616542,0.7611111111111111,0.7611111111111111,385.7846586704254
