precision,accuracy,recall,duration
0.9727202193181981,0.9718592964824121,0.9716859992708823,204.2427954673767
