precision,accuracy,recall,duration
0.7830615942028986,0.78,0.78,363.3778212070465
