precision,accuracy,recall,duration
0.8977905242509489,0.8945686900958466,0.8910250978881828,445.50040650367737
