precision,accuracy,recall,duration
0.8558720255554996,0.841025641025641,0.8508987318079821,677.3280715942383
