precision,accuracy,recall,duration
0.5518437108719946,0.5,0.5012261111886506,298.8110008239746
