precision,accuracy,recall,duration
0.7099833896187675,0.9384444444444444,0.5722828326376707,569.974080324173
