precision,accuracy,recall,duration
0.7342035486536765,0.8,0.6823311459266569,186.89546084403992
