precision,accuracy,recall,duration
0.759676597911892,0.7671232876712328,0.7664518438954528,158.89558935165405
