precision,accuracy,recall,duration
0.8797388897168068,0.883,0.8640909956874903,2227.433793783188
