precision,accuracy,recall,duration
0.8305197521915787,0.80306905370844,0.8105820605820605,382.80185651779175
