precision,accuracy,recall,duration
0.9810739488323509,0.9809045226130654,0.9813518398387009,56.381959438323975
