precision,accuracy,recall,duration
0.9602570303584519,0.9601554907677357,0.9601353189174486,82.28533101081848
