precision,accuracy,recall,duration
0.9570411991751612,0.96,0.9463590834967704,171.97795271873474
