precision,accuracy,recall,duration
0.835557256986597,0.8435897435897436,0.836313564535147,541.6908092498779
