precision,accuracy,recall,duration
0.9233406993497137,0.9218921892189219,0.9212656204591688,310.6816990375519
