precision,accuracy,recall,duration
0.8504101689408706,0.8457142857142858,0.8549813143742595,147.5918140411377
