precision,accuracy,recall,duration
0.8386116807169438,0.821917808219178,0.8381787802840436,96.54965472221375
