precision,accuracy,recall,duration
0.8501440249643272,0.84609375,0.8034658957183725,304.75169610977173
