precision,accuracy,recall,duration
0.9239714010942119,0.9023454157782516,0.9035693075417863,445.9874482154846
