precision,accuracy,recall,duration
0.8955815464587394,0.8933333333333333,0.8933333333333334,505.981805562973
