precision,accuracy,recall,duration
0.5903010033444815,0.7981366459627329,0.5405564263322884,385.67336082458496
