precision,accuracy,recall,duration
0.9602574974944107,0.9605263157894737,0.9606481481481481,145.29671335220337
