precision,accuracy,recall,duration
0.6198690855591408,0.6196969696969697,0.6196969696969696,313.2651913166046
