precision,accuracy,recall,duration
0.8556637806637806,0.8356164383561644,0.847702589807853,203.23536086082458
