precision,accuracy,recall,duration
0.5978260869565217,0.7763975155279503,0.5811128526645768,532.1510136127472
