precision,accuracy,recall,duration
0.4758978675645342,0.7575,0.49106016338835445,649.1558158397675
