precision,accuracy,recall,duration
0.8140501391873518,0.8128205128205128,0.8136290161805645,893.8803360462189
