precision,accuracy,recall,duration
0.8449197860962567,0.8069883527454242,0.8309037900874636,137.06632542610168
