precision,accuracy,recall,duration
0.840882112874028,0.8307692307692308,0.8391326021827776,443.13815093040466
