precision,accuracy,recall,duration
0.8471615780439311,0.8337595907928389,0.8417243792243791,470.344274520874
