precision,accuracy,recall,duration
0.9418941438356587,0.9419605665093029,0.9421552104650697,2955.351099729538
