precision,accuracy,recall,duration
0.824332116086873,0.824,0.8240000000000001,1164.4819648265839
