precision,accuracy,recall,duration
0.6183702989392478,0.7325,0.5944643339158108,83.34664821624756
