precision,accuracy,recall,duration
0.9114664964664966,0.905,0.905,970.1586856842041
