precision,accuracy,recall,duration
0.9309195190671803,0.9304180418041804,0.9300693839000291,1083.3845665454865
