precision,accuracy,recall,duration
0.9573690575164386,0.9572400388726919,0.9572170089305952,916.739942073822
