precision,accuracy,recall,duration
0.8023390573104375,0.848780487804878,0.7271033868092691,112.36366057395935
