precision,accuracy,recall,duration
0.7740384615384616,0.7333333333333333,0.6486111111111111,464.7237410545349
