precision,accuracy,recall,duration
0.7723471271858369,0.795,0.696539375365862,112.73348593711853
