precision,accuracy,recall,duration
0.8933760873603696,0.8817891373801917,0.8751473136915078,497.8816440105438
