precision,accuracy,recall,duration
0.8617302219692657,0.8402662229617305,0.8590977919406966,324.4390540122986
