precision,accuracy,recall,duration
0.8169380370872908,0.8,0.8192507519824993,482.56495571136475
