precision,accuracy,recall,duration
0.9382943857396832,0.9380165289256198,0.9204561139343749,266.306125164032
