precision,accuracy,recall,duration
0.6150140934715402,0.7325,0.6114009291224481,198.9033441543579
