precision,accuracy,recall,duration
0.6532566181055496,0.6574585635359116,0.6657656296814142,292.11022663116455
