precision,accuracy,recall,duration
0.8235079909608212,0.8171428571428572,0.8279099443988698,319.56425642967224
