precision,accuracy,recall,duration
0.8751206524913421,0.8692307692307693,0.8760187886538787,1573.5786254405975
