precision,accuracy,recall,duration
0.876653720111664,0.8797250859106529,0.8390048066419051,219.22013521194458
