precision,accuracy,recall,duration
0.9814333314035634,0.9809045226130654,0.9811333146309483,507.64438223838806
