precision,accuracy,recall,duration
0.9310854837170627,0.930968096809681,0.930797733217088,629.7796092033386
