precision,accuracy,recall,duration
0.9042126632759219,0.9023333333333333,0.8998979697134442,285.0023412704468
