precision,accuracy,recall,duration
0.5142083241109254,0.4672727272727273,0.4861384497494991,205.84667706489563
