precision,accuracy,recall,duration
0.9353446185774967,0.935093509350935,0.9348554199360651,806.6232333183289
