precision,accuracy,recall,duration
0.4854958433593762,0.7425,0.4991504348020653,146.84328508377075
