precision,accuracy,recall,duration
0.8422937365155502,0.8461538461538461,0.8389343130123595,1225.2699971199036
