precision,accuracy,recall,duration
0.8340449072020012,0.8282051282051283,0.829537049599885,451.15730118751526
