precision,accuracy,recall,duration
0.8803818429768167,0.88,0.8898003828274543,329.1108675003052
