precision,accuracy,recall,duration
0.8433644641326379,0.841025641025641,0.8419035675572757,368.14575719833374
