precision,accuracy,recall,duration
0.9568750653090858,0.9526652452025587,0.9530484951128756,204.88327312469482
