precision,accuracy,recall,duration
0.387446983890206,0.6140350877192983,0.3948521376114706,96.33553385734558
