precision,accuracy,recall,duration
0.875,0.8333333333333334,0.8333333333333333,59.25901174545288
