precision,accuracy,recall,duration
0.9933333333333333,0.9933333333333333,0.9933333333333333,949.5001246929169
