precision,accuracy,recall,duration
0.6375447363668795,0.775,0.47241276356934564,114.55079483985901
