precision,accuracy,recall,duration
0.6153346748218721,0.6186868686868687,0.6186868686868686,703.2050013542175
