precision,accuracy,recall,duration
0.8038961038961039,0.7888888888888889,0.788888888888889,568.1306920051575
