precision,accuracy,recall,duration
0.9469953775038521,0.9473684210526315,0.9476851851851852,627.4328405857086
