precision,accuracy,recall,duration
0.8369729222671634,0.8473958333333333,0.8105633651666203,565.4741775989532
