precision,accuracy,recall,duration
0.3700966450997685,0.5914786967418546,0.36963270579549645,139.0722942352295
