precision,accuracy,recall,duration
0.7895603165883335,0.795,0.672261438808734,206.0657479763031
