precision,accuracy,recall,duration
0.9711119798336547,0.9781447304516756,0.9650687479516801,3627.251000881195
