precision,accuracy,recall,duration
0.9476501334301356,0.9248366013071896,0.8896679561573179,227.3532681465149
