precision,accuracy,recall,duration
0.815909090909091,0.7,0.7,153.90921425819397
