precision,accuracy,recall,duration
0.9644785944417402,0.967373572593801,0.9644785944417402,1203.1032936573029
