precision,accuracy,recall,duration
0.9078079662358216,0.8900343642611683,0.8377758357002403,400.2686769962311
