precision,accuracy,recall,duration
0.9051040710131618,0.8986666666666666,0.8986666666666666,1108.2956173419952
