precision,accuracy,recall,duration
0.9487519868321659,0.9604878048780487,0.9433401830325362,177.77329421043396
