precision,accuracy,recall,duration
0.9272933089431188,0.9265773310999441,0.9268599574686065,3087.5381422042847
