precision,accuracy,recall,duration
0.9589675670725076,0.9545454545454546,0.9452255473994605,284.5958459377289
