precision,accuracy,recall,duration
0.9639253292391645,0.9603411513859275,0.9604873954421637,159.46666646003723
