precision,accuracy,recall,duration
0.9141789181634081,0.913176996091569,0.9134869237509216,973.3639945983887
