precision,accuracy,recall,duration
0.8258886150108955,0.8057142857142857,0.8255400601586,167.70527911186218
