precision,accuracy,recall,duration
0.8428932178932179,0.821917808219178,0.8342105263157895,124.20659589767456
