precision,accuracy,recall,duration
0.8753761842392939,0.8746666666666667,0.8746666666666667,324.2065918445587
