precision,accuracy,recall,duration
0.46989737929016867,0.7425,0.48256093111013215,184.30719590187073
