precision,accuracy,recall,duration
0.75671227534952,0.7716666666666666,0.7667310167310167,876.0626125335693
