precision,accuracy,recall,duration
0.8279805878081703,0.8,0.8102916060353791,172.42395520210266
