precision,accuracy,recall,duration
0.968328522475988,0.9607843137254902,0.9238394584139265,263.9328224658966
