precision,accuracy,recall,duration
0.9716006556688694,0.9779018941233608,0.963436888682966,4887.500734567642
