precision,accuracy,recall,duration
0.9555528891398457,0.9504,0.9526432022084196,1483.5482804775238
