precision,accuracy,recall,duration
0.6167273375009947,0.6990595611285266,0.5770475589793408,199.97331023216248
