precision,accuracy,recall,duration
0.5973576727515212,0.7795031055900621,0.5762800417972832,373.3780789375305
