precision,accuracy,recall,duration
0.9591950071402127,0.9591836734693877,0.9591776599120541,386.67822766304016
