precision,accuracy,recall,duration
0.905812324929972,0.9538461538461539,0.9555817610062893,566.9763357639313
