precision,accuracy,recall,duration
0.8373394027056923,0.8171428571428572,0.8337435056056878,139.9914906024933
