precision,accuracy,recall,duration
0.9272727272727272,0.9204545454545454,0.9291958041958042,382.0260133743286
