precision,accuracy,recall,duration
0.8346860049248005,0.8228571428571428,0.8400328137817884,127.59005928039551
