precision,accuracy,recall,duration
0.8997021497021497,0.8985623003194888,0.8962385262211952,321.72262239456177
