precision,accuracy,recall,duration
0.5948611507104884,0.7142857142857143,0.5625668500058594,203.05896162986755
