precision,accuracy,recall,duration
0.6783764436870154,0.6962780443522241,0.6111146607989504,18813.68312048912
