precision,accuracy,recall,duration
0.7919471212047843,0.81,0.7931822602606496,501.1834180355072
