precision,accuracy,recall,duration
0.9707094376212023,0.9738988580750407,0.9725969450432284,505.58789825439453
