precision,accuracy,recall,duration
0.6772727272727272,0.6875,0.6578947368421053,304.54513573646545
