precision,accuracy,recall,duration
0.7056116515461184,0.9391111111111111,0.5903979926303035,136.7850697040558
