precision,accuracy,recall,duration
0.8780665361056479,0.87,0.8646986376455127,112.50639629364014
