precision,accuracy,recall,duration
0.8847452000221325,0.884,0.8612895962867386,916.7442669868469
