precision,accuracy,recall,duration
0.826783205167335,0.8322916666666667,0.7877163323669906,235.86408352851868
