precision,accuracy,recall,duration
0.9406012251753779,0.9405720633157456,0.9404638658159785,1541.1715877056122
