precision,accuracy,recall,duration
0.9609299895506792,0.9504132231404959,0.9314229249011857,203.27776741981506
