precision,accuracy,recall,duration
0.8342105263157895,0.821917808219178,0.8262740183792816,136.89083909988403
