precision,accuracy,recall,duration
0.4909335543413756,0.7775,0.48524706061552186,622.5319881439209
