precision,accuracy,recall,duration
0.7345454545454546,0.7333333333333333,0.7342047930283224,385.6238327026367
