precision,accuracy,recall,duration
0.7957093784431915,0.792,0.792,2226.919322013855
