precision,accuracy,recall,duration
0.7429196669740339,0.9446666666666667,0.5885565992077249,108.204416513443
