precision,accuracy,recall,duration
0.8527523324997915,0.8606770833333334,0.8306074152665938,424.86727714538574
