precision,accuracy,recall,duration
0.5686196265927267,0.7725,0.49565178640966745,267.83500266075134
