precision,accuracy,recall,duration
0.9370798072576458,0.9214876033057852,0.8927536231884057,323.2366669178009
