precision,accuracy,recall,duration
0.8396582034825617,0.8304347826086956,0.830746175554236,204.24272465705872
