precision,accuracy,recall,duration
0.9374331711419475,0.8891257995735607,0.8894354670195723,91.69592881202698
