precision,accuracy,recall,duration
0.8145299145299146,0.815,0.7317080449479471,154.18735671043396
