precision,accuracy,recall,duration
0.8632748375225395,0.8512820512820513,0.8604513383205825,230.81294655799866
