precision,accuracy,recall,duration
0.5151682864799404,0.7775,0.48351684455637506,204.51030778884888
