precision,accuracy,recall,duration
0.9642736886463463,0.9614634146341463,0.9413335418664112,73.82612085342407
