precision,accuracy,recall,duration
0.959869752540234,0.9614634146341463,0.9543475431926,369.33765602111816
