precision,accuracy,recall,duration
0.9541584267194023,0.934640522875817,0.9123952288845906,373.244441986084
