precision,accuracy,recall,duration
0.9615946157570241,0.95863539445629,0.9588043985745487,240.8568136692047
