precision,accuracy,recall,duration
0.8576550235820324,0.868,0.8559206082543862,863.5415103435516
