precision,accuracy,recall,duration
0.8335250922273127,0.8282051282051283,0.8230789642113973,521.234010219574
