precision,accuracy,recall,duration
0.9272571501246171,0.9297520661157025,0.9095865487169835,441.99999809265137
