precision,accuracy,recall,duration
0.962250522267337,0.9590618336886994,0.9593161593732349,624.9566221237183
