precision,accuracy,recall,duration
0.8111111111111111,0.7,0.7,183.90861177444458
