precision,accuracy,recall,duration
0.9056334867018292,0.907,0.8912650028576872,1909.7214305400848
