precision,accuracy,recall,duration
0.6689394514441527,0.9388888888888889,0.5657922286095503,314.272079706192
