precision,accuracy,recall,duration
0.8798011628893982,0.8730031948881789,0.8676282174722383,204.40524697303772
