precision,accuracy,recall,duration
0.8867480519107176,0.8863333333333333,0.8846287174158641,392.26927733421326
