precision,accuracy,recall,duration
0.9288826183563026,0.9287678767876788,0.9285963382737576,297.36511301994324
