precision,accuracy,recall,duration
0.650026320407089,0.6055555555555555,0.6055555555555555,264.3494074344635
