precision,accuracy,recall,duration
0.6437246963562753,0.65625,0.6437246963562753,119.84479427337646
