precision,accuracy,recall,duration
0.7796431562203248,0.78,0.6609678270950265,144.06225419044495
