precision,accuracy,recall,duration
0.9349061559413812,0.9236673773987207,0.924434651570422,445.58293628692627
