precision,accuracy,recall,duration
0.7765721134568075,0.7855263157894737,0.7553464817628356,204.56593465805054
