precision,accuracy,recall,duration
0.7441964285714286,0.7333333333333333,0.7659988329118849,163.58415818214417
