precision,accuracy,recall,duration
0.6745203523628179,0.9413333333333334,0.5697069781864323,254.39128971099854
