precision,accuracy,recall,duration
0.9671714839782066,0.9706362153344209,0.9690448044874024,299.6641192436218
