precision,accuracy,recall,duration
0.9475929953295059,0.9469570072585148,0.9471037706374804,2487.321357011795
