precision,accuracy,recall,duration
0.8723799673483594,0.8713333333333333,0.8689545156666076,678.9513580799103
