precision,accuracy,recall,duration
0.6322570809025256,0.734065934065934,0.5670799661295017,455.644109249115
