precision,accuracy,recall,duration
0.5878094558694359,0.7125,0.593043657389649,66.60739350318909
