precision,accuracy,recall,duration
0.9058324304803178,0.9037800687285223,0.8682816255188988,230.23860931396484
