precision,accuracy,recall,duration
0.8945551675183226,0.8906666666666667,0.8906666666666667,294.5143759250641
