precision,accuracy,recall,duration
0.3958385090443141,0.5964912280701754,0.39146136902333356,81.11097574234009
