precision,accuracy,recall,duration
0.8239727767427628,0.8128205128205128,0.8220195000508251,295.97371077537537
