precision,accuracy,recall,duration
0.9558507248479989,0.9560975609756097,0.9365199858051989,76.10892868041992
