precision,accuracy,recall,duration
0.7640168970814132,0.764,0.764,278.5481159687042
