precision,accuracy,recall,duration
0.9070139623390959,0.903,0.8815575261088693,1249.2659256458282
