precision,accuracy,recall,duration
0.49022024956709626,0.785,0.480944038833854,506.5081434249878
