precision,accuracy,recall,duration
0.5934059404859172,0.7053291536050157,0.5722282857499309,537.2318933010101
