precision,accuracy,recall,duration
0.8356073909848593,0.823076923076923,0.8317092668247158,280.573921918869
