precision,accuracy,recall,duration
0.7957086214053621,0.7771428571428571,0.797010299881506,548.1191103458405
