precision,accuracy,recall,duration
0.4810155899808366,0.7475,0.4930672296558531,145.92234921455383
