precision,accuracy,recall,duration
0.8734550675063311,0.8760416666666667,0.8467904969799762,492.52246952056885
