precision,accuracy,recall,duration
0.8861677244277626,0.8106508875739645,0.908640622876697,473.65920853614807
