precision,accuracy,recall,duration
0.9400536886613997,0.9397389613996112,0.9394546767786205,2244.6939401626587
