precision,accuracy,recall,duration
0.4942080098145332,0.7875,0.5020628244970876,264.10602927207947
