precision,accuracy,recall,duration
0.76444283842992,0.7766666666666666,0.7790647790647791,362.1671965122223
