precision,accuracy,recall,duration
0.7723714229744985,0.756578947368421,0.7095342702277051,188.046400308609
