precision,accuracy,recall,duration
0.9524242424242425,0.9380165289256198,0.9133069828722004,143.18057417869568
