precision,accuracy,recall,duration
0.4398840085114595,0.74,0.46672290071613687,113.25938415527344
