precision,accuracy,recall,duration
0.8737806140383784,0.8693333333333333,0.8693333333333334,144.59906911849976
