precision,accuracy,recall,duration
0.7398648648648649,0.7377049180327869,0.7305194805194806,165.04518508911133
