precision,accuracy,recall,duration
0.8391164339974324,0.8435897435897436,0.8371355582577492,555.8620295524597
