precision,accuracy,recall,duration
0.8568539539459707,0.8538461538461538,0.8602258214298552,877.4730579853058
