precision,accuracy,recall,duration
0.6488353678345475,0.6464088397790055,0.6496746729251972,119.14517617225647
