precision,accuracy,recall,duration
0.6124829671265543,0.725,0.6123584651010812,139.5253336429596
