precision,accuracy,recall,duration
0.9548983298567091,0.9590243902439024,0.9458828537818829,167.10662007331848
