precision,accuracy,recall,duration
0.7179486448236448,0.7236842105263158,0.7144998033447728,362.29714941978455
