precision,accuracy,recall,duration
0.8621264109328239,0.8608695652173913,0.8607841587108855,264.4106595516205
