precision,accuracy,recall,duration
0.9550231670162156,0.9560975609756097,0.9351423334284867,79.78075075149536
