precision,accuracy,recall,duration
0.7074865149188356,0.94,0.560832674291629,426.25400257110596
