precision,accuracy,recall,duration
0.9327513227513227,0.9216666666666666,0.9216666666666666,3085.7778425216675
