precision,accuracy,recall,duration
0.864460656591975,0.8865979381443299,0.8820187896001748,228.52364921569824
