precision,accuracy,recall,duration
0.8453031666266961,0.8235294117647058,0.8311239811239811,505.82839179039
