precision,accuracy,recall,duration
0.939098552678027,0.9391835601221883,0.9392359857148589,2243.4451570510864
