precision,accuracy,recall,duration
0.969190916667574,0.977294803302574,0.964364843701721,3387.166018486023
