precision,accuracy,recall,duration
0.6235858335963873,0.6222222222222222,0.6222222222222222,529.1276462078094
