precision,accuracy,recall,duration
0.5878077662581295,0.7225,0.5761702822884257,66.55608630180359
