precision,accuracy,recall,duration
0.9277977293790547,0.9278350515463918,0.9034028839851431,1307.4835257530212
