precision,accuracy,recall,duration
0.7268527573992989,0.7226666666666667,0.7226666666666667,1147.4468989372253
