precision,accuracy,recall,duration
0.8768224810173618,0.8771635957565606,0.8773890812001135,964.3011984825134
