precision,accuracy,recall,duration
0.7313091241989624,0.7083333333333334,0.748808597549115,74.38903760910034
