precision,accuracy,recall,duration
0.5113465092781981,0.5097402597402597,0.508364949434592,1737.1117248535156
