precision,accuracy,recall,duration
0.601213403483762,0.5974747474747475,0.5974747474747475,144.067302942276
