precision,accuracy,recall,duration
0.8148496240601504,0.8,0.8134171907756814,507.37649846076965
