precision,accuracy,recall,duration
0.23529411764705882,0.4444444444444444,0.4444444444444444,194.012216091156
