precision,accuracy,recall,duration
0.6951085599688951,0.9377777777777778,0.5704577892354098,475.18229269981384
