precision,accuracy,recall,duration
0.7727387729285261,0.848780487804878,0.7117379679144386,281.8227000236511
