precision,accuracy,recall,duration
0.8410962211827391,0.8333333333333334,0.8403365402660644,943.3793351650238
