precision,accuracy,recall,duration
0.9283820346320346,0.9166666666666666,0.9166666666666666,1156.9199182987213
