precision,accuracy,recall,duration
0.42665831210591093,0.38,0.3865697680372876,806.8370356559753
