precision,accuracy,recall,duration
0.5867172068246419,0.7125,0.5744271121908252,266.2939262390137
