precision,accuracy,recall,duration
0.5551948051948052,0.8012422360248447,0.5155433646812957,143.21772265434265
