precision,accuracy,recall,duration
0.8006029871907553,0.8026242322724735,0.800862574889098,917.7797403335571
