precision,accuracy,recall,duration
0.6761586802827966,0.6850828729281768,0.668609022556391,274.4290602207184
