precision,accuracy,recall,duration
0.7840252104711559,0.7875,0.6550447834287922,196.10681414604187
