precision,accuracy,recall,duration
0.9547619047619047,0.9431818181818182,0.9484265734265734,143.55867385864258
