precision,accuracy,recall,duration
0.5876847290640395,0.578125,0.590080971659919,189.10612654685974
