precision,accuracy,recall,duration
0.7162139290852162,0.824390243902439,0.7556238859180034,718.0139985084534
