precision,accuracy,recall,duration
0.6869840785087057,0.9384444444444444,0.5675848971266408,640.803777217865
