precision,accuracy,recall,duration
0.8899025896887623,0.888,0.888,377.7621364593506
