precision,accuracy,recall,duration
0.822970028221341,0.8,0.8192507519824993,447.1500790119171
