precision,accuracy,recall,duration
0.9392069504569506,0.93,0.9299999999999999,1460.7270460128784
