precision,accuracy,recall,duration
0.7700534385022577,0.7526315789473684,0.7340247925469648,360.52585077285767
