precision,accuracy,recall,duration
0.9595568495481529,0.9591836734693877,0.9591436601840518,113.60082340240479
