precision,accuracy,recall,duration
0.9133333333333333,0.911,0.8926072498657753,916.0280327796936
