precision,accuracy,recall,duration
0.9714865879462152,0.9714285714285714,0.9723528031902415,98.11390972137451
