precision,accuracy,recall,duration
0.4977102507063935,0.47454545454545455,0.4896268483542414,634.5933232307434
