precision,accuracy,recall,duration
0.7689228818261076,0.7816666666666666,0.7830330330330331,838.6958448886871
