precision,accuracy,recall,duration
0.49196334261551655,0.7425,0.5218486290762674,148.7677445411682
