precision,accuracy,recall,duration
0.8790226853073069,0.8694158075601375,0.8139337994319422,391.5618028640747
