precision,accuracy,recall,duration
0.8577495400460432,0.8619791666666666,0.8308265404812284,327.748384475708
