precision,accuracy,recall,duration
0.8361163143341361,0.8403263403263403,0.8236692015209126,1605.4047582149506
