precision,accuracy,recall,duration
0.8759684197806035,0.881,0.8637186303884723,3848.145341873169
