precision,accuracy,recall,duration
0.9781195734585565,0.9710743801652892,0.9745561202082942,209.819322347641
