precision,accuracy,recall,duration
0.9713020473890038,0.9714285714285714,0.9731409805301431,266.9590048789978
