precision,accuracy,recall,duration
0.7934272300469484,0.788,0.788,575.928820848465
