precision,accuracy,recall,duration
0.9571818766066837,0.9624796084828712,0.9616855573325915,174.5686161518097
