precision,accuracy,recall,duration
0.5053964123731566,0.7875,0.48214648297365975,268.2306728363037
