precision,accuracy,recall,duration
0.8656771799628942,0.8493150684931506,0.8536340852130325,129.6164300441742
