precision,accuracy,recall,duration
0.8493863799448436,0.8487179487179487,0.8544098532428861,496.585333108902
