precision,accuracy,recall,duration
0.9846938775510204,0.9803921568627451,0.9594616376531271,503.631854057312
