precision,accuracy,recall,duration
0.9579351360250237,0.9444444444444444,0.8957930367504835,202.91336178779602
