precision,accuracy,recall,duration
0.9804179800086138,0.9798994974874372,0.9798075519783108,321.8224937915802
