precision,accuracy,recall,duration
0.7955211817258229,0.7981574539363484,0.7962301479531864,563.7856285572052
