precision,accuracy,recall,duration
0.8076493086201824,0.8829268292682927,0.8476292335115865,1047.2860956192017
