precision,accuracy,recall,duration
0.7188672168042011,0.7142857142857143,0.7118736383442266,202.59675908088684
