precision,accuracy,recall,duration
0.9727774023146681,0.9771733851384167,0.9598943446282274,1872.4446923732758
