precision,accuracy,recall,duration
0.6865123924109223,0.9337777777777778,0.577545891878123,1105.002075433731
