precision,accuracy,recall,duration
0.37989911088126943,0.5914786967418546,0.3812434914806396,198.53420901298523
