precision,accuracy,recall,duration
0.9101010101010101,0.9,0.8906882591093117,165.65163111686707
