precision,accuracy,recall,duration
0.6899461596385088,0.9368888888888889,0.5770574492425811,768.2853813171387
