precision,accuracy,recall,duration
0.768998513563731,0.8536585365853658,0.8095365418894831,275.8014831542969
