precision,accuracy,recall,duration
0.9015338083134694,0.907,0.8960451341381043,1105.1418805122375
