precision,accuracy,recall,duration
0.7972421454273225,0.8536585365853658,0.7462566844919786,206.47745203971863
