precision,accuracy,recall,duration
0.719740193444669,0.9388888888888889,0.5947214506234585,180.32443761825562
