precision,accuracy,recall,duration
0.7528619528619529,0.7633333333333333,0.7684827684827685,846.6981751918793
