precision,accuracy,recall,duration
0.8440220174091142,0.844,0.844,165.7719521522522
