precision,accuracy,recall,duration
0.8469986342648094,0.8528645833333334,0.8163318069790387,317.68101620674133
