precision,accuracy,recall,duration
0.9848825587206397,0.9793388429752066,0.9818024970198884,203.27476453781128
