precision,accuracy,recall,duration
0.767620310723759,0.848780487804878,0.7429233511586452,282.99922037124634
