precision,accuracy,recall,duration
0.787325668050676,0.7975,0.6929808049156557,179.99998474121094
