precision,accuracy,recall,duration
0.9690799411805988,0.9692682926829268,0.9565721890004086,633.3032476902008
