precision,accuracy,recall,duration
0.901188883010177,0.8986666666666666,0.8986666666666666,325.60596919059753
