precision,accuracy,recall,duration
0.8258219449395919,0.8125,0.7106799199599033,146.0755262374878
