precision,accuracy,recall,duration
0.9120781547390212,0.9093333333333333,0.9093333333333334,1431.1974716186523
