precision,accuracy,recall,duration
0.6861094734767148,0.8043956043956044,0.670202225586591,610.5558085441589
