precision,accuracy,recall,duration
0.9429919058448872,0.9430713690641489,0.9431122346615304,1644.377510547638
