precision,accuracy,recall,duration
0.8277777777777778,0.7666666666666667,0.6861111111111111,110.39012408256531
