precision,accuracy,recall,duration
0.8044871794871795,0.804,0.804,624.4523482322693
