precision,accuracy,recall,duration
0.9594425458822483,0.9658536585365853,0.9465169182193405,238.25218415260315
