precision,accuracy,recall,duration
0.4407926041484383,0.28909090909090907,0.27596999995415644,162.8775770664215
