precision,accuracy,recall,duration
0.6458333333333333,0.5333333333333333,0.46944444444444444,111.199289560318
