precision,accuracy,recall,duration
0.5362903225806452,0.8012422360248447,0.5088166144200628,143.26080775260925
