precision,accuracy,recall,duration
0.40015204183947956,0.606516290726817,0.3918521837539585,65.87147521972656
