precision,accuracy,recall,duration
0.9566560838130946,0.9561697375767727,0.9562605540621862,4167.238790035248
