precision,accuracy,recall,duration
0.9603308964986533,0.9605263157894737,0.9615740740740741,105.00695824623108
