precision,accuracy,recall,duration
0.8926129535932275,0.7982248520710059,0.9015966676100685,386.1533935070038
