precision,accuracy,recall,duration
0.9085263912108908,0.9072164948453608,0.8737164081275945,600.3043477535248
