precision,accuracy,recall,duration
0.9688123241726645,0.9673170731707317,0.9525483741971844,160.59924602508545
