precision,accuracy,recall,duration
0.9086990595611285,0.9175257731958762,0.8987874153375573,1406.0174899101257
