precision,accuracy,recall,duration
0.7077224359518547,0.7978021978021979,0.6600709416830159,363.8242983818054
