precision,accuracy,recall,duration
0.9591968542731624,0.9543710021321962,0.9546166585121887,299.8390967845917
