precision,accuracy,recall,duration
0.9487490993689072,0.9504132231404959,0.938143860969948,143.4588303565979
