precision,accuracy,recall,duration
0.6630701777103282,0.7021943573667712,0.5547454805908419,281.6824617385864
