precision,accuracy,recall,duration
0.6876543888432008,0.9377777777777778,0.5850113972983282,1117.2732405662537
