precision,accuracy,recall,duration
0.836895268474216,0.8356164383561644,0.8326590285236902,207.61382007598877
