precision,accuracy,recall,duration
0.6711216724328587,0.936,0.5994366361118767,1601.0419137477875
