precision,accuracy,recall,duration
0.8906274128503987,0.8023668639053254,0.9074439686944853,925.5205709934235
