precision,accuracy,recall,duration
0.378887644307308,0.581453634085213,0.36968933962814016,83.34350967407227
