precision,accuracy,recall,duration
0.6298701298701299,0.8136645962732919,0.5365726227795193,263.2803604602814
