precision,accuracy,recall,duration
0.49071537404304805,0.775,0.49999122957559416,651.5943264961243
