precision,accuracy,recall,duration
0.8955977191672015,0.8905750798722045,0.8861891007124976,438.4365322589874
