precision,accuracy,recall,duration
0.4668101764363769,0.3781818181818182,0.35931533564975293,290.6005470752716
