precision,accuracy,recall,duration
0.8448371998371998,0.8358974358974359,0.844819351334897,1252.4720242023468
