precision,accuracy,recall,duration
0.839274113405659,0.8307692307692308,0.8308299548924344,204.41189408302307
