precision,accuracy,recall,duration
0.9627610046342033,0.9624390243902439,0.9410688102932221,73.51124429702759
