precision,accuracy,recall,duration
0.9572072072072072,0.9379084967320261,0.9199709864603483,445.5433452129364
