precision,accuracy,recall,duration
0.41756696630206364,0.606516290726817,0.3944932947679276,280.05996584892273
