precision,accuracy,recall,duration
0.7844540555383929,0.7983333333333333,0.7962605462605463,87.76836204528809
