precision,accuracy,recall,duration
0.9628205128205128,0.9509803921568627,0.9207769181173436,220.559641122818
