precision,accuracy,recall,duration
0.6269321266968325,0.6298342541436464,0.6087277289523618,126.61365246772766
