precision,accuracy,recall,duration
0.39680243325486675,0.6190476190476191,0.3933571210001749,119.53157043457031
