precision,accuracy,recall,duration
0.8087500000000001,0.8233333333333334,0.8002820462944953,155.1457977294922
