precision,accuracy,recall,duration
0.9752891541178931,0.9748743718592965,0.9753848438906902,364.7412123680115
