precision,accuracy,recall,duration
0.8529858299595142,0.8444444444444444,0.8444444444444446,211.93276119232178
