precision,accuracy,recall,duration
0.8361151721897335,0.8342857142857143,0.8424026980220581,77.80983638763428
