precision,accuracy,recall,duration
0.7724603640634176,0.7866666666666666,0.7933281462750438,188.73869514465332
