precision,accuracy,recall,duration
0.9542161714531316,0.9479744136460554,0.9482746026584674,444.2744357585907
