precision,accuracy,recall,duration
0.40584918639697426,0.5964912280701754,0.38559265168735796,144.96204161643982
