precision,accuracy,recall,duration
0.6888888888888889,0.6333333333333333,0.6333333333333333,405.3822500705719
