precision,accuracy,recall,duration
0.9584837242974645,0.9547974413646055,0.9549883268738347,625.9286947250366
