precision,accuracy,recall,duration
0.771589259796807,0.7714285714285715,0.7717864923747277,280.54013109207153
