precision,accuracy,recall,duration
0.7794069729553601,0.7625,0.6225493459438571,273.5917241573334
