precision,accuracy,recall,duration
0.7785930982176715,0.7875,0.6712643810092246,450.8113477230072
