precision,accuracy,recall,duration
0.6193412575064895,0.6912225705329154,0.5150841252682291,218.29020524024963
