precision,accuracy,recall,duration
0.7920634920634921,0.7945205479452054,0.8098758801766321,205.52451133728027
