precision,accuracy,recall,duration
0.9504060562713552,0.944136460554371,0.9445978072501056,386.03209495544434
