precision,accuracy,recall,duration
0.7427068827685801,0.785,0.6782315423787825,446.96351313591003
