precision,accuracy,recall,duration
0.9772398926125635,0.9771428571428571,0.9775259633634017,248.33439421653748
