precision,accuracy,recall,duration
0.8097222222222222,0.8266666666666667,0.8253258120988135,237.57900977134705
