precision,accuracy,recall,duration
0.9402090964590964,0.9400166620383227,0.939795754584487,1192.913390636444
