precision,accuracy,recall,duration
0.9573946360153256,0.9462809917355371,0.9241765480895916,182.5468122959137
