precision,accuracy,recall,duration
0.9551179241497745,0.9536,0.9544762553147647,327.7688498497009
