precision,accuracy,recall,duration
0.6160825818896739,0.6080808080808081,0.6080808080808081,337.8617413043976
