precision,accuracy,recall,duration
0.6446428571428571,0.6111111111111112,0.6111111111111112,89.23759937286377
