precision,accuracy,recall,duration
0.8930436556507548,0.8903333333333333,0.8873108095370621,634.7864828109741
