precision,accuracy,recall,duration
0.8049233129324833,0.7992753623188406,0.7994644145115821,1124.670741558075
