precision,accuracy,recall,duration
0.7932009510956879,0.792,0.792,785.3970890045166
