precision,accuracy,recall,duration
0.8567875986302709,0.8538461538461538,0.8583441311903219,1437.669589996338
