precision,accuracy,recall,duration
0.9669699053260696,0.966958211856171,0.9669522643818849,271.3911302089691
