precision,accuracy,recall,duration
0.6874822678930226,0.7100246401244975,0.6192591413495192,6611.191447734833
