precision,accuracy,recall,duration
0.7976579938822028,0.8116666666666666,0.8003360503360504,324.4460289478302
