precision,accuracy,recall,duration
0.5105992915096176,0.4509090909090909,0.47387495423954157,475.47090697288513
