precision,accuracy,recall,duration
0.7485637699956765,0.7575,0.657558853574831,122.02089238166809
