precision,accuracy,recall,duration
0.8739130434782609,0.8552412645590682,0.8731778425655976,232.73764061927795
