precision,accuracy,recall,duration
0.624743509841395,0.6242424242424243,0.6242424242424243,266.27716851234436
