precision,accuracy,recall,duration
0.8739880744399874,0.8794270833333333,0.8471332653381757,550.9012854099274
