precision,accuracy,recall,duration
0.6292045520042544,0.6974921630094044,0.5512071657658024,200.54065322875977
