precision,accuracy,recall,duration
0.47311005867702133,0.7375,0.4905038820907879,86.75300240516663
