precision,accuracy,recall,duration
0.8977078192045176,0.891846921797005,0.9042872963138744,317.8180739879608
