precision,accuracy,recall,duration
0.687778429296428,0.9384444444444444,0.5883239691467663,679.1521391868591
