{"config": [9, 32, 16, 32, 1, 0], "accuracy": 0.8493441558}
{"config": [3, 16, 128, 32, 0, 0], "accuracy": 0.8481688312000001}
{"config": [3, 32, 32, 32, 0, 0], "accuracy": 0.8390454545}
{"config": [3, 32, 16, 64, 1, 0], "accuracy": 0.8390389610000001}
{"config": [3, 64, 16, 41, 0, 1], "accuracy": 0.8379025974000001}
{"config": [3, 64, 128, 64, 1, 0], "accuracy": 0.8378766234}
{"config": [3, 64, 128, 41, 1, 1], "accuracy": 0.8367207792}
{"config": [3, 16, 32, 32, 1, 1], "accuracy": 0.8356363636}
{"config": [3, 16, 16, 32, 1, 1], "accuracy": 0.8355974026}
{"config": [3, 32, 32, 41, 1, 1], "accuracy": 0.8345129870000001}
{"config": [3, 64, 128, 32, 1, 0], "accuracy": 0.8344805195}
{"config": [3, 64, 64, 32, 0, 1], "accuracy": 0.8333246753}
{"config": [3, 16, 32, 41, 1, 0], "accuracy": 0.8332792208}
{"config": [9, 16, 16, 41, 0, 0], "accuracy": 0.8332792208}
{"config": [3, 32, 16, 32, 1, 0], "accuracy": 0.8322337662}
{"config": [3, 64, 64, 41, 0, 1], "accuracy": 0.8322207792}
{"config": [6, 64, 64, 64, 0, 0], "accuracy": 0.8321818182}
{"config": [6, 64, 16, 41, 1, 1], "accuracy": 0.8321688312000001}
{"config": [3, 32, 64, 32, 1, 0], "accuracy": 0.8310844156}
{"config": [3, 32, 128, 41, 1, 0], "accuracy": 0.8310844156}
{"config": [3, 32, 16, 41, 0, 0], "accuracy": 0.8310649351}
{"config": [6, 32, 32, 32, 1, 1], "accuracy": 0.8299155844}
{"config": [3, 64, 16, 64, 0, 1], "accuracy": 0.8299090909}
{"config": [3, 16, 128, 41, 0, 1], "accuracy": 0.8298766234}
{"config": [3, 32, 128, 32, 0, 1], "accuracy": 0.8288116883000001}
{"config": [6, 32, 32, 41, 1, 1], "accuracy": 0.8287987013}
{"config": [6, 64, 16, 64, 1, 0], "accuracy": 0.8287857143}
{"config": [6, 16, 16, 41, 0, 0], "accuracy": 0.8287662338}
{"config": [3, 32, 16, 41, 0, 1], "accuracy": 0.8276688312}
{"config": [3, 16, 128, 64, 0, 0], "accuracy": 0.8276688312}
{"config": [6, 16, 128, 32, 0, 1], "accuracy": 0.8276623377000001}
{"config": [6, 16, 16, 41, 1, 1], "accuracy": 0.8276363636}
{"config": [3, 64, 16, 41, 1, 1], "accuracy": 0.8276168831}
{"config": [9, 16, 16, 64, 1, 1], "accuracy": 0.8276103896}
{"config": [6, 16, 16, 64, 1, 0], "accuracy": 0.8265064935}
{"config": [3, 16, 128, 64, 1, 1], "accuracy": 0.8265}
{"config": [6, 16, 32, 64, 0, 1], "accuracy": 0.826487013}
{"config": [6, 16, 128, 64, 1, 1], "accuracy": 0.8264805195}
{"config": [3, 64, 64, 41, 1, 1], "accuracy": 0.8264675325}
{"config": [3, 16, 16, 32, 0, 1], "accuracy": 0.8264675325}
{"config": [3, 16, 32, 41, 0, 1], "accuracy": 0.8254090909}
{"config": [3, 64, 32, 32, 1, 0], "accuracy": 0.8253961039000001}
{"config": [3, 32, 16, 64, 1, 1], "accuracy": 0.8253636364}
{"config": [6, 16, 16, 64, 0, 1], "accuracy": 0.8253376623}
{"config": [3, 32, 32, 64, 1, 0], "accuracy": 0.8253376623}
{"config": [3, 64, 64, 41, 1, 0], "accuracy": 0.8253376623}
{"config": [9, 16, 32, 64, 1, 0], "accuracy": 0.8253376623}
{"config": [6, 16, 16, 32, 1, 1], "accuracy": 0.8253246753}
{"config": [3, 64, 32, 41, 0, 1], "accuracy": 0.8252857143000001}
{"config": [6, 64, 16, 41, 1, 0], "accuracy": 0.8242402597}
{"config": [3, 16, 32, 64, 1, 1], "accuracy": 0.8242142857}
{"config": [3, 64, 32, 32, 1, 1], "accuracy": 0.8242077922000001}
{"config": [3, 16, 64, 64, 1, 0], "accuracy": 0.8241948052}
{"config": [6, 32, 16, 64, 1, 0], "accuracy": 0.8241883117000001}
{"config": [6, 64, 16, 64, 1, 1], "accuracy": 0.8241818182}
{"config": [6, 32, 16, 41, 1, 1], "accuracy": 0.8241818182}
{"config": [3, 16, 32, 32, 0, 0], "accuracy": 0.8230389610000001}
{"config": [3, 32, 64, 64, 1, 1], "accuracy": 0.8230389610000001}
{"config": [6, 64, 32, 41, 0, 1], "accuracy": 0.8219220779}
{"config": [3, 64, 16, 32, 1, 0], "accuracy": 0.8219155844}
{"config": [3, 16, 32, 64, 0, 0], "accuracy": 0.8219090909000001}
{"config": [9, 16, 16, 41, 1, 0], "accuracy": 0.8219025974}
{"config": [6, 32, 16, 64, 0, 0], "accuracy": 0.8218961039}
{"config": [3, 16, 128, 41, 0, 0], "accuracy": 0.8218896104000001}
{"config": [9, 32, 16, 41, 0, 1], "accuracy": 0.8218896104000001}
{"config": [9, 16, 16, 32, 1, 1], "accuracy": 0.8218831169}
{"config": [3, 16, 32, 32, 0, 1], "accuracy": 0.8218766234}
{"config": [3, 16, 128, 41, 1, 0], "accuracy": 0.8207922078000001}
{"config": [3, 64, 128, 64, 0, 0], "accuracy": 0.8207922078000001}
{"config": [6, 16, 32, 41, 0, 0], "accuracy": 0.8207857143}
{"config": [3, 64, 128, 41, 0, 1], "accuracy": 0.8207792208}
{"config": [9, 32, 32, 41, 0, 0], "accuracy": 0.8207727273000001}
{"config": [6, 32, 16, 32, 1, 0], "accuracy": 0.8207727273000001}
{"config": [3, 32, 128, 64, 0, 0], "accuracy": 0.8207532468000001}
{"config": [3, 64, 32, 32, 0, 0], "accuracy": 0.8207337662}
{"config": [3, 64, 32, 32, 0, 1], "accuracy": 0.8207272727}
{"config": [3, 64, 64, 64, 0, 1], "accuracy": 0.8196558442}
{"config": [9, 16, 32, 32, 1, 1], "accuracy": 0.8196493506}
{"config": [3, 64, 16, 32, 1, 1], "accuracy": 0.8196298701}
{"config": [3, 64, 16, 32, 0, 0], "accuracy": 0.8185519481}
{"config": [6, 64, 32, 64, 0, 0], "accuracy": 0.8185}
{"config": [3, 64, 16, 32, 0, 1], "accuracy": 0.818487013}
{"config": [3, 32, 32, 41, 1, 0], "accuracy": 0.818461039}
{"config": [6, 64, 32, 64, 1, 0], "accuracy": 0.8184480519}
{"config": [3, 32, 16, 41, 1, 1], "accuracy": 0.8184350649000001}
{"config": [3, 16, 16, 41, 0, 1], "accuracy": 0.8173376623}
{"config": [9, 32, 32, 32, 1, 0], "accuracy": 0.8162987013}
{"config": [9, 64, 16, 32, 1, 0], "accuracy": 0.8162207792}
{"config": [3, 64, 64, 32, 0, 0], "accuracy": 0.8162012987}
{"config": [6, 32, 16, 32, 0, 0], "accuracy": 0.8162012987}
{"config": [9, 64, 32, 64, 1, 0], "accuracy": 0.8161948052}
{"config": [9, 32, 32, 64, 1, 0], "accuracy": 0.8161753247}
{"config": [3, 64, 64, 32, 1, 1], "accuracy": 0.8161623377}
{"config": [3, 16, 16, 41, 1, 1], "accuracy": 0.8151168831000001}
{"config": [6, 16, 64, 64, 0, 0], "accuracy": 0.8150194805000001}
{"config": [6, 16, 128, 41, 1, 1], "accuracy": 0.8150194805000001}
{"config": [9, 16, 128, 64, 0, 0], "accuracy": 0.8139545455}
{"config": [9, 16, 64, 64, 0, 0], "accuracy": 0.8139285714000001}
{"config": [9, 16, 64, 41, 0, 1], "accuracy": 0.8139155844}
{"config": [6, 64, 128, 64, 0, 1], "accuracy": 0.8138961039}
{"config": [3, 32, 16, 41, 1, 0], "accuracy": 0.8128831169}
{"config": [6, 16, 32, 32, 1, 0], "accuracy": 0.8128181818}
{"config": [6, 64, 64, 32, 0, 0], "accuracy": 0.8128051948}
{"config": [3, 16, 32, 64, 1, 0], "accuracy": 0.8127662338}
{"config": [6, 16, 128, 64, 0, 0], "accuracy": 0.8127532468}
{"config": [3, 16, 16, 32, 1, 0], "accuracy": 0.8127467532}
{"config": [3, 16, 16, 64, 1, 1], "accuracy": 0.8116948052}
{"config": [9, 32, 16, 32, 0, 1], "accuracy": 0.8116688312}
{"config": [9, 32, 32, 64, 0, 1], "accuracy": 0.8116493506}
{"config": [3, 64, 32, 41, 0, 0], "accuracy": 0.8105324675000001}
{"config": [6, 64, 64, 41, 1, 0], "accuracy": 0.8105064935}
{"config": [9, 64, 32, 64, 0, 1], "accuracy": 0.8104935065000001}
{"config": [9, 64, 16, 41, 1, 1], "accuracy": 0.8104935065000001}
{"config": [6, 16, 16, 41, 0, 1], "accuracy": 0.8094025974}
{"config": [6, 16, 16, 32, 1, 0], "accuracy": 0.8093896104}
{"config": [6, 32, 16, 32, 0, 1], "accuracy": 0.8093896104}
{"config": [3, 16, 64, 64, 1, 1], "accuracy": 0.8093766234}
{"config": [3, 64, 128, 64, 0, 1], "accuracy": 0.8093636364}
{"config": [6, 16, 32, 32, 0, 0], "accuracy": 0.8082337662}
{"config": [6, 32, 32, 64, 1, 0], "accuracy": 0.8082142857}
{"config": [3, 64, 32, 64, 1, 1], "accuracy": 0.8071363636000001}
{"config": [9, 16, 16, 64, 0, 1], "accuracy": 0.8071168831000001}
{"config": [9, 32, 16, 32, 1, 1], "accuracy": 0.8070584416000001}
{"config": [3, 32, 32, 64, 0, 1], "accuracy": 0.8059675325000001}
{"config": [6, 32, 128, 41, 1, 0], "accuracy": 0.805961039}
{"config": [6, 32, 32, 32, 0, 0], "accuracy": 0.805961039}
{"config": [9, 16, 128, 32, 1, 1], "accuracy": 0.8059415584}
{"config": [6, 64, 32, 32, 0, 0], "accuracy": 0.8059220779}
{"config": [6, 16, 32, 32, 0, 1], "accuracy": 0.8048376623}
{"config": [6, 64, 16, 32, 1, 0],