{"config": [3, 64, 16, 41, 0, 1], "accuracy": 0.9112956811}
{"config": [3, 16, 32, 64, 1, 1], "accuracy": 0.9018826135}
{"config": [3, 64, 16, 32, 0, 1], "accuracy": 0.8922480620000001}
{"config": [3, 32, 16, 64, 1, 1], "accuracy": 0.8786267996}
{"config": [9, 32, 32, 64, 1, 1], "accuracy": 0.8786267996}
{"config": [3, 32, 32, 64, 1, 0], "accuracy": 0.8739756368}
{"config": [3, 16, 16, 64, 1, 1], "accuracy": 0.8739756368}
{"config": [3, 16, 32, 64, 0, 0], "accuracy": 0.8738648948000001}
{"config": [9, 64, 16, 41, 1, 1], "accuracy": 0.8737541528}
{"config": [3, 16, 32, 32, 0, 0], "accuracy": 0.8737541528}
{"config": [9, 32, 64, 64, 0, 1], "accuracy": 0.8736434109000001}
{"config": [3, 16, 128, 64, 0, 0], "accuracy": 0.8734219269}
{"config": [3, 64, 16, 41, 1, 1], "accuracy": 0.8734219269}
{"config": [9, 16, 64, 41, 0, 0], "accuracy": 0.8694352159000001}
{"config": [3, 64, 32, 41, 0, 0], "accuracy": 0.8692137320000001}
{"config": [6, 16, 32, 64, 1, 0], "accuracy": 0.8692137320000001}
{"config": [9, 64, 16, 32, 1, 0], "accuracy": 0.86910299}
{"config": [3, 64, 64, 32, 1, 1], "accuracy": 0.8689922481000001}
{"config": [3, 64, 16, 64, 0, 1], "accuracy": 0.8646733112}
{"config": [3, 64, 64, 41, 0, 0], "accuracy": 0.8644518272}
{"config": [3, 32, 16, 41, 0, 0], "accuracy": 0.8602436323}
{"config": [3, 16, 32, 32, 1, 1], "accuracy": 0.8599114064000001}
{"config": [6, 64, 32, 32, 0, 0], "accuracy": 0.8599114064000001}
{"config": [9, 32, 32, 64, 0, 1], "accuracy": 0.8598006645}
{"config": [3, 32, 128, 64, 0, 0], "accuracy": 0.8596899225}
{"config": [3, 32, 16, 41, 1, 0], "accuracy": 0.8596899225}
{"config": [3, 64, 32, 32, 1, 1], "accuracy": 0.8596899225}
{"config": [6, 16, 128, 64, 0, 0], "accuracy": 0.8596899225}
{"config": [3, 16, 128, 64, 1, 1], "accuracy": 0.8595791805}
{"config": [9, 16, 32, 64, 1, 1], "accuracy": 0.8595791805}
{"config": [3, 16, 32, 41, 1, 0], "accuracy": 0.8594684385}
{"config": [9, 16, 16, 41, 0, 0], "accuracy": 0.8554817276000001}
{"config": [6, 64, 128, 41, 0, 0], "accuracy": 0.8552602436000001}
{"config": [3, 32, 32, 64, 0, 1], "accuracy": 0.8552602436000001}
{"config": [9, 16, 16, 32, 1, 1], "accuracy": 0.8551495017}
{"config": [6, 32, 16, 32, 1, 0], "accuracy": 0.8551495017}
{"config": [6, 16, 32, 41, 0, 1], "accuracy": 0.8551495017}
{"config": [6, 16, 64, 32, 1, 1], "accuracy": 0.8551495017}
{"config": [6, 16, 128, 64, 1, 1], "accuracy": 0.8551495017}
{"config": [6, 32, 32, 41, 1, 0], "accuracy": 0.8550387597}
{"config": [6, 16, 32, 64, 0, 1], "accuracy": 0.8550387597}
{"config": [3, 64, 32, 32, 1, 0], "accuracy": 0.8549280177}
{"config": [6, 32, 64, 32, 0, 1], "accuracy": 0.8549280177}
{"config": [6, 32, 64, 41, 0, 1], "accuracy": 0.8510520487000001}
{"config": [3, 64, 128, 41, 1, 1], "accuracy": 0.8509413068}
{"config": [6, 16, 32, 41, 0, 0], "accuracy": 0.8508305648000001}
{"config": [3, 32, 32, 32, 0, 0], "accuracy": 0.8507198228}
{"config": [3, 32, 16, 32, 1, 0], "accuracy": 0.8506090808000001}
{"config": [9, 32, 16, 32, 0, 1], "accuracy": 0.8506090808000001}
{"config": [3, 16, 16, 32, 1, 1], "accuracy": 0.8504983389}
{"config": [6, 64, 64, 64, 0, 1], "accuracy": 0.8504983389}
{"config": [3, 32, 16, 41, 0, 1], "accuracy": 0.8503875969}
{"config": [9, 64, 128, 64, 1, 0], "accuracy": 0.8503875969}
{"config": [3, 16, 128, 41, 0, 1], "accuracy": 0.8503875969}
{"config": [9, 16, 128, 64, 1, 0], "accuracy": 0.8503875969}
{"config": [6, 32, 16, 64, 1, 0], "accuracy": 0.8503875969}
{"config": [9, 16, 32, 64, 1, 0], "accuracy": 0.8503875969}
{"config": [3, 64, 64, 32, 0, 1], "accuracy": 0.8502768549}
{"config": [6, 64, 64, 32, 1, 1], "accuracy": 0.8500553710000001}
{"config": [3, 64, 128, 64, 1, 0], "accuracy": 0.84606866}
{"config": [6, 32, 64, 64, 0, 0], "accuracy": 0.84606866}
{"config": [6, 64, 16, 64, 1, 0], "accuracy": 0.8459579181}
{"config": [6, 32, 32, 32, 1, 1], "accuracy": 0.8459579181}
{"config": [9, 32, 16, 32, 1, 1], "accuracy": 0.8459579181}
{"config": [3, 32, 64, 64, 1, 1], "accuracy": 0.8459579181}
{"config": [9, 32, 16, 32, 1, 0], "accuracy": 0.8458471761}
{"config": [3, 16, 16, 32, 0, 1], "accuracy": 0.8458471761}
{"config": [9, 16, 16, 64, 1, 1], "accuracy": 0.8457364341}
{"config": [6, 16, 64, 64, 0, 0], "accuracy": 0.8457364341}
{"config": [6, 32, 128, 41, 1, 0], "accuracy": 0.8457364341}
{"config": [6, 32, 16, 32, 0, 0], "accuracy": 0.8456256921}
{"config": [9, 32, 64, 41, 1, 1], "accuracy": 0.8456256921}
{"config": [6, 16, 32, 41, 1, 1], "accuracy": 0.8456256921}
{"config": [3, 64, 128, 64, 0, 0], "accuracy": 0.8456256921}
{"config": [3, 16, 16, 32, 1, 0], "accuracy": 0.8455149502}
{"config": [6, 64, 16, 41, 1, 0], "accuracy": 0.8455149502}
{"config": [9, 16, 32, 32, 0, 0], "accuracy": 0.8454042082000001}
{"config": [6, 32, 32, 64, 1, 0], "accuracy": 0.8414174972}
{"config": [6, 64, 128, 64, 1, 1], "accuracy": 0.8413067553}
{"config": [6, 16, 16, 32, 1, 1], "accuracy": 0.8413067553}
{"config": [6, 16, 64, 32, 1, 0], "accuracy": 0.8411960133}
{"config": [3, 32, 32, 41, 1, 1], "accuracy": 0.8410852713}
{"config": [6, 32, 32, 32, 0, 1], "accuracy": 0.8409745293}
{"config": [6, 32, 32, 32, 0, 0], "accuracy": 0.8409745293}
{"config": [3, 64, 16, 32, 1, 1], "accuracy": 0.8409745293}
{"config": [9, 16, 128, 32, 1, 1], "accuracy": 0.8409745293}
{"config": [3, 64, 16, 32, 1, 0], "accuracy": 0.8409745293}
{"config": [3, 64, 16, 41, 1, 0], "accuracy": 0.8408637874}
{"config": [6, 16, 16, 41, 1, 1], "accuracy": 0.8408637874}
{"config": [3, 16, 32, 32, 0, 1], "accuracy": 0.8368770764}
{"config": [3, 64, 64, 41, 0, 1], "accuracy": 0.8368770764}
{"config": [3, 64, 64, 41, 1, 0], "accuracy": 0.8367663344}
{"config": [9, 16, 32, 32, 1, 0], "accuracy": 0.8366555925}
{"config": [3, 16, 64, 64, 1, 1], "accuracy": 0.8366555925}
{"config": [3, 32, 16, 64, 1, 0], "accuracy": 0.8365448505}
{"config": [9, 32, 64, 32, 1, 0], "accuracy": 0.8365448505}
{"config": [9, 16, 64, 41, 0, 1], "accuracy": 0.8365448505}
{"config": [3, 32, 32, 41, 1, 0], "accuracy": 0.8364341085}
{"config": [3, 32, 128, 32, 0, 1], "accuracy": 0.8364341085}
{"config": [6, 16, 128, 41, 1, 1], "accuracy": 0.8364341085}
{"config": [9, 64, 128, 41, 1, 0], "accuracy": 0.8363233666000001}
{"config": [3, 16, 32, 41, 0, 1], "accuracy": 0.8363233666000001}
{"config": [3, 32, 16, 41, 1, 1], "accuracy": 0.8361018826000001}
{"config": [3, 64, 32, 32, 0, 1], "accuracy": 0.8321151717}
{"config": [9, 64, 32, 64, 1, 0], "accuracy": 0.8320044297}
{"config": [6, 64, 16, 64, 1, 1], "accuracy": 0.8320044297}
{"config": [3, 64, 32, 32, 0, 0], "accuracy": 0.8317829457}
{"config": [6, 64, 64, 41, 1, 0], "accuracy": 0.8317829457}
{"config": [3, 16, 16, 41, 0, 1], "accuracy": 0.8317829457}
{"config": [6, 16, 16, 64, 1, 0], "accuracy": 0.8317829457}
{"config": [9, 64, 64, 64, 1, 0], "accuracy": 0.8317829457}
{"config": [9, 64, 32, 64, 0, 1], "accuracy": 0.8316722038000001}
{"config": [6, 64, 32, 64, 0, 1], "accuracy": 0.8315614618}
{"config": [9, 16, 128, 64, 0, 0], "accuracy": 0.8313399779}
{"config": [3, 64, 32, 64, 1, 1], "accuracy": 0.8311184939}
{"config": [3, 64, 64, 41, 1, 1], "accuracy": 0.8311184939}
{"config": [6, 16, 16, 64, 0, 0], "accuracy": 0.8274640089}
{"config": [9, 16, 64, 64, 0, 1], "accuracy": 0.8274640089}
{"config": [9, 32, 32, 41, 0, 0], "accuracy": 0.8273532669}
{"config": [9, 64, 16, 41, 1, 0], "accuracy": 0.8272425249}
{"config": [6, 32, 16, 41, 1, 1], "accuracy": 0.8231450720000001}
{"config": [9, 16, 16, 41, 1, 1], "accuracy": 0.82303433}
{"config": [9, 16, 16, 64, 0, 1], "accuracy": 0.8229235880000001}
{"config": [6, 64, 64, 41, 1, 1], "accuracy": 0.8227021041}
{"config": [3, 64, 128, 64, 0, 1], "accuracy": 0.8225913621000001}
{"config": [6, 16, 16, 41, 0, 0], "accuracy": 0.8225913621000001}
{"config": [9, 16, 64, 32, 1, 1], "accuracy": 0.8222591362}
{"config": [3, 16, 64, 64, 1, 0], "accuracy": 0.8222591362}
{"config": [3, 16, 128, 32, 0, 0], "accuracy": 0.8222591362}
{"config": [6, 16, 64, 41, 0, 0],