precision,accuracy,recall,duration
0.890625,0.8833333333333333,0.895748987854251,99.96441054344177
