precision,accuracy,recall,duration
0.9030977115326708,0.896,0.896,1048.2717816829681
