precision,accuracy,recall,duration
0.866334991708126,0.8831615120274914,0.8619729080183527,568.3481557369232
