precision,accuracy,recall,duration
0.9241666884313945,0.91,0.91,688.3465948104858
