precision,accuracy,recall,duration
0.8961719138172455,0.8943333333333333,0.8918092551833754,286.0512375831604
