precision,accuracy,recall,duration
0.6452563526029655,0.7758241758241758,0.654275079478485,203.31430220603943
