precision,accuracy,recall,duration
0.7709030100334449,0.75,0.75,507.7613208293915
