precision,accuracy,recall,duration
0.7693181416918748,0.785,0.7726655226655227,123.69746422767639
