precision,accuracy,recall,duration
0.9517331622858414,0.9504,0.9515054051389457,334.59297156333923
