precision,accuracy,recall,duration
0.745920745920746,0.7333333333333333,0.7298474945533768,106.21755504608154
