precision,accuracy,recall,duration
0.9726102629829337,0.9714285714285714,0.9721147079521464,143.81200790405273
