precision,accuracy,recall,duration
0.8088888888888889,0.7,0.7,353.0982675552368
