precision,accuracy,recall,duration
0.9529754960597687,0.9525404801786711,0.9526763728477834,1285.0578455924988
