precision,accuracy,recall,duration
0.4477782503864214,0.7275,0.47187516902806115,321.53602385520935
