precision,accuracy,recall,duration
0.9763895524765089,0.9771428571428571,0.9780670889045273,334.530394077301
