precision,accuracy,recall,duration
0.850907029478458,0.821917808219178,0.8298245614035088,144.75518250465393
