precision,accuracy,recall,duration
0.9230488663397582,0.9224422442244224,0.9220448270851496,1708.9242174625397
