precision,accuracy,recall,duration
0.7772435897435898,0.8,0.6916666666666667,446.90881729125977
