precision,accuracy,recall,duration
0.8976070691434468,0.8976666666666666,0.8965458012794884,632.7685239315033
