precision,accuracy,recall,duration
0.8527973669217694,0.8485507246376811,0.8486873572573848,149.72202944755554
