precision,accuracy,recall,duration
0.9590227727440042,0.949680170575693,0.9498243081408739,92.83900666236877
