precision,accuracy,recall,duration
0.8515016455888417,0.8307692307692308,0.8323633648965513,489.6268928050995
