precision,accuracy,recall,duration
0.8295626118223792,0.8358974358974359,0.8271339816518369,286.32087683677673
