precision,accuracy,recall,duration
0.9888627115013922,0.9885714285714285,0.9891215106732348,267.284996509552
