precision,accuracy,recall,duration
0.8222222222222222,0.821917808219178,0.8445697577276524,214.17907309532166
