precision,accuracy,recall,duration
0.8402026461719694,0.8333333333333334,0.8356940087418806,664.1376116275787
