precision,accuracy,recall,duration
0.6851990831201127,0.9404444444444444,0.5595702158198682,246.30318331718445
