precision,accuracy,recall,duration
0.8477660664137533,0.8487179487179487,0.8501814596121792,963.7328381538391
