precision,accuracy,recall,duration
0.9115108247183719,0.9171038824763903,0.913600782778865,66.72045421600342
