precision,accuracy,recall,duration
0.8835836930566671,0.7893491124260354,0.901775888393512,1259.2114429473877
