precision,accuracy,recall,duration
0.9027237669324,0.9016666666666666,0.8997058811704536,480.48204612731934
