precision,accuracy,recall,duration
0.8390346855836833,0.8333333333333334,0.8352837541787275,505.8446967601776
