precision,accuracy,recall,duration
0.8097085865669316,0.785,0.695068657721459,200.09557104110718
