precision,accuracy,recall,duration
0.7793945852079881,0.8634146341463415,0.8012923351158645,471.56624388694763
