precision,accuracy,recall,duration
0.9339542304900759,0.9337183718371838,0.9334859052600988,2334.0270824432373
