precision,accuracy,recall,duration
0.6602080443706316,0.7445141065830722,0.6046439319253988,209.1544177532196
