precision,accuracy,recall,duration
0.9248484848484849,0.915,0.9150000000000001,443.3248815536499
