precision,accuracy,recall,duration
0.6407398616655278,0.6519337016574586,0.6542934934585041,465.868812084198
