precision,accuracy,recall,duration
0.7775889884323619,0.7916666666666666,0.7891105391105391,278.59560108184814
