precision,accuracy,recall,duration
0.8419875065280363,0.8333333333333334,0.8407212174652577,1276.2708489894867
