precision,accuracy,recall,duration
0.7629593878764587,0.7697368421052632,0.7488077017687095,358.1197772026062
