precision,accuracy,recall,duration
0.8629118123764953,0.8666666666666667,0.8613189994278524,672.1299500465393
