precision,accuracy,recall,duration
0.8977877968626055,0.897,0.89515874331208,490.79438757896423
