precision,accuracy,recall,duration
0.9194742905651225,0.9191419141914191,0.9188444492879977,1406.8563973903656
