precision,accuracy,recall,duration
0.42956002447599084,0.3709090909090909,0.4169775896751899,121.95128870010376
