precision,accuracy,recall,duration
0.7402575949193954,0.7657894736842106,0.762300062602286,498.0922112464905
