precision,accuracy,recall,duration
0.6348884316678052,0.6313131313131313,0.6313131313131314,205.9285979270935
