precision,accuracy,recall,duration
0.619563738749214,0.6222222222222222,0.6222222222222221,86.97625517845154
