precision,accuracy,recall,duration
0.950369978858351,0.9313725490196079,0.8949871050934881,264.0862612724304
