precision,accuracy,recall,duration
0.8095851092216381,0.7885714285714286,0.809588916233707,504.07228565216064
