precision,accuracy,recall,duration
0.97581938899526,0.9748743718592965,0.9747772409752713,56.07233905792236
