precision,accuracy,recall,duration
0.9622131808613013,0.95863539445629,0.9587648453298339,263.30411314964294
