precision,accuracy,recall,duration
0.7286380869058033,0.7237569060773481,0.6964912280701754,171.5330102443695
