precision,accuracy,recall,duration
0.35848740083262154,0.5714285714285714,0.35732158642730866,143.87092185020447
