precision,accuracy,recall,duration
0.8471759937049962,0.8395833333333333,0.7923374258682175,144.1452021598816
