precision,accuracy,recall,duration
0.836688589773929,0.823076923076923,0.8279320373952094,260.6160168647766
