precision,accuracy,recall,duration
0.9638738907232963,0.9648780487804878,0.9518384969966337,470.3147442340851
