precision,accuracy,recall,duration
0.8598484848484848,0.85,0.841816078658184,567.183750629425
