precision,accuracy,recall,duration
0.9567873270067072,0.9580487804878048,0.9362129014244538,267.82548332214355
