precision,accuracy,recall,duration
0.7604464058697468,0.7725,0.66358519946895,434.86244916915894
