precision,accuracy,recall,duration
0.643334161737661,0.6298342541436464,0.6381340507340457,134.37446928024292
