precision,accuracy,recall,duration
0.8732215613936044,0.8768229166666667,0.8492499003469863,760.0416038036346
