precision,accuracy,recall,duration
0.6900970087592956,0.942,0.5812989085292356,177.29045224189758
