precision,accuracy,recall,duration
0.775864262990456,0.8634146341463415,0.817566844919786,1047.0605854988098
