precision,accuracy,recall,duration
0.8267270509917569,0.8235294117647058,0.8308682308682308,267.4986650943756
