precision,accuracy,recall,duration
0.796474358974359,0.796,0.796,263.3925988674164
