precision,accuracy,recall,duration
0.9717633965957657,0.9780233122875183,0.9637200945736484,2364.264671087265
