precision,accuracy,recall,duration
0.9710303494087292,0.9701492537313433,0.9701833757005536,264.7594504356384
