precision,accuracy,recall,duration
0.6229012258273128,0.734065934065934,0.5800240988973187,203.7615203857422
