precision,accuracy,recall,duration
0.7686188979408557,0.768,0.768,623.2068898677826
