precision,accuracy,recall,duration
0.983393011482899,0.9833333333333333,0.9833333333333334,68.5607795715332
