precision,accuracy,recall,duration
0.9598788586415195,0.9580487804878048,0.933001201711147,107.49407815933228
