precision,accuracy,recall,duration
0.9446654246228469,0.9390191897654584,0.9395582181037971,505.683087348938
