precision,accuracy,recall,duration
0.7733371126228269,0.77,0.6474126617923319,122.4347288608551
