precision,accuracy,recall,duration
0.9525053502536224,0.953170731707317,0.9370994877943971,112.18233227729797
