precision,accuracy,recall,duration
0.6443468572640452,0.7775,0.4941790271066422,650.8742733001709
