precision,accuracy,recall,duration
0.3798731138193081,0.32,0.3348258745323839,325.8310785293579
