precision,accuracy,recall,duration
0.5867893537141325,0.7125,0.593043657389649,160.20473098754883
