precision,accuracy,recall,duration
0.893963589181881,0.8906666666666667,0.8873829544200691,883.9593696594238
