precision,accuracy,recall,duration
0.9213736436548274,0.92071468453378,0.9209504981069572,503.71992015838623
