precision,accuracy,recall,duration
0.9583262694961906,0.9444444444444444,0.9203739522888459,495.20571064949036
