precision,accuracy,recall,duration
0.9188093930768083,0.9090909090909091,0.8779158040027606,506.9910454750061
