precision,accuracy,recall,duration
0.8475044475044475,0.8414322250639387,0.8430969930969932,878.4349386692047
