precision,accuracy,recall,duration
0.9621123619371283,0.9477124183006536,0.932865892972276,805.1967675685883
