precision,accuracy,recall,duration
0.5120527335870767,0.5064935064935064,0.5039507423432225,1676.6869752407074
