precision,accuracy,recall,duration
0.8793521180398667,0.8659420289855072,0.866653560846808,204.78531169891357
