precision,accuracy,recall,duration
0.9648673617836748,0.9648780487804878,0.9536590728260149,277.3810646533966
