precision,accuracy,recall,duration
0.9107668857631896,0.91,0.9083447283532964,247.4147825241089
