precision,accuracy,recall,duration
0.95425853485064,0.9559286463798531,0.9523366880998976,50.1351261138916
