precision,accuracy,recall,duration
0.9706329687106856,0.975594949004371,0.9574912050341734,2314.3865010738373
