precision,accuracy,recall,duration
0.7502928444104914,0.848780487804878,0.775017825311943,704.8138225078583
