precision,accuracy,recall,duration
0.80068630362748,0.8081841432225064,0.8151578526578525,877.4080324172974
