precision,accuracy,recall,duration
0.7400114361381966,0.8292682926829268,0.8064171122994651,272.32464361190796
