precision,accuracy,recall,duration
0.850906239946009,0.8589743589743589,0.8525796418908541,626.9277658462524
