precision,accuracy,recall,duration
0.74002574002574,0.7458563535911602,0.7337092731829574,220.30040049552917
