precision,accuracy,recall,duration
0.36946030021437276,0.5914786967418546,0.3622559183812244,144.49257254600525
