precision,accuracy,recall,duration
0.9324119321049802,0.932068206820682,0.9317840017436791,916.7714533805847
