precision,accuracy,recall,duration
0.8803746956042589,0.886,0.8706247077365386,1945.0822174549103
