precision,accuracy,recall,duration
0.6645320197044335,0.671875,0.6690283400809717,144.24952340126038
