precision,accuracy,recall,duration
0.3909853063994347,0.5989974937343359,0.3849911600707195,278.31318283081055
