precision,accuracy,recall,duration
0.5914510541058529,0.71,0.5853031013368567,148.31096577644348
