precision,accuracy,recall,duration
0.8394699144699145,0.8388746803069054,0.8415240165240165,668.1938180923462
