precision,accuracy,recall,duration
0.7964285714285714,0.7333333333333333,0.6583333333333333,144.54306745529175
