precision,accuracy,recall,duration
0.6412700591112722,0.735,0.6081532625836423,376.22206926345825
