precision,accuracy,recall,duration
0.8560959989213605,0.8571428571428571,0.8631847598213472,306.85663390159607
