precision,accuracy,recall,duration
0.8860119047619047,0.872,0.8369472973207017,3440.31884765625
