precision,accuracy,recall,duration
0.7577656270205514,0.7333333333333333,0.7333333333333333,323.3017165660858
