precision,accuracy,recall,duration
0.828525641025641,0.828,0.8280000000000001,679.4103267192841
