precision,accuracy,recall,duration
0.9545454545454546,0.95,0.95,491.7321820259094
