precision,accuracy,recall,duration
0.9186507936507936,0.9166666666666666,0.9220647773279352,98.2515161037445
