precision,accuracy,recall,duration
0.7612056792317441,0.8417582417582418,0.7378754433217282,829.953845500946
