precision,accuracy,recall,duration
0.9660423625069899,0.9659863945578231,0.9659719388911555,110.49782919883728
