precision,accuracy,recall,duration
0.8536538499109657,0.8461538461538461,0.8521529693539988,378.9527280330658
