precision,accuracy,recall,duration
0.68509163283554,0.9362222222222222,0.5893093860170103,507.5072708129883
