precision,accuracy,recall,duration
0.7821635602545631,0.795,0.7964035464035464,606.4201073646545
