precision,accuracy,recall,duration
0.962962962962963,0.9477124183006536,0.942698259187621,350.6460108757019
