precision,accuracy,recall,duration
0.8830532212885154,0.9384615384615385,0.9300314465408805,334.72065329551697
