precision,accuracy,recall,duration
0.6983451400582594,0.9397777777777778,0.5717388257861779,237.5185649394989
