precision,accuracy,recall,duration
0.9026082699918572,0.8313609467455622,0.925009815115282,925.4325289726257
