precision,accuracy,recall,duration
0.8887392723046665,0.8785357737104825,0.8931057472823016,385.8095910549164
