precision,accuracy,recall,duration
0.9294632396016403,0.9359916054564533,0.9372192712701519,49.57532286643982
