precision,accuracy,recall,duration
0.947898714427437,0.9675813501699855,0.9603216554935757,444.0390145778656
