precision,accuracy,recall,duration
0.5453101877596617,0.5454545454545454,0.543373429099389,513.1875464916229
