precision,accuracy,recall,duration
0.9399976699173901,0.9391401451702959,0.9393479772634226,1645.7868230342865
