precision,accuracy,recall,duration
0.9697634237107922,0.9628099173553719,0.9497035573122529,444.3843369483948
