precision,accuracy,recall,duration
0.9051643400453091,0.903,0.9004246496952717,230.988840341568
