precision,accuracy,recall,duration
0.47274144287174136,0.7425,0.48737990193912445,114.2941484451294
