precision,accuracy,recall,duration
0.75,0.7222222222222222,0.7222222222222222,75.39977598190308
