precision,accuracy,recall,duration
0.8698717948717949,0.8333333333333334,0.7638888888888888,111.29106330871582
