precision,accuracy,recall,duration
0.632420148478972,0.7516483516483516,0.6088729563350306,324.58137035369873
