precision,accuracy,recall,duration
0.5930356442597648,0.564935064935065,0.5656144867422095,341.79709696769714
