precision,accuracy,recall,duration
0.807495842242813,0.7942857142857143,0.8115030535046942,532.1812648773193
