precision,accuracy,recall,duration
0.8904078359643193,0.8833865814696485,0.878138519802298,386.1914083957672
