precision,accuracy,recall,duration
0.8422652817782432,0.8325,0.7309730687265895,71.87067914009094
