precision,accuracy,recall,duration
0.581577119036591,0.7391304347826086,0.5920193312434692,445.56607484817505
