precision,accuracy,recall,duration
0.7599567099567099,0.7513812154696132,0.7257518796992481,169.83867478370667
