precision,accuracy,recall,duration
0.75,0.6666666666666666,0.6666666666666667,282.49361395835876
