precision,accuracy,recall,duration
0.8144204157074073,0.8213541666666667,0.7831644315617905,277.0351004600525
