precision,accuracy,recall,duration
0.9429904890431207,0.9427936684254373,0.9425745355322821,490.3815245628357
