precision,accuracy,recall,duration
0.9714907855797685,0.9628099173553719,0.9528169897735116,143.89247918128967
