precision,accuracy,recall,duration
0.7384053152554101,0.775,0.6354399335804936,139.24526381492615
