precision,accuracy,recall,duration
0.9410311941004007,0.9408497639544571,0.9406364110589462,1644.6974968910217
