precision,accuracy,recall,duration
0.9513398203129998,0.9508654383026243,0.9509461612486951,865.6438732147217
