precision,accuracy,recall,duration
0.6514488791689447,0.75,0.6326201537172,149.68390345573425
