precision,accuracy,recall,duration
0.847829097154737,0.8538461538461538,0.8477249443815915,858.8792316913605
