precision,accuracy,recall,duration
0.8760749034915426,0.7946745562130177,0.9000625777406185,446.94634771347046
