precision,accuracy,recall,duration
0.47624257351549865,0.4381818181818182,0.45999203070474526,743.4934363365173
