precision,accuracy,recall,duration
0.5388429735444149,0.5194805194805194,0.515408457784136,244.55499601364136
