precision,accuracy,recall,duration
0.428292174375486,0.6240601503759399,0.41309618523051816,100.87788534164429
