precision,accuracy,recall,duration
0.9581551569501479,0.9568,0.9581308822302611,822.8066112995148
