precision,accuracy,recall,duration
0.4843735030849645,0.735,0.5060838052643808,192.44308185577393
