precision,accuracy,recall,duration
0.8450194093174318,0.8538461538461538,0.8465048873932788,272.2392168045044
