precision,accuracy,recall,duration
0.8547341588395446,0.8391304347826087,0.8395523191296788,586.9524636268616
