precision,accuracy,recall,duration
0.49274008019759596,0.38545454545454544,0.3855577650451176,263.9261164665222
