precision,accuracy,recall,duration
0.5069859985261607,0.5097402597402597,0.5093674526258247,391.06816267967224
