precision,accuracy,recall,duration
0.9491412269833894,0.9424307036247335,0.9429912434664731,1140.160705089569
