precision,accuracy,recall,duration
0.8161889536889537,0.7953964194373402,0.7970859845859846,143.74748873710632
