precision,accuracy,recall,duration
0.9531385281385282,0.934640522875817,0.9074790457769182,445.85157775878906
