precision,accuracy,recall,duration
0.9449916407988285,0.9450152735351292,0.9449660928534168,1585.4091174602509
