precision,accuracy,recall,duration
0.9441520935363766,0.9441821716189948,0.9441394807591991,1524.365791797638
