precision,accuracy,recall,duration
0.8645563971024769,0.8538461538461538,0.8571217719812155,443.3796536922455
