precision,accuracy,recall,duration
0.9549627195035147,0.9575609756097561,0.9407283778364169,167.10025763511658
