precision,accuracy,recall,duration
0.8545181419103834,0.8615384615384616,0.8541188894850688,879.5632328987122
