precision,accuracy,recall,duration
0.687826171291047,0.938,0.5769509619341457,316.9114248752594
