precision,accuracy,recall,duration
0.7052582135735729,0.9395555555555556,0.5682968660254473,181.97872233390808
