precision,accuracy,recall,duration
0.6824892665201044,0.7084639498432602,0.5846992252791868,204.6303083896637
