precision,accuracy,recall,duration
0.9895793861311103,0.9885714285714285,0.9891215106732348,212.9846065044403
