precision,accuracy,recall,duration
0.8508956575133045,0.8465473145780051,0.8497897747897748,1202.8923671245575
