precision,accuracy,recall,duration
0.5879608896850277,0.7175,0.5793057153816648,201.06401324272156
