precision,accuracy,recall,duration
0.79004329004329,0.7,0.7,385.49551129341125
