precision,accuracy,recall,duration
0.9153108773798428,0.9223504721930745,0.9360357841766844,385.6142408847809
