precision,accuracy,recall,duration
0.8588985376162098,0.8564102564102564,0.8578546489833744,352.5825364589691
