precision,accuracy,recall,duration
0.6892799193605614,0.9353333333333333,0.5855893751517603,388.0288350582123
