precision,accuracy,recall,duration
0.9662261768863823,0.9659863945578231,0.9659549390271545,163.66031694412231
