precision,accuracy,recall,duration
0.9647919159885572,0.9634146341463414,0.9440188969461804,158.6657326221466
