precision,accuracy,recall,duration
0.7496311150102352,0.8390243902439024,0.7990819964349377,327.681058883667
