precision,accuracy,recall,duration
0.9611202222831153,0.9606365159128978,0.9607108592145897,2365.765824317932
