precision,accuracy,recall,duration
0.47252747252747257,0.74,0.49816749822006906,79.43006372451782
