precision,accuracy,recall,duration
0.9508760487824527,0.9462809917355371,0.9294927144111926,276.4438941478729
