precision,accuracy,recall,duration
0.9453240969816923,0.9444444444444444,0.9444444444444444,386.1434407234192
