precision,accuracy,recall,duration
0.9665203202938869,0.9738950947061681,0.9567226650266649,1408.7656185626984
