precision,accuracy,recall,duration
0.5578231292517006,0.782608695652174,0.5310867293625914,209.1832892894745
