precision,accuracy,recall,duration
0.8861998047545864,0.7881656804733728,0.8963783173689066,486.03087162971497
