precision,accuracy,recall,duration
0.9230163817663819,0.915,0.9150000000000001,1105.4426572322845
