precision,accuracy,recall,duration
0.8702664796633941,0.87,0.84375,128.83264446258545
