precision,accuracy,recall,duration
0.83250154843013,0.8368298368298368,0.8197065829859362,1026.7051286697388
