precision,accuracy,recall,duration
0.9333333333333333,0.9333333333333333,0.9333333333333333,78.83328890800476
