precision,accuracy,recall,duration
0.8356950167491775,0.8403263403263403,0.8242246552750928,3749.6627135276794
