precision,accuracy,recall,duration
0.9028360748723767,0.9106529209621993,0.8879178501201661,673.4066185951233
