precision,accuracy,recall,duration
0.9543081003836819,0.9379084967320261,0.9052224371373307,203.96752905845642
