precision,accuracy,recall,duration
0.6172388853231476,0.6161616161616161,0.616161616161616,328.1425268650055
