precision,accuracy,recall,duration
0.9345556288325193,0.9297520661157025,0.90800395256917,156.45265340805054
