precision,accuracy,recall,duration
0.5618589743589744,0.8074534161490683,0.5126044932079415,191.77597188949585
