precision,accuracy,recall,duration
0.8893856538386149,0.8017751479289941,0.9030555219622911,392.42064595222473
