precision,accuracy,recall,duration
0.9607494278642911,0.96,0.9610972958488485,234.80596375465393
