precision,accuracy,recall,duration
0.8921384016356084,0.889776357827476,0.8865806534437384,701.4304881095886
