precision,accuracy,recall,duration
0.8214285714285714,0.6666666666666666,0.5361111111111111,76.14493179321289
