precision,accuracy,recall,duration
0.7743830290736984,0.8585365853658536,0.7663190730837789,474.5673258304596
