precision,accuracy,recall,duration
0.8044871794871795,0.804,0.804,398.4362087249756
