precision,accuracy,recall,duration
0.9503378010242999,0.9545454545454546,0.9485036702428008,135.6751585006714
