precision,accuracy,recall,duration
0.9755191879202062,0.9800874210781932,0.9658389280147289,1288.0545568466187
