precision,accuracy,recall,duration
0.8311688311688312,0.8082191780821918,0.8104010025062657,194.1557264328003
