precision,accuracy,recall,duration
0.7596431376999785,0.848780487804878,0.7596524064171123,280.7612302303314
