precision,accuracy,recall,duration
0.7445652173913043,0.7444444444444445,0.7444444444444445,324.11805033683777
