precision,accuracy,recall,duration
0.9425964425964426,0.9429824561403509,0.9435185185185185,177.9551830291748
