precision,accuracy,recall,duration
0.7362793180529142,0.7316666666666667,0.7582911884847305,204.39508605003357
