precision,accuracy,recall,duration
0.920585567943825,0.9146666666666666,0.9146666666666666,1018.180305480957
