precision,accuracy,recall,duration
0.8975653975653975,0.8933333333333333,0.8933333333333334,890.4508793354034
