precision,accuracy,recall,duration
0.8897668466827162,0.8853333333333333,0.8853333333333334,250.14579057693481
