precision,accuracy,recall,duration
0.7666666666666666,0.7,0.7000000000000001,217.65104722976685
