precision,accuracy,recall,duration
0.8404772661351607,0.8312020460358056,0.8403942903942904,300.8856177330017
