precision,accuracy,recall,duration
0.9400619547233993,0.9400166620383227,0.9398940652461779,848.2234513759613
