precision,accuracy,recall,duration
0.714278558100624,0.9404444444444444,0.5761348145010611,568.7946608066559
