precision,accuracy,recall,duration
0.8427892302892304,0.8260869565217391,0.8322966072966071,526.9279034137726
