precision,accuracy,recall,duration
0.9600840336134453,0.9690048939641109,0.9758883248730965,143.24032974243164
