precision,accuracy,recall,duration
0.8626593822870768,0.8564102564102564,0.8628261375184699,1208.9413976669312
