precision,accuracy,recall,duration
0.37505058666721913,0.6015037593984962,0.37094169532358023,144.86130380630493
