precision,accuracy,recall,duration
0.9683842703951598,0.9766877124817873,0.9633749932432479,3236.233689546585
