precision,accuracy,recall,duration
0.7827499827499828,0.782608695652174,0.7822171447171448,187.90620350837708
