precision,accuracy,recall,duration
0.9476012568798269,0.9420042643923241,0.9423879128108896,456.69893860816956
