precision,accuracy,recall,duration
0.9721943986762746,0.9760806216610005,0.9574840843429696,2360.82048535347
