precision,accuracy,recall,duration
0.47916817135509765,0.45636363636363636,0.4715575426259924,460.2738995552063
