precision,accuracy,recall,duration
0.8435403896970687,0.8427536231884057,0.8427873699332626,203.22689938545227
