precision,accuracy,recall,duration
0.9130875977443522,0.913176996091569,0.9132767587207609,384.0551059246063
