precision,accuracy,recall,duration
0.9446748175323983,0.9215686274509803,0.8820921985815602,217.5526638031006
