precision,accuracy,recall,duration
0.7362419117175988,0.736,0.736,186.26481890678406
