precision,accuracy,recall,duration
0.8061798767492432,0.7828571428571428,0.8018412177559019,173.2261610031128
