precision,accuracy,recall,duration
0.9304639297579497,0.9297520661157025,0.9053704749356922,1045.5567491054535
