precision,accuracy,recall,duration
0.8837121212121212,0.8666666666666667,0.8041666666666666,325.7532675266266
