precision,accuracy,recall,duration
0.8157051282051282,0.7666666666666667,0.6638888888888889,507.53713631629944
