precision,accuracy,recall,duration
0.7337104072398191,0.71,0.7511670881151526,161.34821486473083
