precision,accuracy,recall,duration
0.5067007797270956,0.7825,0.4968887220957489,324.1020619869232
