precision,accuracy,recall,duration
0.6412067468757482,0.7413793103448276,0.6060985295027145,164.05708289146423
