precision,accuracy,recall,duration
0.9669579310032186,0.966958211856171,0.9669579310032186,110.58634042739868
