precision,accuracy,recall,duration
0.9449094537537934,0.9281045751633987,0.882495164410058,204.19034838676453
