precision,accuracy,recall,duration
0.8160794032487608,0.8181818181818182,0.7950547436895872,1678.4780974388123
