precision,accuracy,recall,duration
0.8153371206002784,0.8312020460358056,0.8377895752895752,327.5546033382416
