precision,accuracy,recall,duration
0.9528342486305195,0.9522613065326633,0.9523520255040625,2245.2541658878326
