precision,accuracy,recall,duration
0.857241412271135,0.8682291666666667,0.8369640248476823,529.0797712802887
