precision,accuracy,recall,duration
0.640755229680703,0.6408839779005525,0.6602613602316988,312.0147726535797
