precision,accuracy,recall,duration
0.49005379473289923,0.487012987012987,0.482769471970946,1045.5300097465515
