precision,accuracy,recall,duration
0.9095238095238095,0.9051580698835274,0.9169096209912537,51.0095796585083
