precision,accuracy,recall,duration
0.9581913613804058,0.9560975609756097,0.9304561171856551,169.52812123298645
