precision,accuracy,recall,duration
0.6267168194434589,0.7335423197492164,0.5836333826784346,421.39297676086426
