precision,accuracy,recall,duration
0.9555256797710439,0.9536585365853658,0.9367541722311861,265.4622585773468
