precision,accuracy,recall,duration
0.9562984084487562,0.9411764705882353,0.9127981947130883,194.98998260498047
