precision,accuracy,recall,duration
0.9224574705821791,0.9224422442244224,0.9223372566114502,503.9961404800415
