precision,accuracy,recall,duration
0.82768509213522,0.8102564102564103,0.8223308454623478,132.74923753738403
