precision,accuracy,recall,duration
0.7616747181964574,0.76,0.76,583.3490555286407
