precision,accuracy,recall,duration
0.9472291898922334,0.950682056663169,0.9486045102972696,184.72780632972717
