precision,accuracy,recall,duration
0.7251676994604602,0.7173333333333334,0.7173333333333334,984.7978794574738
