precision,accuracy,recall,duration
0.9690777810099561,0.9774162214667315,0.9647225463589884,3884.9310064315796
