precision,accuracy,recall,duration
0.8920454545454546,0.8833333333333333,0.8742047426257953,157.957266330719
