precision,accuracy,recall,duration
0.4687966622749231,0.75,0.4841912093061123,190.0473575592041
