precision,accuracy,recall,duration
0.8890619270813597,0.8853333333333333,0.8853333333333334,384.2203640937805
