precision,accuracy,recall,duration
0.8904303399489094,0.8865814696485623,0.8826112073945696,522.8514978885651
