precision,accuracy,recall,duration
0.8929500320874432,0.8171597633136095,0.9103974182617363,345.35320258140564
