precision,accuracy,recall,duration
0.8378768753768754,0.8184143222506394,0.8245906870906871,244.30623698234558
