precision,accuracy,recall,duration
0.4898461798932152,0.765,0.5085959291446199,387.2637240886688
