precision,accuracy,recall,duration
0.736205351427474,0.7277777777777777,0.7277777777777777,264.17742586135864
