precision,accuracy,recall,duration
0.8535696940262263,0.85,0.8159722222222222,112.77531576156616
