precision,accuracy,recall,duration
0.796345899597258,0.795,0.6850724454698147,84.82250666618347
