precision,accuracy,recall,duration
0.7697231941239236,0.8,0.6746496332770912,452.42047595977783
