precision,accuracy,recall,duration
0.9493812673351825,0.9313725490196079,0.8999032882011606,183.50576281547546
