precision,accuracy,recall,duration
0.8666666666666668,0.7945205479452054,0.7808031984723715,327.45038294792175
