precision,accuracy,recall,duration
0.986842105263158,0.9866666666666667,0.986842105263158,66.56485748291016
