precision,accuracy,recall,duration
0.8597113952493575,0.8615384615384616,0.8551619828943146,478.96646642684937
