precision,accuracy,recall,duration
0.8987543320967843,0.7893491124260354,0.9018356945338485,663.9206600189209
