precision,accuracy,recall,duration
0.9465738066281545,0.9313725490196079,0.8900709219858156,486.713782787323
