precision,accuracy,recall,duration
0.9473684210526316,0.9473684210526315,0.9486111111111111,164.09848952293396
