precision,accuracy,recall,duration
0.8506921645313418,0.8606770833333334,0.8295222587986473,313.214732170105
