precision,accuracy,recall,duration
0.6928830930650823,0.9368888888888889,0.5939206816980735,442.5465934276581
