precision,accuracy,recall,duration
0.9716011473827671,0.9776590577950461,0.9625932914398309,2335.4230692386627
