precision,accuracy,recall,duration
0.9333333333333332,0.9166666666666666,0.9166666666666666,103.09636449813843
