precision,accuracy,recall,duration
0.9164420472778461,0.9122662266226622,0.9111577303109561,2535.8777425289154
