precision,accuracy,recall,duration
0.5371621103069495,0.538961038961039,0.5364657534943633,1125.043956041336
