precision,accuracy,recall,duration
0.6686868686868687,0.6629834254143646,0.641373589333866,144.1773316860199
