precision,accuracy,recall,duration
0.9579506710980557,0.9568,0.9577624607748831,327.68868803977966
