precision,accuracy,recall,duration
0.9293422780922781,0.9183333333333333,0.9183333333333334,2222.6059119701385
