precision,accuracy,recall,duration
0.8392262392262392,0.8439897698209718,0.8447603447603448,892.7661356925964
