precision,accuracy,recall,duration
0.966964442044878,0.9664,0.9678247058060723,121.50694298744202
