precision,accuracy,recall,duration
0.9558189655172413,0.956140350877193,0.9569444444444444,127.35325884819031
