precision,accuracy,recall,duration
0.6050101214574899,0.6894409937888198,0.6626175548589341,119.78695106506348
