precision,accuracy,recall,duration
0.8132503192848021,0.7942857142857143,0.8115030535046942,207.66857409477234
