precision,accuracy,recall,duration
0.9024859943977591,0.896,0.896,590.1745975017548
