precision,accuracy,recall,duration
0.8425704127470431,0.8333333333333334,0.8353237377036288,443.25655937194824
