precision,accuracy,recall,duration
0.6191485658590922,0.735,0.5886281947463382,125.96821212768555
