precision,accuracy,recall,duration
0.8298005726969281,0.844,0.837111830824919,383.87061882019043
