precision,accuracy,recall,duration
0.7595011606208184,0.7733333333333333,0.7717717717717718,150.25894808769226
