precision,accuracy,recall,duration
0.9286081266228325,0.9183333333333333,0.9183333333333333,3253.177604675293
