precision,accuracy,recall,duration
0.8439132559562531,0.8461538461538461,0.8459258028025204,914.3243427276611
