precision,accuracy,recall,duration
0.6489136925267558,0.75,0.6326201537172,100.52051639556885
