precision,accuracy,recall,duration
0.9402852049910874,0.94,0.9288194444444444,107.03428673744202
