precision,accuracy,recall,duration
0.5470238095238096,0.7577639751552795,0.5361154649947754,564.6616983413696
