precision,accuracy,recall,duration
0.7272727272727273,0.724,0.724,1126.1404237747192
