precision,accuracy,recall,duration
0.8060344827586207,0.8032786885245902,0.8073593073593073,540.4719002246857
