precision,accuracy,recall,duration
0.9382484182484183,0.9266666666666666,0.9266666666666669,2004.5325932502747
