precision,accuracy,recall,duration
0.9082278481012658,0.9034941763727121,0.9154518950437318,385.8109784126282
