precision,accuracy,recall,duration
0.6568978137941552,0.7582417582417582,0.5945474264469621,324.0232620239258
