precision,accuracy,recall,duration
0.6892991767124401,0.9397777777777778,0.5769234880689001,360.69652557373047
