precision,accuracy,recall,duration
0.7860981244780472,0.7921052631578948,0.7664533282457443,848.5055823326111
