precision,accuracy,recall,duration
0.8049628942486086,0.7945205479452054,0.8231411862990811,199.5661175251007
