precision,accuracy,recall,duration
0.895642118393015,0.8937699680511182,0.8909134090763207,46.42822074890137
