precision,accuracy,recall,duration
0.960667755220394,0.9734094220495386,0.9620570231546134,750.6016235351562
