precision,accuracy,recall,duration
0.920739850422319,0.9198771635957566,0.920245185351016,3147.378926515579
