precision,accuracy,recall,duration
0.9421575931740372,0.9380165289256198,0.9175230566534914,505.1902117729187
