precision,accuracy,recall,duration
0.9329755892255893,0.9233333333333333,0.9233333333333333,2364.72585439682
