precision,accuracy,recall,duration
0.942548147334505,0.9485834207764953,0.9505404901686703,351.60298705101013
