precision,accuracy,recall,duration
0.641915151446833,0.6408839779005525,0.6362152951163488,139.43684029579163
