precision,accuracy,recall,duration
0.9341909945571499,0.9333333333333333,0.9333333333333333,385.93612813949585
