precision,accuracy,recall,duration
0.6352175558970344,0.6974921630094044,0.5450740561319989,229.51196217536926
