precision,accuracy,recall,duration
0.9373212690749362,0.9369067560022334,0.937149207503119,1707.5407915115356
