precision,accuracy,recall,duration
0.8485023535356772,0.85546875,0.8254512555186816,197.8838939666748
