precision,accuracy,recall,duration
0.6194842736306151,0.6187845303867403,0.6240303355637671,406.8371059894562
