precision,accuracy,recall,duration
0.6924102582200573,0.9346666666666666,0.5870635244256983,352.99270033836365
