precision,accuracy,recall,duration
0.7368863307954779,0.76,0.6471831012859215,466.4598546028137
