precision,accuracy,recall,duration
0.7207801329580374,0.7802197802197802,0.6494710348646882,542.1477868556976
