precision,accuracy,recall,duration
0.740952380952381,0.6666666666666666,0.6666666666666666,89.25775241851807
