precision,accuracy,recall,duration
0.5172817737264397,0.5162337662337663,0.5148252309463786,1224.4872069358826
