precision,accuracy,recall,duration
0.9982440723953998,0.9982440737489026,0.9982440723953998,64.97560048103333
