precision,accuracy,recall,duration
0.8113503098085383,0.8,0.8093980403561857,380.04272270202637
