precision,accuracy,recall,duration
0.6299833442683581,0.6313131313131313,0.6313131313131313,251.83595943450928
