precision,accuracy,recall,duration
0.9770803666111195,0.9758793969849247,0.9755749759301207,618.2047612667084
