precision,accuracy,recall,duration
0.9465403582442734,0.9281045751633987,0.892327530625403,187.21526384353638
