precision,accuracy,recall,duration
0.9442228942687939,0.9462809917355371,0.9314903695338477,480.90748381614685
