precision,accuracy,recall,duration
0.8292674993494665,0.8057142857142857,0.8269984504603044,78.60599064826965
