precision,accuracy,recall,duration
0.847545575607292,0.8219633943427621,0.8421022894207517,385.71882486343384
