precision,accuracy,recall,duration
0.8298913923320029,0.8114285714285714,0.8274541974295871,137.11830496788025
