precision,accuracy,recall,duration
0.7906666666666666,0.805,0.7922565422565422,203.9871165752411
