precision,accuracy,recall,duration
0.9733682266009853,0.9736842105263158,0.974537037037037,388.2783386707306
