precision,accuracy,recall,duration
0.9577017164520972,0.964390243902439,0.9526524852582646,170.44155764579773
