precision,accuracy,recall,duration
0.7228260869565217,0.7292817679558011,0.7157894736842105,259.93136644363403
