precision,accuracy,recall,duration
0.7552727272727273,0.7166666666666667,0.7166666666666667,507.3942892551422
