precision,accuracy,recall,duration
0.7665640721285883,0.7710526315789473,0.7269491793189714,181.10719084739685
