precision,accuracy,recall,duration
0.9253269878269879,0.9166666666666666,0.9166666666666666,1518.765103340149
