precision,accuracy,recall,duration
0.9170048701298701,0.9,0.9000000000000001,589.3362090587616
