precision,accuracy,recall,duration
0.8370612833901507,0.8358974358974359,0.8380761402046285,704.0919423103333
