{"dataset": "50words", "depth": 3, "nb_filters": 16, "batch_size": 16, "kernel_size": 32, "use_residual": "True", "use_bottleneck": "True", "acc": 0.7582417582417582, "precision": 0.6183781648055741, "recall": 0.617032406241849, "budget_ran": 1500, "duration": 353.41886377334595}
{"dataset": "50words", "depth": 3, "nb_filters": 16, "batch_size": 16, "kernel_size": 32, "use_residual": "True", "use_bottleneck": "True", "acc": 0.7472527472527473, "precision": 0.6377845792055049, "recall": 0.5887843057870922, "budget_ran": 1500, "duration": 351.82246446609497}
{"dataset": "50words", "depth": 3, "nb_filters": 16, "batch_size": 16, "kernel_size": 32, "use_residual": "True", "use_bottleneck": "True", "acc": 0.7538461538461538, "precision": 0.6434807172497389, "recall": 0.6311652235793103, "budget_ran": 1500, "duration": 354.48313212394714}
{"dataset": "50words", "depth": 3, "nb_filters": 16, "batch_size": 16, "kernel_size": 32, "use_residual": "True", "use_bottleneck": "True", "acc": 0.7362637362637363, "precision": 0.597038301956117, "recall": 0.5837704179377554, "budget_ran": 1500, "duration": 352.05169677734375}
{"dataset": "50words", "depth": 3, "nb_filters": 16, "batch_size": 16, "kernel_size": 32, "use_residual": "True", "use_bottleneck": "True", "acc": 0.7494505494505495, "precision": 0.6344972478501889, "recall": 0.6095851829800746, "budget_ran": 1500, "duration": 352.9448993206024}
{"dataset": "50words", "depth": 3, "nb_filters": 16, "batch_size": 16, "kernel_size": 32, "use_residual": "True", "use_bottleneck": "True", "acc": 0.734065934065934, "precision": 0.5939587912087911, "recall": 0.5661570145197081, "budget_ran": 1500, "duration": 352.4203791618347}
{"dataset": "50words", "depth": 3, "nb_filters": 16, "batch_size": 16, "kernel_size": 32, "use_residual": "True", "use_bottleneck": "True", "acc": 0.7494505494505495, "precision": 0.6135692589091879, "recall": 0.6138750352502674, "budget_ran": 1500, "duration": 352.1955246925354}
{"dataset": "50words", "depth": 3, "nb_filters": 16, "batch_size": 16, "kernel_size": 32, "use_residual": "True", "use_bottleneck": "True", "acc": 0.7516483516483516, "precision": 0.6499519338297065, "recall": 0.6036373255915052, "budget_ran": 1500, "duration": 353.59110951423645}
{"dataset": "50words", "depth": 3, "nb_filters": 16, "batch_size": 16, "kernel_size": 32, "use_residual": "True", "use_bottleneck": "True", "acc": 0.7538461538461538, "precision": 0.6499699670683239, "recall": 0.6127983261320722, "budget_ran": 1500, "duration": 353.635427236557}
{"dataset": "50words", "depth": 3, "nb_filters": 16, "batch_size": 16, "kernel_size": 32, "use_residual": "True", "use_bottleneck": "True", "acc": 0.7186813186813187, "precision": 0.6235955362027358, "recall": 0.5675876816853598, "budget_ran": 1500, "duration": 352.7870616912842}
