precision,accuracy,recall,duration
0.9448275862068966,0.9467554076539102,0.9533527696793003,325.89844012260437
