precision,accuracy,recall,duration
0.9866642958748222,0.9866666666666667,0.9866642958748222,428.3267095088959
