precision,accuracy,recall,duration
0.7312640450226656,0.8175824175824176,0.7237738066886675,1547.3463258743286
