precision,accuracy,recall,duration
0.7640690079515334,0.744,0.7440000000000001,383.9740557670593
