precision,accuracy,recall,duration
0.9838651004168246,0.9828571428571429,0.9836542767577251,577.4645354747772
