precision,accuracy,recall,duration
0.9144591900474254,0.9016666666666666,0.9016666666666667,1465.787834405899
