precision,accuracy,recall,duration
0.7842911141008393,0.784,0.784,366.81064224243164
