precision,accuracy,recall,duration
0.49676825233438715,0.512987012987013,0.5096821961205079,711.2409896850586
