precision,accuracy,recall,duration
0.797677376624745,0.7657142857142857,0.788806854434418,76.60783362388611
