precision,accuracy,recall,duration
0.53482722130998,0.5227272727272727,0.524173817862761,565.5770902633667
