precision,accuracy,recall,duration
0.9745682395055032,0.9764448761534725,0.9558511248119647,1096.5581755638123
