precision,accuracy,recall,duration
0.7200424939277472,0.9375555555555556,0.5845314419750205,112.37454628944397
