precision,accuracy,recall,duration
0.8369978397896846,0.8333333333333334,0.8405598542148685,280.31970834732056
