precision,accuracy,recall,duration
0.9335847948347948,0.9233333333333333,0.9233333333333335,1068.4621019363403
