precision,accuracy,recall,duration
0.9658114031906404,0.9634146341463414,0.948275146243993,363.75546288490295
