precision,accuracy,recall,duration
0.98,0.98,0.9800853485064012,145.1749143600464
