precision,accuracy,recall,duration
0.6583610188261351,0.8167701863354038,0.5653735632183908,263.2624034881592
