precision,accuracy,recall,duration
0.9248625687156421,0.9204545454545454,0.9291958041958042,528.2816321849823
