precision,accuracy,recall,duration
0.7627050322797588,0.7605263157894737,0.7243511371270426,143.36689972877502
