precision,accuracy,recall,duration
0.8805990316792724,0.8041420118343195,0.9072838921423194,203.84874606132507
