precision,accuracy,recall,duration
0.5030971088020243,0.4781818181818182,0.4898218442788049,446.3845682144165
