precision,accuracy,recall,duration
0.8522687281823963,0.8536458333333333,0.8158441583495794,315.2458484172821
