precision,accuracy,recall,duration
0.9370015948963317,0.9333333333333333,0.9333333333333332,385.9746584892273
