precision,accuracy,recall,duration
0.7338383838383838,0.7292817679558011,0.7030701754385965,173.5636703968048
