precision,accuracy,recall,duration
0.8041734771711888,0.825,0.7156150882468846,139.24721789360046
