precision,accuracy,recall,duration
0.9534435307159687,0.9504132231404959,0.9304849739632349,143.26017332077026
