precision,accuracy,recall,duration
0.8395815433606706,0.8358974358974359,0.8367745702232959,1082.5710351467133
