precision,accuracy,recall,duration
0.9666666666666667,0.9545454545454546,0.9580419580419581,130.93765664100647
