precision,accuracy,recall,duration
0.8263093375653107,0.8291666666666667,0.7863181353099188,119.28064250946045
