precision,accuracy,recall,duration
0.7779812227798123,0.785,0.687839797374593,208.06085515022278
