precision,accuracy,recall,duration
0.8974927174365377,0.895367412140575,0.8923948905578022,146.11450958251953
