precision,accuracy,recall,duration
0.4636365342039101,0.735,0.4814608283285358,267.24954628944397
