precision,accuracy,recall,duration
0.7921523852107352,0.7925,0.6739613343587036,195.46352434158325
