precision,accuracy,recall,duration
0.806822556087262,0.8132992327365729,0.8174644049644049,478.03871417045593
