precision,accuracy,recall,duration
0.6888818493762163,0.756043956043956,0.6155856643872124,382.70888090133667
