precision,accuracy,recall,duration
0.8649339860265259,0.8615942028985507,0.8613579608589649,263.28293776512146
