precision,accuracy,recall,duration
0.9605993507212672,0.9678048780487805,0.9495046825952829,233.8168704509735
