precision,accuracy,recall,duration
0.7886876318949309,0.8,0.7711860816790483,331.4365658760071
