precision,accuracy,recall,duration
0.9679121468027555,0.9668341708542714,0.9671267431219781,130.6574001312256
