precision,accuracy,recall,duration
0.8944404591104735,0.8943333333333333,0.8930042246077932,437.61967039108276
