precision,accuracy,recall,duration
0.8892166943965117,0.895,0.8818606141429537,3254.6128692626953
