precision,accuracy,recall,duration
0.49655903043110117,0.73,0.4856236130297657,120.03065085411072
