precision,accuracy,recall,duration
0.9701600232070268,0.9779018941233608,0.9650030119318392,1255.2444171905518
