precision,accuracy,recall,duration
0.780952380952381,0.7,0.7,186.16935658454895
