precision,accuracy,recall,duration
0.46798121003682075,0.7475,0.47985289709161116,195.23213815689087
