precision,accuracy,recall,duration
0.8828266275601666,0.8801916932907349,0.8766852814686437,927.6791234016418
