precision,accuracy,recall,duration
0.9679746626445809,0.9663113006396589,0.9663309171700598,660.3515462875366
