precision,accuracy,recall,duration
0.6665461009331533,0.9355555555555556,0.5735828258697567,599.883585691452
