precision,accuracy,recall,duration
0.6794823705926482,0.6761904761904762,0.6737472766884531,214.92712569236755
