precision,accuracy,recall,duration
0.5117280761144568,0.7575,0.511728698515737,172.29101157188416
