precision,accuracy,recall,duration
0.8584875592957487,0.8538461538461538,0.8548776139021429,536.2492351531982
