precision,accuracy,recall,duration
0.8441416078995415,0.8435897435897436,0.8452614780045585,523.0561995506287
