precision,accuracy,recall,duration
0.6282807261547078,0.6297979797979798,0.6297979797979797,185.05569863319397
