precision,accuracy,recall,duration
0.9984978308677731,0.9985,0.998500415032631,218.05848288536072
