precision,accuracy,recall,duration
0.8161402112566174,0.8128205128205128,0.8206505425292411,174.30373191833496
