precision,accuracy,recall,duration
0.4472278387757264,0.725,0.45665513186272727,324.0723147392273
