precision,accuracy,recall,duration
0.9539136440653969,0.9580487804878048,0.9348140579869997,467.3114469051361
