precision,accuracy,recall,duration
0.7449173217674167,0.7458563535911602,0.7264411027568922,191.14080333709717
