precision,accuracy,recall,duration
0.7832512315270936,0.776,0.776,1939.5227262973785
