precision,accuracy,recall,duration
0.9407653749759013,0.9150326797385621,0.866940683430045,323.85222268104553
