precision,accuracy,recall,duration
0.9774986917844061,0.9771428571428571,0.979093361482524,225.17785573005676
