precision,accuracy,recall,duration
0.4026269657267261,0.5964912280701754,0.39076498173728896,62.15405821800232
