precision,accuracy,recall,duration
0.9461168720881794,0.9458483754512635,0.9455960836242527,1898.659633398056
