precision,accuracy,recall,duration
0.7095827661492584,0.8043956043956044,0.6745448077206591,618.8328876495361
