precision,accuracy,recall,duration
0.7922993144980459,0.792,0.792,398.17400765419006
