precision,accuracy,recall,duration
0.8234750645879227,0.805,0.6869548416223806,84.08531355857849
