precision,accuracy,recall,duration
0.9289448133076319,0.9214876033057852,0.8954388606562519,744.6301610469818
