precision,accuracy,recall,duration
0.4396993612719419,0.7775,0.44846708833626603,388.6233232021332
