precision,accuracy,recall,duration
0.9168240435728922,0.9168062534896706,0.9171685046880205,987.4219682216644
