precision,accuracy,recall,duration
0.9692944202169294,0.9717138103161398,0.9742581417949239,77.91674971580505
