precision,accuracy,recall,duration
0.8683261183261184,0.8356164383561644,0.83734335839599,213.82320380210876
