precision,accuracy,recall,duration
0.9967213114754099,0.9966666666666667,0.9966666666666667,531.4019317626953
