precision,accuracy,recall,duration
0.8118524217176178,0.8051282051282052,0.8074753762715878,406.1673402786255
