precision,accuracy,recall,duration
0.8405740810913225,0.8391304347826087,0.8390440609064809,744.3857245445251
