precision,accuracy,recall,duration
0.8330292466441763,0.8384615384615385,0.8285611016574772,382.7025616168976
