precision,accuracy,recall,duration
0.62661214754238,0.6353591160220995,0.6170756266853091,384.28998470306396
