precision,accuracy,recall,duration
0.6012426178401282,0.725,0.5915391609484436,276.9917378425598
