precision,accuracy,recall,duration
0.8417347569033913,0.85078125,0.8194617079086638,324.69591093063354
