precision,accuracy,recall,duration
0.9015664833198197,0.9049586776859504,0.8732574189095929,925.7634723186493
