precision,accuracy,recall,duration
0.8991818688656372,0.8977635782747604,0.8952461647089031,317.6918671131134
