precision,accuracy,recall,duration
0.953276955602537,0.934640522875817,0.8976466795615732,496.68856716156006
