precision,accuracy,recall,duration
0.7513528138528138,0.7633333333333333,0.7656942656942657,328.98477816581726
