precision,accuracy,recall,duration
0.9460974886969336,0.944,0.9458191199184988,577.4326546192169
