precision,accuracy,recall,duration
0.9585660625936235,0.9568,0.9583910085773439,1166.2735741138458
