precision,accuracy,recall,duration
0.8272934421988257,0.8424479166666666,0.8134689949279569,607.0026454925537
