precision,accuracy,recall,duration
0.9134083402146986,0.9129392971246006,0.9113332049553886,209.11814880371094
