precision,accuracy,recall,duration
0.9441366661624566,0.944386149003148,0.9377877178268568,351.5670337677002
