precision,accuracy,recall,duration
0.968499352900602,0.9758377853326857,0.960540194018591,3086.914594888687
