precision,accuracy,recall,duration
0.9734130258270346,0.9777804759592035,0.9612358773150552,1793.2183821201324
