{"config": [9, 32, 32, 41, 1, 0], "accuracy": 0.817679558}
{"config": [6, 16, 64, 64, 0, 1], "accuracy": 0.8066298343}
{"config": [9, 64, 16, 32, 1, 0], "accuracy": 0.8165745856000001}
{"config": [3, 16, 32, 41, 0, 1], "accuracy": 0.7635359116}
{"config": [6, 64, 16, 41, 1, 1], "accuracy": 0.8254143646000001}
{"config": [9, 16, 128, 64, 1, 0], "accuracy": 0.8198895028000001}
{"config": [6, 64, 16, 41, 1, 0], "accuracy": 0.8232044199}
{"config": [9, 64, 128, 64, 1, 1], "accuracy": 0.8309392265000001}
{"config": [9, 64, 64, 41, 0, 1], "accuracy": 0.8220994475000001}
{"config": [9, 64, 32, 64, 0, 1], "accuracy": 0.8209944751}
{"config": [9, 32, 128, 32, 0, 1], "accuracy": 0.7734806630000001}
{"config": [9, 16, 16, 64, 1, 1], "accuracy": 0.8110497238000001}
{"config": [3, 32, 128, 64, 0, 0], "accuracy": 0.8209944751}
{"config": [3, 64, 128, 32, 1, 0], "accuracy": 0.7701657459}
{"config": [9, 64, 64, 64, 1, 0], "accuracy": 0.844198895}
{"config": [3, 32, 16, 64, 1, 1], "accuracy": 0.8154696133}
{"config": [9, 32, 64, 32, 1, 1], "accuracy": 0.7867403315}
{"config": [9, 32, 64, 64, 0, 1], "accuracy": 0.8287292818}
{"config": [3, 64, 32, 32, 1, 1], "accuracy": 0.7856353591}
{"config": [9, 32, 16, 32, 0, 1], "accuracy": 0.8143646409}
{"config": [3, 16, 128, 41, 1, 0], "accuracy": 0.7569060773}
{"config": [3, 64, 64, 64, 0, 1], "accuracy": 0.8132596685}
{"config": [6, 64, 16, 64, 1, 1], "accuracy": 0.8309392265000001}
{"config": [9, 32, 128, 64, 1, 1], "accuracy": 0.8209944751}
{"config": [9, 32, 32, 64, 1, 1], "accuracy": 0.8331491713}
{"config": [3, 64, 128, 64, 1, 0], "accuracy": 0.8154696133}
{"config": [9, 16, 16, 32, 1, 1], "accuracy": 0.7988950276}
{"config": [9, 64, 128, 41, 1, 0], "accuracy": 0.8066298343}
{"config": [9, 16, 64, 41, 0, 0], "accuracy": 0.7779005525}
{"config": [3, 16, 128, 64, 1, 1], "accuracy": 0.7944751381}
{"config": [9, 64, 64, 32, 1, 0], "accuracy": 0.7834254144}
{"config": [9, 64, 32, 41, 0, 0], "accuracy": 0.8298342541}
{"config": [3, 16, 32, 64, 1, 0], "accuracy": 0.7988950276}
{"config": [3, 32, 64, 64, 1, 1], "accuracy": 0.8232044199}
{"config": [3, 32, 16, 41, 1, 0], "accuracy": 0.7933701657000001}
{"config": [3, 32, 128, 41, 1, 0], "accuracy": 0.7834254144}
{"config": [3, 64, 32, 64, 1, 1], "accuracy": 0.835359116}
{"config": [9, 16, 32, 32, 1, 0], "accuracy": 0.7657458564}
{"config": [3, 64, 64, 41, 1, 0], "accuracy": 0.8022099448000001}
{"config": [9, 32, 64, 41, 1, 0], "accuracy": 0.8033149171}
{"config": [9, 16, 16, 41, 0, 0], "accuracy": 0.8099447514}
{"config": [3, 32, 32, 64, 0, 1], "accuracy": 0.817679558}
{"config": [3, 64, 128, 41, 0, 1], "accuracy": 0.7878453039000001}
{"config": [3, 64, 16, 64, 0, 1], "accuracy": 0.8209944751}
{"config": [9, 16, 128, 32, 1, 0], "accuracy": 0.7613259669}
{"config": [9, 32, 16, 41, 0, 1], "accuracy": 0.8254143646000001}
{"config": [9, 16, 32, 64, 1, 1], "accuracy": 0.808839779}
{"config": [3, 32, 64, 32, 1, 0], "accuracy": 0.7701657459}
{"config": [3, 16, 128, 32, 0, 0], "accuracy": 0.7513812155}
{"config": [3, 16, 16, 64, 1, 1], "accuracy": 0.7977900552}
