{"config": [3, 16, 128, 41, 0, 0], "accuracy": 0.816862649}
{"config": [3, 16, 128, 41, 0, 1], "accuracy": 0.7913604442000001}
{"config": [6, 32, 32, 32, 0, 0], "accuracy": 0.845100441}
{"config": [6, 64, 64, 64, 0, 0], "accuracy": 0.8143312102}
{"config": [9, 16, 16, 41, 1, 0], "accuracy": 0.8502123142}
{"config": [6, 16, 64, 32, 1, 0], "accuracy": 0.8553731831}
{"config": [9, 64, 128, 32, 1, 0], "accuracy": 0.8424791769000001}
{"config": [9, 64, 16, 32, 1, 0], "accuracy": 0.84377756}
{"config": [9, 16, 64, 41, 0, 0], "accuracy": 0.8181773640000001}
{"config": [3, 32, 16, 64, 1, 0], "accuracy": 0.8246202842}
{"config": [3, 64, 128, 64, 1, 0], "accuracy": 0.8207414666}
{"config": [3, 16, 16, 32, 1, 0], "accuracy": 0.8143312102}
{"config": [9, 64, 64, 32, 1, 0], "accuracy": 0.8181936959}
{"config": [6, 64, 16, 64, 1, 0], "accuracy": 0.8206679732000001}
{"config": [9, 16, 128, 32, 1, 0], "accuracy": 0.8450841091}
{"config": [6, 32, 128, 32, 1, 0], "accuracy": 0.8540584681000001}
{"config": [3, 64, 128, 32, 1, 0], "accuracy": 0.8489220970000001}
{"config": [9, 32, 16, 32, 1, 0], "accuracy": 0.8438020578000001}
{"config": [9, 16, 32, 64, 1, 0], "accuracy": 0.8361424138}
{"config": [9, 16, 128, 64, 1, 0], "accuracy": 0.8220316838}
{"config": [9, 16, 32, 32, 1, 0], "accuracy": 0.8386575208}
{"config": [3, 32, 64, 32, 1, 0], "accuracy": 0.8335048179000001}
{"config": [9, 16, 16, 64, 0, 1], "accuracy": 0.8310142087}
{"config": [3, 64, 32, 32, 1, 0], "accuracy": 0.8219990201}
{"config": [9, 64, 32, 64, 1, 0], "accuracy": 0.8233790626}
{"config": [3, 16, 64, 64, 1, 0], "accuracy": 0.8002694757000001}
{"config": [3, 32, 128, 64, 0, 0], "accuracy": 0.8143148783}
{"config": [3, 16, 32, 41, 1, 0], "accuracy": 0.8296749959}
{"config": [9, 64, 32, 41, 0, 0], "accuracy": 0.8347623714}
{"config": [9, 32, 128, 41, 1, 0], "accuracy": 0.8552833578}
{"config": [3, 64, 16, 41, 1, 0], "accuracy": 0.8437367304000001}
{"config": [9, 32, 32, 64, 1, 0], "accuracy": 0.8232892373}
{"config": [9, 64, 128, 64, 1, 0], "accuracy": 0.8117181120000001}
{"config": [6, 64, 128, 41, 0, 0], "accuracy": 0.8412297893}
{"config": [3, 64, 64, 41, 1, 0], "accuracy": 0.8322146007000001}
{"config": [3, 16, 32, 64, 0, 0], "accuracy": 0.8078719582}
{"config": [9, 32, 32, 41, 1, 0], "accuracy": 0.8361097501}
{"config": [9, 32, 128, 32, 0, 0], "accuracy": 0.8245794545}
{"config": [3, 32, 16, 41, 0, 0], "accuracy": 0.8130981545}
{"config": [6, 32, 64, 64, 0, 0], "accuracy": 0.8233627307}
{"config": [3, 64, 32, 64, 1, 1], "accuracy": 0.8156132615}
{"config": [9, 64, 16, 41, 1, 1], "accuracy": 0.8501633186}
{"config": [9, 32, 64, 32, 1, 0], "accuracy": 0.8411889597000001}
{"config": [6, 16, 16, 64, 1, 0], "accuracy": 0.8451167728000001}
{"config": [9, 64, 64, 41, 1, 0], "accuracy": 0.8374326311}
{"config": [3, 64, 16, 32, 0, 1], "accuracy": 0.8387146823}
{"config": [9, 16, 64, 64, 0, 0], "accuracy": 0.8271435571}
{"config": [9, 32, 128, 64, 1, 1], "accuracy": 0.8335293157}
{"config": [3, 16, 128, 32, 0, 0], "accuracy": 0.7976727095}
{"config": [9, 32, 32, 32, 1, 1], "accuracy": 0.8399314062000001}
