{"config": [3, 64, 128, 41, 1, 1], "accuracy": 0.6754067151}
{"config": [9, 64, 128, 64, 1, 0], "accuracy": 0.7160609207}
{"config": [9, 16, 64, 32, 1, 1], "accuracy": 0.7681204569000001}
{"config": [9, 64, 16, 41, 1, 1], "accuracy": 0.7682242991}
{"config": [9, 16, 32, 64, 1, 1], "accuracy": 0.7550190377}
{"config": [9, 32, 64, 64, 0, 1], "accuracy": 0.7438906196}
{"config": [9, 64, 16, 41, 1, 0], "accuracy": 0.7421599169}
{"config": [3, 16, 128, 64, 1, 1], "accuracy": 0.6457251644}
{"config": [9, 32, 16, 32, 0, 1], "accuracy": 0.7458116996}
{"config": [9, 16, 128, 32, 1, 1], "accuracy": 0.6936310142000001}
{"config": [9, 64, 64, 32, 1, 1], "accuracy": 0.7421253029}
{"config": [6, 64, 16, 64, 1, 1], "accuracy": 0.7643648321000001}
{"config": [9, 64, 32, 64, 0, 1], "accuracy": 0.7179646937}
{"config": [3, 64, 16, 32, 1, 1], "accuracy": 0.7586535133000001}
{"config": [3, 16, 16, 64, 1, 1], "accuracy": 0.7569228107}
{"config": [9, 16, 16, 32, 1, 1], "accuracy": 0.7625822084}
{"config": [3, 32, 32, 41, 1, 1], "accuracy": 0.7607476636}
{"config": [9, 32, 64, 32, 1, 1], "accuracy": 0.7606265144000001}
{"config": [3, 16, 64, 64, 1, 1], "accuracy": 0.7717203184}
{"config": [3, 64, 64, 64, 0, 1], "accuracy": 0.7587919695}
{"config": [3, 16, 32, 41, 0, 1], "accuracy": 0.7626514365}
{"config": [3, 64, 128, 64, 0, 1], "accuracy": 0.6358601592}
{"config": [9, 64, 128, 32, 1, 0], "accuracy": 0.5750086535}
{"config": [3, 64, 64, 41, 1, 1], "accuracy": 0.7586708204}
{"config": [9, 32, 128, 41, 1, 0], "accuracy": 0.6250605746}
{"config": [3, 32, 16, 64, 1, 1], "accuracy": 0.7570266528}
{"config": [9, 16, 64, 41, 0, 1], "accuracy": 0.753271028}
{"config": [9, 64, 64, 64, 1, 0], "accuracy": 0.7494807892}
{"config": [3, 64, 32, 32, 1, 1], "accuracy": 0.7607476636}
{"config": [9, 16, 32, 32, 1, 1], "accuracy": 0.7366216684}
{"config": [3, 16, 16, 32, 1, 1], "accuracy": 0.7735375562}
{"config": [3, 32, 64, 32, 1, 0], "accuracy": 0.7718241606}
{"config": [3, 32, 16, 41, 1, 1], "accuracy": 0.7533229491}
{"config": [3, 16, 32, 64, 1, 1], "accuracy": 0.7828833506}
{"config": [3, 32, 64, 64, 1, 1], "accuracy": 0.7494115611000001}
{"config": [3, 64, 16, 41, 0, 1], "accuracy": 0.7624783662}
{"config": [3, 16, 128, 32, 0, 0], "accuracy": 0.7366043614000001}
{"config": [3, 32, 32, 64, 0, 1], "accuracy": 0.7569055036}
{"config": [3, 16, 128, 41, 0, 1], "accuracy": 0.7440809969000001}
{"config": [9, 64, 32, 32, 0, 1], "accuracy": 0.7513672551}
{"config": [3, 64, 64, 32, 0, 1], "accuracy": 0.7476808584}
{"config": [3, 64, 32, 64, 1, 1], "accuracy": 0.7643475251}
{"config": [9, 32, 128, 64, 1, 1], "accuracy": 0.7069920388}
{"config": [3, 16, 16, 41, 1, 1], "accuracy": 0.7830391139}
{"config": [9, 16, 64, 64, 0, 0], "accuracy": 0.7254932503}
{"config": [6, 32, 64, 41, 0, 1], "accuracy": 0.7661647629}
{"config": [9, 16, 128, 64, 0, 0], "accuracy": 0.7365524403}
{"config": [3, 64, 32, 41, 0, 1], "accuracy": 0.7605919003}
{"config": [6, 16, 64, 32, 1, 1], "accuracy": 0.7477154725}
{"config": [3, 32, 32, 32, 0, 0], "accuracy": 0.7457424714}
