{"config": [9, 64, 16, 32, 1, 0], "accuracy": 0.7828833506}
{"config": [9, 64, 128, 64, 1, 0], "accuracy": 0.7586188993}
{"config": [3, 64, 16, 41, 1, 0], "accuracy": 0.8125302873}
{"config": [6, 64, 128, 64, 0, 0], "accuracy": 0.6881966078}
{"config": [6, 32, 16, 41, 1, 1], "accuracy": 0.7885254413}
{"config": [6, 64, 128, 64, 1, 1], "accuracy": 0.7328833506}
{"config": [9, 64, 64, 64, 1, 0], "accuracy": 0.7774143302000001}
{"config": [9, 32, 64, 32, 1, 1], "accuracy": 0.7848217376000001}
{"config": [9, 16, 128, 64, 1, 0], "accuracy": 0.7234856352}
{"config": [9, 16, 64, 64, 0, 1], "accuracy": 0.8144513673}
{"config": [6, 64, 16, 64, 1, 1], "accuracy": 0.8107130495}
{"config": [9, 64, 128, 32, 1, 0], "accuracy": 0.6714780201}
{"config": [3, 16, 16, 64, 1, 1], "accuracy": 0.8199896158000001}
{"config": [3, 16, 32, 32, 1, 1], "accuracy": 0.8182589131}
{"config": [9, 16, 32, 64, 1, 1], "accuracy": 0.7960193839}
{"config": [3, 16, 64, 64, 1, 1], "accuracy": 0.8144340602}
{"config": [9, 16, 128, 32, 1, 1], "accuracy": 0.7347005884000001}
{"config": [9, 16, 64, 32, 1, 1], "accuracy": 0.7884042921000001}
{"config": [3, 16, 16, 32, 1, 1], "accuracy": 0.833091035}
{"config": [3, 64, 32, 32, 1, 1], "accuracy": 0.8200588439000001}
{"config": [3, 64, 16, 32, 1, 1], "accuracy": 0.818206992}
{"config": [9, 64, 64, 32, 1, 1], "accuracy": 0.7681377639}
{"config": [3, 64, 32, 64, 1, 1], "accuracy": 0.7867947387}
{"config": [9, 32, 128, 64, 1, 1], "accuracy": 0.699342333}
{"config": [3, 32, 16, 64, 1, 0], "accuracy": 0.8088438906000001}
{"config": [3, 32, 16, 32, 1, 0], "accuracy": 0.7884735202}
{"config": [3, 32, 64, 64, 1, 1], "accuracy": 0.7977500865}
{"config": [9, 16, 16, 32, 1, 1], "accuracy": 0.7922118380000001}
{"config": [3, 16, 16, 41, 0, 1], "accuracy": 0.8200588439000001}
{"config": [3, 64, 64, 41, 1, 1], "accuracy": 0.8052094150000001}
{"config": [9, 16, 16, 64, 1, 1], "accuracy": 0.8237625476}
{"config": [9, 32, 64, 41, 1, 1], "accuracy": 0.8033229491}
{"config": [3, 32, 64, 32, 1, 0], "accuracy": 0.8088611976000001}
{"config": [3, 16, 128, 41, 1, 0], "accuracy": 0.7699896158}
{"config": [9, 32, 32, 64, 0, 1], "accuracy": 0.792177224}
{"config": [9, 64, 32, 64, 1, 0], "accuracy": 0.8089131187}
{"config": [6, 64, 32, 41, 0, 1], "accuracy": 0.7996019384}
{"config": [9, 32, 128, 41, 1, 0], "accuracy": 0.7180858429}
{"config": [3, 32, 32, 41, 1, 1], "accuracy": 0.8033921772}
{"config": [3, 32, 128, 32, 0, 1], "accuracy": 0.7440463828}
{"config": [3, 16, 32, 41, 1, 0], "accuracy": 0.8034094843}
{"config": [3, 64, 128, 41, 1, 1], "accuracy": 0.7195569401}
{"config": [3, 64, 64, 32, 0, 1], "accuracy": 0.8163205261}
{"config": [6, 16, 64, 41, 0, 0], "accuracy": 0.8069228107}
{"config": [9, 64, 16, 41, 1, 1], "accuracy": 0.8144686743}
{"config": [3, 16, 128, 64, 1, 1], "accuracy": 0.7791623399000001}
{"config": [9, 32, 32, 32, 1, 1], "accuracy": 0.8163724472}
{"config": [9, 32, 64, 64, 0, 1], "accuracy": 0.7904465213}
{"config": [3, 64, 64, 64, 0, 1], "accuracy": 0.8032017999000001}
{"config": [3, 32, 32, 32, 0, 0], "accuracy": 0.8385427484}
