{"config": [3, 16, 32, 32, 1, 1], "accuracy": 0.8599114064000001}
{"config": [9, 64, 128, 64, 1, 0], "accuracy": 0.8503875969}
{"config": [3, 64, 16, 32, 0, 1], "accuracy": 0.8922480620000001}
{"config": [6, 16, 128, 41, 1, 1], "accuracy": 0.8364341085}
{"config": [3, 32, 32, 64, 1, 0], "accuracy": 0.8739756368}
{"config": [9, 64, 128, 41, 1, 0], "accuracy": 0.8363233666000001}
{"config": [3, 64, 16, 32, 0, 0], "accuracy": 0.7852713178}
{"config": [3, 32, 32, 41, 1, 1], "accuracy": 0.8410852713}
{"config": [9, 32, 128, 41, 1, 0], "accuracy": 0.7573643411000001}
{"config": [9, 32, 16, 41, 0, 1], "accuracy": 0.7947951274}
{"config": [6, 64, 32, 41, 0, 1], "accuracy": 0.7248062016}
{"config": [3, 32, 128, 64, 0, 0], "accuracy": 0.8596899225}
{"config": [9, 16, 32, 64, 1, 1], "accuracy": 0.8595791805}
{"config": [9, 16, 64, 41, 0, 1], "accuracy": 0.8365448505}
{"config": [3, 32, 64, 64, 1, 1], "accuracy": 0.8459579181}
{"config": [3, 64, 16, 64, 0, 1], "accuracy": 0.8646733112}
{"config": [3, 16, 16, 64, 1, 1], "accuracy": 0.8739756368}
{"config": [3, 64, 128, 64, 0, 1], "accuracy": 0.8225913621000001}
{"config": [6, 16, 128, 64, 0, 1], "accuracy": 0.8130675526000001}
{"config": [3, 32, 16, 64, 1, 1], "accuracy": 0.8786267996}
{"config": [3, 16, 64, 64, 1, 1], "accuracy": 0.8366555925}
{"config": [3, 32, 32, 64, 0, 1], "accuracy": 0.8552602436000001}
{"config": [9, 64, 16, 41, 1, 1], "accuracy": 0.8737541528}
{"config": [6, 16, 64, 32, 1, 1], "accuracy": 0.8551495017}
{"config": [3, 16, 16, 32, 1, 1], "accuracy": 0.8504983389}
{"config": [3, 64, 32, 64, 1, 1], "accuracy": 0.8311184939}
{"config": [3, 64, 16, 41, 1, 1], "accuracy": 0.8734219269}
{"config": [9, 64, 64, 32, 1, 1], "accuracy": 0.7619047619}
{"config": [3, 64, 16, 32, 1, 1], "accuracy": 0.8409745293}
{"config": [3, 64, 64, 64, 0, 1], "accuracy": 0.8132890365000001}
{"config": [3, 32, 64, 32, 1, 0], "accuracy": 0.8130675526000001}
{"config": [3, 64, 128, 32, 1, 0], "accuracy": 0.7194905869}
{"config": [3, 16, 32, 64, 1, 0], "accuracy": 0.8178294574}
{"config": [9, 16, 16, 41, 1, 1], "accuracy": 0.82303433}
{"config": [3, 16, 128, 32, 0, 0], "accuracy": 0.8222591362}
{"config": [9, 32, 32, 64, 1, 1], "accuracy": 0.8786267996}
{"config": [9, 32, 128, 64, 1, 1], "accuracy": 0.7243632337}
{"config": [9, 16, 16, 64, 1, 1], "accuracy": 0.8457364341}
{"config": [9, 32, 32, 32, 1, 1], "accuracy": 0.7854928018}
{"config": [9, 64, 64, 64, 1, 0], "accuracy": 0.8317829457}
{"config": [9, 32, 64, 41, 1, 1], "accuracy": 0.8456256921}
{"config": [9, 16, 64, 64, 0, 0], "accuracy": 0.8035437431}
{"config": [3, 16, 128, 64, 1, 1], "accuracy": 0.8595791805}
{"config": [3, 16, 128, 41, 0, 0], "accuracy": 0.8084163898000001}
{"config": [9, 16, 128, 32, 1, 0], "accuracy": 0.7902547065000001}
{"config": [3, 64, 64, 41, 0, 1], "accuracy": 0.8368770764}
{"config": [3, 32, 128, 32, 0, 1], "accuracy": 0.8364341085}
{"config": [9, 64, 32, 64, 0, 1], "accuracy": 0.8316722038000001}
{"config": [6, 16, 32, 41, 1, 1], "accuracy": 0.8456256921}
{"config": [9, 64, 16, 32, 0, 1], "accuracy": 0.8086378738000001}
