{"config": [6, 64, 64, 64, 0, 0], "accuracy": 0.8211828698}
{"config": [3, 16, 16, 32, 0, 1], "accuracy": 0.8273270513000001}
{"config": [9, 32, 32, 64, 1, 0], "accuracy": 0.8247107945000001}
{"config": [3, 32, 128, 32, 0, 1], "accuracy": 0.8238336015000001}
{"config": [9, 64, 64, 64, 1, 0], "accuracy": 0.8185857657000001}
{"config": [6, 16, 64, 32, 1, 0], "accuracy": 0.8317245078000001}
{"config": [3, 16, 128, 64, 1, 1], "accuracy": 0.8080288056}
{"config": [3, 64, 16, 32, 1, 0], "accuracy": 0.8229525780000001}
{"config": [3, 64, 128, 32, 1, 0], "accuracy": 0.8343445951}
{"config": [9, 64, 64, 32, 0, 1], "accuracy": 0.8361334559}
{"config": [6, 64, 128, 64, 0, 1], "accuracy": 0.8317091856000001}
{"config": [3, 64, 16, 64, 0, 1], "accuracy": 0.8089902704}
{"config": [9, 16, 64, 64, 0, 1], "accuracy": 0.8142495978000001}
{"config": [3, 16, 16, 64, 1, 1], "accuracy": 0.7992836896000001}
{"config": [3, 32, 32, 41, 1, 1], "accuracy": 0.7975446258000001}
{"config": [9, 64, 128, 32, 0, 0], "accuracy": 0.8255688348}
{"config": [9, 16, 16, 41, 0, 0], "accuracy": 0.8159695089000001}
{"config": [9, 16, 128, 32, 1, 0], "accuracy": 0.8185589520000001}
{"config": [9, 64, 32, 32, 0, 1], "accuracy": 0.8387420516}
{"config": [9, 32, 16, 32, 0, 1], "accuracy": 0.8343369340000001}
{"config": [9, 32, 128, 64, 1, 1], "accuracy": 0.8281927526}
{"config": [9, 16, 32, 32, 1, 1], "accuracy": 0.8247107945000001}
{"config": [9, 32, 64, 32, 1, 0], "accuracy": 0.8247107945000001}
{"config": [3, 32, 64, 64, 1, 1], "accuracy": 0.818566613}
{"config": [9, 64, 16, 32, 0, 1], "accuracy": 0.8255879874000001}
{"config": [9, 64, 32, 64, 1, 0], "accuracy": 0.8168696851}
{"config": [3, 32, 128, 64, 0, 0], "accuracy": 0.8229717306000001}
{"config": [3, 64, 128, 41, 0, 1], "accuracy": 0.8238719068}
{"config": [3, 64, 64, 32, 1, 1], "accuracy": 0.8273615261}
{"config": [9, 32, 128, 41, 1, 0], "accuracy": 0.8106642151}
{"config": [6, 32, 16, 64, 0, 0], "accuracy": 0.8202980158000001}
{"config": [9, 16, 128, 64, 0, 0], "accuracy": 0.8352179576000001}
{"config": [3, 16, 32, 64, 0, 0], "accuracy": 0.7992798590000001}
{"config": [3, 16, 128, 41, 0, 0], "accuracy": 0.8089366429}
{"config": [9, 16, 64, 41, 0, 1], "accuracy": 0.8220983682}
{"config": [3, 64, 32, 41, 0, 1], "accuracy": 0.8379108251}
{"config": [9, 64, 64, 41, 1, 0], "accuracy": 0.8220753850000001}
{"config": [9, 16, 16, 64, 0, 1], "accuracy": 0.8317091856000001}
{"config": [9, 32, 64, 64, 0, 1], "accuracy": 0.8326055313}
{"config": [9, 64, 128, 64, 1, 0], "accuracy": 0.8247261166000001}
{"config": [9, 64, 16, 41, 1, 0], "accuracy": 0.8194629587000001}
{"config": [9, 16, 16, 32, 1, 1], "accuracy": 0.8203133379}
{"config": [3, 32, 32, 32, 0, 0], "accuracy": 0.8142074619}
{"config": [3, 64, 128, 64, 1, 0], "accuracy": 0.8255535126}
{"config": [3, 32, 64, 32, 1, 0], "accuracy": 0.8396498889}
{"config": [3, 32, 16, 32, 1, 0], "accuracy": 0.8264651804}
{"config": [3, 64, 32, 64, 1, 1], "accuracy": 0.8177009117}
{"config": [9, 16, 32, 64, 1, 1], "accuracy": 0.81069869}
{"config": [6, 32, 64, 41, 0, 1], "accuracy": 0.8299854440000001}
{"config": [3, 64, 16, 41, 0, 1], "accuracy": 0.8194782809000001}
