{"config": [9, 16, 32, 32, 1, 0], "accuracy": 0.9826956925}
{"config": [3, 16, 128, 64, 0, 0], "accuracy": 0.9732530493}
{"config": [6, 16, 32, 32, 0, 1], "accuracy": 0.9740589779000001}
{"config": [3, 16, 128, 41, 0, 1], "accuracy": 0.9669600124000001}
{"config": [9, 16, 32, 32, 0, 0], "accuracy": 0.9764088312}
{"config": [3, 64, 128, 32, 1, 0], "accuracy": 0.9811147136}
{"config": [6, 64, 16, 64, 1, 0], "accuracy": 0.9771900571000001}
{"config": [9, 16, 16, 64, 1, 1], "accuracy": 0.969365447}
{"config": [9, 64, 64, 64, 1, 0], "accuracy": 0.9669785394}
{"config": [9, 64, 16, 32, 1, 0], "accuracy": 0.9685626061}
{"config": [9, 64, 128, 64, 1, 1], "accuracy": 0.9732561371}
{"config": [3, 16, 16, 32, 1, 0], "accuracy": 0.9771931450000001}
{"config": [3, 16, 64, 64, 1, 0], "accuracy": 0.97012197}
{"config": [3, 32, 64, 32, 1, 0], "accuracy": 0.9724841748}
{"config": [3, 64, 128, 64, 1, 0], "accuracy": 0.9811239771}
{"config": [3, 32, 32, 64, 1, 0], "accuracy": 0.9803520148}
{"config": [9, 32, 16, 32, 1, 1], "accuracy": 0.9772178478}
{"config": [9, 16, 128, 32, 1, 0], "accuracy": 0.9725057897}
{"config": [3, 64, 64, 32, 1, 1], "accuracy": 0.9740589779000001}
{"config": [9, 32, 128, 64, 1, 1], "accuracy": 0.9638289331000001}
{"config": [3, 64, 32, 41, 0, 0], "accuracy": 0.9708970202}
{"config": [9, 16, 64, 32, 1, 1], "accuracy": 0.9787772117}
{"config": [9, 64, 128, 41, 1, 0], "accuracy": 0.9756214297}
{"config": [9, 64, 32, 64, 1, 0], "accuracy": 0.9701096187}
{"config": [3, 64, 32, 64, 1, 1], "accuracy": 0.9764150069}
{"config": [3, 32, 128, 32, 0, 1], "accuracy": 0.9764026556000001}
{"config": [9, 32, 64, 64, 0, 1], "accuracy": 0.9677937317}
{"config": [9, 16, 16, 41, 1, 1], "accuracy": 0.9732654006}
{"config": [3, 32, 16, 64, 1, 0], "accuracy": 0.9709186352}
{"config": [9, 64, 64, 32, 1, 0], "accuracy": 0.9630168288000001}
{"config": [9, 16, 32, 64, 1, 0], "accuracy": 0.9787772117}
{"config": [3, 32, 32, 41, 1, 0], "accuracy": 0.9709001081}
{"config": [3, 64, 16, 32, 1, 1], "accuracy": 0.9732623128000001}
{"config": [3, 64, 128, 41, 0, 1], "accuracy": 0.9732715763}
{"config": [9, 64, 128, 32, 0, 0], "accuracy": 0.9756245175}
{"config": [9, 16, 128, 64, 0, 0], "accuracy": 0.9779959858}
{"config": [9, 32, 128, 41, 1, 0], "accuracy": 0.9653975606}
{"config": [3, 64, 32, 32, 1, 0], "accuracy": 0.974855643}
{"config": [9, 32, 64, 41, 1, 1], "accuracy": 0.9614482013000001}
{"config": [9, 32, 32, 64, 1, 1], "accuracy": 0.9724903505}
{"config": [6, 16, 64, 41, 0, 0], "accuracy": 0.9756245175}
{"config": [3, 64, 64, 41, 1, 0], "accuracy": 0.9724934383}
{"config": [3, 64, 64, 64, 0, 1], "accuracy": 0.9756214297}
{"config": [3, 16, 32, 64, 1, 1], "accuracy": 0.9756306932000001}
{"config": [3, 16, 128, 32, 0, 0], "accuracy": 0.9693407442}
{"config": [3, 32, 64, 64, 1, 1], "accuracy": 0.9732808399}
{"config": [3, 64, 16, 41, 1, 0], "accuracy": 0.9763995677}
{"config": [3, 16, 32, 41, 1, 0], "accuracy": 0.9717029489000001}
{"config": [3, 32, 16, 41, 1, 0], "accuracy": 0.9772024085000001}
{"config": [9, 64, 16, 41, 1, 1], "accuracy": 0.9724841748}
