{"config": [6, 64, 64, 64, 0, 1], "accuracy": 0.4322274882}
{"config": [3, 64, 16, 32, 1, 0], "accuracy": 0.4497630332}
{"config": [9, 32, 32, 64, 1, 0], "accuracy": 0.41421800950000004}
{"config": [3, 16, 32, 32, 0, 1], "accuracy": 0.4492890995}
{"config": [6, 64, 32, 64, 0, 1], "accuracy": 0.4336492891}
{"config": [3, 16, 32, 32, 0, 0], "accuracy": 0.44881516590000003}
{"config": [3, 16, 128, 32, 0, 0], "accuracy": 0.4639810427}
{"config": [3, 64, 128, 32, 1, 0], "accuracy": 0.43270142180000004}
{"config": [3, 16, 128, 64, 0, 0], "accuracy": 0.44454976300000004}
{"config": [9, 16, 64, 32, 1, 1], "accuracy": 0.41706161140000003}
{"config": [9, 64, 128, 64, 1, 1], "accuracy": 0.4943127962}
{"config": [9, 16, 16, 32, 1, 1], "accuracy": 0.4312796209}
{"config": [3, 64, 128, 64, 0, 0], "accuracy": 0.428436019}
{"config": [9, 32, 128, 41, 1, 0], "accuracy": 0.4800947867}
{"config": [9, 64, 64, 32, 1, 1], "accuracy": 0.4682464455}
{"config": [3, 16, 16, 64, 1, 1], "accuracy": 0.4431279621}
{"config": [9, 16, 128, 32, 1, 1], "accuracy": 0.4241706161}
{"config": [3, 16, 64, 64, 1, 1], "accuracy": 0.428436019}
{"config": [3, 32, 64, 32, 1, 0], "accuracy": 0.4478672986}
{"config": [9, 64, 32, 32, 0, 1], "accuracy": 0.4123222749}
{"config": [3, 32, 16, 41, 0, 1], "accuracy": 0.4345971564}
{"config": [9, 32, 128, 64, 1, 1], "accuracy": 0.4744075829}
{"config": [6, 64, 16, 64, 1, 0], "accuracy": 0.41943127960000004}
{"config": [9, 64, 128, 41, 1, 1], "accuracy": 0.4758293839}
{"config": [3, 64, 64, 41, 1, 0], "accuracy": 0.4545023697}
{"config": [3, 32, 128, 32, 0, 1], "accuracy": 0.4630331754}
{"config": [9, 32, 64, 64, 0, 1], "accuracy": 0.43933649290000004}
{"config": [3, 16, 128, 41, 0, 1], "accuracy": 0.46066350710000004}
{"config": [3, 16, 32, 64, 0, 0], "accuracy": 0.44881516590000003}
{"config": [9, 64, 16, 41, 1, 1], "accuracy": 0.4099526066}
{"config": [3, 16, 16, 41, 1, 1], "accuracy": 0.4469194313}
{"config": [9, 64, 128, 32, 0, 0], "accuracy": 0.4848341232}
{"config": [3, 64, 64, 32, 0, 1], "accuracy": 0.46966824640000004}
{"config": [9, 16, 16, 64, 0, 1], "accuracy": 0.43933649290000004}
{"config": [9, 16, 128, 64, 0, 0], "accuracy": 0.4165876777}
{"config": [9, 32, 32, 32, 1, 0], "accuracy": 0.4417061611}
{"config": [3, 64, 32, 41, 0, 0], "accuracy": 0.45260663510000004}
{"config": [9, 32, 64, 41, 1, 1], "accuracy": 0.4426540284}
{"config": [6, 16, 32, 41, 1, 1], "accuracy": 0.46208530810000004}
{"config": [3, 32, 64, 64, 1, 1], "accuracy": 0.4360189573}
{"config": [3, 32, 16, 64, 1, 1], "accuracy": 0.4213270142}
{"config": [3, 32, 128, 64, 0, 0], "accuracy": 0.43791469190000004}
{"config": [3, 32, 32, 41, 1, 1], "accuracy": 0.45260663510000004}
{"config": [6, 16, 64, 41, 0, 0], "accuracy": 0.44454976300000004}
{"config": [3, 32, 16, 32, 1, 0], "accuracy": 0.4516587678}
{"config": [9, 64, 64, 41, 0, 1], "accuracy": 0.45260663510000004}
{"config": [9, 16, 32, 64, 1, 1], "accuracy": 0.43507109}
{"config": [9, 32, 128, 32, 0, 0], "accuracy": 0.4895734597}
{"config": [3, 64, 32, 32, 1, 1], "accuracy": 0.4436018957}
{"config": [3, 64, 16, 41, 0, 1], "accuracy": 0.4383886256}
