{"config": [6, 64, 64, 64, 0, 0], "accuracy": 0.8911116691000001}
{"config": [3, 16, 16, 32, 0, 1], "accuracy": 0.8810369719000001}
{"config": [9, 32, 32, 64, 1, 0], "accuracy": 0.8709183353000001}
{"config": [3, 32, 128, 32, 0, 1], "accuracy": 0.9012114745}
{"config": [9, 64, 64, 64, 1, 0], "accuracy": 0.8810118637000001}
{"config": [6, 16, 64, 32, 1, 0], "accuracy": 0.8765425899}
{"config": [3, 16, 128, 64, 1, 1], "accuracy": 0.8698449564}
{"config": [3, 64, 16, 32, 0, 0], "accuracy": 0.8833092712}
{"config": [3, 64, 128, 32, 1, 0], "accuracy": 0.8911493315000001}
{"config": [3, 64, 16, 64, 0, 1], "accuracy": 0.8799008223}
{"config": [3, 64, 128, 64, 0, 1], "accuracy": 0.8911493315000001}
{"config": [3, 64, 64, 32, 0, 1], "accuracy": 0.8731780805}
{"config": [3, 16, 64, 64, 1, 1], "accuracy": 0.8821542904}
{"config": [9, 16, 128, 32, 1, 0], "accuracy": 0.8843889272000001}
{"config": [3, 16, 16, 64, 1, 1], "accuracy": 0.8709308895000001}
{"config": [9, 64, 128, 32, 0, 0], "accuracy": 0.8630092273000001}
{"config": [3, 32, 32, 41, 1, 0], "accuracy": 0.8900131818}
{"config": [3, 16, 128, 32, 0, 0], "accuracy": 0.8933714142}
{"config": [3, 32, 128, 41, 1, 0], "accuracy": 0.8900131818}
{"config": [9, 32, 16, 32, 1, 1], "accuracy": 0.8944950097000001}
{"config": [3, 32, 64, 64, 1, 1], "accuracy": 0.8652940807}
{"config": [9, 64, 32, 41, 0, 0], "accuracy": 0.8934090766}
{"config": [9, 16, 32, 32, 1, 1], "accuracy": 0.8911430544000001}
{"config": [3, 64, 32, 64, 1, 1], "accuracy": 0.8641830394000001}
{"config": [9, 16, 16, 41, 0, 0], "accuracy": 0.8843952043000001}
{"config": [9, 64, 16, 41, 1, 1], "accuracy": 0.8809804783}
{"config": [9, 16, 64, 64, 0, 1], "accuracy": 0.8788525516000001}
{"config": [3, 32, 128, 64, 0, 0], "accuracy": 0.8754189944}
{"config": [3, 16, 32, 64, 0, 0], "accuracy": 0.8776348001000001}
{"config": [9, 32, 64, 32, 1, 0], "accuracy": 0.8821731216}
{"config": [3, 64, 128, 41, 0, 1], "accuracy": 0.8866549495}
{"config": [9, 64, 32, 32, 0, 1], "accuracy": 0.8664051221}
{"config": [3, 32, 16, 64, 1, 0], "accuracy": 0.8787583956}
{"config": [9, 64, 64, 41, 1, 0], "accuracy": 0.8922289875}
{"config": [9, 16, 128, 64, 0, 0], "accuracy": 0.8619735108000001}
{"config": [3, 32, 16, 41, 0, 1], "accuracy": 0.8855250769}
{"config": [9, 64, 128, 64, 1, 0], "accuracy": 0.8709308895000001}
{"config": [6, 32, 32, 32, 0, 0], "accuracy": 0.8854999686}
{"config": [9, 16, 64, 41, 0, 1], "accuracy": 0.8698386793}
{"config": [3, 64, 32, 41, 0, 1], "accuracy": 0.8865984558000001}
{"config": [3, 64, 64, 41, 1, 0], "accuracy": 0.8821417362}
{"config": [3, 16, 128, 41, 0, 1], "accuracy": 0.88329044}
{"config": [3, 16, 32, 41, 1, 0], "accuracy": 0.885537631}
{"config": [9, 16, 16, 64, 0, 1], "accuracy": 0.8844328667}
{"config": [9, 32, 128, 64, 1, 1], "accuracy": 0.8731655263}
{"config": [3, 32, 16, 32, 1, 0], "accuracy": 0.8911305003000001}
{"config": [9, 64, 32, 64, 0, 1], "accuracy": 0.8765614211}
{"config": [3, 32, 64, 32, 1, 0], "accuracy": 0.8843826502000001}
{"config": [9, 16, 32, 64, 1, 1], "accuracy": 0.8709120583000001}
{"config": [9, 32, 128, 32, 0, 0], "accuracy": 0.8349758333}
