{"config": [6, 64, 128, 32, 0, 0], "accuracy": 0.7887390263}
{"config": [3, 16, 64, 64, 1, 1], "accuracy": 0.7990163607}
{"config": [3, 32, 32, 32, 0, 0], "accuracy": 0.7885235435}
{"config": [9, 64, 64, 64, 1, 0], "accuracy": 0.7594972067}
{"config": [3, 64, 128, 64, 0, 0], "accuracy": 0.7945570630000001}
{"config": [9, 16, 16, 64, 0, 1], "accuracy": 0.7845024441}
{"config": [3, 16, 64, 64, 1, 0], "accuracy": 0.7842812251}
{"config": [9, 16, 128, 32, 1, 1], "accuracy": 0.7753451716}
{"config": [3, 64, 16, 64, 0, 1], "accuracy": 0.7827149840000001}
{"config": [3, 16, 16, 32, 1, 1], "accuracy": 0.8028164904}
{"config": [3, 64, 16, 32, 1, 1], "accuracy": 0.7858422287}
{"config": [3, 32, 16, 64, 1, 1], "accuracy": 0.7965629988}
{"config": [3, 32, 128, 32, 0, 1], "accuracy": 0.7936547287}
{"config": [6, 16, 128, 64, 0, 1], "accuracy": 0.7840552674}
{"config": [3, 64, 64, 32, 0, 1], "accuracy": 0.7925508779}
{"config": [9, 16, 64, 32, 1, 1], "accuracy": 0.7757906026}
{"config": [3, 64, 128, 41, 1, 1], "accuracy": 0.7987946429}
{"config": [9, 64, 128, 64, 1, 1], "accuracy": 0.7577142358000001}
{"config": [9, 32, 16, 32, 0, 1], "accuracy": 0.7802513966}
{"config": [3, 16, 32, 41, 0, 1], "accuracy": 0.7871750299}
{"config": [3, 64, 64, 64, 0, 1], "accuracy": 0.7994682761}
{"config": [3, 16, 128, 32, 0, 0], "accuracy": 0.7941091381000001}
{"config": [3, 64, 32, 64, 1, 1], "accuracy": 0.7802538907000001}
{"config": [9, 32, 64, 64, 0, 1], "accuracy": 0.7585958699}
{"config": [3, 16, 32, 64, 1, 1], "accuracy": 0.7932152833}
{"config": [3, 32, 64, 32, 1, 0], "accuracy": 0.7880831006}
{"config": [9, 64, 32, 32, 0, 1], "accuracy": 0.7704307163}
{"config": [3, 32, 128, 64, 0, 0], "accuracy": 0.7967807263000001}
{"config": [3, 16, 16, 64, 1, 1], "accuracy": 0.8003591381}
{"config": [3, 16, 128, 64, 1, 1], "accuracy": 0.7885195531}
{"config": [3, 16, 128, 41, 0, 1], "accuracy": 0.7894181464000001}
{"config": [3, 32, 16, 41, 0, 1], "accuracy": 0.7963397845}
{"config": [9, 64, 16, 41, 1, 1], "accuracy": 0.7764694733}
{"config": [3, 64, 32, 41, 0, 1], "accuracy": 0.7950014964000001}
{"config": [3, 64, 64, 41, 1, 1], "accuracy": 0.7945595571}
{"config": [9, 16, 16, 41, 1, 1], "accuracy": 0.7831659018}
{"config": [3, 64, 128, 32, 1, 0], "accuracy": 0.7780284816}
{"config": [3, 32, 32, 64, 0, 1], "accuracy": 0.794555816}
{"config": [6, 32, 64, 41, 0, 1], "accuracy": 0.7845019453000001}
{"config": [9, 32, 128, 41, 1, 0], "accuracy": 0.7699932662000001}
{"config": [3, 32, 64, 64, 1, 1], "accuracy": 0.7923201816000001}
{"config": [9, 64, 64, 32, 0, 1], "accuracy": 0.7570313747}
{"config": [9, 16, 32, 32, 1, 1], "accuracy": 0.7690906824}
{"config": [3, 32, 32, 41, 1, 1], "accuracy": 0.7882973364}
{"config": [9, 64, 32, 64, 0, 1], "accuracy": 0.7766904429}
{"config": [6, 16, 64, 41, 0, 0], "accuracy": 0.7793592877000001}
{"config": [3, 32, 16, 32, 1, 0], "accuracy": 0.8041550279}
{"config": [9, 32, 32, 64, 1, 1], "accuracy": 0.7762450120000001}
{"config": [9, 32, 128, 64, 1, 1], "accuracy": 0.7737901536}
{"config": [3, 64, 32, 32, 1, 0], "accuracy": 0.7961190642}
