{"config": [3, 64, 128, 64, 0, 0], "accuracy": 0.8106347267}
{"config": [3, 32, 16, 41, 0, 1], "accuracy": 0.7987948923}
{"config": [3, 64, 32, 41, 0, 1], "accuracy": 0.7900862929}
{"config": [3, 16, 128, 41, 0, 1], "accuracy": 0.7963385375}
{"config": [3, 64, 128, 64, 1, 0], "accuracy": 0.7878516560000001}
{"config": [6, 64, 16, 41, 1, 0], "accuracy": 0.7771291401}
{"config": [9, 16, 64, 64, 0, 0], "accuracy": 0.7668632781}
{"config": [9, 64, 128, 32, 0, 0], "accuracy": 0.7905279828}
{"config": [3, 64, 16, 64, 0, 1], "accuracy": 0.8019221369}
{"config": [6, 64, 128, 64, 0, 1], "accuracy": 0.7737776836}
{"config": [3, 16, 32, 32, 0, 0], "accuracy": 0.7816086393}
{"config": [3, 16, 128, 64, 0, 0], "accuracy": 0.7990176077000001}
{"config": [6, 16, 16, 64, 0, 0], "accuracy": 0.7891904429000001}
{"config": [6, 64, 64, 64, 0, 0], "accuracy": 0.7717682562}
{"config": [3, 32, 128, 32, 0, 1], "accuracy": 0.7842779828}
{"config": [3, 64, 128, 41, 0, 1], "accuracy": 0.7903072626000001}
{"config": [3, 64, 16, 32, 0, 0], "accuracy": 0.771325818}
{"config": [9, 32, 32, 41, 0, 0], "accuracy": 0.7782447127000001}
{"config": [3, 64, 64, 32, 0, 0], "accuracy": 0.7920959697000001}
{"config": [3, 32, 32, 64, 1, 0], "accuracy": 0.7976773244}
{"config": [6, 16, 64, 41, 0, 0], "accuracy": 0.7845011971}
{"config": [3, 16, 128, 32, 0, 0], "accuracy": 0.7815994114}
{"config": [3, 32, 128, 64, 0, 0], "accuracy": 0.7950032422000001}
{"config": [3, 16, 32, 64, 0, 0], "accuracy": 0.7999109637}
{"config": [9, 16, 16, 32, 1, 1], "accuracy": 0.7878558958}
{"config": [3, 32, 64, 64, 1, 1], "accuracy": 0.8059442338}
{"config": [6, 32, 64, 32, 0, 1], "accuracy": 0.7916487929}
{"config": [9, 64, 32, 64, 0, 1], "accuracy": 0.7731212590000001}
{"config": [3, 16, 16, 41, 0, 1], "accuracy": 0.7979062749}
{"config": [9, 64, 32, 32, 0, 1], "accuracy": 0.7702112430000001}
{"config": [9, 16, 128, 41, 1, 0], "accuracy": 0.7648333998}
{"config": [3, 16, 64, 64, 1, 0], "accuracy": 0.7891884477000001}
{"config": [9, 64, 64, 41, 0, 1], "accuracy": 0.773784168}
{"config": [6, 32, 16, 64, 0, 0], "accuracy": 0.7838347965}
{"config": [3, 32, 16, 32, 1, 0], "accuracy": 0.7789148543000001}
{"config": [9, 16, 64, 32, 1, 1], "accuracy": 0.7760198025}
{"config": [9, 16, 32, 64, 1, 1], "accuracy": 0.7644044294}
{"config": [3, 64, 32, 64, 1, 1], "accuracy": 0.7867308460000001}
{"config": [3, 16, 16, 64, 1, 1], "accuracy": 0.7925446429}
{"config": [3, 64, 128, 32, 1, 0], "accuracy": 0.7780195032}
{"config": [3, 32, 128, 41, 1, 0], "accuracy": 0.7829394453}
{"config": [9, 32, 16, 32, 0, 1], "accuracy": 0.7775800579000001}
{"config": [3, 64, 64, 41, 0, 0], "accuracy": 0.8046004589}
{"config": [9, 32, 64, 41, 1, 0], "accuracy": 0.7713243216}
{"config": [9, 16, 128, 64, 0, 0], "accuracy": 0.789407921}
{"config": [3, 16, 16, 32, 0, 1], "accuracy": 0.8003571429}
{"config": [3, 32, 32, 41, 1, 1], "accuracy": 0.7856155227}
{"config": [3, 64, 64, 64, 0, 1], "accuracy": 0.7800414006}
{"config": [6, 64, 16, 64, 1, 0], "accuracy": 0.7735577115000001}
{"config": [3, 32, 64, 32, 1, 0], "accuracy": 0.7811552275}
