{"config": [6, 64, 16, 41, 1, 1], "accuracy": 0.8743083004000001}
{"config": [3, 32, 32, 64, 1, 0], "accuracy": 0.6197628458000001}
{"config": [3, 64, 32, 32, 0, 1], "accuracy": 0.5960474308}
{"config": [6, 64, 64, 64, 0, 1], "accuracy": 0.6948616601000001}
{"config": [9, 64, 32, 32, 1, 0], "accuracy": 0.7932806324}
{"config": [6, 16, 128, 64, 1, 0], "accuracy": 0.6494071146}
{"config": [9, 64, 32, 64, 1, 0], "accuracy": 0.7936758893}
{"config": [9, 64, 128, 64, 1, 0], "accuracy": 0.5403162055}
{"config": [9, 32, 16, 32, 1, 0], "accuracy": 0.8826086957}
{"config": [9, 16, 64, 32, 1, 1], "accuracy": 0.6920948617}
{"config": [9, 64, 16, 41, 1, 0], "accuracy": 0.8288537549}
{"config": [9, 32, 32, 32, 1, 1], "accuracy": 0.7747035573000001}
{"config": [9, 32, 64, 64, 0, 1], "accuracy": 0.7209486166}
{"config": [3, 32, 16, 41, 1, 1], "accuracy": 0.7584980237000001}
{"config": [9, 32, 128, 41, 1, 0], "accuracy": 0.6019762846}
{"config": [3, 64, 16, 64, 0, 1], "accuracy": 0.7383399209}
{"config": [9, 64, 64, 41, 1, 0], "accuracy": 0.7110671937}
{"config": [9, 16, 16, 32, 1, 1], "accuracy": 0.8924901186}
{"config": [9, 32, 64, 41, 1, 0], "accuracy": 0.6584980237}
{"config": [9, 16, 32, 32, 1, 0], "accuracy": 0.7656126482000001}
{"config": [3, 64, 128, 32, 1, 0], "accuracy": 0.6015810277}
{"config": [3, 16, 64, 64, 1, 1], "accuracy": 0.504743083}
{"config": [9, 16, 16, 64, 1, 1], "accuracy": 0.8367588933000001}
{"config": [9, 16, 16, 41, 1, 1], "accuracy": 0.8553359684}
{"config": [3, 64, 16, 32, 1, 1], "accuracy": 0.7557312253}
{"config": [3, 16, 128, 32, 0, 0], "accuracy": 0.5513833992}
{"config": [9, 64, 32, 41, 0, 0], "accuracy": 0.8197628458}
{"config": [9, 16, 32, 64, 1, 1], "accuracy": 0.8391304348}
{"config": [3, 32, 128, 64, 0, 0], "accuracy": 0.7043478261}
{"config": [3, 16, 16, 32, 1, 0], "accuracy": 0.6849802372}
{"config": [9, 32, 16, 41, 0, 1], "accuracy": 0.8830039526000001}
{"config": [6, 32, 16, 64, 1, 0], "accuracy": 0.7750988142}
{"config": [9, 32, 32, 64, 1, 1], "accuracy": 0.8118577075000001}
{"config": [9, 64, 64, 32, 1, 1], "accuracy": 0.74743083}
{"config": [9, 32, 16, 32, 0, 1], "accuracy": 0.8375494071}
{"config": [9, 32, 32, 41, 1, 0], "accuracy": 0.7035573123000001}
{"config": [3, 64, 16, 41, 1, 0], "accuracy": 0.74743083}
{"config": [9, 32, 128, 64, 1, 1], "accuracy": 0.6830039526}
{"config": [3, 64, 32, 64, 1, 1], "accuracy": 0.7833992095000001}
{"config": [9, 64, 128, 32, 0, 0], "accuracy": 0.6505928854}
{"config": [9, 32, 64, 32, 1, 1], "accuracy": 0.7565217391}
{"config": [3, 32, 128, 32, 0, 1], "accuracy": 0.4845849802}
{"config": [9, 32, 16, 32, 1, 1], "accuracy": 0.7830039526}
{"config": [9, 64, 16, 32, 0, 1], "accuracy": 0.7656126482000001}
{"config": [9, 16, 16, 41, 0, 0], "accuracy": 0.8928853755}
{"config": [9, 64, 128, 41, 1, 1], "accuracy": 0.6940711462}
{"config": [3, 32, 64, 32, 1, 0], "accuracy": 0.5584980237}
{"config": [3, 16, 16, 64, 1, 1], "accuracy": 0.74743083}
{"config": [9, 16, 128, 41, 1, 0], "accuracy": 0.7328063241}
{"config": [6, 32, 16, 32, 0, 0], "accuracy": 0.5849802372}
