precision,accuracy,recall,duration
0.4376202789207332,0.4127272727272727,0.43124372594011884,1107.6996641159058
