precision,accuracy,recall,duration
0.9539882415154503,0.9545454545454546,0.9492612460003764,457.25708746910095
