precision,accuracy,recall,duration
0.9503434452958908,0.9494695700725851,0.9495842941984591,839.6226363182068
