precision,accuracy,recall,duration
0.8810698443224889,0.8802345058626466,0.8805627625991505,874.934839963913
