precision,accuracy,recall,duration
0.5634893615401887,0.5194805194805194,0.5155684610262539,263.2625505924225
