precision,accuracy,recall,duration
0.6918908785300213,0.9357777777777778,0.5701107855827804,1129.5304446220398
