precision,accuracy,recall,duration
0.754306751875521,0.7513812154696132,0.7293859649122807,258.09020042419434
