precision,accuracy,recall,duration
0.8255549849022854,0.8075,0.6817434355260188,282.72303080558777
