precision,accuracy,recall,duration
0.900915855467225,0.898,0.894992787745287,113.73130011558533
