precision,accuracy,recall,duration
0.8877876738320052,0.8785357737104825,0.8926254887336995,324.54677867889404
