precision,accuracy,recall,duration
0.6456700101861392,0.6519337016574586,0.636110431439129,76.41603517532349
