precision,accuracy,recall,duration
0.9997586872586872,0.99975,0.999748743718593,383.8823721408844
