precision,accuracy,recall,duration
0.8346560846560847,0.8171428571428572,0.8352018959073922,195.30895614624023
