precision,accuracy,recall,duration
0.5151637578108167,0.8025,0.5026356589948715,146.39280581474304
