precision,accuracy,recall,duration
0.7961741722751705,0.81,0.8188581987940089,673.590898513794
