precision,accuracy,recall,duration
0.9057640297498311,0.9140893470790378,0.8933526327288617,242.11602902412415
