precision,accuracy,recall,duration
0.4156469667434579,0.6215538847117794,0.4067982820423151,79.75691676139832
