precision,accuracy,recall,duration
0.9168479581915411,0.9158415841584159,0.9153134989828539,2534.722733259201
