precision,accuracy,recall,duration
0.7289597604132461,0.8065934065934066,0.7094947538529581,503.29520630836487
