precision,accuracy,recall,duration
0.9669811320754718,0.954248366013072,0.9431012250161186,522.7252116203308
