precision,accuracy,recall,duration
0.9721052631578947,0.9640522875816994,0.9264990328820116,203.97582077980042
