precision,accuracy,recall,duration
0.9601162790697675,0.9584,0.9594791153176245,625.8738436698914
