precision,accuracy,recall,duration
0.8587918781377198,0.8589743589743589,0.8599189842595506,969.9321749210358
