precision,accuracy,recall,duration
0.721283570798134,0.7166666666666667,0.7166666666666667,264.2638120651245
