precision,accuracy,recall,duration
0.9614640215663234,0.965742251223491,0.9642236283985814,925.7344579696655
