precision,accuracy,recall,duration
0.1898245534171621,0.3032700421940928,0.19009859832410814,586.2967417240143
