precision,accuracy,recall,duration
0.6867360818412729,0.938,0.5640668048954114,328.85951471328735
