precision,accuracy,recall,duration
0.8356655949092356,0.8282051282051283,0.8348470227588366,383.18960094451904
