precision,accuracy,recall,duration
0.9547283419149715,0.9559286463798531,0.9518171652222533,137.49753642082214
