precision,accuracy,recall,duration
0.7814732142857144,0.79,0.8066037735849056,161.58819842338562
