precision,accuracy,recall,duration
0.8021303258145362,0.8175,0.7198852962669635,180.89325094223022
