precision,accuracy,recall,duration
0.8214285714285714,0.7222222222222222,0.7222222222222222,62.541285276412964
