precision,accuracy,recall,duration
0.8959248001801193,0.8906666666666667,0.8906666666666667,666.6394002437592
