precision,accuracy,recall,duration
0.9328674948240165,0.9318181818181818,0.9388111888111889,530.0367124080658
