precision,accuracy,recall,duration
0.8234805383635159,0.8307692307692308,0.8223753531344341,366.9601938724518
