precision,accuracy,recall,duration
0.8974025974025974,0.8777777777777778,0.8777777777777778,513.6750755310059
