precision,accuracy,recall,duration
0.8906968386353216,0.8846666666666667,0.8802528957347855,404.1008622646332
