precision,accuracy,recall,duration
0.913300918500537,0.9173553719008265,0.8949134199134199,631.0918912887573
