precision,accuracy,recall,duration
0.8142162483221992,0.8072463768115942,0.8067324181497815,252.41694259643555
