precision,accuracy,recall,duration
0.9670812696492591,0.9650319829424308,0.965108911705227,504.4466280937195
