precision,accuracy,recall,duration
0.7573778061949419,0.8536585365853658,0.7937165775401068,1047.2478549480438
