precision,accuracy,recall,duration
0.9769956291695422,0.9771428571428571,0.977216748768473,145.5195198059082
