precision,accuracy,recall,duration
0.8439361970623315,0.8384615384615385,0.8393643616383956,1525.481425523758
