precision,accuracy,recall,duration
0.6592786723061298,0.7445141065830722,0.6165614896058474,235.41993927955627
