precision,accuracy,recall,duration
0.9896729776247848,0.9894644424934153,0.9894736842105263,190.11342120170593
