precision,accuracy,recall,duration
0.9254834320675718,0.9243674367436744,0.9238248328974135,873.8022179603577
