precision,accuracy,recall,duration
0.7906403940886699,0.8066666666666666,0.8098618945730403,289.2708077430725
