precision,accuracy,recall,duration
0.8323324923900556,0.8285714285714286,0.8419469510527756,304.5691890716553
