precision,accuracy,recall,duration
0.7,0.6944444444444444,0.6944444444444444,199.0523238182068
