precision,accuracy,recall,duration
0.9707801048420702,0.9678048780487805,0.9518779898877192,158.20513439178467
