precision,accuracy,recall,duration
0.7272727272727273,0.7111111111111111,0.711111111111111,263.94473814964294
