precision,accuracy,recall,duration
0.8303763440860215,0.8344988344988346,0.8166945347931651,486.60526847839355
