precision,accuracy,recall,duration
0.7934782608695652,0.6481481481481481,0.6481481481481481,141.7194094657898
