precision,accuracy,recall,duration
0.8834120964219054,0.8769968051118211,0.8718351627190448,263.79949951171875
