precision,accuracy,recall,duration
0.9388902094556006,0.9389058594834768,0.9388387303880261,867.3644981384277
