precision,accuracy,recall,duration
0.9587795234955414,0.9575656058068118,0.9577198946262114,3447.2597036361694
