precision,accuracy,recall,duration
0.9579720784882994,0.953170731707317,0.9322489324480904,265.746942281723
