precision,accuracy,recall,duration
0.8967791792999931,0.7869822485207101,0.8985148410556751,1308.617045879364
