precision,accuracy,recall,duration
0.4765411027955249,0.75,0.5104599630987409,79.14641642570496
