precision,accuracy,recall,duration
0.845484090541157,0.8391304347826087,0.8392302146967537,221.11077499389648
