precision,accuracy,recall,duration
0.9935064935064934,0.9933333333333333,0.9932432432432432,136.97385668754578
