precision,accuracy,recall,duration
0.6228207688194319,0.6171717171717171,0.6171717171717171,172.6010546684265
