precision,accuracy,recall,duration
0.9526250683611552,0.9545454545454546,0.9421121149382019,654.5267884731293
