precision,accuracy,recall,duration
0.8186722973372605,0.8175,0.7181295409937674,258.8517634868622
