precision,accuracy,recall,duration
0.9992203742203742,0.99925,0.9992462311557789,185.77694416046143
