precision,accuracy,recall,duration
0.8401144744874607,0.8557291666666667,0.8222712391207256,425.41374468803406
