precision,accuracy,recall,duration
0.4538072495866512,0.43636363636363634,0.4557306395855211,688.4458501338959
