precision,accuracy,recall,duration
0.8421765635307302,0.8435897435897436,0.8367814012257271,273.78630232810974
