precision,accuracy,recall,duration
0.918049176293553,0.9090909090909091,0.8769778530648096,269.5597906112671
