precision,accuracy,recall,duration
0.9424168958363488,0.9256198347107438,0.8957839262187087,889.9699771404266
