precision,accuracy,recall,duration
0.6408754208754209,0.8105590062111802,0.5683124346917451,596.6864993572235
