precision,accuracy,recall,duration
0.7893518518518519,0.7777777777777778,0.7777777777777778,201.58011746406555
