precision,accuracy,recall,duration
0.7572974577335357,0.7716666666666666,0.7685900185900186,149.65522003173828
