precision,accuracy,recall,duration
0.8935954605968953,0.8929712460063898,0.8909275306502342,379.95067739486694
