precision,accuracy,recall,duration
0.4875979186240089,0.7575,0.4857122205556799,118.28348398208618
