precision,accuracy,recall,duration
0.9228242359174352,0.9226689000558347,0.9228921923684061,562.3255987167358
