precision,accuracy,recall,duration
0.9551193167818735,0.9544946957007259,0.954540017711778,1767.7656919956207
