precision,accuracy,recall,duration
0.8886269881344566,0.763905325443787,0.8841834002829054,316.49795842170715
