precision,accuracy,recall,duration
0.8827893175074184,0.8685524126455907,0.8848396501457726,203.30655169487
