precision,accuracy,recall,duration
0.8298545224541428,0.8228571428571428,0.8356576428766749,277.2753646373749
