precision,accuracy,recall,duration
0.820970695970696,0.7671232876712328,0.7734753550543024,507.77039217948914
