precision,accuracy,recall,duration
0.9265428980956931,0.926017601760176,0.9256538796861378,1031.0468473434448
