precision,accuracy,recall,duration
0.7643948296122209,0.75,0.75,507.44168496131897
