precision,accuracy,recall,duration
0.8088888888888889,0.7,0.7,89.32321643829346
