precision,accuracy,recall,duration
0.9449451208711039,0.9450152735351292,0.9450363147546246,2110.269282579422
