precision,accuracy,recall,duration
0.8549049702186776,0.8512820512820513,0.852528617859173,495.53406143188477
