precision,accuracy,recall,duration
0.9479166666666666,0.9166666666666666,0.9038461538461539,264.2126293182373
