precision,accuracy,recall,duration
0.9522377788558025,0.9536585365853658,0.9334384719588004,166.28651809692383
