precision,accuracy,recall,duration
0.7001721974130026,0.9417777777777778,0.5831576106313604,204.18638682365417
