precision,accuracy,recall,duration
0.8971070924580568,0.8937699680511182,0.8901585467616664,264.1659917831421
