precision,accuracy,recall,duration
0.849504702230926,0.8487179487179487,0.8413034004505393,540.2578818798065
