precision,accuracy,recall,duration
0.951388888888889,0.9504132231404959,0.9370412196499154,457.34704327583313
