precision,accuracy,recall,duration
0.9593747681283853,0.9462809917355371,0.9305681033941903,143.89370608329773
