precision,accuracy,recall,duration
0.9773626373626374,0.9771428571428571,0.979093361482524,198.4323275089264
