precision,accuracy,recall,duration
0.774802710180469,0.7875,0.6664087936977989,466.1865162849426
