precision,accuracy,recall,duration
0.7416666666666667,0.6666666666666666,0.6666666666666667,272.1019651889801
