precision,accuracy,recall,duration
0.9245638670300111,0.9243674367436744,0.9241426910781749,926.6568374633789
