precision,accuracy,recall,duration
0.9296334506614881,0.9209621993127147,0.8866888791785013,917.8091502189636
