precision,accuracy,recall,duration
0.6370571916346565,0.6408839779005525,0.6272919454708878,223.84220242500305
