precision,accuracy,recall,duration
0.915123988394434,0.9147414741474147,0.914416230746876,986.0632271766663
