precision,accuracy,recall,duration
0.7893557422969187,0.792,0.8130899392091999,882.6743056774139
