precision,accuracy,recall,duration
0.6261538461538462,0.640625,0.6244939271255061,164.63519930839539
