precision,accuracy,recall,duration
0.7028893549647358,0.810989010989011,0.6887110542192585,1345.8309965133667
