precision,accuracy,recall,duration
0.8781852460013381,0.8742857142857143,0.8864278552547625,385.8633532524109
