precision,accuracy,recall,duration
0.6447348484848485,0.6187845303867403,0.6275856636372714,141.09998536109924
