precision,accuracy,recall,duration
0.8866099615933724,0.87,0.832989833561371,924.0161674022675
