precision,accuracy,recall,duration
0.8446682297963132,0.841025641025641,0.847022444615631,325.38547348976135
