precision,accuracy,recall,duration
0.35064706612549895,0.5864661654135338,0.3609602373181015,248.03600192070007
