precision,accuracy,recall,duration
0.8796163673821263,0.806508875739645,0.9091421876080209,391.07679772377014
