precision,accuracy,recall,duration
0.9000281346069389,0.8986666666666666,0.8986666666666667,509.98624062538147
