precision,accuracy,recall,duration
0.8307322491697859,0.8231884057971014,0.8233200125424476,143.274245262146
