precision,accuracy,recall,duration
0.9706603346604062,0.9775376396308888,0.9634396290007974,3447.811257839203
