precision,accuracy,recall,duration
0.4757964443700247,0.7375,0.5022557971885137,143.70938539505005
