precision,accuracy,recall,duration
0.5426222208904216,0.7675,0.5112316656776247,643.4176919460297
