precision,accuracy,recall,duration
0.9246323529411764,0.92,0.9010416666666667,193.31739258766174
