precision,accuracy,recall,duration
0.9471590909090909,0.9215686274509803,0.8870083816892328,190.67684745788574
