precision,accuracy,recall,duration
0.7900566191733986,0.815,0.6858403253637578,136.4682013988495
