precision,accuracy,recall,duration
0.6234733783460272,0.6181818181818182,0.6181818181818183,248.7299840450287
