precision,accuracy,recall,duration
0.9643790849673203,0.954248366013072,0.9332688588007737,568.3701887130737
