precision,accuracy,recall,duration
0.8040536551817777,0.7825,0.6621619243292051,127.10101437568665
