precision,accuracy,recall,duration
0.7718292642084464,0.7825,0.686851539394496,197.1118745803833
