precision,accuracy,recall,duration
0.4325258156128937,0.6165413533834586,0.41786762205902356,151.13933682441711
