precision,accuracy,recall,duration
0.9626016260162602,0.9596136962247586,0.9596491228070175,507.3886082172394
