precision,accuracy,recall,duration
0.6580662229049327,0.6519337016574586,0.66882290522321,223.37692618370056
