precision,accuracy,recall,duration
0.39266295040861515,0.606516290726817,0.39077227953604937,162.66829657554626
