precision,accuracy,recall,duration
0.8999143346659052,0.9072164948453608,0.8824830675114703,746.2009496688843
