precision,accuracy,recall,duration
0.9388324420677363,0.9338842975206612,0.9185284522241043,205.41570234298706
