precision,accuracy,recall,duration
0.2358799143579093,0.3275316455696203,0.21641514336186501,196.02048444747925
