precision,accuracy,recall,duration
0.7974485747421106,0.7775,0.6680379080916253,198.90282368659973
