precision,accuracy,recall,duration
0.6802741702741703,0.7463414634146341,0.7587522281639929,231.50314927101135
