precision,accuracy,recall,duration
0.7526455151455153,0.7698209718670077,0.7716771966771967,188.62506818771362
