precision,accuracy,recall,duration
0.809615551704416,0.83203125,0.8191503661764162,426.82056283950806
