precision,accuracy,recall,duration
0.780952380952381,0.7,0.7,203.6846525669098
