precision,accuracy,recall,duration
0.9687246721190687,0.9727177334732424,0.9742544963190756,134.84976720809937
