precision,accuracy,recall,duration
0.8722681812569453,0.8722222222222222,0.8722222222222222,445.9808735847473
