precision,accuracy,recall,duration
0.9188970449840016,0.9090909090909091,0.8748855009724575,265.2958765029907
