precision,accuracy,recall,duration
0.654472927072927,0.6990595611285266,0.5811696341806303,372.7854816913605
