precision,accuracy,recall,duration
0.8699354926672972,0.8628571428571429,0.8782244098076748,63.30243968963623
