precision,accuracy,recall,duration
0.6516595002944852,0.6685082872928176,0.6548604314391291,231.02939009666443
