precision,accuracy,recall,duration
0.5056762378757665,0.5097402597402597,0.5088885442018429,1585.9397883415222
