precision,accuracy,recall,duration
0.8766252831138327,0.8730031948881789,0.8688863213299955,156.65759301185608
