precision,accuracy,recall,duration
0.7805961890929212,0.7983333333333333,0.795929780198405,264.3371031284332
