precision,accuracy,recall,duration
0.8640968660968661,0.8419301164725458,0.8610357764368206,445.77825570106506
