precision,accuracy,recall,duration
0.8611111111111112,0.5,0.3902777777777778,74.32961082458496
