precision,accuracy,recall,duration
0.872654407612228,0.8710217755443886,0.8714576731155312,530.5020906925201
