precision,accuracy,recall,duration
0.7928571428571429,0.7333333333333333,0.7333333333333334,58.86319446563721
