precision,accuracy,recall,duration
0.9002357311042182,0.8973333333333333,0.8943227114325294,687.9456794261932
