precision,accuracy,recall,duration
0.8979166666666667,0.8833333333333333,0.8681318681318682,102.49189758300781
