precision,accuracy,recall,duration
0.5278597556711503,0.48545454545454547,0.506349183256485,622.3301062583923
