precision,accuracy,recall,duration
0.6337786995627901,0.6277777777777778,0.6277777777777778,719.8103516101837
