precision,accuracy,recall,duration
0.8275777525777526,0.8260869565217391,0.8293852543852543,385.1159358024597
