precision,accuracy,recall,duration
0.7915907483194761,0.7964824120603015,0.7944747261193932,324.15647983551025
