precision,accuracy,recall,duration
0.9398098931042422,0.9309168443496801,0.9315980881656534,328.3105251789093
