precision,accuracy,recall,duration
0.7856280193236715,0.7619047619047619,0.7576252723311547,177.70686721801758
