precision,accuracy,recall,duration
0.9534729315628192,0.934640522875817,0.9074790457769182,370.11644172668457
