precision,accuracy,recall,duration
0.7908138805915108,0.8083333333333333,0.787614277377942,290.5300621986389
