precision,accuracy,recall,duration
0.9557893668831169,0.9509594882729211,0.9513348568799807,89.31281352043152
