precision,accuracy,recall,duration
0.6796794147789464,0.936,0.5875036270546038,653.3280260562897
