precision,accuracy,recall,duration
0.6045498081523772,0.6085858585858586,0.6085858585858586,420.89878940582275
