precision,accuracy,recall,duration
0.7158054863935337,0.9366666666666666,0.571250040976867,684.0682699680328
