precision,accuracy,recall,duration
0.974056591399996,0.975230694511899,0.9527314796410846,803.6811485290527
