precision,accuracy,recall,duration
0.7103174603174603,0.7047619047619048,0.7020697167755992,210.97792792320251
