precision,accuracy,recall,duration
0.4712275809915492,0.765,0.4980346323210643,382.2433557510376
