precision,accuracy,recall,duration
0.8443843354834067,0.8286445012787724,0.8337079212079211,662.1260738372803
