precision,accuracy,recall,duration
0.7703025680142385,0.7626666666666667,0.7626666666666666,418.76792216300964
