precision,accuracy,recall,duration
0.6408523010992667,0.6974921630094044,0.5669497123814942,354.48696088790894
