precision,accuracy,recall,duration
0.9565217391304347,0.95,0.9500000000000001,135.48811221122742
