precision,accuracy,recall,duration
0.7966001716001716,0.8025,0.6743967341191954,144.8803117275238
