precision,accuracy,recall,duration
0.959313354999622,0.9591836734693877,0.9591606600480529,190.33536100387573
