{"config": [9, 64, 64, 32, 0, 1], "accuracy": 0.738317757}
{"config": [9, 16, 16, 64, 1, 1], "accuracy": 0.7737279335}
{"config": [6, 64, 32, 41, 0, 1], "accuracy": 0.7438560055}
{"config": [9, 16, 16, 64, 0, 1], "accuracy": 0.7346486674}
{"config": [3, 64, 64, 32, 1, 1], "accuracy": 0.7737106265}
{"config": [9, 16, 64, 64, 0, 1], "accuracy": 0.7662859121000001}
{"config": [3, 32, 32, 41, 1, 0], "accuracy": 0.7588438906}
{"config": [3, 64, 64, 64, 0, 1], "accuracy": 0.7587919695}
{"config": [6, 16, 128, 64, 1, 1], "accuracy": 0.7123572170000001}
{"config": [9, 64, 32, 64, 1, 0], "accuracy": 0.7438213915}
{"config": [9, 64, 128, 64, 1, 1], "accuracy": 0.7049844237}
{"config": [9, 16, 32, 32, 1, 1], "accuracy": 0.7366216684}
{"config": [3, 32, 64, 64, 1, 1], "accuracy": 0.7494115611000001}
{"config": [9, 16, 128, 32, 1, 0], "accuracy": 0.7550190377}
{"config": [3, 64, 16, 32, 1, 0], "accuracy": 0.7588785047000001}
{"config": [3, 16, 32, 64, 1, 0], "accuracy": 0.7551055729}
{"config": [3, 64, 128, 32, 1, 0], "accuracy": 0.7754932503}
{"config": [9, 64, 64, 64, 1, 0], "accuracy": 0.7494807892}
{"config": [9, 16, 64, 32, 1, 1], "accuracy": 0.7681204569000001}
{"config": [6, 64, 16, 64, 1, 1], "accuracy": 0.7643648321000001}
{"config": [9, 64, 128, 32, 1, 0], "accuracy": 0.5750086535}
{"config": [3, 16, 128, 32, 0, 0], "accuracy": 0.7366043614000001}
{"config": [3, 64, 128, 64, 1, 0], "accuracy": 0.5473174109}
{"config": [3, 32, 128, 41, 1, 0], "accuracy": 0.7198511596}
{"config": [9, 32, 64, 41, 1, 1], "accuracy": 0.7234683281000001}
{"config": [3, 32, 16, 64, 1, 1], "accuracy": 0.7570266528}
{"config": [9, 32, 16, 32, 1, 1], "accuracy": 0.7346832814}
{"config": [3, 16, 16, 41, 1, 1], "accuracy": 0.7830391139}
{"config": [9, 32, 128, 64, 1, 1], "accuracy": 0.7069920388}
{"config": [9, 32, 32, 64, 1, 1], "accuracy": 0.7569055036}
{"config": [9, 64, 16, 41, 1, 1], "accuracy": 0.7682242991}
{"config": [3, 64, 64, 41, 1, 1], "accuracy": 0.7586708204}
{"config": [6, 16, 64, 41, 0, 0], "accuracy": 0.7495500173}
{"config": [3, 32, 64, 32, 1, 0], "accuracy": 0.7718241606}
{"config": [9, 16, 128, 41, 1, 0], "accuracy": 0.6773451021}
{"config": [3, 32, 128, 32, 0, 1], "accuracy": 0.7532537210000001}
{"config": [9, 16, 16, 41, 1, 0], "accuracy": 0.740290758}
{"config": [3, 32, 16, 41, 1, 1], "accuracy": 0.7533229491}
{"config": [3, 16, 16, 32, 1, 0], "accuracy": 0.7718068536}
{"config": [9, 64, 32, 32, 1, 0], "accuracy": 0.7402215299}
{"config": [3, 16, 64, 64, 1, 1], "accuracy": 0.7717203184}
{"config": [3, 64, 128, 41, 1, 1], "accuracy": 0.6754067151}
{"config": [3, 16, 32, 41, 1, 0], "accuracy": 0.7439944618000001}
{"config": [3, 16, 16, 64, 1, 1], "accuracy": 0.7569228107}
{"config": [3, 64, 32, 64, 1, 1], "accuracy": 0.7643475251}
{"config": [6, 32, 32, 32, 1, 1], "accuracy": 0.7385081343000001}
{"config": [3, 64, 16, 41, 1, 0], "accuracy": 0.7551574939}
{"config": [9, 16, 32, 64, 1, 1], "accuracy": 0.7550190377}
{"config": [3, 64, 32, 32, 1, 1], "accuracy": 0.7607476636}
{"config": [3, 32, 32, 64, 1, 0], "accuracy": 0.7588611976}
