{"config": [6, 64, 64, 64, 0, 0], "accuracy": 0.9496040196000001}
{"config": [3, 16, 16, 32, 0, 1], "accuracy": 0.9534631257}
{"config": [9, 32, 32, 64, 1, 0], "accuracy": 0.9485883785}
{"config": [3, 32, 128, 32, 0, 1], "accuracy": 0.9540759771}
{"config": [9, 64, 64, 64, 1, 0], "accuracy": 0.9496015435}
{"config": [6, 16, 64, 32, 1, 0], "accuracy": 0.9514320499000001}
{"config": [9, 64, 16, 32, 0, 1], "accuracy": 0.9451310305}
{"config": [9, 16, 128, 64, 0, 0], "accuracy": 0.9520442821}
{"config": [9, 64, 128, 32, 0, 0], "accuracy": 0.9544824811}
{"config": [3, 64, 128, 64, 1, 0], "accuracy": 0.9550895547}
{"config": [6, 64, 16, 64, 1, 0], "accuracy": 0.9552932194}
{"config": [3, 16, 64, 64, 1, 1], "accuracy": 0.9534616813000001}
{"config": [3, 64, 32, 32, 1, 0], "accuracy": 0.9530586852}
{"config": [9, 16, 16, 64, 1, 1], "accuracy": 0.9506223433000001}
{"config": [9, 16, 128, 32, 1, 0], "accuracy": 0.9508222938}
{"config": [9, 64, 128, 64, 1, 1], "accuracy": 0.9538712806}
{"config": [3, 64, 64, 32, 1, 1], "accuracy": 0.9548854773000001}
{"config": [3, 32, 16, 64, 1, 0], "accuracy": 0.9567168090000001}
{"config": [9, 64, 32, 64, 1, 0], "accuracy": 0.9489955016}
{"config": [6, 32, 32, 64, 1, 0], "accuracy": 0.9518387603}
{"config": [9, 32, 128, 41, 1, 0], "accuracy": 0.9532600801000001}
{"config": [3, 64, 128, 41, 1, 1], "accuracy": 0.9548883661}
{"config": [3, 16, 128, 41, 0, 0], "accuracy": 0.9559033882}
{"config": [9, 32, 32, 32, 1, 1], "accuracy": 0.9510261648}
{"config": [3, 16, 128, 64, 1, 1], "accuracy": 0.9579361149000001}
{"config": [3, 16, 32, 41, 1, 0], "accuracy": 0.9587476786}
{"config": [6, 32, 64, 41, 0, 1], "accuracy": 0.9530578598}
{"config": [9, 16, 16, 41, 1, 0], "accuracy": 0.9532604928}
{"config": [3, 64, 16, 41, 1, 1], "accuracy": 0.9567151583000001}
{"config": [9, 32, 64, 32, 1, 1], "accuracy": 0.949400974}
{"config": [3, 32, 16, 32, 1, 0], "accuracy": 0.9518360778}
{"config": [3, 32, 128, 64, 0, 0], "accuracy": 0.957122075}
{"config": [9, 64, 64, 41, 0, 1], "accuracy": 0.9514310181000001}
{"config": [3, 32, 32, 41, 1, 0], "accuracy": 0.9550893484}
{"config": [3, 16, 32, 64, 0, 0], "accuracy": 0.9544818621000001}
{"config": [6, 64, 128, 64, 0, 1], "accuracy": 0.9512294169000001}
{"config": [9, 32, 64, 64, 0, 1], "accuracy": 0.9534666337000001}
{"config": [9, 16, 64, 41, 0, 1], "accuracy": 0.9561054022000001}
{"config": [9, 16, 32, 32, 0, 0], "accuracy": 0.9463515744000001}
{"config": [3, 64, 16, 64, 0, 1], "accuracy": 0.9565137634}
{"config": [9, 32, 16, 41, 0, 1], "accuracy": 0.952854195}
{"config": [9, 32, 128, 64, 1, 1], "accuracy": 0.9554983286000001}
{"config": [3, 64, 128, 32, 1, 0], "accuracy": 0.9544800050000001}
{"config": [9, 64, 32, 41, 0, 0], "accuracy": 0.9534682844000001}
{"config": [9, 64, 64, 32, 1, 0], "accuracy": 0.9542767529}
{"config": [9, 16, 64, 64, 0, 0], "accuracy": 0.9510257521000001}
{"config": [3, 16, 16, 64, 1, 1], "accuracy": 0.9544797986}
{"config": [3, 64, 32, 64, 1, 1], "accuracy": 0.9575277537}
{"config": [3, 64, 64, 41, 1, 0], "accuracy": 0.9526505303}
{"config": [9, 16, 32, 64, 1, 1], "accuracy": 0.9489948826000001}
