{"config": [9, 64, 64, 32, 0, 1], "accuracy": 0.9284753732000001}
{"config": [9, 16, 16, 64, 1, 1], "accuracy": 0.9426420293000001}
{"config": [6, 64, 32, 41, 0, 1], "accuracy": 0.9336477041000001}
{"config": [9, 16, 16, 64, 0, 1], "accuracy": 0.9559184035}
{"config": [3, 64, 64, 32, 1, 1], "accuracy": 0.9388220574}
{"config": [9, 16, 64, 64, 0, 1], "accuracy": 0.9390452598000001}
{"config": [3, 16, 16, 32, 0, 1], "accuracy": 0.9331970021}
{"config": [3, 64, 128, 64, 0, 0], "accuracy": 0.9406198102000001}
{"config": [3, 16, 128, 32, 0, 0], "accuracy": 0.9302741371000001}
{"config": [3, 64, 64, 64, 0, 1], "accuracy": 0.9403943327000001}
{"config": [6, 64, 128, 32, 0, 0], "accuracy": 0.9298262155}
{"config": [3, 16, 128, 64, 0, 0], "accuracy": 0.9349975354000001}
{"config": [3, 16, 32, 64, 0, 0], "accuracy": 0.9349945021}
{"config": [3, 64, 16, 64, 0, 1], "accuracy": 0.9403953438}
{"config": [3, 64, 16, 32, 0, 0], "accuracy": 0.9338749510000001}
{"config": [3, 32, 128, 32, 0, 1], "accuracy": 0.929150036}
{"config": [9, 16, 64, 41, 0, 0], "accuracy": 0.9296002326}
{"config": [6, 32, 16, 64, 0, 0], "accuracy": 0.9363476195}
{"config": [9, 16, 128, 64, 0, 0], "accuracy": 0.9338749510000001}
{"config": [9, 16, 32, 32, 0, 0], "accuracy": 0.9311730135}
{"config": [9, 64, 32, 64, 1, 0], "accuracy": 0.9329710191}
{"config": [9, 16, 16, 41, 0, 0], "accuracy": 0.9394957091}
{"config": [9, 64, 128, 64, 1, 1], "accuracy": 0.9239807384000001}
{"config": [3, 64, 128, 41, 0, 1], "accuracy": 0.9302746426}
{"config": [3, 32, 64, 32, 1, 0], "accuracy": 0.9363498945000001}
{"config": [9, 32, 16, 32, 0, 1], "accuracy": 0.9347730691}
{"config": [9, 32, 32, 64, 0, 1], "accuracy": 0.9356721983}
{"config": [6, 32, 128, 64, 0, 0], "accuracy": 0.9358959063000001}
{"config": [9, 64, 16, 32, 0, 1], "accuracy": 0.9358969174}
{"config": [9, 16, 128, 32, 1, 1], "accuracy": 0.9264503735}
{"config": [6, 32, 64, 64, 0, 0], "accuracy": 0.9293742496}
{"config": [9, 32, 128, 41, 1, 0], "accuracy": 0.9262269183}
{"config": [3, 16, 32, 41, 0, 1], "accuracy": 0.9320731538}
{"config": [3, 64, 64, 41, 0, 0], "accuracy": 0.9331992771000001}
{"config": [9, 64, 64, 64, 1, 0], "accuracy": 0.9289227891}
{"config": [6, 16, 64, 32, 1, 1], "accuracy": 0.9271250363}
{"config": [3, 64, 32, 32, 0, 0], "accuracy": 0.9345488556}
{"config": [3, 64, 128, 32, 1, 0], "accuracy": 0.9300489124}
{"config": [3, 16, 128, 41, 0, 1], "accuracy": 0.9314035465}
{"config": [3, 32, 32, 32, 0, 0], "accuracy": 0.9331947271000001}
{"config": [3, 16, 64, 64, 1, 0], "accuracy": 0.9331980132000001}
{"config": [9, 64, 16, 41, 1, 0], "accuracy": 0.9379221698}
{"config": [3, 16, 16, 64, 1, 1], "accuracy": 0.9343211031}
{"config": [3, 64, 32, 64, 1, 1], "accuracy": 0.9406198102000001}
{"config": [9, 32, 64, 32, 1, 1], "accuracy": 0.9221774245000001}
{"config": [3, 32, 16, 41, 0, 1], "accuracy": 0.9388192768}
{"config": [9, 64, 128, 41, 1, 0], "accuracy": 0.9289225364}
{"config": [9, 32, 32, 41, 0, 0], "accuracy": 0.9356732094}
{"config": [6, 32, 64, 41, 0, 1], "accuracy": 0.9345473389000001}
{"config": [9, 64, 32, 32, 1, 0], "accuracy": 0.9379196421}
