{"config": [6, 64, 64, 64, 0, 0], "accuracy": 0.4032959327}
{"config": [3, 16, 16, 32, 0, 1], "accuracy": 0.5745675549}
{"config": [9, 32, 32, 64, 1, 0], "accuracy": 0.5099111734}
{"config": [3, 32, 128, 32, 0, 1], "accuracy": 0.5657784011}
{"config": [9, 64, 64, 64, 1, 0], "accuracy": 0.4862786349}
{"config": [6, 16, 64, 32, 1, 0], "accuracy": 0.5266012155}
{"config": [9, 64, 32, 32, 1, 0], "accuracy": 0.4279803647}
{"config": [9, 32, 128, 64, 1, 1], "accuracy": 0.5315801777}
{"config": [9, 64, 128, 41, 1, 0], "accuracy": 0.3801075269}
{"config": [9, 16, 128, 41, 1, 0], "accuracy": 0.5140953717}
{"config": [9, 32, 32, 32, 1, 1], "accuracy": 0.4538803179}
{"config": [9, 16, 64, 64, 0, 1], "accuracy": 0.4773959794}
{"config": [9, 16, 16, 64, 1, 1], "accuracy": 0.5507246377}
{"config": [6, 64, 16, 64, 1, 1], "accuracy": 0.4667835437}
{"config": [9, 16, 16, 41, 1, 0], "accuracy": 0.5182094437}
{"config": [9, 64, 64, 32, 1, 1], "accuracy": 0.37795698920000004}
{"config": [9, 32, 128, 32, 0, 1], "accuracy": 0.4144693782}
{"config": [3, 16, 128, 64, 1, 1], "accuracy": 0.5226273960000001}
{"config": [3, 64, 128, 64, 1, 0], "accuracy": 0.5440860215000001}
{"config": [3, 16, 128, 32, 0, 0], "accuracy": 0.6025946704}
{"config": [3, 32, 128, 41, 1, 0], "accuracy": 0.5377279102}
{"config": [3, 16, 32, 41, 0, 1], "accuracy": 0.4989247312}
{"config": [3, 32, 16, 64, 1, 1], "accuracy": 0.5354137447}
{"config": [9, 32, 64, 41, 1, 1], "accuracy": 0.4553763441}
{"config": [3, 32, 16, 32, 1, 0], "accuracy": 0.5853669939}
{"config": [9, 64, 16, 32, 0, 1], "accuracy": 0.4381252922}
{"config": [9, 64, 32, 64, 1, 0], "accuracy": 0.5376577840000001}
{"config": [3, 16, 32, 64, 1, 0], "accuracy": 0.5638616176}
{"config": [3, 16, 128, 41, 0, 1], "accuracy": 0.54628331}
{"config": [3, 32, 16, 41, 0, 1], "accuracy": 0.6027582983}
{"config": [3, 16, 16, 64, 1, 1], "accuracy": 0.5659654044}
{"config": [3, 32, 128, 64, 0, 0], "accuracy": 0.6025712950000001}
{"config": [3, 64, 128, 32, 1, 0], "accuracy": 0.5725338943}
{"config": [3, 32, 64, 64, 1, 1], "accuracy": 0.5766012155}
{"config": [9, 32, 64, 64, 0, 1], "accuracy": 0.511430575}
{"config": [3, 32, 64, 32, 1, 0], "accuracy": 0.5465404395}
{"config": [3, 16, 64, 64, 1, 0], "accuracy": 0.563487611}
{"config": [3, 64, 16, 41, 1, 0], "accuracy": 0.5593735390000001}
{"config": [3, 32, 32, 41, 1, 0], "accuracy": 0.538055166}
{"config": [3, 16, 16, 41, 1, 1], "accuracy": 0.5852968677}
{"config": [3, 64, 32, 41, 0, 1], "accuracy": 0.5250350631}
{"config": [9, 64, 16, 41, 1, 1], "accuracy": 0.5572697522}
{"config": [3, 64, 128, 41, 0, 1], "accuracy": 0.5658719028}
{"config": [6, 16, 64, 41, 0, 0], "accuracy": 0.5398784479000001}
{"config": [9, 32, 16, 41, 0, 1], "accuracy": 0.5377279102}
{"config": [3, 32, 32, 64, 0, 1], "accuracy": 0.5487377279}
{"config": [9, 16, 128, 64, 0, 0], "accuracy": 0.5528985507}
{"config": [3, 64, 64, 41, 1, 0], "accuracy": 0.5940626461}
{"config": [9, 64, 64, 41, 1, 0], "accuracy": 0.45551659650000004}
{"config": [3, 16, 32, 32, 1, 1], "accuracy": 0.570056101}
