{"config": [6, 64, 64, 64, 0, 0], "accuracy": 0.9413333333}
{"config": [3, 16, 16, 32, 0, 1], "accuracy": 0.9386666667}
{"config": [9, 32, 32, 64, 1, 0], "accuracy": 0.9506666667}
{"config": [3, 32, 128, 32, 0, 1], "accuracy": 0.9546666667}
{"config": [9, 64, 64, 64, 1, 0], "accuracy": 0.9466666667}
{"config": [6, 16, 64, 32, 1, 0], "accuracy": 0.9480000000000001}
{"config": [9, 16, 128, 64, 1, 0], "accuracy": 0.9373333333}
{"config": [9, 64, 16, 32, 1, 0], "accuracy": 0.9373333333}
{"config": [9, 64, 128, 32, 0, 0], "accuracy": 0.9480000000000001}
{"config": [9, 16, 128, 32, 1, 0], "accuracy": 0.9560000000000001}
{"config": [6, 64, 16, 64, 1, 1], "accuracy": 0.9533333333}
{"config": [3, 64, 128, 64, 1, 0], "accuracy": 0.9373333333}
{"config": [3, 16, 16, 64, 1, 1], "accuracy": 0.9493333333}
{"config": [9, 16, 16, 64, 0, 1], "accuracy": 0.9520000000000001}
{"config": [3, 64, 64, 32, 1, 1], "accuracy": 0.936}
{"config": [9, 16, 64, 64, 0, 1], "accuracy": 0.9440000000000001}
{"config": [3, 64, 128, 32, 1, 0], "accuracy": 0.9386666667}
{"config": [9, 32, 128, 41, 1, 0], "accuracy": 0.9506666667}
{"config": [3, 16, 128, 41, 0, 1], "accuracy": 0.9373333333}
{"config": [9, 32, 64, 32, 1, 1], "accuracy": 0.9546666667}
{"config": [9, 16, 32, 32, 1, 1], "accuracy": 0.9413333333}
{"config": [9, 64, 32, 64, 0, 1], "accuracy": 0.9386666667}
{"config": [9, 32, 16, 41, 0, 1], "accuracy": 0.9480000000000001}
{"config": [3, 32, 64, 64, 1, 1], "accuracy": 0.9440000000000001}
{"config": [3, 32, 32, 32, 0, 0], "accuracy": 0.9573333333}
{"config": [3, 64, 16, 41, 1, 1], "accuracy": 0.9440000000000001}
{"config": [9, 64, 128, 64, 1, 1], "accuracy": 0.9480000000000001}
{"config": [3, 32, 16, 64, 1, 1], "accuracy": 0.9453333333}
{"config": [6, 32, 128, 64, 0, 0], "accuracy": 0.9506666667}
{"config": [3, 16, 32, 41, 0, 1], "accuracy": 0.9493333333}
{"config": [9, 64, 32, 41, 0, 0], "accuracy": 0.9506666667}
{"config": [9, 16, 16, 41, 1, 0], "accuracy": 0.9573333333}
{"config": [9, 32, 64, 41, 1, 0], "accuracy": 0.9546666667}
{"config": [3, 16, 32, 64, 0, 0], "accuracy": 0.9480000000000001}
{"config": [3, 64, 32, 32, 1, 0], "accuracy": 0.9373333333}
{"config": [3, 32, 64, 32, 1, 0], "accuracy": 0.9453333333}
{"config": [3, 64, 128, 41, 0, 1], "accuracy": 0.9213333333}
{"config": [9, 64, 64, 32, 1, 0], "accuracy": 0.9506666667}
{"config": [3, 16, 128, 64, 1, 1], "accuracy": 0.9506666667}
{"config": [3, 16, 64, 64, 1, 0], "accuracy": 0.9400000000000001}
{"config": [3, 32, 16, 32, 1, 0], "accuracy": 0.9653333333}
{"config": [3, 64, 32, 64, 1, 1], "accuracy": 0.9453333333}
{"config": [9, 64, 64, 41, 0, 1], "accuracy": 0.9533333333}
{"config": [9, 16, 32, 64, 1, 1], "accuracy": 0.9306666667000001}
{"config": [9, 32, 128, 32, 0, 1], "accuracy": 0.9453333333}
{"config": [3, 32, 32, 41, 1, 0], "accuracy": 0.9413333333}
{"config": [9, 16, 64, 41, 0, 0], "accuracy": 0.9520000000000001}
{"config": [3, 16, 128, 32, 0, 0], "accuracy": 0.9346666667}
{"config": [3, 64, 16, 64, 0, 1], "accuracy": 0.9506666667}
{"config": [9, 32, 16, 32, 1, 0], "accuracy": 0.968}
