{"config": [9, 64, 64, 32, 0, 1], "accuracy": 0.9653882971000001}
{"config": [9, 16, 16, 64, 1, 1], "accuracy": 0.969365447}
{"config": [6, 64, 32, 41, 0, 1], "accuracy": 0.97012197}
{"config": [9, 16, 16, 64, 0, 1], "accuracy": 0.9764242705}
{"config": [3, 64, 64, 32, 1, 1], "accuracy": 0.9740589779000001}
{"config": [9, 16, 64, 64, 0, 1], "accuracy": 0.9701188822000001}
{"config": [3, 16, 16, 32, 0, 1], "accuracy": 0.9716875096}
{"config": [3, 64, 128, 64, 0, 0], "accuracy": 0.9709062838}
{"config": [3, 16, 128, 32, 0, 0], "accuracy": 0.9693407442}
{"config": [3, 64, 64, 64, 0, 1], "accuracy": 0.9756214297}
{"config": [3, 16, 128, 64, 0, 0], "accuracy": 0.9732530493}
{"config": [3, 16, 32, 64, 0, 0], "accuracy": 0.9724779991}
{"config": [3, 64, 128, 32, 1, 0], "accuracy": 0.9811147136}
{"config": [3, 64, 16, 64, 0, 1], "accuracy": 0.9764211826}
{"config": [3, 32, 128, 32, 0, 1], "accuracy": 0.9764026556000001}
{"config": [3, 64, 16, 32, 0, 0], "accuracy": 0.9772054964}
{"config": [3, 32, 64, 32, 1, 0], "accuracy": 0.9724841748}
{"config": [9, 32, 128, 41, 1, 0], "accuracy": 0.9653975606}
{"config": [3, 32, 16, 41, 0, 1], "accuracy": 0.9795522618}
{"config": [9, 16, 32, 32, 0, 0], "accuracy": 0.9764088312}
{"config": [9, 32, 32, 64, 0, 1], "accuracy": 0.9709124595}
{"config": [9, 16, 64, 32, 1, 1], "accuracy": 0.9787772117}
{"config": [9, 64, 128, 32, 0, 0], "accuracy": 0.9756245175}
{"config": [3, 64, 128, 41, 0, 1], "accuracy": 0.9732715763}
{"config": [9, 32, 128, 64, 1, 1], "accuracy": 0.9638289331000001}
{"config": [9, 32, 16, 32, 0, 1], "accuracy": 0.9748432916}
{"config": [3, 32, 16, 64, 1, 0], "accuracy": 0.9709186352}
{"config": [9, 16, 128, 32, 1, 1], "accuracy": 0.9724810869}
{"config": [9, 16, 16, 41, 0, 0], "accuracy": 0.9740497144}
{"config": [3, 32, 64, 64, 1, 1], "accuracy": 0.9732808399}
{"config": [9, 64, 16, 41, 1, 1], "accuracy": 0.9724841748}
{"config": [9, 64, 128, 64, 1, 1], "accuracy": 0.9732561371}
{"config": [9, 64, 32, 64, 1, 0], "accuracy": 0.9701096187}
{"config": [9, 16, 128, 64, 0, 0], "accuracy": 0.9779959858}
{"config": [6, 16, 64, 41, 0, 0], "accuracy": 0.9756245175}
{"config": [9, 32, 64, 41, 1, 1], "accuracy": 0.9614482013000001}
{"config": [3, 32, 32, 32, 0, 0], "accuracy": 0.9795615254000001}
{"config": [3, 64, 64, 41, 0, 0], "accuracy": 0.9748587309000001}
{"config": [9, 64, 64, 64, 1, 0], "accuracy": 0.9669785394}
{"config": [3, 16, 32, 41, 0, 1], "accuracy": 0.9732777520000001}
{"config": [3, 16, 128, 41, 0, 1], "accuracy": 0.9669600124000001}
{"config": [9, 64, 32, 32, 1, 0], "accuracy": 0.9724810869}
{"config": [3, 16, 64, 64, 1, 1], "accuracy": 0.9646348618}
{"config": [3, 64, 32, 64, 1, 1], "accuracy": 0.9764150069}
{"config": [9, 64, 16, 32, 0, 1], "accuracy": 0.981127065}
{"config": [3, 16, 16, 64, 1, 1], "accuracy": 0.9756276054}
{"config": [9, 32, 32, 41, 0, 0], "accuracy": 0.9748494673}
{"config": [9, 64, 128, 41, 1, 0], "accuracy": 0.9756214297}
{"config": [3, 64, 32, 32, 0, 1], "accuracy": 0.9795646132}
{"config": [6, 16, 128, 64, 1, 1], "accuracy": 0.9669754516}
