{"config": [9, 64, 64, 32, 0, 1], "accuracy": 0.9585657371}
{"config": [9, 16, 16, 64, 1, 1], "accuracy": 0.9625498008000001}
{"config": [6, 64, 32, 41, 0, 1], "accuracy": 0.9561752988000001}
{"config": [9, 16, 16, 64, 0, 1], "accuracy": 0.9583001328}
{"config": [3, 64, 64, 32, 1, 1], "accuracy": 0.9556440903000001}
{"config": [9, 16, 64, 64, 0, 1], "accuracy": 0.9548472776}
{"config": [9, 64, 128, 64, 1, 0], "accuracy": 0.9601593625}
{"config": [9, 16, 128, 32, 1, 0], "accuracy": 0.9567065073000001}
{"config": [6, 16, 16, 32, 1, 0], "accuracy": 0.9529880478}
{"config": [9, 64, 32, 64, 1, 0], "accuracy": 0.9561752988000001}
{"config": [9, 16, 128, 64, 1, 0], "accuracy": 0.9590969456}
{"config": [6, 32, 32, 64, 1, 0], "accuracy": 0.9545816733}
{"config": [9, 64, 128, 32, 1, 0], "accuracy": 0.9556440903000001}
{"config": [9, 64, 16, 32, 1, 0], "accuracy": 0.9535192563}
{"config": [3, 32, 128, 32, 0, 1], "accuracy": 0.9564409031000001}
{"config": [3, 64, 16, 64, 0, 1], "accuracy": 0.9593625498}
{"config": [9, 32, 64, 32, 1, 1], "accuracy": 0.9559096946000001}
{"config": [3, 64, 64, 64, 0, 1], "accuracy": 0.9580345286}
{"config": [3, 16, 128, 64, 1, 1], "accuracy": 0.9545816733}
{"config": [9, 32, 16, 32, 1, 1], "accuracy": 0.9521912351}
{"config": [9, 32, 128, 64, 1, 1], "accuracy": 0.9604249668}
{"config": [3, 16, 16, 64, 1, 1], "accuracy": 0.9590969456}
{"config": [9, 16, 32, 32, 1, 1], "accuracy": 0.9511288181}
{"config": [3, 64, 128, 41, 0, 1], "accuracy": 0.9614873838}
{"config": [9, 32, 128, 41, 1, 0], "accuracy": 0.9612217795}
{"config": [6, 16, 64, 41, 0, 0], "accuracy": 0.9588313413}
{"config": [3, 32, 128, 64, 0, 0], "accuracy": 0.9577689243}
{"config": [9, 64, 64, 41, 1, 0], "accuracy": 0.9569721116000001}
{"config": [3, 32, 64, 64, 1, 1], "accuracy": 0.9620185923000001}
{"config": [3, 32, 32, 32, 0, 0], "accuracy": 0.9583001328}
{"config": [3, 16, 128, 41, 0, 0], "accuracy": 0.9521912351}
{"config": [6, 32, 16, 64, 1, 0], "accuracy": 0.9598937583}
{"config": [3, 64, 16, 32, 1, 1], "accuracy": 0.9620185923000001}
{"config": [3, 16, 16, 41, 1, 1], "accuracy": 0.9543160691}
{"config": [3, 64, 128, 64, 1, 0], "accuracy": 0.9633466135000001}
{"config": [6, 16, 64, 32, 1, 1], "accuracy": 0.9593625498}
{"config": [3, 64, 32, 32, 1, 0], "accuracy": 0.9604249668}
{"config": [3, 16, 64, 64, 1, 0], "accuracy": 0.9527224436}
{"config": [3, 64, 16, 41, 1, 0], "accuracy": 0.9625498008000001}
{"config": [9, 64, 64, 64, 1, 0], "accuracy": 0.9524568393}
{"config": [9, 16, 32, 64, 1, 0], "accuracy": 0.9583001328}
{"config": [9, 32, 128, 32, 0, 1], "accuracy": 0.9601593625}
{"config": [3, 64, 32, 64, 1, 1], "accuracy": 0.9551128818}
{"config": [9, 32, 32, 41, 1, 0], "accuracy": 0.9572377158}
{"config": [3, 64, 128, 32, 1, 0], "accuracy": 0.9569721116000001}
{"config": [3, 32, 64, 32, 1, 0], "accuracy": 0.9575033201}
{"config": [3, 32, 16, 41, 0, 0], "accuracy": 0.9535192563}
{"config": [3, 16, 32, 41, 1, 0], "accuracy": 0.9516600266}
{"config": [9, 16, 16, 41, 0, 0], "accuracy": 0.9537848606}
{"config": [9, 32, 64, 64, 0, 1], "accuracy": 0.9567065073000001}
