{"config": [9, 64, 64, 32, 0, 1], "accuracy": 0.9525791624000001}
{"config": [9, 16, 16, 64, 1, 1], "accuracy": 0.9524259448}
{"config": [6, 64, 32, 41, 0, 1], "accuracy": 0.9411389173}
{"config": [9, 16, 16, 64, 0, 1], "accuracy": 0.9592951992000001}
{"config": [3, 64, 64, 32, 1, 1], "accuracy": 0.9774004086}
{"config": [9, 16, 64, 64, 0, 1], "accuracy": 0.9569969356}
{"config": [3, 16, 128, 32, 0, 0], "accuracy": 0.9592441267}
{"config": [3, 16, 32, 32, 0, 1], "accuracy": 0.9773237998000001}
{"config": [3, 64, 128, 64, 0, 1], "accuracy": 0.9366445352}
{"config": [3, 64, 128, 32, 1, 0], "accuracy": 0.9637895812}
{"config": [3, 64, 64, 64, 0, 1], "accuracy": 0.9569969356}
{"config": [3, 16, 32, 64, 0, 0], "accuracy": 0.9683094995}
{"config": [3, 32, 64, 32, 1, 0], "accuracy": 0.9705822268000001}
{"config": [3, 16, 128, 64, 0, 0], "accuracy": 0.968360572}
{"config": [3, 32, 16, 32, 1, 0], "accuracy": 0.9683094995}
{"config": [3, 64, 16, 64, 0, 1], "accuracy": 0.9593462717000001}
{"config": [3, 64, 16, 32, 0, 0], "accuracy": 0.9683094995}
{"config": [9, 32, 128, 32, 0, 1], "accuracy": 0.9502298264000001}
{"config": [3, 16, 16, 41, 0, 1], "accuracy": 0.9751532176000001}
{"config": [9, 16, 128, 64, 0, 0], "accuracy": 0.9593207354000001}
{"config": [3, 32, 16, 64, 1, 1], "accuracy": 0.9614402451}
{"config": [9, 16, 64, 32, 1, 1], "accuracy": 0.9592696629}
{"config": [3, 32, 128, 41, 1, 0], "accuracy": 0.9773748723000001}
{"config": [3, 32, 128, 64, 0, 0], "accuracy": 0.9548774259}
{"config": [9, 16, 16, 32, 1, 1], "accuracy": 0.9524004086000001}
{"config": [3, 64, 64, 41, 0, 0], "accuracy": 0.9615168539000001}
{"config": [9, 64, 128, 41, 1, 1], "accuracy": 0.9569969356}
{"config": [3, 32, 64, 64, 1, 1], "accuracy": 0.9637895812}
{"config": [9, 32, 32, 64, 0, 1], "accuracy": 0.9388151175}
{"config": [3, 16, 128, 41, 0, 1], "accuracy": 0.9659856997}
{"config": [3, 16, 16, 32, 0, 1], "accuracy": 0.9796731359}
{"config": [9, 64, 16, 32, 0, 1], "accuracy": 0.9479826353}
{"config": [3, 16, 64, 64, 1, 0], "accuracy": 0.9502042901000001}
{"config": [3, 64, 128, 41, 0, 1], "accuracy": 0.9660878447000001}
{"config": [3, 64, 32, 64, 1, 1], "accuracy": 0.9615934627}
{"config": [6, 32, 32, 32, 0, 1], "accuracy": 0.9546986721}
{"config": [9, 16, 128, 41, 1, 0], "accuracy": 0.9480592441000001}
{"config": [6, 16, 64, 41, 0, 0], "accuracy": 0.9592441267}
{"config": [9, 64, 64, 64, 1, 0], "accuracy": 0.9547752809000001}
{"config": [3, 64, 32, 32, 1, 0], "accuracy": 0.9683094995}
{"config": [9, 32, 64, 41, 1, 1], "accuracy": 0.9480847804}
{"config": [3, 16, 16, 64, 1, 1], "accuracy": 0.9615934627}
{"config": [9, 64, 32, 64, 1, 0], "accuracy": 0.9366956078}
{"config": [3, 64, 16, 41, 1, 0], "accuracy": 0.9682328907000001}
{"config": [3, 16, 128, 64, 1, 1], "accuracy": 0.9547242084}
{"config": [9, 64, 128, 64, 1, 0], "accuracy": 0.9230592441000001}
{"config": [9, 16, 32, 32, 0, 0], "accuracy": 0.9660367722000001}
{"config": [3, 32, 32, 41, 1, 0], "accuracy": 0.9683094995}
{"config": [9, 64, 128, 32, 0, 0], "accuracy": 0.9366956078}
{"config": [3, 32, 16, 41, 0, 1], "accuracy": 0.9705566905}
