{"config": [9, 64, 64, 32, 0, 1], "accuracy": 0.4440758294}
{"config": [9, 16, 16, 64, 1, 1], "accuracy": 0.428436019}
{"config": [6, 64, 32, 41, 0, 1], "accuracy": 0.43554502370000003}
{"config": [9, 16, 16, 64, 0, 1], "accuracy": 0.43933649290000004}
{"config": [3, 64, 64, 32, 1, 1], "accuracy": 0.4549763033}
{"config": [9, 16, 64, 64, 0, 1], "accuracy": 0.4308056872}
{"config": [3, 64, 128, 64, 0, 0], "accuracy": 0.428436019}
{"config": [3, 16, 128, 32, 0, 0], "accuracy": 0.4639810427}
{"config": [3, 16, 16, 32, 0, 1], "accuracy": 0.4383886256}
{"config": [6, 64, 128, 32, 0, 0], "accuracy": 0.48720379150000004}
{"config": [3, 16, 128, 64, 0, 0], "accuracy": 0.44454976300000004}
{"config": [3, 64, 16, 64, 0, 1], "accuracy": 0.4360189573}
{"config": [3, 32, 128, 32, 0, 1], "accuracy": 0.4630331754}
{"config": [3, 64, 16, 32, 0, 0], "accuracy": 0.4412322275}
{"config": [3, 16, 32, 64, 0, 0], "accuracy": 0.44881516590000003}
{"config": [6, 16, 64, 32, 1, 0], "accuracy": 0.4597156398}
{"config": [6, 64, 64, 64, 0, 0], "accuracy": 0.4478672986}
{"config": [3, 32, 32, 32, 0, 0], "accuracy": 0.4454976303}
{"config": [9, 16, 128, 41, 1, 0], "accuracy": 0.46350710900000003}
{"config": [6, 32, 64, 41, 0, 1], "accuracy": 0.4464454976}
{"config": [9, 16, 32, 32, 0, 0], "accuracy": 0.4369668246}
{"config": [9, 64, 128, 41, 1, 1], "accuracy": 0.4758293839}
{"config": [3, 64, 128, 41, 0, 1], "accuracy": 0.4436018957}
{"config": [9, 32, 128, 64, 1, 1], "accuracy": 0.4744075829}
{"config": [9, 32, 32, 64, 0, 1], "accuracy": 0.4255924171}
{"config": [9, 32, 128, 32, 0, 0], "accuracy": 0.4895734597}
{"config": [9, 16, 128, 32, 1, 1], "accuracy": 0.4241706161}
{"config": [3, 32, 16, 41, 0, 0], "accuracy": 0.4369668246}
{"config": [3, 32, 128, 41, 1, 0], "accuracy": 0.4478672986}
{"config": [9, 16, 128, 64, 0, 0], "accuracy": 0.4165876777}
{"config": [3, 32, 64, 64, 1, 1], "accuracy": 0.4360189573}
{"config": [3, 64, 32, 64, 1, 1], "accuracy": 0.4265402844}
{"config": [3, 32, 16, 64, 1, 0], "accuracy": 0.43033175360000003}
{"config": [3, 16, 32, 41, 0, 1], "accuracy": 0.43033175360000003}
{"config": [3, 32, 64, 32, 1, 0], "accuracy": 0.4478672986}
{"config": [9, 32, 16, 32, 0, 1], "accuracy": 0.3938388626}
{"config": [3, 64, 64, 41, 0, 0], "accuracy": 0.44739336490000003}
{"config": [3, 64, 32, 32, 0, 0], "accuracy": 0.4255924171}
{"config": [9, 64, 16, 41, 1, 0], "accuracy": 0.45402843600000004}
{"config": [3, 32, 128, 64, 0, 0], "accuracy": 0.43791469190000004}
{"config": [9, 64, 128, 64, 1, 1], "accuracy": 0.4943127962}
{"config": [3, 16, 64, 64, 1, 0], "accuracy": 0.43933649290000004}
{"config": [9, 16, 16, 41, 0, 0], "accuracy": 0.4113744076}
{"config": [9, 64, 32, 64, 0, 1], "accuracy": 0.4251184834}
{"config": [6, 16, 64, 41, 0, 0], "accuracy": 0.44454976300000004}
{"config": [3, 16, 128, 41, 0, 1], "accuracy": 0.46066350710000004}
{"config": [9, 32, 64, 32, 1, 0], "accuracy": 0.4227488152}
{"config": [3, 64, 16, 41, 0, 1], "accuracy": 0.4383886256}
{"config": [3, 16, 16, 64, 1, 1], "accuracy": 0.4431279621}
{"config": [9, 32, 32, 41, 0, 0], "accuracy": 0.4118483412}
