{"config": [9, 64, 64, 32, 0, 1], "accuracy": 0.9591194969000001}
{"config": [9, 16, 16, 64, 1, 1], "accuracy": 0.9665269043}
{"config": [6, 64, 32, 41, 0, 1], "accuracy": 0.9626834382}
{"config": [9, 16, 16, 64, 0, 1], "accuracy": 0.9552760307}
{"config": [3, 64, 64, 32, 1, 1], "accuracy": 0.9773584906}
{"config": [9, 16, 64, 64, 0, 1], "accuracy": 0.9589797345000001}
{"config": [3, 64, 128, 64, 1, 0], "accuracy": 0.9551362683}
{"config": [9, 16, 128, 32, 1, 0], "accuracy": 0.9627533194000001}
{"config": [3, 16, 16, 32, 1, 0], "accuracy": 0.9812718379}
{"config": [6, 64, 32, 64, 1, 0], "accuracy": 0.9703004892}
{"config": [3, 64, 16, 32, 1, 0], "accuracy": 0.9850454228000001}
{"config": [3, 16, 128, 64, 1, 1], "accuracy": 0.9701607268}
{"config": [3, 32, 64, 32, 1, 0], "accuracy": 0.9587002096}
{"config": [3, 64, 128, 32, 1, 0], "accuracy": 0.970230608}
{"config": [3, 16, 32, 64, 1, 0], "accuracy": 0.9776380154000001}
{"config": [3, 32, 16, 64, 1, 1], "accuracy": 0.9590496157}
{"config": [9, 16, 128, 64, 1, 0], "accuracy": 0.9665269043}
{"config": [9, 64, 64, 64, 1, 0], "accuracy": 0.958839972}
{"config": [9, 32, 16, 32, 1, 0], "accuracy": 0.9700908456}
{"config": [9, 16, 32, 32, 1, 1], "accuracy": 0.9850454228000001}
{"config": [9, 32, 128, 64, 1, 1], "accuracy": 0.9514325646}
{"config": [9, 64, 128, 41, 1, 1], "accuracy": 0.9440251572}
{"config": [3, 32, 128, 41, 1, 0], "accuracy": 0.9701607268}
{"config": [6, 64, 16, 64, 1, 0], "accuracy": 0.9554856744}
{"config": [6, 16, 64, 32, 1, 0], "accuracy": 0.9628930818}
{"config": [9, 64, 32, 32, 1, 0], "accuracy": 0.9737945493000001}
{"config": [9, 32, 32, 64, 1, 0], "accuracy": 0.9665967855}
{"config": [9, 16, 16, 41, 1, 0], "accuracy": 0.9776380154000001}
{"config": [3, 32, 64, 64, 1, 1], "accuracy": 0.977498253}
{"config": [9, 64, 16, 32, 0, 1], "accuracy": 0.9591893781}
{"config": [3, 16, 32, 41, 1, 0], "accuracy": 0.9627533194000001}
{"config": [9, 32, 128, 32, 0, 1], "accuracy": 0.9700908456}
{"config": [3, 64, 64, 64, 0, 1], "accuracy": 0.9814116003000001}
{"config": [3, 16, 128, 32, 0, 0], "accuracy": 0.977498253}
{"config": [3, 16, 64, 64, 1, 0], "accuracy": 0.9664570231}
{"config": [3, 64, 64, 41, 1, 0], "accuracy": 0.9777777778000001}
{"config": [3, 32, 128, 64, 0, 0], "accuracy": 0.970230608}
{"config": [3, 64, 128, 41, 0, 1], "accuracy": 0.977498253}
{"config": [3, 16, 128, 41, 0, 1], "accuracy": 0.9813417191}
{"config": [3, 64, 32, 32, 0, 0], "accuracy": 0.9740041929000001}
{"config": [9, 16, 16, 32, 1, 1], "accuracy": 0.9777777778000001}
{"config": [9, 32, 32, 32, 1, 1], "accuracy": 0.9701607268}
{"config": [9, 32, 64, 41, 1, 0], "accuracy": 0.9590496157}
{"config": [3, 64, 16, 41, 1, 0], "accuracy": 0.9624737945}
{"config": [3, 32, 16, 41, 1, 1], "accuracy": 0.9774283718000001}
{"config": [9, 16, 32, 64, 1, 1], "accuracy": 0.9554157932}
{"config": [3, 16, 16, 64, 1, 1], "accuracy": 0.9737945493000001}
{"config": [3, 32, 32, 64, 1, 0], "accuracy": 0.9775681342}
{"config": [3, 32, 128, 32, 0, 1], "accuracy": 0.985115304}
{"config": [9, 32, 64, 32, 1, 1], "accuracy": 0.9663172607}
