{"config": [9, 64, 64, 32, 0, 1], "accuracy": 0.7784774042}
{"config": [9, 16, 16, 64, 1, 1], "accuracy": 0.772005437}
{"config": [6, 64, 32, 41, 0, 1], "accuracy": 0.776243765}
{"config": [9, 16, 16, 64, 0, 1], "accuracy": 0.7751279429}
{"config": [3, 64, 64, 32, 1, 1], "accuracy": 0.7909764066}
{"config": [9, 16, 64, 64, 0, 1], "accuracy": 0.7815936752}
{"config": [3, 16, 128, 32, 0, 0], "accuracy": 0.7815994114}
{"config": [3, 64, 128, 64, 0, 1], "accuracy": 0.7731190144000001}
{"config": [3, 16, 16, 32, 0, 1], "accuracy": 0.8003571429}
{"config": [3, 16, 128, 64, 0, 0], "accuracy": 0.7990176077000001}
{"config": [3, 64, 128, 32, 1, 0], "accuracy": 0.7780195032}
{"config": [3, 32, 64, 32, 1, 0], "accuracy": 0.7811552275}
{"config": [3, 64, 64, 64, 0, 1], "accuracy": 0.7800414006}
{"config": [3, 64, 16, 32, 0, 0], "accuracy": 0.771325818}
{"config": [3, 16, 32, 64, 0, 0], "accuracy": 0.7999109637}
{"config": [3, 64, 16, 64, 0, 1], "accuracy": 0.8019221369}
{"config": [9, 32, 128, 64, 1, 1], "accuracy": 0.7860607043000001}
{"config": [3, 32, 16, 64, 1, 1], "accuracy": 0.7907634178}
{"config": [9, 16, 32, 32, 0, 0], "accuracy": 0.7677546389000001}
{"config": [3, 32, 128, 41, 1, 0], "accuracy": 0.7829394453}
{"config": [9, 16, 128, 41, 1, 0], "accuracy": 0.7648333998}
{"config": [6, 16, 64, 32, 1, 1], "accuracy": 0.7686397646}
{"config": [9, 64, 32, 64, 1, 0], "accuracy": 0.7742261073000001}
{"config": [3, 32, 64, 64, 1, 1], "accuracy": 0.8059442338}
{"config": [3, 16, 32, 41, 0, 1], "accuracy": 0.7907584298}
{"config": [3, 16, 64, 64, 1, 0], "accuracy": 0.7891884477000001}
{"config": [9, 32, 128, 32, 0, 1], "accuracy": 0.7739984038000001}
{"config": [9, 32, 16, 32, 0, 1], "accuracy": 0.7775800579000001}
{"config": [9, 64, 128, 41, 1, 1], "accuracy": 0.7784806464}
{"config": [3, 32, 32, 32, 0, 0], "accuracy": 0.7883028232}
{"config": [3, 32, 32, 64, 0, 1], "accuracy": 0.7974603452}
{"config": [3, 32, 16, 41, 0, 0], "accuracy": 0.8028137470000001}
{"config": [3, 64, 64, 41, 0, 0], "accuracy": 0.8046004589}
{"config": [3, 32, 128, 64, 0, 0], "accuracy": 0.7950032422000001}
{"config": [9, 64, 16, 41, 1, 0], "accuracy": 0.7775867917}
{"config": [9, 64, 128, 64, 1, 0], "accuracy": 0.7885113228}
{"config": [9, 32, 64, 41, 1, 0], "accuracy": 0.7713243216}
{"config": [9, 64, 64, 64, 1, 0], "accuracy": 0.7760225459000001}
{"config": [9, 16, 16, 41, 0, 0], "accuracy": 0.7757973364}
{"config": [3, 16, 16, 64, 1, 1], "accuracy": 0.7925446429}
{"config": [9, 16, 128, 64, 0, 0], "accuracy": 0.789407921}
{"config": [9, 64, 128, 32, 0, 0], "accuracy": 0.7905279828}
{"config": [3, 64, 16, 41, 1, 1], "accuracy": 0.8014769553000001}
{"config": [3, 64, 32, 64, 1, 1], "accuracy": 0.7867308460000001}
{"config": [3, 16, 128, 41, 0, 1], "accuracy": 0.7963385375}
{"config": [6, 32, 64, 64, 0, 0], "accuracy": 0.7889717179}
{"config": [6, 16, 64, 41, 0, 0], "accuracy": 0.7845011971}
{"config": [3, 32, 16, 32, 1, 0], "accuracy": 0.7789148543000001}
{"config": [3, 32, 32, 41, 1, 1], "accuracy": 0.7856155227}
{"config": [3, 64, 32, 32, 1, 0], "accuracy": 0.7851775738000001}
