{"config": [9, 64, 64, 32, 0, 1], "accuracy": 0.7114624506}
{"config": [9, 16, 16, 64, 1, 1], "accuracy": 0.8367588933000001}
{"config": [6, 64, 32, 41, 0, 1], "accuracy": 0.6664031621000001}
{"config": [9, 16, 16, 64, 0, 1], "accuracy": 0.8458498024000001}
{"config": [3, 64, 64, 32, 1, 1], "accuracy": 0.576284585}
{"config": [9, 16, 64, 64, 0, 1], "accuracy": 0.7837944664000001}
{"config": [9, 16, 32, 32, 0, 0], "accuracy": 0.8102766798000001}
{"config": [9, 16, 128, 32, 1, 0], "accuracy": 0.7225296443}
{"config": [9, 64, 128, 64, 1, 0], "accuracy": 0.5403162055}
{"config": [9, 16, 16, 32, 1, 1], "accuracy": 0.8924901186}
{"config": [9, 16, 128, 64, 0, 0], "accuracy": 0.6913043478}
{"config": [9, 32, 16, 32, 0, 1], "accuracy": 0.8375494071}
{"config": [9, 64, 64, 64, 1, 0], "accuracy": 0.5778656126}
{"config": [9, 64, 128, 32, 0, 0], "accuracy": 0.6505928854}
{"config": [9, 64, 16, 32, 0, 1], "accuracy": 0.7656126482000001}
{"config": [9, 16, 16, 41, 0, 0], "accuracy": 0.8928853755}
{"config": [9, 16, 64, 32, 1, 1], "accuracy": 0.6920948617}
{"config": [3, 16, 16, 32, 0, 1], "accuracy": 0.6853754941}
{"config": [6, 64, 16, 64, 1, 0], "accuracy": 0.7833992095000001}
{"config": [9, 32, 32, 64, 0, 1], "accuracy": 0.84743083}
{"config": [9, 32, 128, 41, 1, 0], "accuracy": 0.6019762846}
{"config": [9, 16, 32, 64, 1, 0], "accuracy": 0.7830039526}
{"config": [9, 64, 32, 64, 0, 1], "accuracy": 0.8213438735}
{"config": [3, 16, 128, 41, 0, 1], "accuracy": 0.8296442688000001}
{"config": [6, 32, 16, 64, 0, 0], "accuracy": 0.8201581028}
{"config": [9, 32, 16, 41, 0, 1], "accuracy": 0.8830039526000001}
{"config": [3, 16, 128, 64, 1, 1], "accuracy": 0.7000000000000001}
{"config": [9, 32, 64, 41, 1, 1], "accuracy": 0.7387351779}
{"config": [9, 32, 64, 64, 0, 1], "accuracy": 0.7209486166}
{"config": [3, 16, 128, 32, 0, 0], "accuracy": 0.5513833992}
{"config": [9, 16, 128, 41, 1, 0], "accuracy": 0.7328063241}
{"config": [9, 32, 32, 41, 1, 0], "accuracy": 0.7035573123000001}
{"config": [9, 64, 16, 41, 1, 0], "accuracy": 0.8288537549}
{"config": [3, 32, 128, 64, 0, 0], "accuracy": 0.7043478261}
{"config": [9, 16, 64, 41, 0, 0], "accuracy": 0.7833992095000001}
{"config": [3, 32, 32, 64, 0, 1], "accuracy": 0.7383399209}
{"config": [3, 64, 16, 41, 0, 1], "accuracy": 0.8023715415}
{"config": [3, 64, 128, 41, 0, 1], "accuracy": 0.6581027668}
{"config": [3, 64, 32, 64, 1, 1], "accuracy": 0.7833992095000001}
{"config": [9, 64, 64, 41, 0, 1], "accuracy": 0.6225296443}
{"config": [3, 16, 64, 64, 1, 0], "accuracy": 0.4517786561}
{"config": [6, 16, 32, 41, 1, 1], "accuracy": 0.7565217391}
{"config": [3, 16, 16, 64, 1, 1], "accuracy": 0.74743083}
{"config": [9, 32, 64, 32, 1, 0], "accuracy": 0.7391304348000001}
{"config": [9, 16, 16, 41, 1, 1], "accuracy": 0.8553359684}
{"config": [3, 32, 16, 41, 0, 0], "accuracy": 0.7387351779}
{"config": [9, 64, 32, 32, 1, 0], "accuracy": 0.7932806324}
{"config": [3, 64, 16, 32, 1, 0], "accuracy": 0.8023715415}
{"config": [3, 64, 32, 32, 0, 0], "accuracy": 0.7482213439000001}
{"config": [9, 32, 128, 64, 1, 1], "accuracy": 0.6830039526}
