precision,accuracy,recall,duration
0.9696837711877372,0.9768091306459447,0.9622410694182267,3123.483426809311
