precision,accuracy,recall,duration
0.9333501221001221,0.92,0.92,984.4442780017853
