precision,accuracy,recall,duration
0.6625589225589226,0.8167701863354038,0.5788270637408569,272.4830491542816
