precision,accuracy,recall,duration
0.8867470244479173,0.8,0.903450720081447,462.44542598724365
