precision,accuracy,recall,duration
0.7520491803278688,0.7513812154696132,0.731203007518797,175.59144163131714
