precision,accuracy,recall,duration
0.9594551401133036,0.9658536585365853,0.9491357959620972,234.60477948188782
