precision,accuracy,recall,duration
0.8682017543859649,0.8666666666666667,0.8704453441295548,83.7457504272461
