precision,accuracy,recall,duration
0.9627070536166936,0.9692682926829268,0.9520669015152433,622.8408575057983
