precision,accuracy,recall,duration
0.9620013788551505,0.9629268292682926,0.9418776515302146,162.2956042289734
