precision,accuracy,recall,duration
0.9056478954767221,0.9049520766773163,0.9030451248475513,147.40772533416748
