precision,accuracy,recall,duration
0.8314480963629522,0.831002331002331,0.8077328324705666,1649.073938369751
