precision,accuracy,recall,duration
0.6111005961191591,0.725,0.6004617198710026,201.7495093345642
