precision,accuracy,recall,duration
0.8001894735998782,0.805,0.824473059803599,623.5988171100616
