precision,accuracy,recall,duration
0.9745020780899109,0.9738693467336683,0.974229989094923,57.73541045188904
