precision,accuracy,recall,duration
0.9580586080586081,0.9444444444444444,0.9154577691811734,327.61598801612854
