precision,accuracy,recall,duration
0.966897233201581,0.9666666666666667,0.9666666666666667,355.5974245071411
