precision,accuracy,recall,duration
0.8599529891773489,0.8435897435897436,0.8523618799637633,211.0350148677826
