precision,accuracy,recall,duration
0.812602049678652,0.8125,0.7040685773752816,170.95120644569397
