precision,accuracy,recall,duration
0.9327194791308664,0.9317943336831059,0.9223884074177616,394.2002263069153
