precision,accuracy,recall,duration
0.6326972514021513,0.6267676767676768,0.6267676767676768,177.462828874588
