precision,accuracy,recall,duration
0.7840727226169899,0.784,0.784,366.5086839199066
