precision,accuracy,recall,duration
0.7501853224610823,0.6666666666666666,0.6666666666666667,509.1475160121918
