precision,accuracy,recall,duration
0.8947998841199803,0.8868552412645591,0.900394377019911,266.15564155578613
