precision,accuracy,recall,duration
0.9287508397052685,0.9282523729759911,0.9285878803449679,1945.682678937912
