precision,accuracy,recall,duration
0.9433627127596093,0.9297520661157025,0.9123147233201582,347.66743755340576
