precision,accuracy,recall,duration
0.7792206119162642,0.7813333333333333,0.7813333333333334,566.4879865646362
