precision,accuracy,recall,duration
0.8282051282051283,0.8,0.7138888888888889,111.63928556442261
