precision,accuracy,recall,duration
0.840898428336852,0.8285714285714286,0.8419469510527756,92.69435834884644
