precision,accuracy,recall,duration
0.8689515097522215,0.8666666666666667,0.8679971480018919,383.3728611469269
