precision,accuracy,recall,duration
0.4637489610666283,0.735,0.48540472345332625,335.1281750202179
