precision,accuracy,recall,duration
0.9495431893687707,0.9281045751633987,0.882495164410058,264.04538106918335
