precision,accuracy,recall,duration
0.8144236715665288,0.7945205479452054,0.7805048335123522,152.6558017730713
