precision,accuracy,recall,duration
0.8499084955883203,0.8512820512820513,0.8458629061878836,457.93859601020813
