precision,accuracy,recall,duration
0.9245283018867925,0.9111111111111111,0.9111111111111111,69.02590680122375
