precision,accuracy,recall,duration
0.8851092994733425,0.888,0.8698020402154523,2514.402412891388
