precision,accuracy,recall,duration
0.9736111111111111,0.9736842105263158,0.9736111111111111,202.9883906841278
