precision,accuracy,recall,duration
0.7854166666666667,0.8,0.7938652938652939,322.23023676872253
