precision,accuracy,recall,duration
0.9447302753958532,0.9517313746065058,0.956728170720343,324.8419728279114
