precision,accuracy,recall,duration
0.9646623193656823,0.9673170731707317,0.9532826260218655,483.16604566574097
