precision,accuracy,recall,duration
0.9889705882352942,0.9975665152498377,0.9986361156573922,2500.1775979995728
