precision,accuracy,recall,duration
0.5951625126303665,0.6974921630094044,0.5348017949661219,228.72939729690552
