precision,accuracy,recall,duration
0.7883673109330607,0.7925,0.6934866032314467,121.36800122261047
