precision,accuracy,recall,duration
0.375642367588332,0.6015037593984962,0.3943690379048396,66.34488582611084
