precision,accuracy,recall,duration
0.9713336370588284,0.9774162214667315,0.9623040651202358,6324.484966039658
