precision,accuracy,recall,duration
0.926039656080014,0.9240924092409241,0.9233653007846556,454.61652421951294
