precision,accuracy,recall,duration
0.8050668116179923,0.8128205128205128,0.8038264290803124,174.76839542388916
