precision,accuracy,recall,duration
0.6489026915113871,0.6464088397790055,0.6423271746729252,316.2475743293762
