precision,accuracy,recall,duration
0.9352400035308708,0.9352957511802277,0.9352754704867381,1406.6897118091583
