precision,accuracy,recall,duration
0.6801786335192854,0.9402222222222222,0.5790602412755445,424.38629603385925
