precision,accuracy,recall,duration
0.7667912099021267,0.7608695652173914,0.7606498870660828,1165.6183106899261
