precision,accuracy,recall,duration
0.8920454545454545,0.8666666666666667,0.7916666666666666,172.57912254333496
