precision,accuracy,recall,duration
0.37628990102099796,0.581453634085213,0.3738810810942084,285.48335695266724
