precision,accuracy,recall,duration
0.875,0.8,0.7999999999999999,143.33005046844482
