precision,accuracy,recall,duration
0.7998821681068342,0.780952380952381,0.7772331154684096,143.63516497612
