precision,accuracy,recall,duration
0.9599231885372352,0.9639024390243902,0.951701023458365,506.4207570552826
