precision,accuracy,recall,duration
0.9324754193175245,0.9359916054564533,0.9320240424937098,264.6896493434906
