precision,accuracy,recall,duration
0.9361382857362371,0.9355108877721943,0.9357660513513312,1765.4027655124664
