precision,accuracy,recall,duration
0.9659090909090909,0.95,0.9423076923076923,223.559184551239
