precision,accuracy,recall,duration
0.9571507980646259,0.9567280848687884,0.9568483242851054,3409.0311193466187
