precision,accuracy,recall,duration
0.9180638805638806,0.912,0.9119999999999999,1238.5297060012817
