precision,accuracy,recall,duration
0.7976704619814159,0.7975,0.6798610393734528,199.85705995559692
