precision,accuracy,recall,duration
0.7156282745825712,0.9384444444444444,0.5655838508292204,306.7982773780823
