precision,accuracy,recall,duration
0.7087135145839721,0.9393333333333334,0.5998430708809982,652.3434364795685
