precision,accuracy,recall,duration
0.830582542762334,0.8384615384615385,0.8301016518703945,325.0737233161926
