precision,accuracy,recall,duration
0.6595801534888298,0.7714285714285715,0.6147036286039382,585.2823660373688
