precision,accuracy,recall,duration
0.9383301987448367,0.9338842975206612,0.913719493067319,468.2076859474182
