precision,accuracy,recall,duration
0.8323314760621262,0.7928388746803069,0.7953572328572328,278.0968129634857
