precision,accuracy,recall,duration
0.4672586122075537,0.77,0.48441692013020893,641.784539937973
