precision,accuracy,recall,duration
0.5472834967320261,0.7701863354037267,0.5302377220480669,311.2969093322754
