precision,accuracy,recall,duration
0.5036148466516313,0.795,0.5059529471038301,208.7946274280548
