precision,accuracy,recall,duration
0.664571751323568,0.9397777777777778,0.5762276247504139,1093.329806804657
