precision,accuracy,recall,duration
0.7556309559208757,0.7413333333333333,0.7413333333333334,741.033618927002
