precision,accuracy,recall,duration
0.9508859233665161,0.9473170731707317,0.9248113551006842,113.44901967048645
