precision,accuracy,recall,duration
0.8210515678366541,0.8227247347850363,0.8212480926906609,2341.099855661392
