precision,accuracy,recall,duration
0.7085368846241246,0.9388888888888889,0.5636855703443842,186.82823657989502
