precision,accuracy,recall,duration
0.941877932009511,0.9416828658705915,0.941463023153164,3432.019676923752
