precision,accuracy,recall,duration
0.9582043010123451,0.9526652452025587,0.9529219535334148,203.68105721473694
