precision,accuracy,recall,duration
0.937950937950938,0.9333333333333333,0.9333333333333332,324.43029618263245
