precision,accuracy,recall,duration
0.7758993098498159,0.7825,0.6750758506173264,72.50053024291992
