precision,accuracy,recall,duration
0.9128440366972477,0.8944444444444445,0.8944444444444444,410.1700301170349
