precision,accuracy,recall,duration
0.8295465439555172,0.8285714285714286,0.837571780147662,203.39745593070984
