precision,accuracy,recall,duration
0.7788483184007924,0.79,0.7952237952237953,612.8794057369232
