precision,accuracy,recall,duration
0.6738314746835118,0.7272727272727273,0.5903105925840526,558.0325419902802
