precision,accuracy,recall,duration
0.825,0.7666666666666667,0.7666666666666667,97.58382868766785
