precision,accuracy,recall,duration
0.7908663345021882,0.7973199329983249,0.795271839585521,323.7462763786316
