precision,accuracy,recall,duration
0.9880745341614906,0.9885714285714285,0.9893596059113301,87.64503479003906
