precision,accuracy,recall,duration
0.7494324029416168,0.7710526315789473,0.7541838251217016,845.4884071350098
