precision,accuracy,recall,duration
0.6590661652998949,0.75,0.6482625126085042,202.30894708633423
