precision,accuracy,recall,duration
0.8604882185210841,0.8589743589743589,0.8646131057018313,481.4110140800476
