precision,accuracy,recall,duration
0.8394195651548594,0.8286445012787724,0.8399632274632275,514.9560785293579
