precision,accuracy,recall,duration
0.8456096075244645,0.8307692307692308,0.8403483189068752,393.7768430709839
