precision,accuracy,recall,duration
0.7808534669404235,0.7618421052631579,0.7192363079597941,186.85060358047485
