precision,accuracy,recall,duration
0.9136702164799928,0.9256198347107438,0.8975986573812661,207.41965055465698
