precision,accuracy,recall,duration
0.5733695652173914,0.5370370370370371,0.537037037037037,139.8015694618225
