precision,accuracy,recall,duration
0.6847319347319347,0.6761904761904762,0.6726579520697168,79.40168571472168
