precision,accuracy,recall,duration
0.4853466780577114,0.44,0.44523122200974197,455.21820974349976
