precision,accuracy,recall,duration
0.9249057222495491,0.9240924092409241,0.9236323016564952,1229.4628386497498
