precision,accuracy,recall,duration
0.9157894736842106,0.9,0.9,264.4050838947296
