precision,accuracy,recall,duration
0.5242043930248155,0.5292207792207793,0.5278279609404759,1344.2724380493164
