precision,accuracy,recall,duration
0.8421638058343599,0.841025641025641,0.8340867561162213,234.30132174491882
