precision,accuracy,recall,duration
0.960122053872054,0.9444444444444444,0.9351225016118634,316.5606777667999
