precision,accuracy,recall,duration
0.6691104594330402,0.671875,0.6751012145748988,289.7476990222931
