precision,accuracy,recall,duration
0.8081848384173965,0.825,0.8101293522660962,204.49987649917603
