precision,accuracy,recall,duration
0.9180035650623886,0.92,0.9071180555555556,153.81332731246948
