precision,accuracy,recall,duration
0.8827751196172249,0.8555555555555555,0.8555555555555556,388.58565282821655
