precision,accuracy,recall,duration
0.939667223610174,0.948780487804878,0.9272281870804082,147.1128373146057
