precision,accuracy,recall,duration
0.862973978704911,0.8571428571428571,0.8704767113298697,348.7062246799469
