precision,accuracy,recall,duration
0.881903642773208,0.8611111111111112,0.8611111111111112,507.1839859485626
