precision,accuracy,recall,duration
0.8987989675107637,0.8977635782747604,0.8954977854804544,868.494863986969
