precision,accuracy,recall,duration
0.7395925991816403,0.7433333333333333,0.7619626531803151,292.2795600891113
