precision,accuracy,recall,duration
0.961807010194107,0.964110929853181,0.9599123843960782,325.1781919002533
