precision,accuracy,recall,duration
0.9485602956253059,0.9486253818383782,0.9486417077966374,1680.8425652980804
