precision,accuracy,recall,duration
0.9668846088971861,0.9663414634146341,0.9526525346281872,369.14453387260437
