precision,accuracy,recall,duration
0.8052754435107377,0.7945205479452054,0.8112364243943191,187.11711716651917
