precision,accuracy,recall,duration
0.7596153846153846,0.5370370370370371,0.537037037037037,116.49918961524963
