precision,accuracy,recall,duration
0.7535096168104816,0.832967032967033,0.7204967363733619,925.8035411834717
