precision,accuracy,recall,duration
0.9613674649801107,0.9609156895589056,0.9610216302006823,1105.339900970459
