precision,accuracy,recall,duration
0.8870352965747703,0.884185303514377,0.8806406059438988,70.90646576881409
