precision,accuracy,recall,duration
0.9709883516466732,0.9753521126760564,0.9562110279938141,575.1327881813049
