precision,accuracy,recall,duration
0.8550879010004647,0.8487179487179487,0.856488310315684,1081.3406891822815
