precision,accuracy,recall,duration
0.9070712107917712,0.8986666666666666,0.8986666666666666,517.8634951114655
