precision,accuracy,recall,duration
0.928454664341761,0.9284928492849285,0.928454664341761,461.3871157169342
