precision,accuracy,recall,duration
0.7498428786982325,0.8285714285714286,0.7236020118168724,792.5416123867035
