precision,accuracy,recall,duration
0.556487072397867,0.512987012987013,0.5103243953377472,247.84110164642334
