precision,accuracy,recall,duration
0.9582854006964557,0.9526652452025587,0.9529206297492137,206.38848900794983
