precision,accuracy,recall,duration
0.8124685771744594,0.8634146341463415,0.7705614973262033,286.87952971458435
