precision,accuracy,recall,duration
0.5226993307795825,0.5162337662337663,0.5134023083006941,557.3016672134399
