precision,accuracy,recall,duration
0.8252408894897024,0.8458333333333333,0.8423741444717967,1032.4428188800812
