precision,accuracy,recall,duration
0.8578382710930608,0.7893491124260354,0.9008881709300545,341.0165493488312
