precision,accuracy,recall,duration
0.6514492753623189,0.6464088397790055,0.6404034255467892,478.89368748664856
