precision,accuracy,recall,duration
0.8611396060469035,0.8538461538461538,0.8545683237146995,905.8039352893829
