precision,accuracy,recall,duration
0.7683812757845694,0.775,0.7508278336686367,199.30140280723572
