precision,accuracy,recall,duration
0.8850030329895945,0.863,0.8215287760439218,418.3588287830353
