precision,accuracy,recall,duration
0.8404210424408595,0.8461538461538461,0.8385482523730495,325.8768548965454
