precision,accuracy,recall,duration
0.9666211535398616,0.9741379310344828,0.95728907680803,3023.2328004837036
