precision,accuracy,recall,duration
0.9297757797757797,0.9216666666666666,0.9216666666666667,682.994158744812
