precision,accuracy,recall,duration
0.805264194031026,0.7875,0.6814901537672792,120.42162227630615
