precision,accuracy,recall,duration
0.7774067480790237,0.7825,0.6768316058905226,143.6437578201294
