precision,accuracy,recall,duration
0.9157975536076859,0.9087093389296957,0.8912123753611033,385.76192116737366
