precision,accuracy,recall,duration
0.9282334966273769,0.9276677667766776,0.9272922115664051,973.4731256961823
