precision,accuracy,recall,duration
0.887722999481827,0.886,0.8628569944058608,1945.3304493427277
