precision,accuracy,recall,duration
0.8886460196311581,0.8840579710144928,0.8844385809243606,323.2975606918335
