precision,accuracy,recall,duration
0.7469690913935518,0.78,0.6495008971989792,202.24823808670044
