precision,accuracy,recall,duration
0.6695745858505822,0.7670329670329671,0.6216114770334584,497.59132170677185
