precision,accuracy,recall,duration
0.5108500058500058,0.5162337662337663,0.5142048142542692,1039.56387758255
