precision,accuracy,recall,duration
0.6883383010432191,0.6857142857142857,0.6835511982570806,85.2000343799591
