precision,accuracy,recall,duration
0.8359375,0.7903494176372712,0.8163265306122449,411.75847125053406
