precision,accuracy,recall,duration
0.9613116516010506,0.9668292682926829,0.9546329328501134,352.569931268692
