precision,accuracy,recall,duration
0.8433566433566434,0.8,0.7138888888888889,458.35651206970215
