precision,accuracy,recall,duration
0.8930743560602484,0.8059171597633136,0.9085416670940899,1030.5177881717682
