precision,accuracy,recall,duration
0.6385194206523663,0.6974921630094044,0.5808231178658477,227.54189658164978
