precision,accuracy,recall,duration
0.9601524601524601,0.9605263157894737,0.961111111111111,169.20836758613586
