precision,accuracy,recall,duration
0.8035379303236446,0.8082191780821918,0.8305108008115527,184.54932761192322
