precision,accuracy,recall,duration
0.7420689655172414,0.7407407407407407,0.7407407407407407,68.62581205368042
