precision,accuracy,recall,duration
0.8398921804394921,0.8282051282051283,0.8372106940029632,212.8627004623413
