precision,accuracy,recall,duration
0.8495041091204584,0.841025641025641,0.8494596195860127,661.6543655395508
