precision,accuracy,recall,duration
0.9671590230480236,0.966958211856171,0.9669295978965502,140.16630268096924
