precision,accuracy,recall,duration
0.8671596124426313,0.8555555555555555,0.8555555555555556,230.5137903690338
