precision,accuracy,recall,duration
0.8486107906144671,0.8487179487179487,0.8428531132039794,532.0113785266876
