precision,accuracy,recall,duration
0.7707181707181707,0.7485714285714286,0.7728557105095252,80.50119876861572
