precision,accuracy,recall,duration
0.5115651360112355,0.7525,0.529163206194147,260.9345371723175
