precision,accuracy,recall,duration
0.8499715459617573,0.8611979166666667,0.8329380999679072,198.11927819252014
