precision,accuracy,recall,duration
0.8798966667362914,0.7970414201183432,0.9051686241180564,892.2147209644318
