precision,accuracy,recall,duration
0.9321185817948012,0.938090241343127,0.9384004286646166,385.8327147960663
