precision,accuracy,recall,duration
0.48818829251346185,0.7795031055900621,0.49555903866248696,370.1936011314392
