precision,accuracy,recall,duration
0.8306571087216247,0.8228571428571428,0.8371160331783795,200.88632202148438
