precision,accuracy,recall,duration
0.8026315789473685,0.7657142857142857,0.791723635037827,62.17317080497742
