precision,accuracy,recall,duration
0.9450157933853587,0.9485834207764953,0.9463843071475165,282.21577858924866
