precision,accuracy,recall,duration
0.8747777172926874,0.799,0.723570723427839,444.29574489593506
