precision,accuracy,recall,duration
0.4107142857142857,0.5666666666666667,0.5069444444444444,87.37107872962952
