precision,accuracy,recall,duration
0.7140522875816994,0.7142857142857143,0.7140522875816994,229.421302318573
