precision,accuracy,recall,duration
0.9380252100840336,0.9431818181818182,0.9484265734265734,449.12826228141785
