precision,accuracy,recall,duration
0.8569243524493664,0.8552083333333333,0.817088696291464,295.79740858078003
