precision,accuracy,recall,duration
0.7889140271493214,0.8033333333333333,0.8104940673020813,685.8291437625885
