precision,accuracy,recall,duration
0.5931217897646675,0.5833333333333334,0.5833333333333333,158.71412682533264
