precision,accuracy,recall,duration
0.904608763631895,0.9009584664536742,0.897328454971436,371.65362548828125
