precision,accuracy,recall,duration
0.8503641557505727,0.84,0.8545255674049766,123.45557975769043
