precision,accuracy,recall,duration
0.7915536611792398,0.7922948073701842,0.7904517753531244,196.88296604156494
