precision,accuracy,recall,duration
0.6926677212875568,0.9371111111111111,0.5751490934474328,701.9385080337524
