precision,accuracy,recall,duration
0.8114608039895397,0.8,0.6665912943003952,116.21576714515686
