precision,accuracy,recall,duration
0.8783301537425654,0.8652246256239601,0.8809636811535245,385.86591958999634
