precision,accuracy,recall,duration
0.7808417997097243,0.780952380952381,0.7810457516339869,385.695351600647
