precision,accuracy,recall,duration
0.40993788819875776,0.8198757763975155,0.5,125.17792654037476
