precision,accuracy,recall,duration
0.8576208661315045,0.8457142857142858,0.8637316561844863,385.2360038757324
