precision,accuracy,recall,duration
0.9005541871921182,0.9106529209621993,0.8908400699147914,1348.7839794158936
