precision,accuracy,recall,duration
0.3652294695780673,0.35454545454545455,0.38740534547753425,265.8233292102814
