precision,accuracy,recall,duration
0.6036943118826188,0.7098901098901099,0.5648970089250276,203.10064125061035
