precision,accuracy,recall,duration
0.878418679330721,0.8130177514792899,0.9126953674498645,383.98625016212463
