precision,accuracy,recall,duration
0.8464602847022159,0.8596354166666667,0.8299458991397253,1008.0618164539337
