precision,accuracy,recall,duration
0.8448161993516311,0.8565104166666667,0.8271808146704424,750.5702888965607
