precision,accuracy,recall,duration
0.6265268783800186,0.6232323232323232,0.6232323232323232,745.0533385276794
