precision,accuracy,recall,duration
0.6853209338266083,0.7460815047021944,0.617351666002408,443.432977437973
