precision,accuracy,recall,duration
0.5868470884008629,0.715,0.5682052593444998,362.37007427215576
