precision,accuracy,recall,duration
0.4973418171601338,0.7425,0.5011854120079164,76.75330948829651
