precision,accuracy,recall,duration
0.7693869549132706,0.7774936061381074,0.7834405834405836,441.42654371261597
