precision,accuracy,recall,duration
0.9055899164228486,0.904,0.904,884.0808980464935
