precision,accuracy,recall,duration
0.8068181818181819,0.6851851851851852,0.6851851851851851,70.75825619697571
