precision,accuracy,recall,duration
0.8304761904761904,0.7808219178082192,0.7714703425229741,597.5067546367645
