precision,accuracy,recall,duration
0.9496868809125092,0.9432835820895522,0.9438017321258259,322.9414496421814
