precision,accuracy,recall,duration
0.6357320331896602,0.6408839779005525,0.6304715120343554,87.77726531028748
