precision,accuracy,recall,duration
0.8275716347144918,0.8171428571428572,0.8322851153039833,261.5102458000183
