precision,accuracy,recall,duration
0.9077086413446344,0.904,0.9007366818982457,303.6707127094269
