precision,accuracy,recall,duration
0.8057017543859649,0.78,0.6754316694022627,87.57708430290222
