precision,accuracy,recall,duration
0.6972222222222222,0.6952380952380952,0.6933551198257081,151.890625
