precision,accuracy,recall,duration
0.37629144359913586,0.5914786967418546,0.37731845359522836,96.98408436775208
