precision,accuracy,recall,duration
0.5803990438462735,0.7075,0.5606259500774269,239.9823441505432
