precision,accuracy,recall,duration
0.643750171921137,0.6388888888888888,0.638888888888889,118.45233297348022
