precision,accuracy,recall,duration
0.6660329471794176,0.7272727272727273,0.5951477974269422,220.1717631816864
