precision,accuracy,recall,duration
0.5579867717676905,0.7670807453416149,0.5417972831765935,195.78581762313843
