precision,accuracy,recall,duration
0.8420007222824125,0.8285714285714286,0.8419469510527756,84.14457678794861
