precision,accuracy,recall,duration
0.8898809523809523,0.8833333333333333,0.878903990746096,206.71780490875244
