precision,accuracy,recall,duration
0.8467127769858197,0.841025641025641,0.8436568032713464,998.4447197914124
