precision,accuracy,recall,duration
0.9427489177489178,0.9431818181818182,0.9484265734265734,528.7088959217072
