precision,accuracy,recall,duration
0.92835491586935,0.9279427942794279,0.9276246004068585,991.698558807373
