precision,accuracy,recall,duration
0.944085017452589,0.9467554076539102,0.9514317354848916,123.70649242401123
