precision,accuracy,recall,duration
0.8373267326480419,0.8282051282051283,0.8374238865257366,686.9405262470245
