precision,accuracy,recall,duration
0.9672129503459284,0.9646055437100213,0.964787751542182,345.48300433158875
