precision,accuracy,recall,duration
0.9255995546082998,0.9254606365159129,0.9256283366559501,1107.1998720169067
