precision,accuracy,recall,duration
0.7869455391703992,0.8016666666666666,0.7923995423995425,332.6064467430115
