precision,accuracy,recall,duration
0.8087885075968607,0.8179487179487179,0.8092211258689987,261.85262084007263
