precision,accuracy,recall,duration
0.9650394376795726,0.9648780487804878,0.9492722329197912,112.27380180358887
