precision,accuracy,recall,duration
0.938450191613482,0.9383504582060539,0.9381846635367762,4710.7674350738525
