precision,accuracy,recall,duration
0.9704988050189848,0.9697560975609756,0.9559586332739496,639.3446624279022
