precision,accuracy,recall,duration
0.6666666666666666,0.6666666666666666,0.6666666666666666,139.0228579044342
