precision,accuracy,recall,duration
0.8587427065687936,0.8333333333333334,0.7780587434351294,277.3905460834503
