precision,accuracy,recall,duration
0.694911858974359,0.7016574585635359,0.6828947368421052,120.00824499130249
