precision,accuracy,recall,duration
0.9042240390131957,0.906,0.8904813037981261,1079.298017024994
