precision,accuracy,recall,duration
0.8917807594601315,0.8906666666666667,0.8906666666666666,144.12385034561157
