precision,accuracy,recall,duration
0.9616240266963293,0.9611111111111111,0.961111111111111,385.2274703979492
