precision,accuracy,recall,duration
0.9565217391304347,0.95,0.9499999999999998,160.15436840057373
