precision,accuracy,recall,duration
0.6196078431372549,0.625,0.6234817813765182,487.1901071071625
