precision,accuracy,recall,duration
0.687694099378882,0.6961325966850829,0.681766917293233,407.8360810279846
