precision,accuracy,recall,duration
0.7142857142857143,0.6952380952380952,0.6906318082788672,86.7423415184021
