precision,accuracy,recall,duration
0.971382402001668,0.9777804759592035,0.9632281795588682,6025.39523768425
