precision,accuracy,recall,duration
0.77,0.5740740740740741,0.5740740740740741,59.34522604942322
