precision,accuracy,recall,duration
0.7944404657701387,0.7771428571428571,0.7940935192780968,550.928599357605
