precision,accuracy,recall,duration
0.8283517458612789,0.8361979166666667,0.8278846658087743,611.1037814617157
