precision,accuracy,recall,duration
0.4556979594888622,0.74,0.4650760761810999,137.24112391471863
