precision,accuracy,recall,duration
0.9468046288573811,0.9281045751633987,0.882495164410058,264.2460398674011
