precision,accuracy,recall,duration
0.8375213675213674,0.8285714285714286,0.8419469510527756,100.79260349273682
