precision,accuracy,recall,duration
0.8239419876298516,0.8128205128205128,0.8197350564292866,311.3750500679016
