precision,accuracy,recall,duration
0.8279677054687385,0.823076923076923,0.8233719823451878,1362.1003754138947
