precision,accuracy,recall,duration
0.8716924999732943,0.8634185303514377,0.8573554143398163,688.094161272049
