precision,accuracy,recall,duration
0.6038292529817954,0.7981366459627329,0.5540099268547545,508.3401429653168
