precision,accuracy,recall,duration
0.9549977385798282,0.95,0.9366319444444444,252.80167770385742
