precision,accuracy,recall,duration
0.9249089776929915,0.9243439419318816,0.9246833355283592,959.4970967769623
