precision,accuracy,recall,duration
0.8902229654403567,0.8818635607321131,0.8955409406287431,385.6986424922943
