precision,accuracy,recall,duration
0.9271332741358975,0.9256198347107438,0.9201539855072464,143.83125638961792
