precision,accuracy,recall,duration
0.8441982581967213,0.844,0.844,503.237592458725
