precision,accuracy,recall,duration
0.7844639041858507,0.8,0.6877693988192938,455.19642782211304
