precision,accuracy,recall,duration
0.8874138121073323,0.8846666666666667,0.8815434627131569,1006.8089082241058
