precision,accuracy,recall,duration
0.9956216622883289,0.9956101843722563,0.9956124934480313,507.2301778793335
