precision,accuracy,recall,duration
0.8979073740153745,0.8921725239616614,0.8875447718082033,502.6119911670685
