precision,accuracy,recall,duration
0.41566915655150954,0.6040100250626567,0.38494441044471644,154.74117851257324
