precision,accuracy,recall,duration
0.774946163638743,0.7725,0.6586266925304837,191.8201460838318
