precision,accuracy,recall,duration
0.9826007326007326,0.9828571428571429,0.9831691297208539,336.4317162036896
