precision,accuracy,recall,duration
0.9143583904997983,0.913,0.9110015809333806,234.8276104927063
