precision,accuracy,recall,duration
0.4900314179725944,0.78,0.5035829165227903,77.79259991645813
