precision,accuracy,recall,duration
0.8627193433319903,0.8666666666666667,0.8609713076691564,468.7940905094147
