precision,accuracy,recall,duration
0.9188286196228528,0.9188668866886689,0.9190460621912235,1021.4553842544556
