precision,accuracy,recall,duration
0.8098484848484849,0.8166666666666667,0.8033545401966455,747.092606306076
