precision,accuracy,recall,duration
0.7149859943977591,0.75,0.6126556707184095,507.8614077568054
