precision,accuracy,recall,duration
0.9574365881238911,0.9622245540398741,0.9636730034479546,445.5722482204437
