precision,accuracy,recall,duration
0.8871032178397618,0.8857827476038339,0.8831285705115861,103.88779950141907
