precision,accuracy,recall,duration
0.36796020743389163,0.5839598997493735,0.3643478609313983,57.971110820770264
