precision,accuracy,recall,duration
0.5173428022869272,0.46,0.480024521114864,113.49141240119934
