precision,accuracy,recall,duration
0.8625801282051282,0.8831615120274914,0.8707395674022286,137.20238041877747
