precision,accuracy,recall,duration
0.9428469373466969,0.9422110552763819,0.9424690259221462,2487.115915775299
