precision,accuracy,recall,duration
0.9715306535993036,0.9771733851384167,0.9611728816130464,1193.7582297325134
