precision,accuracy,recall,duration
0.9494647975331785,0.9494584837545126,0.9493840536094058,1724.3874435424805
