precision,accuracy,recall,duration
0.8063186563186564,0.7570332480818415,0.7729334854334854,265.81184577941895
