precision,accuracy,recall,duration
0.9247874561607009,0.9243674367436744,0.9240409764603313,2757.207277536392
