precision,accuracy,recall,duration
0.8579235730261482,0.8538461538461538,0.8461916567393241,201.69632530212402
