precision,accuracy,recall,duration
0.8040509349332879,0.7979539641943734,0.8004805629805629,482.4192624092102
