precision,accuracy,recall,duration
0.9374628471534207,0.9375173562899195,0.9374984952449741,1407.7793526649475
