precision,accuracy,recall,duration
0.9074379609611785,0.9065495207667732,0.9045266063290327,325.5359628200531
