precision,accuracy,recall,duration
0.77,0.5740740740740741,0.5740740740740741,56.96896314620972
