precision,accuracy,recall,duration
0.5865885274976185,0.5227272727272727,0.5260395422071408,503.4493989944458
