precision,accuracy,recall,duration
0.9596333578196411,0.958961474036851,0.9590609749349193,1105.0363337993622
