precision,accuracy,recall,duration
0.9304684667184667,0.92,0.92,743.3344721794128
