precision,accuracy,recall,duration
0.5924398923704539,0.7795031055900621,0.5695532915360502,494.4274711608887
