precision,accuracy,recall,duration
0.7109136752136752,0.8043956043956044,0.6867531986073782,454.6350636482239
