precision,accuracy,recall,duration
0.84646344324458,0.841025641025641,0.8407387916306117,534.1521379947662
