precision,accuracy,recall,duration
0.5339973412290773,0.5194805194805194,0.5163757938100264,1224.5126452445984
