precision,accuracy,recall,duration
0.9455065341302328,0.9452929741738406,0.9450684161951768,983.5614447593689
