precision,accuracy,recall,duration
0.8496918642717803,0.8457142857142858,0.8549813143742595,445.9957957267761
