precision,accuracy,recall,duration
0.8101635771116021,0.8051282051282052,0.8070970903112825,625.7929644584656
