precision,accuracy,recall,duration
0.9076315182982078,0.906,0.9037506851530298,354.81596517562866
