precision,accuracy,recall,duration
0.6109428000326499,0.7147335423197492,0.579577569957414,536.1601762771606
