precision,accuracy,recall,duration
0.9122412438330049,0.9121405750798722,0.9108440849861994,198.08078002929688
