precision,accuracy,recall,duration
0.9649122807017544,0.9649122807017544,0.9662037037037037,129.94913148880005
