precision,accuracy,recall,duration
0.7449173217674167,0.7458563535911602,0.7264411027568922,188.48934841156006
