precision,accuracy,recall,duration
0.7933333333333333,0.7666666666666667,0.7666666666666666,90.8499526977539
