precision,accuracy,recall,duration
0.6265129721673366,0.6272727272727273,0.6272727272727273,254.1432499885559
