precision,accuracy,recall,duration
0.7162727440890593,0.76,0.6554472795166987,476.0049924850464
