precision,accuracy,recall,duration
0.9128282828282828,0.8900343642611683,0.834853615905615,419.00325870513916
