precision,accuracy,recall,duration
0.8229620013340759,0.8153846153846154,0.8184888917300951,298.3268117904663
