precision,accuracy,recall,duration
0.6289463460709119,0.7178683385579937,0.5725341615254608,443.0635521411896
