precision,accuracy,recall,duration
0.6127286282031208,0.6101010101010101,0.6101010101010101,244.80825233459473
