precision,accuracy,recall,duration
0.6738226906121942,0.936,0.5877022418266972,1113.2064101696014
