precision,accuracy,recall,duration
0.7249107824329064,0.8048780487804879,0.7712032085561497,171.51922869682312
