precision,accuracy,recall,duration
0.8561327099862437,0.8514285714285714,0.8627290128520645,100.03492021560669
