precision,accuracy,recall,duration
0.6341178137921836,0.735,0.6163043941524954,201.0410771369934
