precision,accuracy,recall,duration
0.8487008388035799,0.8101449275362319,0.810865962599489,139.78444480895996
