precision,accuracy,recall,duration
0.5743717846080051,0.71,0.557763997215474,205.88966059684753
