precision,accuracy,recall,duration
0.8697916666666666,0.7333333333333333,0.5916666666666667,84.45076823234558
