precision,accuracy,recall,duration
0.7019390959176296,0.7292180002593698,0.6437930830643271,6094.842234373093
