precision,accuracy,recall,duration
0.9457515721898168,0.9297520661157025,0.9005072071648158,327.2447581291199
