precision,accuracy,recall,duration
0.9561147186147186,0.9379084967320261,0.9101386202450032,354.22181224823
