precision,accuracy,recall,duration
0.9096300597213005,0.90814696485623,0.9057564670389627,385.9221713542938
