precision,accuracy,recall,duration
0.9018350034805978,0.901,0.899179201188626,631.4311101436615
