precision,accuracy,recall,duration
0.9559684997016394,0.9551219512195122,0.9339475051634979,107.3078510761261
