precision,accuracy,recall,duration
0.8566778900112233,0.8514285714285714,0.86127062255036,325.54648780822754
