precision,accuracy,recall,duration
0.970770897501307,0.9763234579893152,0.959755212104093,10290.061770677567
