precision,accuracy,recall,duration
0.8634233491376349,0.8564102564102564,0.8522898343832207,177.10245776176453
