precision,accuracy,recall,duration
0.9012027803938847,0.9006666666666666,0.8990592575286425,224.7572991847992
