precision,accuracy,recall,duration
0.5978054213811509,0.73,0.585429541547685,101.96347284317017
