precision,accuracy,recall,duration
0.7682268883056285,0.7569060773480663,0.7305137844611529,367.3218958377838
