precision,accuracy,recall,duration
0.5634023854362837,0.7857142857142857,0.5329806687565308,263.8745982646942
