precision,accuracy,recall,duration
0.985194618599791,0.9849246231155779,0.9851291160575091,194.7397952079773
