precision,accuracy,recall,duration
0.8590200100538447,0.836231884057971,0.8368432023566755,321.1613748073578
