precision,accuracy,recall,duration
0.5862470862470862,0.782608695652174,0.5579937304075235,147.75031805038452
