precision,accuracy,recall,duration
0.8388562761089423,0.8282051282051283,0.8350515625150842,283.4492244720459
