precision,accuracy,recall,duration
0.7274897091307732,0.7146666666666667,0.7146666666666667,2902.6588485240936
