precision,accuracy,recall,duration
0.9942922374429224,0.9941927990708479,0.9941588785046729,469.49770951271057
