precision,accuracy,recall,duration
0.8236066305457234,0.8153846153846154,0.8083040413822681,367.0731942653656
