precision,accuracy,recall,duration
0.9494271984615766,0.9488,0.9501527481341147,1519.5448353290558
