precision,accuracy,recall,duration
0.6414613825873379,0.6388888888888888,0.6388888888888888,144.1387233734131
