precision,accuracy,recall,duration
0.7790286845001061,0.815,0.72344386671717,142.01596570014954
