precision,accuracy,recall,duration
0.8252857311181808,0.8057142857142857,0.8299152310637133,81.89802670478821
