precision,accuracy,recall,duration
0.6145567765567767,0.6243093922651933,0.6251688554878657,194.3074610233307
