precision,accuracy,recall,duration
0.8970398043446266,0.8973333333333333,0.8964736563964815,410.4568738937378
