precision,accuracy,recall,duration
0.788221524133135,0.8013157894736842,0.7756107196161647,450.4591209888458
