precision,accuracy,recall,duration
0.9604665949258512,0.9590243902439024,0.9407971496662105,96.22122263908386
