precision,accuracy,recall,duration
0.7632403165269845,0.7578947368421053,0.7290189909275794,105.46299839019775
