precision,accuracy,recall,duration
0.5963081223945891,0.670846394984326,0.5253756834692299,161.27348637580872
