precision,accuracy,recall,duration
0.9018691588785046,0.8951747088186356,0.9081632653061225,54.25160312652588
