precision,accuracy,recall,duration
0.8457944423695718,0.8461538461538461,0.8472587508071174,1205.856424331665
