precision,accuracy,recall,duration
0.7360890302066773,0.7037037037037037,0.7037037037037037,95.23400282859802
