precision,accuracy,recall,duration
0.7163313790875614,0.9411111111111111,0.5866926929435194,683.9261538982391
