precision,accuracy,recall,duration
0.7527777777777779,0.7,0.7000000000000001,141.05649304389954
