precision,accuracy,recall,duration
0.9455445544554455,0.9388888888888889,0.9388888888888889,64.69784188270569
