precision,accuracy,recall,duration
0.8360378668985914,0.8307692307692308,0.824174088231417,276.47327065467834
