precision,accuracy,recall,duration
0.9669699895629696,0.9748664400194269,0.959201401649595,1341.6943895816803
