precision,accuracy,recall,duration
0.7820767348446374,0.7966666666666666,0.7912197912197912,267.4108216762543
