precision,accuracy,recall,duration
0.8638673185696483,0.8628571428571429,0.8723908486008568,222.44023895263672
