precision,accuracy,recall,duration
0.9474544473794849,0.9504132231404959,0.9448804818370036,397.888503074646
