precision,accuracy,recall,duration
0.8117002819345046,0.755,0.6238226415527472,121.0467095375061
