precision,accuracy,recall,duration
0.8629664944891715,0.8589743589743589,0.8600214083456287,524.7236149311066
