precision,accuracy,recall,duration
0.9726537010095363,0.9771733851384167,0.9601074341256973,2332.015636205673
