precision,accuracy,recall,duration
0.9020103107018085,0.9049586776859504,0.8736997302214694,211.26910090446472
