precision,accuracy,recall,duration
0.7184620068640097,0.9391111111111111,0.5793987277442462,353.73904514312744
