precision,accuracy,recall,duration
0.7695652173913043,0.5333333333333333,0.425,144.393221616745
