precision,accuracy,recall,duration
0.7165067153644002,0.8087912087912088,0.6846165704608428,470.77666306495667
