precision,accuracy,recall,duration
0.9703368366411357,0.9688699360341151,0.9689443497150022,83.55406785011292
