precision,accuracy,recall,duration
0.8785254824344384,0.8777777777777778,0.8777777777777778,508.8566677570343
