precision,accuracy,recall,duration
0.5732754177165456,0.5691919191919191,0.5691919191919191,314.8763282299042
