precision,accuracy,recall,duration
0.6398897395429903,0.7178683385579937,0.5777696869753024,229.06885480880737
