precision,accuracy,recall,duration
0.8549042779267944,0.8635416666666667,0.8306908209627499,534.0701174736023
