precision,accuracy,recall,duration
0.9676275771993657,0.9690048939641109,0.964733560484899,924.2987878322601
