precision,accuracy,recall,duration
0.9669811320754718,0.954248366013072,0.9578497743391361,479.43539118766785
