precision,accuracy,recall,duration
0.8060306146169524,0.81,0.6847962076604341,137.55853080749512
