precision,accuracy,recall,duration
0.9660528313154912,0.964390243902439,0.9459577375643455,110.38516139984131
