precision,accuracy,recall,duration
0.73,0.824390243902439,0.7705347593582887,113.05572652816772
