precision,accuracy,recall,duration
0.7803525421946476,0.7851662404092071,0.7928437553437552,143.91284728050232
