precision,accuracy,recall,duration
0.6268451791430787,0.6262626262626263,0.6262626262626263,146.09986424446106
