precision,accuracy,recall,duration
0.9307905176300522,0.9302065884980458,0.9305217550583106,1903.0471370220184
