precision,accuracy,recall,duration
0.8917882614669894,0.8881789137380192,0.8843443096476025,326.64496517181396
