precision,accuracy,recall,duration
0.7274147949253434,0.8292682926829268,0.775686274509804,247.8813123703003
