precision,accuracy,recall,duration
0.6069900493671291,0.6090909090909091,0.6090909090909092,306.9341652393341
