precision,accuracy,recall,duration
0.9459113280034851,0.9517073170731707,0.9404188739997846,143.85040950775146
