precision,accuracy,recall,duration
0.6,0.5555555555555556,0.5555555555555556,89.57281112670898
