precision,accuracy,recall,duration
0.9208241379677469,0.9194169416941694,0.9187954083115373,927.5364456176758
