precision,accuracy,recall,duration
0.9636932212356412,0.9673170731707317,0.9541681450433968,264.23976612091064
