precision,accuracy,recall,duration
0.8025121283443009,0.82,0.8062633728846528,291.816392660141
