precision,accuracy,recall,duration
0.9609187962803041,0.9653658536585366,0.9476691764267287,228.16377353668213
