precision,accuracy,recall,duration
0.8405254595448562,0.8333333333333334,0.8352549665221426,378.67302536964417
