precision,accuracy,recall,duration
0.8088421170490905,0.8123953098827471,0.8106046775959113,1167.4599342346191
