precision,accuracy,recall,duration
0.8080879340949434,0.8233333333333334,0.8291674771445244,287.5316083431244
