precision,accuracy,recall,duration
0.89824890685587,0.896,0.896,746.1530086994171
