precision,accuracy,recall,duration
0.9642063492063492,0.9640427599611273,0.9640169545310304,110.44300293922424
