precision,accuracy,recall,duration
0.9745129107981221,0.9738988580750407,0.9685406670838839,322.0049331188202
