precision,accuracy,recall,duration
0.9699574135171669,0.9663113006396589,0.9663481664700956,82.63535451889038
