precision,accuracy,recall,duration
0.6211959121548163,0.6243093922651933,0.602651877559173,256.5595235824585
