precision,accuracy,recall,duration
0.9007714669051878,0.896,0.8724865342316286,1706.7940833568573
