precision,accuracy,recall,duration
0.938021275381535,0.9380165289256198,0.9198632285588806,462.30188632011414
