precision,accuracy,recall,duration
0.9582155917553192,0.9582118561710399,0.958208667663992,199.89678931236267
