precision,accuracy,recall,duration
0.8071628232005591,0.8158508158508159,0.8020408630720601,561.5032408237457
