precision,accuracy,recall,duration
0.9558530942741469,0.9444444444444444,0.8908768536428111,203.51951479911804
