precision,accuracy,recall,duration
0.9473262032085561,0.9281045751633987,0.8972437137330754,448.20111775398254
