precision,accuracy,recall,duration
0.6329714950486062,0.6328282828282829,0.6328282828282827,178.7056860923767
