precision,accuracy,recall,duration
0.7284126958042352,0.8065934065934066,0.6796636786158459,779.6826515197754
