precision,accuracy,recall,duration
0.7603270048339225,0.7486842105263158,0.7159059775956793,143.32045817375183
