precision,accuracy,recall,duration
0.8667711792137368,0.8697916666666666,0.8356822355120431,547.7164468765259
