precision,accuracy,recall,duration
0.904029648226621,0.901,0.8979842317642082,575.3518867492676
