precision,accuracy,recall,duration
0.9092391304347827,0.90814696485623,0.9060080878105141,433.30324149131775
