precision,accuracy,recall,duration
0.514026805519546,0.512987012987013,0.511293992122962,885.8865480422974
