precision,accuracy,recall,duration
0.9608275520794713,0.9565853658536585,0.9378529956721863,275.1890678405762
