precision,accuracy,recall,duration
0.6746794871794871,0.7333333333333333,0.6138888888888888,534.986337184906
