precision,accuracy,recall,duration
0.8092667566351777,0.808,0.808,273.38996410369873
