precision,accuracy,recall,duration
0.7273224043715847,0.7292817679558011,0.7085213032581454,289.25038623809814
