precision,accuracy,recall,duration
0.8118618567534978,0.795,0.6934395433276327,206.6317822933197
