precision,accuracy,recall,duration
0.7741228070175439,0.772,0.772,1188.1544251441956
