precision,accuracy,recall,duration
0.6600596699138496,0.7648351648351648,0.642751122338274,450.73212599754333
