precision,accuracy,recall,duration
0.9460132315634819,0.9458483754512635,0.9456522611452189,1364.7816140651703
