precision,accuracy,recall,duration
0.8346492676329285,0.823076923076923,0.8309731985735006,203.68660616874695
