precision,accuracy,recall,duration
0.8009868421052632,0.8,0.7990196078431373,118.50261330604553
