precision,accuracy,recall,duration
0.7891399977650558,0.8075,0.7161442252141609,156.36043787002563
