precision,accuracy,recall,duration
0.96620670995671,0.954248366013072,0.9431012250161186,471.90079283714294
