precision,accuracy,recall,duration
0.8375808451215544,0.8435897435897436,0.8388445507490427,1181.7278187274933
