precision,accuracy,recall,duration
0.9131944444444444,0.92,0.9131944444444444,357.7525854110718
