precision,accuracy,recall,duration
0.7925992379939748,0.7725,0.6504654339267472,197.66092371940613
