precision,accuracy,recall,duration
0.9263107725607723,0.915,0.9150000000000001,1123.5666930675507
