precision,accuracy,recall,duration
0.6753246753246753,0.6875,0.6639676113360324,172.20062947273254
