precision,accuracy,recall,duration
0.9460718229622866,0.946126076089975,0.9461197383732596,544.5546860694885
