precision,accuracy,recall,duration
0.9299999999999999,0.930116472545757,0.9387755102040816,54.60152816772461
