precision,accuracy,recall,duration
0.84086599592091,0.8342857142857143,0.8438610883237626,62.28986716270447
