precision,accuracy,recall,duration
0.8786644941084589,0.8763260748185371,0.876825045077001,834.4538695812225
