precision,accuracy,recall,duration
0.7918985069756058,0.795,0.6704027639084972,84.01911211013794
