precision,accuracy,recall,duration
0.8227261445335283,0.8181159420289855,0.8178408977190091,224.21580362319946
