precision,accuracy,recall,duration
0.4847993913198117,0.7425,0.4933325586638229,191.01737761497498
