precision,accuracy,recall,duration
0.8998614683654053,0.8933333333333333,0.8933333333333334,200.22611212730408
