precision,accuracy,recall,duration
0.5051467637503436,0.4818181818181818,0.4992438269836686,659.0433857440948
