precision,accuracy,recall,duration
0.8411431877529614,0.8358974358974359,0.8423346106306749,325.47507524490356
