precision,accuracy,recall,duration
0.8932122389258383,0.894,0.8941270491492042,115.29708743095398
