precision,accuracy,recall,duration
0.5276934287228405,0.5357142857142857,0.5332335037262548,416.13243293762207
