precision,accuracy,recall,duration
0.6140299004013058,0.6022099447513812,0.6070024717866772,146.15836262702942
