precision,accuracy,recall,duration
0.7971428571428572,0.8133333333333334,0.8160863645205213,205.59344267845154
