precision,accuracy,recall,duration
0.8041752049180328,0.804,0.804,553.0151250362396
