precision,accuracy,recall,duration
0.4914218844757401,0.74,0.5107618282350866,182.82380986213684
