precision,accuracy,recall,duration
0.9620120945574492,0.9477124183006536,0.9279497098646035,539.7615551948547
