precision,accuracy,recall,duration
0.9229431355196402,0.9218313791178113,0.9220183901063166,541.6424517631531
