precision,accuracy,recall,duration
0.8933441833655444,0.8913333333333333,0.8886744148335239,736.5170295238495
