precision,accuracy,recall,duration
0.7120330017108384,0.8,0.7678698752228165,233.12118363380432
