precision,accuracy,recall,duration
0.6665575790433477,0.6629834254143646,0.6592640816937981,142.9888243675232
