precision,accuracy,recall,duration
0.9339680333060062,0.933993399339934,0.9339454373728567,565.1562478542328
