precision,accuracy,recall,duration
0.9226720263947057,0.9216171617161716,0.921085803545481,1249.460690498352
