precision,accuracy,recall,duration
0.8694275916644685,0.8625429553264605,0.8059864540091763,223.40331196784973
