precision,accuracy,recall,duration
0.3861502884579808,0.5789473684210527,0.39185819442015896,166.62588787078857
