precision,accuracy,recall,duration
0.9895793861311103,0.9885714285714285,0.988095238095238,151.79449653625488
