precision,accuracy,recall,duration
0.9557169760559591,0.9504132231404959,0.9400172140661271,473.4355478286743
