precision,accuracy,recall,duration
0.7958333333333334,0.7333333333333333,0.6361111111111111,512.009843826294
