precision,accuracy,recall,duration
0.6393728222996515,0.8043478260869565,0.5914315569487983,145.6928346157074
