precision,accuracy,recall,duration
0.7538136858251748,0.775,0.6863690797301899,131.97063422203064
