precision,accuracy,recall,duration
0.6477349479899511,0.7492163009404389,0.5964402671691025,237.03339457511902
