precision,accuracy,recall,duration
0.5360219845513963,0.665,0.531950304735115,161.33378338813782
