precision,accuracy,recall,duration
0.9519739519739521,0.934640522875817,0.9025628626692457,507.90202617645264
