precision,accuracy,recall,duration
0.8366285455837694,0.8171428571428572,0.8395770668125057,108.00489568710327
