precision,accuracy,recall,duration
0.9572811447811448,0.9411764705882353,0.9029658284977434,264.0200707912445
