precision,accuracy,recall,duration
0.8987923654786862,0.895,0.8915711547335754,724.8938081264496
