precision,accuracy,recall,duration
0.6200945626477541,0.74,0.6143261020898151,275.3554255962372
