precision,accuracy,recall,duration
0.44865846311510443,0.4254545454545455,0.45645411432247185,662.5618643760681
