precision,accuracy,recall,duration
0.8869382376319335,0.884,0.8807777888464458,407.59758615493774
