precision,accuracy,recall,duration
0.9316440575571178,0.938090241343127,0.9394394744199049,358.6255130767822
