precision,accuracy,recall,duration
0.5901378579003181,0.609375,0.5860323886639676,264.4702365398407
