precision,accuracy,recall,duration
0.8268882858435097,0.8114285714285714,0.8318293683347006,65.25109791755676
