precision,accuracy,recall,duration
0.7624184484206447,0.76,0.76,564.2489378452301
