precision,accuracy,recall,duration
0.8990971811632287,0.8986666666666666,0.8986666666666667,521.9020328521729
