precision,accuracy,recall,duration
0.7752444594304632,0.8682926829268293,0.7892602495543674,1031.9163303375244
