precision,accuracy,recall,duration
0.8901515162366084,0.8059171597633136,0.9086251126968679,159.1387083530426
