precision,accuracy,recall,duration
0.662529870644456,0.7714285714285715,0.6379721897125922,358.93593406677246
