precision,accuracy,recall,duration
0.45289274358824233,0.43636363636363634,0.4393482145912872,505.74602818489075
