precision,accuracy,recall,duration
0.9,0.9538461538461539,0.9716981132075472,200.90739226341248
