precision,accuracy,recall,duration
0.765460927960928,0.7675,0.6365073899353022,196.54421043395996
