precision,accuracy,recall,duration
0.6663302494564698,0.9362222222222222,0.5839652408805175,1110.6685557365417
