precision,accuracy,recall,duration
0.8604386334175386,0.8358974358974359,0.8443758625651906,417.5670461654663
