precision,accuracy,recall,duration
0.8193376226270963,0.8209718670076727,0.8255889005889007,525.548588514328
