precision,accuracy,recall,duration
0.7441285118113972,0.7486842105263158,0.7151000258575955,144.86270546913147
