precision,accuracy,recall,duration
0.7931186868686869,0.7771428571428571,0.7940935192780968,567.4682643413544
