precision,accuracy,recall,duration
0.8758839467444566,0.874,0.8711568331478712,817.0398979187012
