precision,accuracy,recall,duration
0.9463998159650334,0.9281045751633987,0.8874113475177304,386.16148042678833
