precision,accuracy,recall,duration
0.8380939863309087,0.8435897435897436,0.836050627640284,447.40766739845276
