precision,accuracy,recall,duration
0.9284656398104265,0.9243986254295533,0.8950458815818221,1788.1402447223663
