precision,accuracy,recall,duration
0.9580329838357362,0.9411764705882353,0.9177143778207608,384.40637826919556
