precision,accuracy,recall,duration
0.8887631883732181,0.877,0.8444508910788202,323.60257172584534
