precision,accuracy,recall,duration
0.7740879783809268,0.768,0.7680000000000001,263.5780313014984
