precision,accuracy,recall,duration
0.6476567253471825,0.6408839779005525,0.6378825027464297,126.85929799079895
