precision,accuracy,recall,duration
0.8275983487129674,0.8298368298368298,0.8090040771450823,3812.799283504486
