precision,accuracy,recall,duration
0.6233449477351917,0.7981366459627329,0.5809169278996865,476.81235909461975
