precision,accuracy,recall,duration
0.8417748917748917,0.824390243902439,0.6977985739750445,169.88203930854797
