precision,accuracy,recall,duration
0.9650921580629803,0.9650145772594753,0.9649972800217598,568.6960182189941
