precision,accuracy,recall,duration
0.8389251809948655,0.8358974358974359,0.8380249382793057,443.23223876953125
