precision,accuracy,recall,duration
0.6357275178478414,0.6353591160220995,0.6268135923299709,263.44052600860596
