precision,accuracy,recall,duration
0.6675862068965517,0.6666666666666666,0.6666666666666667,150.2823519706726
