precision,accuracy,recall,duration
0.6859118789214527,0.9362222222222222,0.5854792716793222,193.3121531009674
