precision,accuracy,recall,duration
0.6994093004332707,0.718324471534172,0.6341195962625547,12330.87299823761
