precision,accuracy,recall,duration
0.9000735487117132,0.8966942148760331,0.8717579521927347,478.9441866874695
