precision,accuracy,recall,duration
0.9696690757813928,0.9764448761534725,0.9609652727512396,3330.274489879608
