precision,accuracy,recall,duration
0.967554570231992,0.9763234579893152,0.9630260513327249,1535.1144707202911
