precision,accuracy,recall,duration
0.6915245332647361,0.9377777777777778,0.5785280111829809,352.50565099716187
