precision,accuracy,recall,duration
0.7033333333333333,0.5,0.3902777777777778,97.57130026817322
