precision,accuracy,recall,duration
0.7852937344140504,0.7986842105263158,0.7806214028537166,847.3210153579712
