precision,accuracy,recall,duration
0.9704600617828774,0.9607843137254902,0.9582527401676337,386.06457233428955
