precision,accuracy,recall,duration
0.8311109547874653,0.8205128205128205,0.8310432800833355,383.34552121162415
