precision,accuracy,recall,duration
0.8894420890220027,0.8881789137380192,0.8856024135053597,208.6539442539215
