precision,accuracy,recall,duration
0.45494754921459973,0.44727272727272727,0.47073298907724187,807.8966262340546
