precision,accuracy,recall,duration
0.9771651221945991,0.9768844221105528,0.9770470792799651,509.15780305862427
