precision,accuracy,recall,duration
0.8236224967904343,0.8315104166666667,0.7919410884684496,114.5689709186554
