precision,accuracy,recall,duration
0.8534266731038922,0.826955074875208,0.8474359843605216,268.2834463119507
