precision,accuracy,recall,duration
0.9390797132823399,0.9359916054564533,0.9252702450843351,384.33329486846924
