precision,accuracy,recall,duration
0.8284082882034377,0.8344988344988346,0.8194718035640662,2385.8591768741608
