precision,accuracy,recall,duration
0.3444972382452622,0.5714285714285714,0.34848961065454337,144.70713567733765
