precision,accuracy,recall,duration
0.8620116276287773,0.779,0.696543930445626,430.56533551216125
