precision,accuracy,recall,duration
0.8935260760759685,0.8023668639053254,0.9070800864223854,645.0988705158234
