precision,accuracy,recall,duration
0.6166938968866585,0.735,0.6001392262995638,262.47827887535095
