precision,accuracy,recall,duration
0.7895007720020586,0.788,0.788,624.2218568325043
