precision,accuracy,recall,duration
0.575,0.59375,0.5728744939271255,143.93469071388245
