precision,accuracy,recall,duration
0.7641710873119141,0.7683333333333333,0.7887813654930947,324.57408905029297
