precision,accuracy,recall,duration
0.9449152542372882,0.9150326797385621,0.8718568665377175,340.72501707077026
