precision,accuracy,recall,duration
0.9706088229513881,0.9680170575692963,0.9680586118010113,263.213125705719
