precision,accuracy,recall,duration
0.7713697958359477,0.768,0.7680000000000001,1708.2045068740845
