precision,accuracy,recall,duration
0.9773513243013516,0.9768844221105528,0.9770124596680424,633.2720444202423
