precision,accuracy,recall,duration
0.9711811177328419,0.9714285714285714,0.9722906403940887,92.25952625274658
