precision,accuracy,recall,duration
0.8652236652236652,0.8493150684931506,0.8659565580618213,202.58754920959473
