precision,accuracy,recall,duration
0.9272084340812965,0.9268565047459519,0.926991763786498,1103.7824273109436
