precision,accuracy,recall,duration
0.8452642872664059,0.84,0.8530671771032723,687.2484219074249
