precision,accuracy,recall,duration
0.8805792972459638,0.882,0.8609172309877207,2665.288927793503
