precision,accuracy,recall,duration
0.5939587912087911,0.734065934065934,0.5661570145197081,352.4203791618347
