precision,accuracy,recall,duration
0.9590909090909091,0.9411764705882353,0.9275467440361058,567.0355083942413
