precision,accuracy,recall,duration
0.935024710425253,0.9297520661157025,0.9020923520923522,359.9398365020752
