precision,accuracy,recall,duration
0.7483974358974359,0.748,0.748,278.8632650375366
