precision,accuracy,recall,duration
0.7922509595868249,0.79,0.6726643174974843,122.72509431838989
