precision,accuracy,recall,duration
0.8257142857142857,0.8166666666666667,0.8166666666666667,508.06836700439453
