precision,accuracy,recall,duration
0.8185185185185184,0.7388888888888889,0.7388888888888889,543.2575662136078
