precision,accuracy,recall,duration
0.9546085858585859,0.9421487603305785,0.9238314825271349,261.5431787967682
