precision,accuracy,recall,duration
0.9414985481303588,0.94140516523188,0.9412483447694715,3153.492130279541
