precision,accuracy,recall,duration
0.8969265117518994,0.891846921797005,0.9038070377652723,264.71958684921265
