precision,accuracy,recall,duration
0.8255197619328054,0.7902813299232737,0.7911637536637536,291.528621673584
