precision,accuracy,recall,duration
0.9562903774226454,0.956268221574344,0.9562593499252006,203.932363986969
