precision,accuracy,recall,duration
0.9683225713459639,0.9765662943176299,0.9629531946216804,751.9281446933746
