precision,accuracy,recall,duration
0.9771772150506539,0.9768844221105528,0.9771723208172157,385.622439622879
