precision,accuracy,recall,duration
0.7672672672672672,0.7783333333333333,0.7831760331760331,867.998174905777
