precision,accuracy,recall,duration
0.8484900284900285,0.8125,0.7339225386331202,70.8979754447937
