precision,accuracy,recall,duration
0.8592864735654109,0.8512820512820513,0.8556868515485389,446.00145649909973
