precision,accuracy,recall,duration
0.7800974342537846,0.7697368421052632,0.7288924197691318,142.3248438835144
