precision,accuracy,recall,duration
0.8291369149310784,0.8,0.8138697292547863,327.9077579975128
