precision,accuracy,recall,duration
0.8886948529411764,0.888,0.8662169417551395,2846.9203350543976
