precision,accuracy,recall,duration
0.9772744102085164,0.9768844221105528,0.9771775724921336,58.93846821784973
