precision,accuracy,recall,duration
0.950852504478274,0.9536585365853658,0.934662867194425,133.6555380821228
