precision,accuracy,recall,duration
0.8910344827586207,0.8888888888888888,0.8888888888888888,94.15443682670593
