precision,accuracy,recall,duration
0.8747147979139505,0.8685714285714285,0.8830553276820708,445.4197506904602
