precision,accuracy,recall,duration
0.5897222222222223,0.7391304347826086,0.6054728317659352,865.3954141139984
