precision,accuracy,recall,duration
0.8059247941600882,0.7945205479452054,0.8207602339181286,83.99079871177673
