precision,accuracy,recall,duration
0.8386673802515386,0.8426573426573427,0.8261257959595034,785.2203295230865
