precision,accuracy,recall,duration
0.6688298026408339,0.9335555555555556,0.5901219172860922,1486.4084265232086
