precision,accuracy,recall,duration
0.9161390889325691,0.9158415841584159,0.9155550712002325,988.733359336853
