precision,accuracy,recall,duration
0.8212017712017712,0.8184143222506394,0.8257151632151633,184.97505021095276
