precision,accuracy,recall,duration
0.8808149405772496,0.892,0.8884722631150522,2194.713278532028
