precision,accuracy,recall,duration
0.9265162615162615,0.915,0.9149999999999999,1032.9698050022125
