precision,accuracy,recall,duration
0.813002252606213,0.8829268292682927,0.7848039215686274,987.2274127006531
