precision,accuracy,recall,duration
0.41929001324627535,0.6215538847117794,0.4122251243418624,145.96960067749023
