precision,accuracy,recall,duration
0.8983419485703069,0.8945686900958466,0.8907734771166314,353.82353711128235
