precision,accuracy,recall,duration
0.6201063808906947,0.7325,0.5940786202389577,369.88720631599426
