precision,accuracy,recall,duration
0.8430040844774118,0.8559895833333333,0.8311687557091149,615.5605564117432
