precision,accuracy,recall,duration
0.8676851507891008,0.8434782608695652,0.8441951929513224,203.2839229106903
