precision,accuracy,recall,duration
0.8515659151678991,0.8461538461538461,0.8484592815356572,655.2650756835938
