precision,accuracy,recall,duration
0.6604774844720497,0.6408839779005525,0.6454119145111356,242.77650952339172
