precision,accuracy,recall,duration
0.5684094002601894,0.580110497237569,0.545936282832318,401.89441323280334
