precision,accuracy,recall,duration
0.6343794002633428,0.9353333333333333,0.5830410037256875,1527.3626072406769
