precision,accuracy,recall,duration
0.9682468694096601,0.9575163398692811,0.9457607994842038,331.812087059021
