precision,accuracy,recall,duration
0.8839285714285714,0.8,0.6916666666666667,488.1532185077667
