precision,accuracy,recall,duration
0.7851680483259431,0.784,0.784,383.1759033203125
