precision,accuracy,recall,duration
0.8660924583411109,0.8640424343941931,0.864681841698532,523.6811611652374
