precision,accuracy,recall,duration
0.8231133839832722,0.8205128205128205,0.8204857701669926,190.64144039154053
