precision,accuracy,recall,duration
0.9021970397779833,0.9049586776859504,0.8697314762532153,925.5653195381165
