precision,accuracy,recall,duration
0.7455357142857142,0.7444444444444445,0.7444444444444445,247.11568117141724
