precision,accuracy,recall,duration
0.923883701188455,0.9235423542354235,0.9232472391746586,895.7401478290558
