precision,accuracy,recall,duration
0.7996073021633601,0.7416879795396419,0.7448065448065447,142.41114926338196
