precision,accuracy,recall,duration
0.9262365853658536,0.9213011542497377,0.9071312086478427,154.16918349266052
