precision,accuracy,recall,duration
0.8200204813108039,0.82,0.82,257.91473174095154
