precision,accuracy,recall,duration
0.7227408970830023,0.6854219948849105,0.6897524397524397,120.97311329841614
