precision,accuracy,recall,duration
0.7640271493212669,0.7766666666666666,0.7781352781352782,325.7386214733124
