precision,accuracy,recall,duration
0.886773914257303,0.8855388051367951,0.885944161099296,1223.6465561389923
