precision,accuracy,recall,duration
0.8868115547046854,0.8775362318840579,0.8779986753337055,335.98002099990845
