precision,accuracy,recall,duration
0.7473831900583493,0.74,0.7700836413149192,276.898756980896
