precision,accuracy,recall,duration
0.594103785666718,0.7298136645962733,0.6199712643678161,143.18589758872986
