precision,accuracy,recall,duration
0.9721968472583327,0.9722675367047309,0.9672716315508889,1171.1895463466644
