precision,accuracy,recall,duration
0.9649363619472315,0.9674711437565582,0.966366135495294,61.22592282295227
