precision,accuracy,recall,duration
0.8427035943741309,0.8487179487179487,0.8398787600339591,770.1531760692596
