precision,accuracy,recall,duration
0.9506752412222391,0.9512195121951219,0.9355273925728608,365.6618301868439
