precision,accuracy,recall,duration
0.8804573804573805,0.86,0.8177083333333333,70.71292757987976
