precision,accuracy,recall,duration
0.7761904761904762,0.7,0.7,325.2675619125366
