precision,accuracy,recall,duration
0.46089345751668026,0.7375,0.48079890112252494,268.3122375011444
