precision,accuracy,recall,duration
0.7538208168642951,0.7569060773480663,0.7414160401002506,130.5422282218933
