precision,accuracy,recall,duration
0.6334728815637323,0.934,0.5727519764181259,414.31941056251526
