precision,accuracy,recall,duration
0.8174870106371656,0.80306905370844,0.8125921375921376,269.37441849708557
