precision,accuracy,recall,duration
0.8092854085683943,0.8143495254048018,0.8125584334710284,2230.9099168777466
