precision,accuracy,recall,duration
0.8887900238038503,0.7952662721893491,0.9033316190165548,1257.3858377933502
