precision,accuracy,recall,duration
0.9009845573917299,0.8985623003194888,0.8954836639065409,507.42839074134827
