precision,accuracy,recall,duration
0.9642049536167183,0.9616,0.9630026610461394,1072.8507041931152
