precision,accuracy,recall,duration
0.6741752561358763,0.9355555555555556,0.5846980903359472,867.4205548763275
