precision,accuracy,recall,duration
0.7746705766867057,0.7391304347826086,0.7450219075219076,172.13478541374207
