precision,accuracy,recall,duration
0.42976171002486785,0.6240601503759399,0.4185568451166677,93.552649974823
