precision,accuracy,recall,duration
0.7182758924075192,0.9404444444444444,0.5752337431018592,190.86473178863525
