precision,accuracy,recall,duration
0.9711301720050499,0.9628099173553719,0.9567852437417655,174.10977435112
