precision,accuracy,recall,duration
0.9206062458384727,0.9202420242024203,0.9199324324324325,1197.8916292190552
