precision,accuracy,recall,duration
0.7898076624601535,0.8083333333333333,0.7951030927835052,155.86787104606628
