precision,accuracy,recall,duration
0.9604801512287334,0.9601554907677357,0.9601183190534475,264.2100119590759
