precision,accuracy,recall,duration
0.6763920014954303,0.938,0.5746848208152091,182.44182777404785
