precision,accuracy,recall,duration
0.9567499930318868,0.9543710021321962,0.9547129553966246,400.6806974411011
