precision,accuracy,recall,duration
0.9722503430858067,0.9718592964824121,0.9717525049341226,548.2328448295593
