precision,accuracy,recall,duration
0.7507830700805922,0.7416666666666667,0.7735119626531803,78.7222228050232
