precision,accuracy,recall,duration
0.9613252046655428,0.9611273080660836,0.9610986445441769,928.198723077774
