precision,accuracy,recall,duration
0.5354812267725799,0.52,0.5329954761277665,565.8656885623932
