precision,accuracy,recall,duration
0.8477990033222591,0.8368298368298368,0.806931146639791,452.9273273944855
