precision,accuracy,recall,duration
0.7707719882217385,0.7611111111111111,0.7611111111111111,322.34919595718384
