precision,accuracy,recall,duration
0.8886723902653291,0.8893333333333333,0.8889585271901332,435.5766656398773
