precision,accuracy,recall,duration
0.8211688311688312,0.8275058275058275,0.8115465664941133,876.1178493499756
