precision,accuracy,recall,duration
0.8016718784287908,0.7942857142857143,0.8100446632029897,385.04605078697205
