precision,accuracy,recall,duration
0.8260886172650878,0.821917808219178,0.8306599832915621,112.0889790058136
