precision,accuracy,recall,duration
0.9861657171195941,0.985929648241206,0.9857030741296882,507.7336504459381
