precision,accuracy,recall,duration
0.7578194711659144,0.6624040920716112,0.6719291219291219,514.0150117874146
