precision,accuracy,recall,duration
0.7620051319648093,0.7766666666666666,0.7725582725582726,368.5179398059845
