precision,accuracy,recall,duration
0.8049563430919363,0.804,0.804,564.3067047595978
