precision,accuracy,recall,duration
0.7403902073019719,0.7340153452685422,0.7425146925146924,279.4436573982239
