precision,accuracy,recall,duration
0.9435524354298891,0.9430485762144054,0.9432091360050656,2325.8684680461884
