precision,accuracy,recall,duration
0.9449801372336584,0.9450152735351292,0.9449801372336584,2478.983325242996
