precision,accuracy,recall,duration
0.9634729884244819,0.9577825159914712,0.9579439287278989,383.3319387435913
