precision,accuracy,recall,duration
0.9641524679774068,0.9653658536585366,0.9488790119474337,506.2224442958832
