precision,accuracy,recall,duration
0.9324712643678161,0.9204545454545454,0.9291958041958042,591.0379202365875
