precision,accuracy,recall,duration
0.8206794345645235,0.8,0.8192507519824993,129.84993863105774
