precision,accuracy,recall,duration
0.7427431059506531,0.7428571428571429,0.7429193899782135,357.12345337867737
