precision,accuracy,recall,duration
0.8565716397133122,0.8435897435897436,0.85191475280095,922.4550619125366
