precision,accuracy,recall,duration
0.9246184567108827,0.9214876033057852,0.8947487295313382,481.5579342842102
