precision,accuracy,recall,duration
0.9679466353648655,0.9653658536585366,0.9446155009338465,106.17381882667542
