precision,accuracy,recall,duration
0.9372819553252593,0.9297520661157025,0.899062049062049,224.8214111328125
