precision,accuracy,recall,duration
0.8203438585791526,0.8184143222506394,0.8212009087009087,187.01886987686157
