precision,accuracy,recall,duration
0.980026847864623,0.98069451189898,0.9633448497471004,1262.3439855575562
