precision,accuracy,recall,duration
0.9316391859774212,0.92,0.92,1864.3512992858887
