precision,accuracy,recall,duration
0.4622968548439907,0.7325,0.4796439133821713,314.36853194236755
