precision,accuracy,recall,duration
0.7039092296379341,0.9366666666666666,0.6051483295803946,1099.8904421329498
