precision,accuracy,recall,duration
0.9083708708708708,0.9013333333333333,0.9013333333333334,1283.9593527317047
