precision,accuracy,recall,duration
0.93248556998557,0.9233333333333333,0.9233333333333335,3565.589373588562
