precision,accuracy,recall,duration
0.7693706293706294,0.7783333333333333,0.7868940368940369,205.0295970439911
