precision,accuracy,recall,duration
0.978956228956229,0.9780509218612818,0.9780701754385965,567.9765737056732
