precision,accuracy,recall,duration
0.9660693885309141,0.9628997867803838,0.9629863591705928,738.6687052249908
