precision,accuracy,recall,duration
0.8720017913970505,0.8706666666666667,0.868093244245943,683.2980525493622
