precision,accuracy,recall,duration
0.9252474259771993,0.9243674367436744,0.9238884045335658,1646.5974366664886
