precision,accuracy,recall,duration
0.9333469936995424,0.933074146070536,0.932799646884154,2308.3767569065094
