precision,accuracy,recall,duration
0.8163673568085332,0.8081841432225064,0.8149372024372024,334.2592499256134
