precision,accuracy,recall,duration
0.8946379338056204,0.8933333333333333,0.8933333333333334,352.97903776168823
