precision,accuracy,recall,duration
0.9381638762612263,0.940099833610649,0.9465613487920085,79.76547884941101
