precision,accuracy,recall,duration
0.9421169331310537,0.9381443298969072,0.9138627922219795,946.2356643676758
