precision,accuracy,recall,duration
0.7934718179300223,0.7263427109974424,0.733957708957709,122.64806485176086
