precision,accuracy,recall,duration
0.9709423710534839,0.9765662943176299,0.960321623885458,2604.369741678238
