precision,accuracy,recall,duration
0.6615854572713643,0.6740331491712708,0.6574920103864976,144.33843779563904
