precision,accuracy,recall,duration
0.6249630581412197,0.72,0.5914517893420846,83.3112964630127
