precision,accuracy,recall,duration
0.937143363459153,0.937018701870187,0.9368515693112467,547.3196079730988
