precision,accuracy,recall,duration
0.8891752577319587,0.9072164948453608,0.9000163862792222,417.9671902656555
