precision,accuracy,recall,duration
0.8082298829177864,0.8025,0.7035302579877492,144.99980664253235
