precision,accuracy,recall,duration
0.943982443982444,0.9429824561403509,0.9449074074074074,147.88784646987915
