precision,accuracy,recall,duration
0.8991502591236564,0.8966666666666666,0.8938438302276785,221.87059783935547
