precision,accuracy,recall,duration
0.9956445993031359,0.9956101843722563,0.9956140350877193,198.01935338974
