precision,accuracy,recall,duration
0.8623356565334653,0.87265625,0.8420842669481855,1404.2248332500458
