precision,accuracy,recall,duration
0.7867109170811444,0.7768115942028986,0.7771312153498209,565.6462864875793
