precision,accuracy,recall,duration
0.7766373725062544,0.776,0.776,624.1690759658813
