precision,accuracy,recall,duration
0.9657699842991885,0.9616204690831557,0.9617603960493503,383.47256112098694
