precision,accuracy,recall,duration
0.9627701634497415,0.9619512195121951,0.9414280627873117,638.7389504909515
