precision,accuracy,recall,duration
0.9088899292550978,0.9065495207667732,0.9036459336286027,313.73471188545227
