precision,accuracy,recall,duration
0.7678571428571428,0.6875,0.6214574898785425,67.67415881156921
