precision,accuracy,recall,duration
0.6074235472299083,0.6974921630094044,0.5622032710270407,359.19309663772583
