precision,accuracy,recall,duration
0.961746753830244,0.96,0.9611457819842912,1112.0116064548492
