precision,accuracy,recall,duration
0.7962333462333463,0.7902813299232737,0.7960511335511334,1230.4362306594849
