precision,accuracy,recall,duration
0.7706349206349208,0.7333333333333333,0.7333333333333334,203.8513627052307
