precision,accuracy,recall,duration
0.9007301692665117,0.905,0.8920876703787735,1224.799958229065
