precision,accuracy,recall,duration
0.9621123619371283,0.9477124183006536,0.942698259187621,507.24792766571045
