precision,accuracy,recall,duration
0.5906028867991816,0.73,0.5824553552401653,105.92851138114929
