precision,accuracy,recall,duration
0.6019655034095467,0.7795031055900621,0.5830067920585162,771.5561816692352
