precision,accuracy,recall,duration
0.6735238868368547,0.6939437167682532,0.6070820614458975,2776.7388985157013
