precision,accuracy,recall,duration
0.9389045676545676,0.9283333333333333,0.9283333333333333,1567.8341627120972
