precision,accuracy,recall,duration
0.9002415809555409,0.896,0.896,988.1522727012634
