precision,accuracy,recall,duration
0.9010769727663186,0.8005917159763314,0.9047220402254448,893.1661515235901
