precision,accuracy,recall,duration
0.6794823705926482,0.6761904761904762,0.6737472766884531,592.2771227359772
