precision,accuracy,recall,duration
0.9761214960717758,0.9788732394366197,0.961515242625615,3327.80312871933
