precision,accuracy,recall,duration
0.852116402116402,0.8342857142857143,0.8540698204356941,79.19503569602966
