precision,accuracy,recall,duration
0.9739909461607575,0.9728643216080402,0.9725156920924799,194.69612050056458
