precision,accuracy,recall,duration
0.4595631107107521,0.4309090909090909,0.46037269790420654,366.78711915016174
