precision,accuracy,recall,duration
0.9710952806883039,0.9762020398251579,0.9591844199493561,2282.915961742401
