precision,accuracy,recall,duration
0.8187282976873165,0.8216783216783217,0.8001282697329242,847.5308427810669
