precision,accuracy,recall,duration
0.7495615361095969,0.7552631578947369,0.7255335314945393,192.1685779094696
