precision,accuracy,recall,duration
0.95,0.9431818181818182,0.9466783216783218,235.07118320465088
