precision,accuracy,recall,duration
0.7434640522875817,0.7428571428571429,0.7434640522875817,325.957083940506
