precision,accuracy,recall,duration
0.9711494752355659,0.968780487804878,0.9503217047558522,275.4426746368408
