precision,accuracy,recall,duration
0.8288597586350395,0.8368298368298368,0.8258165742819186,325.18123412132263
