precision,accuracy,recall,duration
0.9699990548394272,0.96,0.9416665295372336,108.57292222976685
