precision,accuracy,recall,duration
0.8318873668188737,0.8057142857142857,0.8255400601586,151.29165315628052
