precision,accuracy,recall,duration
0.9698968604782954,0.9698736637512148,0.9698649077474046,121.50729513168335
