precision,accuracy,recall,duration
0.9529778354294738,0.9538300104931794,0.949077439194856,72.09567403793335
