precision,accuracy,recall,duration
0.6952036498908185,0.9373333333333334,0.5739265020853066,590.4362728595734
