precision,accuracy,recall,duration
0.7067015148529769,0.6683333333333333,0.7168109317253453,419.4294719696045
