precision,accuracy,recall,duration
0.8549198529176523,0.8289855072463768,0.8293656056734561,148.39283323287964
