precision,accuracy,recall,duration
0.8140986185845999,0.8175,0.7034598594324498,142.57030320167542
