precision,accuracy,recall,duration
0.8786752761533463,0.8742857142857143,0.8835110746513536,567.673273563385
