precision,accuracy,recall,duration
0.8348027779603145,0.8358974358974359,0.8369294925743471,657.4764518737793
