precision,accuracy,recall,duration
0.7516666666666667,0.7,0.7,507.06744360923767
