precision,accuracy,recall,duration
0.9373146967660637,0.9369067560022334,0.9371507430926515,1765.64657664299
