precision,accuracy,recall,duration
0.632688460964323,0.6353591160220995,0.642981948466993,137.72994661331177
