precision,accuracy,recall,duration
0.4174890491197347,0.3509090909090909,0.35232864730905195,133.80270671844482
