precision,accuracy,recall,duration
0.8804511776478853,0.8738019169329073,0.8684947685987547,418.34734582901
