precision,accuracy,recall,duration
0.8831350850680056,0.8816666666666667,0.879173402794933,724.5462512969971
