precision,accuracy,recall,duration
0.5844130099259448,0.7275,0.5810488854792651,86.89002919197083
