precision,accuracy,recall,duration
0.7821852425180598,0.78,0.78,624.4995591640472
