precision,accuracy,recall,duration
0.38966332990899466,0.6040100250626567,0.38122078451943814,90.88957214355469
