precision,accuracy,recall,duration
0.9427856868026163,0.9429824561403509,0.9439814814814815,138.97437477111816
