precision,accuracy,recall,duration
0.782968948108367,0.7934210526315789,0.7872939992967734,855.9682712554932
