precision,accuracy,recall,duration
0.6374221028737835,0.7429467084639498,0.6207178815129333,206.8142912387848
