precision,accuracy,recall,duration
0.3912419867340897,0.631578947368421,0.40823521983252703,66.72362232208252
