precision,accuracy,recall,duration
0.961510930014867,0.9664218258132214,0.9686329326251049,151.46005725860596
