precision,accuracy,recall,duration
0.9542757002820678,0.9569779643231899,0.9547455968688845,264.4449203014374
