precision,accuracy,recall,duration
0.9954233409610984,0.9953542392566783,0.9953271028037383,184.52967405319214
