precision,accuracy,recall,duration
0.8627745873109464,0.8692307692307693,0.8624002872061216,848.9680228233337
