precision,accuracy,recall,duration
0.9755045109211776,0.9722675367047309,0.9642294230813806,264.6096019744873
