precision,accuracy,recall,duration
0.6221827982697548,0.6077348066298343,0.6060156296814141,367.55778455734253
