precision,accuracy,recall,duration
0.9602105279066604,0.9601554907677357,0.9601409855387824,685.6429297924042
