precision,accuracy,recall,duration
0.8842869962023221,0.8823333333333333,0.8856749298988498,319.4598672389984
