precision,accuracy,recall,duration
0.6153225904530253,0.6243093922651933,0.6028809547588134,178.47547030448914
