precision,accuracy,recall,duration
0.7183300933300933,0.7058823529411765,0.7147085647085648,176.90939164161682
