precision,accuracy,recall,duration
0.6137123745819398,0.8043478260869565,0.5510710553814002,490.39521980285645
