precision,accuracy,recall,duration
0.8710420463718825,0.7976331360946746,0.9025886866343563,639.6372873783112
