precision,accuracy,recall,duration
0.7264787290954341,0.78,0.6298727086991954,445.8291530609131
