precision,accuracy,recall,duration
0.6367967922955136,0.6243093922651933,0.6230434934585041,488.3773581981659
