precision,accuracy,recall,duration
0.9476102941176471,0.94,0.9227430555555556,140.93422079086304
