precision,accuracy,recall,duration
0.8556996811473261,0.8471014492753624,0.8473888803641758,203.27077913284302
