precision,accuracy,recall,duration
0.9631380586442,0.95863539445629,0.9588500823568609,205.63164067268372
