precision,accuracy,recall,duration
0.4860563456151692,0.7775,0.49802033084315306,660.0013563632965
