precision,accuracy,recall,duration
0.46632329252876065,0.7275,0.4786482922705219,191.11031460762024
