precision,accuracy,recall,duration
0.7295709333213272,0.71,0.7479575957984828,292.32262659072876
