precision,accuracy,recall,duration
0.46088306864009854,0.44545454545454544,0.4622330254898565,566.5569610595703
