precision,accuracy,recall,duration
0.8560792239061102,0.8564102564102564,0.8523027324346115,283.730845451355
