precision,accuracy,recall,duration
0.3955603917189141,0.6040100250626567,0.3842551995298324,266.1350829601288
