precision,accuracy,recall,duration
0.8857701159621706,0.873,0.8389260292003672,305.5276267528534
