precision,accuracy,recall,duration
0.8293968377903572,0.824,0.8240000000000001,1246.9336807727814
