precision,accuracy,recall,duration
0.68677772763167,0.9346666666666666,0.5877655581635706,1134.1579384803772
