precision,accuracy,recall,duration
0.8286713286713288,0.8298368298368298,0.8078931696367218,1670.3622555732727
