precision,accuracy,recall,duration
0.6870089128351846,0.9351111111111111,0.5719828760170644,144.07041835784912
