precision,accuracy,recall,duration
0.9615957053885703,0.9580487804878048,0.9390230458602515,325.2990939617157
