precision,accuracy,recall,duration
0.9217635539064112,0.9214876033057852,0.894155844155844,265.6769263744354
