precision,accuracy,recall,duration
0.9652579518858643,0.9730451675570665,0.9553794922842966,1287.6158862113953
