precision,accuracy,recall,duration
0.8283921419571905,0.8114285714285714,0.8289125877312916,206.04774713516235
