precision,accuracy,recall,duration
0.7855603448275862,0.7868852459016393,0.7867965367965368,508.7323431968689
