precision,accuracy,recall,duration
0.7103174603174603,0.71875,0.714574898785425,158.46823000907898
