precision,accuracy,recall,duration
0.8045400173060585,0.7875,0.6796314788670424,121.37984943389893
