precision,accuracy,recall,duration
0.6344307772243633,0.6383838383838384,0.6383838383838384,144.36014461517334
