precision,accuracy,recall,duration
0.9050958895672458,0.9057507987220448,0.9052955902176005,104.49577689170837
