precision,accuracy,recall,duration
0.4498614704040781,0.35818181818181816,0.38412863179410417,203.89946508407593
