precision,accuracy,recall,duration
0.8287913584823846,0.83125,0.7908052401270748,192.4159471988678
