precision,accuracy,recall,duration
0.6014778325123153,0.609375,0.604251012145749,116.38419437408447
