precision,accuracy,recall,duration
0.9614763695526899,0.9663414634146341,0.9587163248394652,370.46627044677734
