precision,accuracy,recall,duration
0.8907619146614001,0.8889776357827476,0.8860915334745492,330.2645044326782
