precision,accuracy,recall,duration
0.83241225817497,0.8228571428571428,0.8356576428766749,180.98313689231873
