precision,accuracy,recall,duration
0.7636338909288726,0.7766666666666666,0.7772057772057772,336.06781792640686
