precision,accuracy,recall,duration
0.853444290587469,0.7739644970414201,0.8882308521093224,481.70684027671814
