precision,accuracy,recall,duration
0.8,0.6666666666666666,0.6666666666666666,276.86521434783936
