precision,accuracy,recall,duration
0.9669600688156788,0.964390243902439,0.9488313037960493,159.09706044197083
