precision,accuracy,recall,duration
0.8556918240546713,0.8645833333333334,0.8432852075757302,1448.1685862541199
