precision,accuracy,recall,duration
0.5538516482719381,0.5487012987012987,0.5470979810183448,564.3929345607758
