precision,accuracy,recall,duration
0.9649843229265029,0.9678048780487805,0.9514467754478985,107.81998038291931
