precision,accuracy,recall,duration
0.86056955150514,0.8708333333333333,0.8441187899340784,626.8157517910004
