precision,accuracy,recall,duration
0.9802083818366881,0.9798994974874372,0.9803808906387629,486.0530471801758
