precision,accuracy,recall,duration
0.5160473814846066,0.7975,0.516755611520857,108.2823760509491
