precision,accuracy,recall,duration
0.8446451377485861,0.84,0.8501503964998633,434.27695655822754
