precision,accuracy,recall,duration
0.8385876017454965,0.8209718670076727,0.8309647559647558,670.2351534366608
