precision,accuracy,recall,duration
0.9315782006705229,0.9297520661157025,0.9086485977790325,324.3584623336792
