precision,accuracy,recall,duration
0.8269464637111698,0.8260869565217391,0.8328016578016577,323.9846429824829
