precision,accuracy,recall,duration
0.934259398009398,0.925,0.925,945.7704703807831
