precision,accuracy,recall,duration
0.8321034468093291,0.8260869565217391,0.8322324447324446,323.9661567211151
