precision,accuracy,recall,duration
0.9559921210864608,0.9411764705882353,0.9127981947130883,313.87016797065735
