precision,accuracy,recall,duration
0.8808285810130829,0.870216306156406,0.8848566004474879,348.71752071380615
