precision,accuracy,recall,duration
0.7368249137994464,0.7368421052631579,0.7226488512060867,190.01700091362
