precision,accuracy,recall,duration
0.8489841922045311,0.8285714285714286,0.849238902561298,259.54836416244507
