precision,accuracy,recall,duration
0.9134615384615384,0.9101497504159733,0.9212827988338192,83.22900772094727
