precision,accuracy,recall,duration
0.9688503369596798,0.9725594949004371,0.9501234715030556,1644.1107249259949
