precision,accuracy,recall,duration
0.969650333563377,0.9737670514165793,0.9756243593327742,143.22691249847412
