precision,accuracy,recall,duration
0.8681279620853081,0.8762886597938144,0.8394144636224601,266.3185658454895
