precision,accuracy,recall,duration
0.9020317683088901,0.9022892238972641,0.9024403513507671,985.1203546524048
