precision,accuracy,recall,duration
0.7645083639330886,0.8536585365853658,0.7788057040998217,984.5931677818298
