precision,accuracy,recall,duration
0.9601779440099739,0.9601554907677357,0.9601466521601161,264.2930443286896
