precision,accuracy,recall,duration
0.7863898971585142,0.7592105263157894,0.7235781189266051,144.51884961128235
