precision,accuracy,recall,duration
0.912638336789803,0.9066666666666666,0.9066666666666667,1588.3932766914368
