precision,accuracy,recall,duration
0.8397199283143452,0.84765625,0.8181929852394211,306.7701048851013
