precision,accuracy,recall,duration
0.640569537805904,0.6686551679419012,0.5803336196016701,1410.9579787254333
