precision,accuracy,recall,duration
0.9653645266211865,0.9702439024390244,0.9567097640511323,628.6671133041382
