precision,accuracy,recall,duration
0.8064221841200259,0.8,0.6338433402584086,191.87008595466614
