precision,accuracy,recall,duration
0.985991091558876,0.985929648241206,0.9861587293160262,506.8987295627594
