precision,accuracy,recall,duration
0.9413850754819957,0.94140516523188,0.9413466554311625,909.9765968322754
