precision,accuracy,recall,duration
0.7552317605487424,0.7925,0.6478247229013387,271.63935446739197
