precision,accuracy,recall,duration
0.9992383958955239,0.99925,0.9992462311557789,227.32362914085388
