precision,accuracy,recall,duration
0.7903517153136719,0.7842105263157895,0.7476049358244722,290.7533493041992
