precision,accuracy,recall,duration
0.3981786301553743,0.6015037593984962,0.39054932631967515,103.92535066604614
