precision,accuracy,recall,duration
0.886696090738352,0.8826086956521739,0.8825443859574994,83.73414492607117
