precision,accuracy,recall,duration
0.8223036884892099,0.8076923076923077,0.7982884809820462,205.9031629562378
