precision,accuracy,recall,duration
0.8955622577646674,0.893,0.8900867123420463,727.0534820556641
