precision,accuracy,recall,duration
0.8084474327137934,0.815,0.8329075668092624,724.326004743576
