precision,accuracy,recall,duration
0.749241494287934,0.7774936061381074,0.7834439959439959,119.70266580581665
