precision,accuracy,recall,duration
0.84288288180015,0.8461538461538461,0.8382820873748131,272.0710473060608
