precision,accuracy,recall,duration
0.9650224122195551,0.9745021855269548,0.9603336854190756,323.87716913223267
