precision,accuracy,recall,duration
0.8104707566520651,0.7875,0.6581446154670217,111.21690130233765
