precision,accuracy,recall,duration
0.7986201070121093,0.8116666666666666,0.82228652013227,100.81951379776001
