precision,accuracy,recall,duration
0.9214604699311474,0.9214876033057852,0.8996549344375432,444.78865790367126
