precision,accuracy,recall,duration
0.8409094445320845,0.8340579710144927,0.8337013303741461,444.5349588394165
