precision,accuracy,recall,duration
0.7726310272536687,0.848780487804878,0.8215686274509805,206.10253167152405
