precision,accuracy,recall,duration
0.7628205128205128,0.71875,0.6659919028340081,117.9443666934967
