precision,accuracy,recall,duration
0.6557993057993057,0.6519337016574586,0.6472582642564666,428.8721196651459
