precision,accuracy,recall,duration
0.4650022998405208,0.4072727272727273,0.42541138091006825,462.64410972595215
