precision,accuracy,recall,duration
0.6410415075120958,0.6353591160220995,0.6171588185359033,149.24553298950195
