precision,accuracy,recall,duration
0.9707666091812431,0.9669421487603306,0.9627486040529519,83.43523669242859
