precision,accuracy,recall,duration
0.9095244736435767,0.9090909090909091,0.8811939268461008,269.69836473464966
