precision,accuracy,recall,duration
0.94969384873023,0.9491903964265773,0.9494272134737932,1166.712746143341
