precision,accuracy,recall,duration
0.971537355262026,0.9749878581835842,0.9543704596010024,1009.0002987384796
