precision,accuracy,recall,duration
0.8297092125579002,0.828,0.8280000000000001,1284.4332864284515
