precision,accuracy,recall,duration
0.7751196172248804,0.7555555555555555,0.7555555555555555,259.6503412723541
