precision,accuracy,recall,duration
0.8267367553081838,0.821917808219178,0.8139515455304929,748.0847129821777
