precision,accuracy,recall,duration
0.6049943271686703,0.7125,0.6201970478341786,203.32074165344238
