precision,accuracy,recall,duration
0.3585832763818712,0.4,0.39438758268894336,264.08006834983826
