precision,accuracy,recall,duration
0.7162995064403516,0.8195121951219512,0.76674688057041,114.31562042236328
