precision,accuracy,recall,duration
0.9648113288400851,0.9599147121535181,0.9601259582622492,264.36549639701843
