precision,accuracy,recall,duration
0.8300711714403602,0.8307692307692308,0.8317526663523848,203.4770312309265
