precision,accuracy,recall,duration
0.6509811350103069,0.7375,0.6002514597451306,83.30533742904663
