precision,accuracy,recall,duration
0.9283998264709563,0.9273927392739274,0.926883536762569,2786.8051252365112
