precision,accuracy,recall,duration
0.7160500640288109,0.9417777777777778,0.5718041765855175,143.664879322052
