precision,accuracy,recall,duration
0.8889517536817275,0.8893333333333333,0.8884805394203661,420.61331701278687
