precision,accuracy,recall,duration
0.9822104030209581,0.9819095477386934,0.9820829973148788,927.1276726722717
