precision,accuracy,recall,duration
0.835989010989011,0.8333333333333334,0.8286581839213418,746.764431476593
