precision,accuracy,recall,duration
0.8990622700423618,0.897,0.8943939628804526,643.7171492576599
