precision,accuracy,recall,duration
0.6261708445598048,0.735,0.6081532625836423,145.04721212387085
