precision,accuracy,recall,duration
0.592548769689502,0.6857142857142857,0.5218561439420573,165.49757885932922
