precision,accuracy,recall,duration
0.8337957124842371,0.848,0.8438317255234764,301.7894093990326
