precision,accuracy,recall,duration
0.9635991010681811,0.9629268292682926,0.9460717996356716,265.47759556770325
