precision,accuracy,recall,duration
0.7939186624968538,0.7710526315789473,0.7491047331423537,205.02120804786682
