precision,accuracy,recall,duration
0.8623366992588569,0.8564102564102564,0.8573429695458666,503.26972341537476
