precision,accuracy,recall,duration
0.6889834202651025,0.7492163009404389,0.6055371184928141,318.307745218277
