precision,accuracy,recall,duration
0.9878364389233955,0.9885714285714285,0.9891215106732348,237.43272495269775
