precision,accuracy,recall,duration
0.7280447390223694,0.7047619047619048,0.6998910675381264,165.43640899658203
