precision,accuracy,recall,duration
0.6139547423520185,0.6161616161616161,0.616161616161616,208.04496335983276
