precision,accuracy,recall,duration
0.9341407666407666,0.925,0.9250000000000002,1044.4835414886475
