precision,accuracy,recall,duration
0.7682747133064258,0.768,0.768,283.4152829647064
