precision,accuracy,recall,duration
0.9500201633229157,0.9313725490196079,0.904819471308833,445.729873418808
