precision,accuracy,recall,duration
0.7753457353457353,0.785,0.6390780850062555,109.73327827453613
