precision,accuracy,recall,duration
0.9529866361084148,0.9560975609756097,0.9383828610139348,263.7310709953308
