precision,accuracy,recall,duration
0.9473684210526316,0.9473684210526315,0.9486111111111111,446.30623960494995
