precision,accuracy,recall,duration
0.9015659340659341,0.9140893470790378,0.8991970723181123,225.3694875240326
