precision,accuracy,recall,duration
0.9407856855789222,0.9338842975206612,0.9171779910910344,252.7065179347992
