precision,accuracy,recall,duration
0.8846153846153846,0.85,0.85,97.37268114089966
