precision,accuracy,recall,duration
0.3387313856168139,0.5889724310776943,0.3529140681160265,146.06515336036682
