precision,accuracy,recall,duration
0.8054298642533937,0.8,0.8,231.1112356185913
