precision,accuracy,recall,duration
0.782693947144075,0.7983333333333333,0.8023487648317448,206.0063784122467
