precision,accuracy,recall,duration
0.8368111698702471,0.8282051282051283,0.8308296068429878,745.7324259281158
