precision,accuracy,recall,duration
0.9934640522875817,0.9933333333333333,0.9933333333333333,181.13283252716064
