precision,accuracy,recall,duration
0.8291187739463601,0.7925,0.6804697573162847,182.21726989746094
