precision,accuracy,recall,duration
0.6539656493282576,0.7475,0.5588795916883793,437.40640211105347
