precision,accuracy,recall,duration
0.7772977219167322,0.795,0.6803197777854297,325.6146020889282
