precision,accuracy,recall,duration
0.9498850302240133,0.9380165289256198,0.9314229249011858,143.25244331359863
