precision,accuracy,recall,duration
0.9413471396286859,0.9411274645931685,0.9408932225833635,1585.5875916481018
