precision,accuracy,recall,duration
0.9680185633575463,0.9586776859504132,0.9491938013677145,143.84121704101562
