precision,accuracy,recall,duration
0.916533409480297,0.9209621993127147,0.8983777583570025,464.431946516037
