precision,accuracy,recall,duration
0.4689125410762635,0.7275,0.47514984308241753,138.07739543914795
