precision,accuracy,recall,duration
0.9031919931919933,0.89,0.8900000000000001,589.9435057640076
