precision,accuracy,recall,duration
0.7337596380257629,0.6966666666666667,0.7462069636257538,172.23738527297974
