precision,accuracy,recall,duration
0.9436025140844128,0.9536585365853658,0.939642795804245,207.09524607658386
