precision,accuracy,recall,duration
0.7852764736567553,0.78,0.78,2029.6054067611694
