precision,accuracy,recall,duration
0.8099457003868769,0.8107416879795396,0.8147163647163648,315.8394560813904
