precision,accuracy,recall,duration
0.3962289891595588,0.6165413533834586,0.40286841133842355,208.9572606086731
