precision,accuracy,recall,duration
0.8483817769532055,0.821917808219178,0.8274436090225564,443.900758266449
