precision,accuracy,recall,duration
0.7830409356725146,0.7775,0.6791960791065504,281.3488600254059
