precision,accuracy,recall,duration
0.7171052631578947,0.7142857142857143,0.7156862745098038,140.04871463775635
