precision,accuracy,recall,duration
0.7059477672958447,0.9375555555555556,0.5607477503255117,322.34891533851624
