precision,accuracy,recall,duration
0.9277879527879527,0.92,0.9199999999999999,2905.9674735069275
