precision,accuracy,recall,duration
0.7899202420242024,0.8731707317073171,0.8405080213903743,378.29963397979736
