precision,accuracy,recall,duration
0.89401538381581,0.8921725239616614,0.8893061172090635,65.70075726509094
