precision,accuracy,recall,duration
0.7206349206349207,0.6666666666666666,0.6666666666666667,203.6873426437378
