precision,accuracy,recall,duration
0.8476911976911976,0.821917808219178,0.8151211361737678,442.6439371109009
