precision,accuracy,recall,duration
0.7700763081395349,0.7833333333333333,0.7834262834262834,372.9168698787689
