precision,accuracy,recall,duration
0.9468733704221397,0.9469591780061094,0.9470306167489266,474.2695596218109
