precision,accuracy,recall,duration
0.974556382054761,0.9777804759592035,0.9598187475993515,3687.712241411209
