precision,accuracy,recall,duration
0.9655525220121495,0.9657142857142857,0.9661063484955109,590.790117263794
