precision,accuracy,recall,duration
0.7632540523070991,0.7723684210526316,0.7318785308802428,206.27566647529602
