precision,accuracy,recall,duration
0.8544673391889189,0.8598958333333333,0.8312835263024464,352.3583393096924
