precision,accuracy,recall,duration
0.7018801410105758,0.6566666666666666,0.7088601439408675,416.04472637176514
