precision,accuracy,recall,duration
0.564847343880399,0.745,0.5244017200714867,388.5472369194031
