precision,accuracy,recall,duration
0.7779935859794932,0.79,0.7933647933647934,283.7040412425995
