precision,accuracy,recall,duration
0.9525162337662337,0.9313725490196079,0.8949871050934881,192.59610629081726
