precision,accuracy,recall,duration
0.8365384615384615,0.836,0.836,263.27884101867676
