precision,accuracy,recall,duration
0.9714404545619465,0.9762020398251579,0.9582679659951766,624.3127031326294
