precision,accuracy,recall,duration
0.8391103267052035,0.8282051282051283,0.8389589713481729,134.55804109573364
