precision,accuracy,recall,duration
0.4023673687169132,0.6115288220551378,0.39581782702881235,205.9804916381836
