precision,accuracy,recall,duration
0.9421674871588154,0.948780487804878,0.925496938447776,146.8787386417389
