precision,accuracy,recall,duration
0.9151604160329608,0.9148520379676158,0.915053021112813,443.8336977958679
