precision,accuracy,recall,duration
0.917685628211944,0.9168053244592346,0.9261531855267024,145.5219931602478
