precision,accuracy,recall,duration
0.9650176843979106,0.965742251223491,0.960167350439237,714.8819591999054
