precision,accuracy,recall,duration
0.6482172678068201,0.6353591160220995,0.6283066513532408,304.7964994907379
