precision,accuracy,recall,duration
0.7693866613070712,0.7783333333333333,0.7933038319393114,221.46243381500244
