precision,accuracy,recall,duration
0.962962962962963,0.9477124183006536,0.932865892972276,481.5649960041046
