precision,accuracy,recall,duration
0.9428989451265575,0.9496327387198321,0.9534689218153014,79.10697627067566
