precision,accuracy,recall,duration
0.7116041643541644,0.8219780219780219,0.7252308930319766,1070.320284128189
