precision,accuracy,recall,duration
0.7921201814058956,0.7671232876712328,0.7677706170187373,136.9511878490448
