precision,accuracy,recall,duration
0.9579100668533124,0.9543710021321962,0.9546125694652121,242.32706785202026
