precision,accuracy,recall,duration
0.7653243310315488,0.7825,0.6574092566448201,272.70257663726807
