precision,accuracy,recall,duration
0.9069348706848707,0.9033333333333333,0.9033333333333334,1031.7440774440765
