precision,accuracy,recall,duration
0.8401235769656824,0.8358974358974359,0.8383137023732373,864.4464948177338
