precision,accuracy,recall,duration
0.9765370160910076,0.9758793969849247,0.9764383135949583,125.51199913024902
