precision,accuracy,recall,duration
0.9774030899438592,0.9768844221105528,0.9770842888216317,503.525208234787
