precision,accuracy,recall,duration
0.48714064868402923,0.7775,0.4969401557241407,167.68400120735168
