precision,accuracy,recall,duration
0.6833333333333332,0.7,0.6083333333333333,112.27523756027222
