precision,accuracy,recall,duration
0.6750125502702701,0.9364444444444444,0.566204553189826,258.95184779167175
