precision,accuracy,recall,duration
0.6985306704619759,0.7191025807288289,0.6343805008929234,6609.30274605751
