precision,accuracy,recall,duration
0.850402393049452,0.8312020460358056,0.8372549747549747,481.48360419273376
