precision,accuracy,recall,duration
0.7018923299698575,0.8097560975609757,0.7298039215686275,421.52048206329346
