precision,accuracy,recall,duration
0.9615958453499663,0.9648780487804878,0.9487587223509628,276.3308436870575
