precision,accuracy,recall,duration
0.8501734123058254,0.8505208333333333,0.807862718051311,196.33498287200928
