precision,accuracy,recall,duration
0.5260914687777025,0.5194805194805194,0.516262799459744,848.609949350357
