precision,accuracy,recall,duration
0.8491415840930524,0.8326086956521739,0.833072254727324,384.45782589912415
