precision,accuracy,recall,duration
0.8709290819053043,0.8652173913043478,0.86508699284443,204.43877696990967
