precision,accuracy,recall,duration
0.8334618245756408,0.8285714285714286,0.8390301704493665,83.84129166603088
