precision,accuracy,recall,duration
0.9543978844212262,0.9580272822665268,0.9571545056378716,325.8049051761627
