precision,accuracy,recall,duration
0.7492290440145781,0.7458563535911602,0.7228070175438597,452.7527823448181
