precision,accuracy,recall,duration
0.9843159486016628,0.9828571428571429,0.9840194698569082,209.8086314201355
