precision,accuracy,recall,duration
0.937723231407552,0.9214876033057852,0.8963768115942029,293.12575674057007
