precision,accuracy,recall,duration
0.9706854345165238,0.9628099173553719,0.9460803689064559,145.5505518913269
