precision,accuracy,recall,duration
0.889355013613631,0.8218934911242604,0.9187934979031361,1282.1386561393738
