precision,accuracy,recall,duration
0.80016554081115,0.7828571428571428,0.8032996080576065,58.545085191726685
