precision,accuracy,recall,duration
0.6346672533647866,0.7225705329153606,0.5917686590274132,320.19041681289673
