precision,accuracy,recall,duration
0.6798171523330507,0.938,0.5734691350637806,420.4795069694519
