{"dataset": "SmallKitchenAppliances", "depth": 6, "nb_filters": 64, "batch_size": 32, "kernel_size": 64, "use_residual": "True", "use_bottleneck": "False", "acc": 0.736, "precision": 0.7450457339931025, "recall": 0.7360000000000001, "budget_ran": 1500, "duration": 780.3678295612335}
{"dataset": "SmallKitchenAppliances", "depth": 3, "nb_filters": 64, "batch_size": 64, "kernel_size": 64, "use_residual": "False", "use_bottleneck": "False", "acc": 0.7013333333333334, "precision": 0.7252525459325646, "recall": 0.7013333333333334, "budget_ran": 1500, "duration": 324.4700174331665}
{"dataset": "SmallKitchenAppliances", "depth": 6, "nb_filters": 64, "batch_size": 16, "kernel_size": 64, "use_residual": "True", "use_bottleneck": "False", "acc": 0.696, "precision": 0.7303254498169753, "recall": 0.6960000000000001, "budget_ran": 1500, "duration": 1070.9665224552155}
{"dataset": "SmallKitchenAppliances", "depth": 6, "nb_filters": 32, "batch_size": 128, "kernel_size": 41, "use_residual": "True", "use_bottleneck": "False", "acc": 0.7893333333333333, "precision": 0.7873118864855169, "recall": 0.7893333333333334, "budget_ran": 1500, "duration": 386.22724890708923}
{"dataset": "SmallKitchenAppliances", "depth": 3, "nb_filters": 16, "batch_size": 16, "kernel_size": 41, "use_residual": "False", "use_bottleneck": "False", "acc": 0.768, "precision": 0.768821985094851, "recall": 0.7680000000000001, "budget_ran": 1500, "duration": 523.5327439308167}
{"dataset": "SmallKitchenAppliances", "depth": 6, "nb_filters": 32, "batch_size": 16, "kernel_size": 64, "use_residual": "True", "use_bottleneck": "True", "acc": 0.744, "precision": 0.7431669357860283, "recall": 0.7440000000000001, "budget_ran": 1500, "duration": 910.5130767822266}
{"dataset": "SmallKitchenAppliances", "depth": 3, "nb_filters": 64, "batch_size": 32, "kernel_size": 64, "use_residual": "True", "use_bottleneck": "False", "acc": 0.744, "precision": 0.7640690079515334, "recall": 0.7440000000000001, "budget_ran": 1500, "duration": 383.9740557670593}
{"dataset": "SmallKitchenAppliances", "depth": 6, "nb_filters": 16, "batch_size": 64, "kernel_size": 41, "use_residual": "False", "use_bottleneck": "True", "acc": 0.7706666666666667, "precision": 0.7730775199580903, "recall": 0.7706666666666667, "budget_ran": 1500, "duration": 296.02413535118103}
{"dataset": "SmallKitchenAppliances", "depth": 6, "nb_filters": 64, "batch_size": 32, "kernel_size": 41, "use_residual": "False", "use_bottleneck": "True", "acc": 0.7573333333333333, "precision": 0.7621246295091448, "recall": 0.7573333333333334, "budget_ran": 1500, "duration": 737.9266929626465}
{"dataset": "SmallKitchenAppliances", "depth": 6, "nb_filters": 16, "batch_size": 64, "kernel_size": 32, "use_residual": "False", "use_bottleneck": "True", "acc": 0.8133333333333334, "precision": 0.8155079634010606, "recall": 0.8133333333333335, "budget_ran": 1500, "duration": 326.2386567592621}
{"dataset": "SmallKitchenAppliances", "depth": 9, "nb_filters": 64, "batch_size": 128, "kernel_size": 64, "use_residual": "False", "use_bottleneck": "True", "acc": 0.7146666666666667, "precision": 0.7274897091307732, "recall": 0.7146666666666667, "budget_ran": 1500, "duration": 2902.6588485240936}
{"dataset": "SmallKitchenAppliances", "depth": 9, "nb_filters": 64, "batch_size": 64, "kernel_size": 32, "use_residual": "False", "use_bottleneck": "False", "acc": 0.7493333333333333, "precision": 0.7477381866353551, "recall": 0.7493333333333334, "budget_ran": 1500, "duration": 2545.9141778945923}
{"dataset": "SmallKitchenAppliances", "depth": 6, "nb_filters": 32, "batch_size": 64, "kernel_size": 64, "use_residual": "True", "use_bottleneck": "True", "acc": 0.7493333333333333, "precision": 0.7557603636521816, "recall": 0.7493333333333334, "budget_ran": 1500, "duration": 924.8583180904388}
{"dataset": "SmallKitchenAppliances", "depth": 6, "nb_filters": 64, "batch_size": 16, "kernel_size": 64, "use_residual": "True", "use_bottleneck": "True", "acc": 0.728, "precision": 0.7281479520942234, "recall": 0.7280000000000001, "budget_ran": 1500, "duration": 2184.56130027771}
{"dataset": "SmallKitchenAppliances", "depth": 6, "nb_filters": 64, "batch_size": 64, "kernel_size": 41, "use_residual": "True", "use_bottleneck": "False", "acc": 0.768, "precision": 0.7713697958359477, "recall": 0.7680000000000001, "budget_ran": 1500, "duration": 1708.2045068740845}
{"dataset": "SmallKitchenAppliances", "depth": 9, "nb_filters": 32, "batch_size": 16, "kernel_size": 32, "use_residual": "True", "use_bottleneck": "False", "acc": 0.7573333333333333, "precision": 0.7566957278665377, "recall": 0.7573333333333334, "budget_ran": 1500, "duration": 1570.6670067310333}
{"dataset": "SmallKitchenAppliances", "depth": 3, "nb_filters": 32, "batch_size": 64, "kernel_size": 32, "use_residual": "True", "use_bottleneck": "True", "acc": 0.736, "precision": 0.7483922558922559, "recall": 0.7360000000000001, "budget_ran": 1500, "duration": 383.3432950973511}
{"dataset": "SmallKitchenAppliances", "depth": 9, "nb_filters": 64, "batch_size": 16, "kernel_size": 64, "use_residual": "True", "use_bottleneck": "False", "acc": 0.7386666666666667, "precision": 0.7458487621479747, "recall": 0.7386666666666667, "budget_ran": 1500, "duration": 3325.800411462784}
{"dataset": "SmallKitchenAppliances", "depth": 9, "nb_filters": 32, "batch_size": 64, "kernel_size": 41, "use_residual": "True", "use_bottleneck": "True", "acc": 0.7466666666666667, "precision": 0.7473905822156167, "recall": 0.7466666666666667, "budget_ran": 1500, "duration": 1306.4542009830475}
{"dataset": "SmallKitchenAppliances", "depth": 3, "nb_filters": 32, "batch_size": 128, "kernel_size": 32, "use_residual": "False", "use_bottleneck": "False", "acc": 0.7413333333333333, "precision": 0.7547115142353237, "recall": 0.7413333333333334, "budget_ran": 1500, "duration": 383.342187166214}
{"dataset": "SmallKitchenAppliances", "depth": 9, "nb_filters": 64, "batch_size": 128, "kernel_size": 41, "use_residual": "False", "use_bottleneck": "False", "acc": 0.7253333333333334, "precision": 0.7344979627696618, "recall": 0.7253333333333334, "budget_ran": 1500, "duration": 2665.9685792922974}
{"dataset": "SmallKitchenAppliances", "depth": 9, "nb_filters": 32, "batch_size": 128, "kernel_size": 64, "use_residual": "False", "use_bottleneck": "False", "acc": 0.7413333333333333, "precision": 0.7385207039337475, "recall": 0.7413333333333334, "budget_ran": 1500, "duration": 1346.2233290672302}
{"dataset": "SmallKitchenAppliances", "depth": 9, "nb_filters": 16, "batch_size": 64, "kernel_size": 64, "use_residual": "False", "use_bottleneck": "True", "acc": 0.7466666666666667, "precision": 0.7487761002072455, "recall": 0.7466666666666667, "budget_ran": 1500, "duration": 985.8934412002563}
{"dataset": "SmallKitchenAppliances", "depth": 9, "nb_filters": 32, "batch_size": 32, "kernel_size": 64, "use_residual": "False", "use_bottleneck": "True", "acc": 0.736, "precision": 0.7346754116858846, "recall": 0.7360000000000001, "budget_ran": 1500, "duration": 1512.583645105362}
{"dataset": "SmallKitchenAppliances", "depth": 9, "nb_filters": 64, "batch_size": 32, "kernel_size": 32, "use_residual": "False", "use_bottleneck": "True", "acc": 0.776, "precision": 0.7818780366754781, "recall": 0.7760000000000001, "budget_ran": 1500, "duration": 2665.9186108112335}
{"dataset": "SmallKitchenAppliances", "depth": 9, "nb_filters": 32, "batch_size": 128, "kernel_size": 41, "use_residual": "True", "use_bottleneck": "True", "acc": 0.7626666666666667, "precision": 0.7700919948189172, "recall": 0.7626666666666667, "budget_ran": 1500, "duration": 1285.7986390590668}
{"dataset": "SmallKitchenAppliances", "depth": 3, "nb_filters": 16, "batch_size": 64, "kernel_size": 41, "use_residual": "False", "use_bottleneck": "False", "acc": 0.7626666666666667, "precision": 0.7628404824666507, "recall": 0.7626666666666667, "budget_ran": 1500, "duration": 256.881299495697}
{"dataset": "SmallKitchenAppliances", "depth": 3, "nb_filters": 64, "batch_size": 128,