precision,accuracy,recall,duration
0.9557289530851548,0.9619512195121951,0.9427835730217765,229.36318492889404
