precision,accuracy,recall,duration
0.6220403847901624,0.6212121212121212,0.6212121212121211,285.9353232383728
