precision,accuracy,recall,duration
0.9272210275834216,0.9268426842684269,0.9265366172624238,525.411518573761
