precision,accuracy,recall,duration
0.8323623112669766,0.8307692307692308,0.8317493781962063,685.6620132923126
