precision,accuracy,recall,duration
0.9712381394403411,0.9708542713567839,0.9713625242732039,519.1155285835266
