precision,accuracy,recall,duration
0.7299736495388669,0.7348066298342542,0.718734335839599,166.31361532211304
