precision,accuracy,recall,duration
0.6767648665997392,0.7079496822720789,0.6181655035399262,24386.94474363327
