precision,accuracy,recall,duration
0.8215578173593441,0.8075,0.7146972288220867,84.08782029151917
