precision,accuracy,recall,duration
0.7031523032890014,0.9386666666666666,0.5664949975387341,188.7695324420929
