precision,accuracy,recall,duration
0.8237333255776152,0.823076923076923,0.8230217206307198,265.71337628364563
