precision,accuracy,recall,duration
0.8368191691829694,0.8216783216783217,0.7867973796325989,563.2848296165466
