precision,accuracy,recall,duration
0.49282436116633743,0.73,0.5257562664088445,83.8699803352356
