precision,accuracy,recall,duration
0.6889901733948449,0.7133964466346777,0.6268292814488072,9459.814418315887
