precision,accuracy,recall,duration
0.8475386351608046,0.8358974358974359,0.8449234326889782,1256.9060680866241
