precision,accuracy,recall,duration
0.8433191396935221,0.8533854166666667,0.8195191828638473,610.7282385826111
