precision,accuracy,recall,duration
0.9030387802373617,0.9008264462809917,0.8795297697471609,387.12467098236084
