precision,accuracy,recall,duration
0.970952380952381,0.9714285714285714,0.9722906403940887,133.3119294643402
