precision,accuracy,recall,duration
0.9802745911852409,0.9798994974874372,0.9802769156175201,56.560672760009766
