precision,accuracy,recall,duration
0.9340360055206565,0.9337183718371838,0.9334477622784074,1321.2455658912659
