precision,accuracy,recall,duration
0.9764186637125644,0.9758793969849247,0.9759642416386923,360.10789346694946
