precision,accuracy,recall,duration
0.9297980015627074,0.9183333333333333,0.9183333333333333,1944.7586348056793
