precision,accuracy,recall,duration
0.7749741200828157,0.772,0.772,1686.426526069641
