precision,accuracy,recall,duration
0.6552918635172398,0.7554858934169278,0.6389177658219507,232.0665135383606
