precision,accuracy,recall,duration
0.7961512549360845,0.7544757033248082,0.758073683073683,299.4175181388855
