precision,accuracy,recall,duration
0.8974905852954633,0.8846666666666667,0.8783887434326938,148.28345108032227
