precision,accuracy,recall,duration
0.9635263528246978,0.9590618336886994,0.9592751550361376,203.25639605522156
