precision,accuracy,recall,duration
0.6335250179855246,0.7375,0.6023171234141698,201.63797783851624
