precision,accuracy,recall,duration
0.8461256425174936,0.8591145833333333,0.8244816253661992,1418.9300181865692
