precision,accuracy,recall,duration
0.7081698399695004,0.8131868131868132,0.6980036805815445,1397.8812282085419
