precision,accuracy,recall,duration
0.9683924323099581,0.9607843137254902,0.9090909090909091,198.22733902931213
