precision,accuracy,recall,duration
0.47274098498920775,0.72,0.47753997116048313,315.60330510139465
