precision,accuracy,recall,duration
0.8520003141245653,0.8435897435897436,0.8498324443698116,1262.7440855503082
