precision,accuracy,recall,duration
0.960122053872054,0.9444444444444444,0.9252901353965184,413.27003026008606
