precision,accuracy,recall,duration
0.8106044905677259,0.7960526315789473,0.7656241193000639,291.16187167167664
