precision,accuracy,recall,duration
0.825229222123632,0.7945205479452054,0.8036340852130326,567.5592608451843
