precision,accuracy,recall,duration
0.9148292910792911,0.9066666666666666,0.9066666666666667,503.3236017227173
