precision,accuracy,recall,duration
0.8200204813108039,0.82,0.82,598.7605047225952
