precision,accuracy,recall,duration
0.9558189655172413,0.956140350877193,0.9569444444444444,115.8480155467987
