precision,accuracy,recall,duration
0.5059448851007171,0.4636363636363636,0.47986962400598504,254.52600717544556
