precision,accuracy,recall,duration
0.8976219798264133,0.8906666666666667,0.8906666666666666,476.7936780452728
