precision,accuracy,recall,duration
0.7807358733829322,0.7749360613810742,0.7828442578442579,198.06249976158142
