precision,accuracy,recall,duration
0.6305554497271496,0.6243093922651933,0.6155140816937982,139.18254852294922
