precision,accuracy,recall,duration
0.9189605733566497,0.9172167216721672,0.9165177274048242,1274.8039140701294
