precision,accuracy,recall,duration
0.9155092592592592,0.9132231404958677,0.8878474182822008,378.6438076496124
