precision,accuracy,recall,duration
0.97671380331085,0.9710743801652892,0.9641963109354413,323.967244386673
