precision,accuracy,recall,duration
0.530436382093359,0.755,0.5169885054964242,145.17614221572876
