precision,accuracy,recall,duration
0.817099567099567,0.8082191780821918,0.8243107769423558,79.51214170455933
