precision,accuracy,recall,duration
0.7698412698412698,0.7619047619047619,0.7592592592592593,865.976979970932
