precision,accuracy,recall,duration
0.6015037593984962,0.5925925925925926,0.5925925925925926,199.27163791656494
