precision,accuracy,recall,duration
0.7350877192982456,0.734375,0.7034412955465588,467.28394317626953
