precision,accuracy,recall,duration
0.9564549012151413,0.9530916844349681,0.9533791530716891,505.92385053634644
