precision,accuracy,recall,duration
0.8658351526912543,0.8615384615384616,0.8622783026061995,443.2635235786438
