precision,accuracy,recall,duration
0.805952380952381,0.7666666666666667,0.7666666666666667,68.42422533035278
