precision,accuracy,recall,duration
0.6073131955484896,0.5925925925925926,0.5925925925925926,196.32974886894226
