precision,accuracy,recall,duration
0.9418842648615944,0.9422875131164743,0.9355675146771038,341.44253873825073
