precision,accuracy,recall,duration
0.9882943143812709,0.9885714285714285,0.9889455782312925,161.33961582183838
