precision,accuracy,recall,duration
0.8773144548213295,0.8094674556213017,0.9074433478618407,139.04800987243652
