precision,accuracy,recall,duration
0.7604263206672845,0.775,0.7712355212355213,205.5099458694458
