precision,accuracy,recall,duration
0.3772644699998439,0.5914786967418546,0.379983194420159,140.93778491020203
