precision,accuracy,recall,duration
0.7763015363015363,0.7647058823529411,0.7671516171516171,258.9372889995575
