precision,accuracy,recall,duration
0.7417876047592632,0.7173333333333334,0.7173333333333334,924.8365278244019
