precision,accuracy,recall,duration
0.6144737849215461,0.6243093922651933,0.6085972735443923,315.23241353034973
