precision,accuracy,recall,duration
0.7963461689896842,0.8682926829268293,0.8213547237076648,234.5078308582306
