precision,accuracy,recall,duration
0.6416666666666666,0.65625,0.6376518218623481,203.27136087417603
