precision,accuracy,recall,duration
0.8831439716968196,0.7982248520710059,0.8989982125264263,889.4687390327454
