precision,accuracy,recall,duration
0.9736551479709373,0.9785089849441476,0.963222698923205,1219.8371295928955
