precision,accuracy,recall,duration
0.9590398973936145,0.9643231899265478,0.966932252352996,47.56084370613098
