precision,accuracy,recall,duration
0.7576511416345646,0.7683333333333333,0.7733805233805233,865.2040734291077
