precision,accuracy,recall,duration
0.9682126696832579,0.9575163398692811,0.9506769825918762,338.6531915664673
