precision,accuracy,recall,duration
0.90488679340196,0.903,0.8833500753390257,1238.5846166610718
