precision,accuracy,recall,duration
0.9626526564747367,0.9682926829268292,0.9525878798494736,356.43126678466797
