precision,accuracy,recall,duration
0.6997280497280497,0.765,0.6367602890931977,427.0040693283081
