precision,accuracy,recall,duration
0.7258558584711249,0.7552631578947369,0.7125772230924755,103.44083380699158
