precision,accuracy,recall,duration
0.8380746237889094,0.821917808219178,0.8298245614035088,144.24829077720642
