precision,accuracy,recall,duration
0.658974358974359,0.671875,0.6568825910931173,445.85113406181335
