precision,accuracy,recall,duration
0.8075063711840397,0.8,0.7714253175025801,625.8448088169098
