precision,accuracy,recall,duration
0.7336538461538462,0.7238095238095238,0.7205882352941176,204.33410167694092
