precision,accuracy,recall,duration
0.8928359582453281,0.8906666666666667,0.8906666666666667,144.10132026672363
