precision,accuracy,recall,duration
0.969323148278801,0.9668292682926829,0.9498052134134054,107.90997099876404
