precision,accuracy,recall,duration
0.9362691413064548,0.9361936193619362,0.9360578320255739,569.3290565013885
