precision,accuracy,recall,duration
0.8885626443002107,0.8826666666666667,0.8826666666666667,384.14239621162415
