precision,accuracy,recall,duration
0.9607413357442005,0.9573560767590619,0.9574915464906605,671.7240746021271
