precision,accuracy,recall,duration
0.8857142857142857,0.836,0.7770657614437382,623.5561366081238
