precision,accuracy,recall,duration
0.8546969892751002,0.8388888888888889,0.8388888888888888,444.740549325943
