precision,accuracy,recall,duration
0.9556330550673697,0.9611752360965372,0.9638617090671885,361.4541344642639
