precision,accuracy,recall,duration
0.8951471092811804,0.8956666666666667,0.8951091576649359,408.9490604400635
