precision,accuracy,recall,duration
0.8824580076590997,0.881,0.8785033264821753,225.6119372844696
