precision,accuracy,recall,duration
0.8053029928029929,0.8081841432225064,0.8110932610932611,1205.8310437202454
