precision,accuracy,recall,duration
0.8295351985559567,0.8344988344988346,0.8178054423015255,1514.603115081787
