precision,accuracy,recall,duration
0.8844435982229281,0.808284023668639,0.9078584133491197,216.89614868164062
