precision,accuracy,recall,duration
0.9488371937902356,0.9421487603305785,0.9238314825271349,363.6136989593506
