precision,accuracy,recall,duration
0.7666666666666666,0.6666666666666666,0.6666666666666666,305.47212529182434
