precision,accuracy,recall,duration
0.8111721611721613,0.7885714285714286,0.8125056968371162,105.58055686950684
