precision,accuracy,recall,duration
0.9365079365079364,0.9333333333333333,0.9333333333333332,324.53687167167664
