precision,accuracy,recall,duration
0.8067490319011618,0.8,0.8134171907756813,203.6249270439148
