precision,accuracy,recall,duration
0.900899508781806,0.8094674556213017,0.9087317052640426,758.9290537834167
