precision,accuracy,recall,duration
0.7083333333333333,0.7,0.7,539.861448764801
