precision,accuracy,recall,duration
0.8650793650793652,0.863013698630137,0.8802422723475356,277.0789225101471
