precision,accuracy,recall,duration
0.6102885084421137,0.6865203761755486,0.5538185960185267,143.47758507728577
