precision,accuracy,recall,duration
0.9643812326069181,0.9634146341463414,0.9457439486149213,109.80749607086182
