precision,accuracy,recall,duration
0.6776857745235151,0.7975,0.5234382312276733,365.28046441078186
