precision,accuracy,recall,duration
0.9224591149591149,0.91,0.91,603.5557627677917
