precision,accuracy,recall,duration
0.9719364074198342,0.9775376396308888,0.9622355887825637,383.6243140697479
