precision,accuracy,recall,duration
0.6383257112097237,0.745,0.6234731279035076,272.8761270046234
