precision,accuracy,recall,duration
0.9272659792454426,0.9265773310999441,0.9268552002177277,668.4301631450653
