precision,accuracy,recall,duration
0.8508921713846829,0.84,0.8545255674049766,111.23862934112549
