precision,accuracy,recall,duration
0.3793498735268605,0.6040100250626567,0.39010394202560666,103.9603488445282
