precision,accuracy,recall,duration
0.8755259763239307,0.8713333333333333,0.867377156026376,411.9296555519104
