precision,accuracy,recall,duration
0.9728498357923723,0.9770519669742593,0.9595366419709602,1395.9770045280457
