precision,accuracy,recall,duration
0.6362460020713757,0.6353535353535353,0.6353535353535354,310.4312300682068
