precision,accuracy,recall,duration
0.810967562106891,0.823076923076923,0.8138813695655536,505.46121549606323
