precision,accuracy,recall,duration
0.9721533935303964,0.9682926829268292,0.9532997443651959,279.9804961681366
