precision,accuracy,recall,duration
0.95,0.9248366013071896,0.8896679561573179,322.6960380077362
