precision,accuracy,recall,duration
0.9264934290944252,0.9251925192519251,0.9246058558558559,211.66885137557983
