precision,accuracy,recall,duration
0.8551523304420213,0.8420289855072464,0.842311924442873,504.4517378807068
