precision,accuracy,recall,duration
0.974280699573218,0.9787518212724624,0.9632884349430456,472.1541757583618
