precision,accuracy,recall,duration
0.9348958333333333,0.94,0.9348958333333333,131.024001121521
