precision,accuracy,recall,duration
0.8142857142857143,0.8055555555555556,0.8055555555555556,364.97016191482544
