precision,accuracy,recall,duration
0.9097780707536804,0.9089456869009584,0.9070004493228063,211.48876094818115
