precision,accuracy,recall,duration
0.6150793650793651,0.625,0.6174089068825911,385.3934006690979
