precision,accuracy,recall,duration
0.9454610827030101,0.9394456289978678,0.9398821465624849,551.9984681606293
