precision,accuracy,recall,duration
0.792251461988304,0.795,0.6589358340124499,326.65849208831787
