precision,accuracy,recall,duration
0.7751217864707804,0.7546666666666667,0.7546666666666666,743.6204218864441
