precision,accuracy,recall,duration
0.5449176662591296,0.81,0.5297537251042285,134.70388650894165
