precision,accuracy,recall,duration
0.45876985263700404,0.44181818181818183,0.454699322849494,776.9358329772949
