precision,accuracy,recall,duration
0.8278244170781018,0.8256410256410256,0.8282521319843221,1647.8247594833374
