precision,accuracy,recall,duration
0.48743313473032446,0.7275,0.4928483494807427,139.7934250831604
