precision,accuracy,recall,duration
0.9506989139179405,0.9281045751633987,0.892327530625403,185.78231167793274
