precision,accuracy,recall,duration
0.8157573511985277,0.7928388746803069,0.8028111903111902,123.48000383377075
