precision,accuracy,recall,duration
0.8905885127963202,0.885,0.858488196885987,1405.1143960952759
