precision,accuracy,recall,duration
0.6997987551717533,0.9386666666666666,0.6053626414588041,188.20970249176025
