precision,accuracy,recall,duration
0.9059989648033127,0.9049520766773163,0.9027935040759998,508.1350200176239
