precision,accuracy,recall,duration
0.9840683658102272,0.9839195979899498,0.9840942511240742,264.01382851600647
