precision,accuracy,recall,duration
0.976413597991173,0.9758793969849247,0.9764197088241251,148.40111684799194
