precision,accuracy,recall,duration
0.9482171336022449,0.9313725490196079,0.8851547388781431,201.03555703163147
