precision,accuracy,recall,duration
0.7693129879179412,0.785,0.7717360217360217,377.1853106021881
