precision,accuracy,recall,duration
0.7634920634920636,0.7534246575342466,0.7785475593746272,177.50285696983337
