precision,accuracy,recall,duration
0.96794854762986,0.9668341708542714,0.9670761086689658,460.50204849243164
