precision,accuracy,recall,duration
0.8909090909090909,0.8801996672212978,0.8950437317784257,264.68499875068665
