precision,accuracy,recall,duration
0.7834403369771521,0.7842105263157895,0.7584060348883487,222.66846823692322
