precision,accuracy,recall,duration
0.7444529036465469,0.743421052631579,0.7093506779076967,362.46724557876587
