precision,accuracy,recall,duration
0.7670843776106935,0.795,0.6901338720353217,118.26459908485413
