precision,accuracy,recall,duration
0.7461996916690351,0.775,0.6092004024960879,180.43950128555298
