precision,accuracy,recall,duration
0.6717393622748696,0.9348888888888889,0.6013557879934163,1536.4125626087189
