precision,accuracy,recall,duration
0.7646538827689379,0.78,0.7838941840108928,93.01031470298767
