precision,accuracy,recall,duration
0.9660534391398549,0.9648780487804878,0.9538868927139372,648.8305010795593
