precision,accuracy,recall,duration
0.8897107166337935,0.89,0.8695768891044182,1646.7786514759064
