precision,accuracy,recall,duration
0.8786349243674371,0.8681159420289855,0.8684159378036929,667.4470670223236
