precision,accuracy,recall,duration
0.6948296122209165,0.65,0.7015658432211632,296.8372926712036
