precision,accuracy,recall,duration
0.8836296788979542,0.8071005917159764,0.9122551835711689,859.9447574615479
