precision,accuracy,recall,duration
0.9298886948930598,0.9295929592959296,0.9293265039232781,867.1739375591278
