precision,accuracy,recall,duration
0.9631345903898636,0.9629268292682926,0.9461371719716187,207.2872714996338
