precision,accuracy,recall,duration
0.9233563730329196,0.9232673267326733,0.9231055652426621,530.4489901065826
