precision,accuracy,recall,duration
0.4673576329312783,0.4581818181818182,0.47686934436616746,359.42239785194397
