precision,accuracy,recall,duration
0.9693566886369773,0.9667377398720682,0.966857785356543,444.62284326553345
