precision,accuracy,recall,duration
0.8989861302199524,0.8977635782747604,0.8953719750946787,147.50740480422974
