precision,accuracy,recall,duration
0.8180877093920573,0.8057142857142857,0.8240816698568955,89.5026535987854
