precision,accuracy,recall,duration
0.3941791492765996,0.6140350877192983,0.406203189660197,83.36692237854004
