precision,accuracy,recall,duration
0.7786306474139292,0.7789473684210526,0.7431414592612514,288.9635033607483
