precision,accuracy,recall,duration
0.9395424917341411,0.9394612607608998,0.9393102202961359,1652.1108572483063
