precision,accuracy,recall,duration
0.6776528100771179,0.9355555555555556,0.5843500915955476,867.1970770359039
