precision,accuracy,recall,duration
0.47095117801893505,0.75,0.49076938032267997,196.27630734443665
