precision,accuracy,recall,duration
0.9945054945054945,0.9942857142857143,0.9948979591836735,236.48396492004395
