precision,accuracy,recall,duration
0.7506590564498551,0.7473684210526316,0.6889564995065985,150.8305470943451
