precision,accuracy,recall,duration
0.8486486486486486,0.8136439267886856,0.8367346938775511,174.209153175354
