precision,accuracy,recall,duration
0.6717333422708947,0.6740331491712708,0.6736603665235193,165.6698408126831
