precision,accuracy,recall,duration
0.7753609658949464,0.8536585365853658,0.8258110516934046,688.3368258476257
