precision,accuracy,recall,duration
0.9055495372169201,0.9057507987220448,0.904666538288722,100.66333508491516
