precision,accuracy,recall,duration
0.8601008803244335,0.8666666666666667,0.8580628710172586,884.3294732570648
