precision,accuracy,recall,duration
0.6630649197318789,0.7163009404388715,0.5867232265883648,358.0573229789734
