precision,accuracy,recall,duration
0.9764775481512479,0.9758793969849247,0.9762944672868746,324.49409890174866
