precision,accuracy,recall,duration
0.7396857923497269,0.7403314917127072,0.7198621553884712,392.68643856048584
