precision,accuracy,recall,duration
0.826629260553484,0.8065217391304348,0.8070177847754554,619.8398816585541
