precision,accuracy,recall,duration
0.8405387205387206,0.8171428571428572,0.8366602862090966,79.92678189277649
