precision,accuracy,recall,duration
0.47616202542937675,0.3981818181818182,0.4301012717301907,191.59897589683533
