precision,accuracy,recall,duration
0.9156129471890971,0.9155665566556656,0.9154261115954665,507.52399349212646
