precision,accuracy,recall,duration
0.9282625732588251,0.9052287581699346,0.8442134107027723,472.30984234809875
