precision,accuracy,recall,duration
0.841866134751773,0.8285714285714286,0.8448637316561846,109.59386420249939
