precision,accuracy,recall,duration
0.936382834359434,0.9364065537350736,0.9363448497251314,2142.6611807346344
