precision,accuracy,recall,duration
0.7439587480645874,0.7625,0.630607684920553,325.124849319458
