precision,accuracy,recall,duration
0.7525318549721193,0.775,0.6697378036415947,455.9448206424713
