precision,accuracy,recall,duration
0.8118860953410832,0.795,0.6949894593467473,386.5988800525665
