precision,accuracy,recall,duration
0.9087505169100999,0.9090909090909091,0.8753927081372734,865.8732182979584
