precision,accuracy,recall,duration
0.9626570457202503,0.95863539445629,0.9588455312693452,264.6555435657501
