precision,accuracy,recall,duration
0.9625571759964355,0.9609756097560975,0.9385737562293678,278.1452844142914
