precision,accuracy,recall,duration
0.9606175504325041,0.9614634146341463,0.9412790126399951,351.4068458080292
