precision,accuracy,recall,duration
0.9584822731882405,0.9545454545454546,0.9421121149382019,302.43973445892334
