precision,accuracy,recall,duration
0.5990324083603156,0.6015151515151516,0.6015151515151514,169.1832058429718
