precision,accuracy,recall,duration
0.9600220126065486,0.9569296375266525,0.9572221138064143,926.1004800796509
