precision,accuracy,recall,duration
0.6730010596547465,0.9346666666666666,0.5895949149307615,266.8187527656555
