precision,accuracy,recall,duration
0.8665238004853778,0.8659420289855072,0.865836304010544,82.09353518486023
