precision,accuracy,recall,duration
0.7477381866353551,0.7493333333333333,0.7493333333333334,2545.9141778945923
