precision,accuracy,recall,duration
0.7851680483259431,0.784,0.784,174.42840218544006
