precision,accuracy,recall,duration
0.912689393939394,0.9090909090909091,0.9195804195804196,583.6861128807068
