precision,accuracy,recall,duration
0.8392125495278403,0.8342857142857143,0.8424026980220581,100.46765780448914
