precision,accuracy,recall,duration
0.9635825484771016,0.9595121951219512,0.9438343985952427,273.0237832069397
