precision,accuracy,recall,duration
0.9447626192609597,0.9441652707984366,0.9443240711394689,1947.5293939113617
