precision,accuracy,recall,duration
0.9359823572349887,0.9338842975206612,0.9158949745906266,482.4203910827637
