precision,accuracy,recall,duration
0.7876077516365285,0.784,0.784,661.3972935676575
