precision,accuracy,recall,duration
0.6962564760664404,0.9375555555555556,0.584415153667964,596.0055975914001
