precision,accuracy,recall,duration
0.8227283381695149,0.8286445012787724,0.8366231741231741,482.5150227546692
