precision,accuracy,recall,duration
0.8708091268245934,0.8666666666666667,0.8674117747460065,389.32976388931274
