precision,accuracy,recall,duration
0.8683194093065728,0.7840236686390533,0.8956626247509173,1321.107671737671
