precision,accuracy,recall,duration
0.8643724696356275,0.8555555555555555,0.8555555555555556,541.2643721103668
