precision,accuracy,recall,duration
0.9322983577537199,0.9323432343234324,0.9323198198198198,408.997581243515
