precision,accuracy,recall,duration
0.778239472584614,0.7966666666666666,0.7914316280879207,283.1032598018646
