precision,accuracy,recall,duration
0.8603351955307262,0.8336106489184693,0.8542274052478134,253.93559956550598
