precision,accuracy,recall,duration
0.7135695008373028,0.7493606138107417,0.7545324795324796,203.91562700271606
