precision,accuracy,recall,duration
0.8891148216217626,0.8865814696485623,0.8832402593234483,68.92259454727173
