precision,accuracy,recall,duration
0.5244416920646429,0.5292207792207793,0.5267725352634839,1192.5310277938843
