precision,accuracy,recall,duration
0.8557217793049149,0.8627604166666667,0.8266760141439368,538.6350655555725
