precision,accuracy,recall,duration
0.8994342658338808,0.9,0.8995841506403026,141.37421989440918
