precision,accuracy,recall,duration
0.8706582038105841,0.8681159420289855,0.8679986049121622,121.60089135169983
