precision,accuracy,recall,duration
0.7445652173913043,0.5333333333333333,0.4472222222222222,143.8080267906189
