precision,accuracy,recall,duration
0.8326689276402894,0.8260869565217391,0.8256842601920359,416.22750306129456
