precision,accuracy,recall,duration
0.9234290943072023,0.9224422442244224,0.9219303981400755,2509.945694208145
