precision,accuracy,recall,duration
0.957094690818772,0.9590243902439024,0.941049919768309,205.74480557441711
