precision,accuracy,recall,duration
0.405753508093799,0.6115288220551378,0.39843034184297954,385.89873790740967
