precision,accuracy,recall,duration
0.8318000514668039,0.8225,0.7045039771357735,86.2591917514801
