precision,accuracy,recall,duration
0.967522264349403,0.9646055437100213,0.9647852150587242,384.3819591999054
