precision,accuracy,recall,duration
0.7196608130628819,0.8043956043956044,0.6708364412161626,254.7197289466858
