precision,accuracy,recall,duration
0.7663242846661775,0.7619047619047619,0.7636165577342048,83.70553064346313
