precision,accuracy,recall,duration
0.876799604718672,0.8791666666666667,0.8464581445938052,1021.3786640167236
