precision,accuracy,recall,duration
0.9352704135737009,0.935093509350935,0.9348935629177565,965.8368871212006
