precision,accuracy,recall,duration
0.7334905660377358,0.7333333333333333,0.7336601307189543,625.5662250518799
