precision,accuracy,recall,duration
0.9369105387088067,0.9424390243902439,0.9238639058286529,151.55890274047852
