precision,accuracy,recall,duration
0.6452348723343363,0.6464088397790055,0.6134904623988814,75.34712171554565
