precision,accuracy,recall,duration
0.9215799940799942,0.9133333333333333,0.9133333333333334,3925.762387037277
