precision,accuracy,recall,duration
0.7898574606574936,0.8083333333333333,0.7993824158723983,504.8805727958679
