precision,accuracy,recall,duration
0.8300285531989919,0.8307692307692308,0.8222086190637689,276.5242245197296
