precision,accuracy,recall,duration
0.6033941360510796,0.7225,0.5837986048956513,264.52227687835693
