precision,accuracy,recall,duration
0.95625,0.9379084967320261,0.9199709864603483,385.7599034309387
