precision,accuracy,recall,duration
0.8526031102096011,0.84,0.8530671771032723,176.8605511188507
