precision,accuracy,recall,duration
0.8672300522099262,0.7757396449704143,0.8908775648237005,217.55530738830566
