precision,accuracy,recall,duration
0.9802381071409707,0.9798994974874372,0.9802103381388486,385.3137216567993
