precision,accuracy,recall,duration
0.8073054740589831,0.8,0.8076533819780675,268.34613823890686
