precision,accuracy,recall,duration
0.9178743961352657,0.9,0.8906882591093117,105.56839418411255
