precision,accuracy,recall,duration
0.46356837606837603,0.7175,0.47923300792826606,447.54555892944336
