precision,accuracy,recall,duration
0.8351947513865792,0.8282051282051283,0.8308987877411534,685.6743175983429
