precision,accuracy,recall,duration
0.9933333333333333,0.9933333333333333,0.9933333333333333,143.75016713142395
