precision,accuracy,recall,duration
0.522812826127785,0.5162337662337663,0.5170401535571704,1225.4345490932465
