precision,accuracy,recall,duration
0.8321742884811556,0.8278645833333333,0.7789770124648149,274.1628863811493
