precision,accuracy,recall,duration
0.8642796575950901,0.8628571428571429,0.8723908486008568,107.56670570373535
