precision,accuracy,recall,duration
0.9743258499222631,0.9780233122875183,0.9611630206040109,2389.8400495052338
