precision,accuracy,recall,duration
0.8593615295627679,0.8363171355498721,0.8408453033453033,284.3623957633972
