precision,accuracy,recall,duration
0.5994700305342114,0.6692789968652038,0.5284222446918347,121.60429358482361
