precision,accuracy,recall,duration
0.4041736231189515,0.6115288220551378,0.384703315944901,65.26811170578003
