precision,accuracy,recall,duration
0.5795753421596894,0.5727272727272728,0.5727272727272728,144.17905116081238
