precision,accuracy,recall,duration
0.8857142857142857,0.88,0.8515625,203.20645594596863
