precision,accuracy,recall,duration
0.7487273142324293,0.7647058823529411,0.7686838311838311,292.76703238487244
