precision,accuracy,recall,duration
0.9708718271501428,0.9698492462311558,0.9697732089916755,719.1455564498901
