precision,accuracy,recall,duration
0.9542219594446634,0.9380165289256198,0.9060606060606061,214.48219227790833
