precision,accuracy,recall,duration
0.5867754492614515,0.6975,0.5931416840699542,144.62262868881226
