precision,accuracy,recall,duration
0.9631577934571652,0.9585365853658536,0.9430637211855641,283.6486065387726
