precision,accuracy,recall,duration
0.5518420127358675,0.5869565217391305,0.5866640543364681,145.7861008644104
