precision,accuracy,recall,duration
0.8095238095238094,0.7885714285714286,0.809588916233707,446.34883666038513
