precision,accuracy,recall,duration
0.9172597303510367,0.9165270798436628,0.9168886583616418,719.8852069377899
