precision,accuracy,recall,duration
0.727440253032021,0.9437777777777778,0.581874583905052,336.8112225532532
