precision,accuracy,recall,duration
0.9707604514347147,0.9698492462311558,0.9696214492634995,507.3181948661804
