precision,accuracy,recall,duration
0.913150153165166,0.912,0.9101159634066859,198.8284616470337
