precision,accuracy,recall,duration
0.6496268205011216,0.9322222222222222,0.576665388733469,782.9226176738739
