precision,accuracy,recall,duration
0.9775132275132273,0.9771428571428571,0.9780670889045273,418.6088206768036
