precision,accuracy,recall,duration
0.8044871794871795,0.804,0.804,685.4218897819519
