precision,accuracy,recall,duration
0.8390937878983012,0.8384615384615385,0.8388412819766283,1465.426087141037
