precision,accuracy,recall,duration
0.8835122066281401,0.879,0.8519934532984638,419.7772147655487
