precision,accuracy,recall,duration
0.4688682531494819,0.77,0.4841525840185981,628.401134967804
