precision,accuracy,recall,duration
0.8586976682564917,0.8564102564102564,0.8584742812618558,966.0828123092651
