precision,accuracy,recall,duration
0.7522875816993464,0.848780487804878,0.7587433155080214,377.7120463848114
