precision,accuracy,recall,duration
0.9355880591054313,0.9244491080797481,0.9065650917901407,67.32944869995117
