precision,accuracy,recall,duration
0.8134398135549462,0.8,0.8177923616807948,445.5315237045288
