precision,accuracy,recall,duration
0.48774276002790834,0.75,0.4954965753778817,119.36104583740234
