precision,accuracy,recall,duration
0.8441693722943723,0.84,0.8486920061981588,70.68235111236572
