precision,accuracy,recall,duration
0.4888246365591995,0.735,0.485204982817191,87.07566332817078
