precision,accuracy,recall,duration
0.7993123228972285,0.8146341463414634,0.6897682709447416,108.63831067085266
