precision,accuracy,recall,duration
0.7683793999527522,0.848780487804878,0.7908377896613191,383.90154504776
