precision,accuracy,recall,duration
0.8453792911005111,0.8512820512820513,0.8434970460507252,298.07960176467896
