precision,accuracy,recall,duration
0.6196479010057837,0.7275,0.6052280896162753,194.51818680763245
