precision,accuracy,recall,duration
0.9013572140388247,0.8933333333333333,0.8933333333333332,388.43156838417053
