precision,accuracy,recall,duration
0.8128292939936776,0.804,0.804,1050.169676542282
