precision,accuracy,recall,duration
0.8153935647908314,0.8014492753623188,0.8021249997220201,325.6111903190613
