precision,accuracy,recall,duration
0.5104234527687297,0.7919254658385093,0.5031347962382445,324.32251048088074
