precision,accuracy,recall,duration
0.8712366051131587,0.8,0.9049465981801299,269.9364697933197
