precision,accuracy,recall,duration
0.9621785097693861,0.973530840213696,0.9607741057964225,324.0283558368683
