precision,accuracy,recall,duration
0.4403603220151253,0.6290726817042607,0.4236362101960327,142.23881077766418
