precision,accuracy,recall,duration
0.861111111111111,0.8,0.8,192.35765719413757
