precision,accuracy,recall,duration
0.9310193881027937,0.9306930693069307,0.9304144870677129,792.2571368217468
