precision,accuracy,recall,duration
0.8230710663600574,0.8369791666666667,0.8054274522549217,326.5194163322449
