precision,accuracy,recall,duration
0.6467391304347826,0.5740740740740741,0.5740740740740741,83.78464365005493
