precision,accuracy,recall,duration
0.920061975061975,0.9116666666666666,0.9116666666666667,595.8725953102112
