precision,accuracy,recall,duration
0.8542204994825963,0.8435897435897436,0.8510523211945271,428.22878241539
