precision,accuracy,recall,duration
0.7793176866706278,0.775,0.6714935589147909,120.4727509021759
