precision,accuracy,recall,duration
0.8573933372296901,0.8571428571428571,0.8661015404247562,203.73484539985657
