precision,accuracy,recall,duration
0.459452493750279,0.7625,0.47747953165589063,75.40066266059875
