precision,accuracy,recall,duration
0.7939293389884504,0.7723684210526316,0.7424565345667359,447.83392810821533
