precision,accuracy,recall,duration
0.9242551510583621,0.9317943336831059,0.9353764793588668,384.4728515148163
