precision,accuracy,recall,duration
0.6403251260420703,0.7021943573667712,0.5780950556003668,163.2422811985016
