precision,accuracy,recall,duration
0.764171511627907,0.78,0.7828243532386696,156.7767915725708
