precision,accuracy,recall,duration
0.8972235275689222,0.896,0.896,279.0397832393646
