precision,accuracy,recall,duration
0.9310070716983921,0.9304857621440537,0.9307869946330385,795.2884163856506
