precision,accuracy,recall,duration
0.8813596491228071,0.8833333333333333,0.8836032388663968,94.30889010429382
