precision,accuracy,recall,duration
0.8168027210884353,0.8634146341463415,0.7072816399286989,106.0879716873169
