precision,accuracy,recall,duration
0.9686072658281217,0.9690048939641109,0.9637194909950629,371.6876223087311
