precision,accuracy,recall,duration
0.7194989106753813,0.7213114754098361,0.7180735930735931,628.0589694976807
