precision,accuracy,recall,duration
0.7904761904761906,0.7333333333333333,0.6805555555555556,82.5955741405487
