precision,accuracy,recall,duration
0.966140642303433,0.954248366013072,0.9381850419084462,480.15587067604065
