precision,accuracy,recall,duration
0.8997121242552052,0.86,0.8102149327144563,443.6072187423706
