precision,accuracy,recall,duration
0.9500048875622095,0.948780487804878,0.9243437741795288,109.79804420471191
