precision,accuracy,recall,duration
0.5538231943495101,0.5454545454545454,0.5432434663328594,444.5159378051758
