precision,accuracy,recall,duration
0.9721688796428417,0.9771733851384167,0.9610238880798766,2477.258965730667
