precision,accuracy,recall,duration
0.644411629721636,0.9308888888888889,0.5682275804634882,1505.9331550598145
