precision,accuracy,recall,duration
0.8446090268259422,0.8487179487179487,0.8409260077818915,895.639297246933
