precision,accuracy,recall,duration
0.8454114976476259,0.844988344988345,0.8241387603646525,3860.438394546509
