precision,accuracy,recall,duration
0.9773626373626374,0.9771428571428571,0.979093361482524,160.9498805999756
