precision,accuracy,recall,duration
0.9291171044326844,0.9284928492849285,0.9280986631793083,1052.074465751648
