precision,accuracy,recall,duration
0.9412350207874786,0.9256198347107438,0.899407114624506,83.89510107040405
