precision,accuracy,recall,duration
0.6472727272727272,0.8136645962732919,0.5634796238244515,204.58314561843872
