precision,accuracy,recall,duration
0.9560593588793448,0.9526829268292683,0.9317763475508775,78.3952522277832
