precision,accuracy,recall,duration
0.7140228927050516,0.8219780219780219,0.7071449182912031,523.6813280582428
