precision,accuracy,recall,duration
0.8443229305628499,0.841025641025641,0.8459152922829883,904.3005890846252
