precision,accuracy,recall,duration
0.8719386325512714,0.8755208333333333,0.842002046039754,1045.6685149669647
