precision,accuracy,recall,duration
0.833005578593814,0.8209718670076727,0.8243786243786243,532.6829817295074
