precision,accuracy,recall,duration
0.4572056372570174,0.4381818181818182,0.46085957287553,552.3455529212952
