precision,accuracy,recall,duration
0.8006898679785488,0.7978260869565217,0.7976853698873032,385.5608232021332
