precision,accuracy,recall,duration
0.8715935681161522,0.868840579710145,0.8688614393125671,383.2076053619385
