precision,accuracy,recall,duration
0.9652966793685357,0.9650145772594753,0.9649802801577587,186.40116238594055
