precision,accuracy,recall,duration
0.7553418803418803,0.7569060773480663,0.7395989974937343,222.50148057937622
