precision,accuracy,recall,duration
0.9381844010903962,0.937239655651208,0.9367220416516191,378.2282109260559
