precision,accuracy,recall,duration
0.8384262796027502,0.8356164383561644,0.854469507101086,146.8847358226776
