precision,accuracy,recall,duration
0.9088832382369966,0.90814696485623,0.9062597085820656,352.87557101249695
