precision,accuracy,recall,duration
0.9647700369487936,0.9624390243902439,0.9461232864629745,460.95709586143494
