precision,accuracy,recall,duration
0.9699018347551712,0.9706362153344209,0.966002596017894,816.1052758693695
