precision,accuracy,recall,duration
0.9375517197512018,0.9375173562899195,0.9374001845832831,2856.80801820755
