precision,accuracy,recall,duration
0.7666666666666666,0.6666666666666666,0.6666666666666666,385.56442642211914
