precision,accuracy,recall,duration
0.976972101972102,0.9771428571428571,0.9775259633634017,585.7595596313477
