precision,accuracy,recall,duration
0.9529539476105608,0.9517073170731707,0.9257116952165224,113.82244968414307
