precision,accuracy,recall,duration
0.8340404258078072,0.8205128205128205,0.830182575178513,132.56609988212585
