precision,accuracy,recall,duration
0.9051332298143665,0.8986666666666666,0.8986666666666667,693.0851202011108
