precision,accuracy,recall,duration
0.5070257905668176,0.4909090909090909,0.49918064135740214,507.85653853416443
