precision,accuracy,recall,duration
0.6796862109842692,0.9337777777777778,0.5753689592597688,674.6165056228638
