precision,accuracy,recall,duration
0.513979881209874,0.5,0.49849491220112185,925.571765422821
