precision,accuracy,recall,duration
0.9206409549056607,0.905,0.905,608.612715959549
