precision,accuracy,recall,duration
0.8457632439220437,0.8461538461538461,0.8392888511616494,208.79472637176514
