precision,accuracy,recall,duration
0.8732142857142857,0.8666666666666667,0.8624204742625795,212.25082921981812
