precision,accuracy,recall,duration
0.9300799663299664,0.9183333333333333,0.9183333333333333,1463.2730662822723
