precision,accuracy,recall,duration
0.7082059284144206,0.9384444444444444,0.57214033070491,565.9202811717987
