precision,accuracy,recall,duration
0.7434637068357999,0.7575,0.6836954650321959,148.4358241558075
