precision,accuracy,recall,duration
0.8590214965214965,0.8388746803069054,0.8464789714789713,1233.1912128925323
