precision,accuracy,recall,duration
0.893714487928738,0.8891680625348967,0.8896000642146429,475.6030647754669
