precision,accuracy,recall,duration
0.7311233272252763,0.76,0.6242492414938267,192.99332523345947
