precision,accuracy,recall,duration
0.8267481354262994,0.8128205128205128,0.8212585967163925,279.49104928970337
