precision,accuracy,recall,duration
0.542993235777616,0.5097402597402597,0.5065516950606407,249.30174350738525
