precision,accuracy,recall,duration
0.900261614079594,0.8937699680511182,0.8889004429039091,747.811989068985
