precision,accuracy,recall,duration
0.8946886743969138,0.8159763313609467,0.9153260049407957,1236.3783371448517
