precision,accuracy,recall,duration
0.9675903018307768,0.9666666666666667,0.9666666666666667,445.6447148323059
