precision,accuracy,recall,duration
0.7285714285714285,0.7,0.7,567.4482102394104
