precision,accuracy,recall,duration
0.49316862097625624,0.7525,0.5113432784978883,266.7354733943939
