precision,accuracy,recall,duration
0.6661290322580645,0.8198757763975155,0.5403605015673981,184.2329967021942
