precision,accuracy,recall,duration
0.49923343425278105,0.4818181818181818,0.4880432341559015,445.59956550598145
