precision,accuracy,recall,duration
0.9765981558163647,0.976,0.9764073079290471,191.64543271064758
