precision,accuracy,recall,duration
0.8199649582002523,0.8184143222506394,0.8273218523218523,1201.5540370941162
