precision,accuracy,recall,duration
0.9560027255279792,0.9536,0.954268065758749,157.12593793869019
