precision,accuracy,recall,duration
0.8334990406418977,0.821917808219178,0.8199248120300753,138.59961247444153
