precision,accuracy,recall,duration
0.817901125873262,0.7979539641943734,0.8028116028116028,509.20420265197754
