precision,accuracy,recall,duration
0.6655855855855857,0.6685082872928176,0.6510403974832718,207.18438458442688
