precision,accuracy,recall,duration
0.8294464794464794,0.8228571428571428,0.8341992525749703,502.85270977020264
