precision,accuracy,recall,duration
0.9933986928104576,0.9933333333333333,0.9933333333333333,502.6437494754791
