precision,accuracy,recall,duration
0.9488126370460641,0.9411513859275054,0.9416257722406934,324.75434470176697
