precision,accuracy,recall,duration
0.5989401278262968,0.79,0.5343829110434289,145.20796632766724
