precision,accuracy,recall,duration
0.8363904701665611,0.8285714285714286,0.840488560751071,174.24867224693298
