precision,accuracy,recall,duration
0.42483928117325054,0.3890909090909091,0.41114804095059576,868.1376826763153
