precision,accuracy,recall,duration
0.8296393590511238,0.8005115089514067,0.8063997938997939,431.2879512310028
