precision,accuracy,recall,duration
0.8236132218844985,0.84,0.8313557673604357,206.7287631034851
