precision,accuracy,recall,duration
0.8897240599341506,0.8897264098269123,0.8901108388619479,684.1232097148895
