precision,accuracy,recall,duration
0.8392677576679,0.841025641025641,0.8350918474000171,533.4158179759979
