precision,accuracy,recall,duration
0.8288391015759725,0.8114285714285714,0.8274541974295871,124.0266342163086
