precision,accuracy,recall,duration
0.8683035714285714,0.8666666666666667,0.8666666666666667,324.069776058197
