precision,accuracy,recall,duration
0.9627626966754137,0.9573560767590619,0.957532974384576,180.99240565299988
