precision,accuracy,recall,duration
0.8244698065932186,0.8153846153846154,0.8196222499999574,201.6124119758606
