precision,accuracy,recall,duration
0.8006469427522059,0.7749360613810742,0.7813688938688937,276.68481516838074
