precision,accuracy,recall,duration
0.48550153433830495,0.745,0.48545484350516394,143.85600566864014
