precision,accuracy,recall,duration
0.6610456797260622,0.7586206896551724,0.6363634646612654,412.4403018951416
