precision,accuracy,recall,duration
0.98,0.98,0.9800853485064012,507.26720094680786
