precision,accuracy,recall,duration
0.9357266831658162,0.9352317141261864,0.935462233400838,3267.4095413684845
