precision,accuracy,recall,duration
0.766798418972332,0.7666666666666667,0.7666666666666666,204.05972957611084
