precision,accuracy,recall,duration
0.5172071539277265,0.42857142857142855,0.4313481503935611,563.1870794296265
