precision,accuracy,recall,duration
0.9694739210763181,0.967373572593801,0.9594082469925596,143.1911861896515
