precision,accuracy,recall,duration
0.7171012334340741,0.9417777777777778,0.5908240097261227,183.76863312721252
