precision,accuracy,recall,duration
0.9268465909090909,0.8790849673202614,0.8475177304964538,319.5648925304413
