precision,accuracy,recall,duration
0.6542010997643363,0.6519337016574586,0.6336093078997304,472.0531475543976
