precision,accuracy,recall,duration
0.6822793148880105,0.6906077348066298,0.6733709273182957,411.3702039718628
