precision,accuracy,recall,duration
0.6211813947838966,0.6242424242424243,0.6242424242424242,274.16560554504395
