precision,accuracy,recall,duration
0.9400985417622756,0.9400166620383227,0.9398659764856948,1885.6628584861755
