precision,accuracy,recall,duration
0.48914020587048385,0.6775,0.5230970935950746,77.82624363899231
