precision,accuracy,recall,duration
0.9090909090909092,0.9,0.9,73.99221682548523
