precision,accuracy,recall,duration
0.8000768196658345,0.8,0.8,505.95755887031555
