precision,accuracy,recall,duration
0.9714940886355957,0.976930548810102,0.9606064698316811,924.0053558349609
