precision,accuracy,recall,duration
0.9690348424155393,0.9689018464528668,0.9688789156353416,270.1212978363037
