precision,accuracy,recall,duration
0.7193770589997005,0.824390243902439,0.7393493761140819,282.2566182613373
