precision,accuracy,recall,duration
0.9582202842377261,0.9462809917355371,0.9276193613150134,387.54267501831055
