precision,accuracy,recall,duration
0.9645360824742268,0.954248366013072,0.9086879432624113,385.27481055259705
