precision,accuracy,recall,duration
0.8551434435363708,0.8614583333333333,0.8302682797986676,1010.186026096344
