precision,accuracy,recall,duration
0.9473692745350594,0.9472368786448209,0.9470627181894787,683.554566860199
