precision,accuracy,recall,duration
0.6351496824777134,0.7375,0.5959830371222776,60.77307176589966
