precision,accuracy,recall,duration
0.9521531100478469,0.95,0.9500000000000001,686.1067757606506
