precision,accuracy,recall,duration
0.9833038644431049,0.9829145728643216,0.9829794556160528,123.49748826026917
