precision,accuracy,recall,duration
0.6974049401716664,0.7736263736263737,0.6214695876191232,505.7764005661011
