precision,accuracy,recall,duration
0.6447420467737708,0.6519337016574586,0.6506750724058723,305.33440589904785
