precision,accuracy,recall,duration
0.8986729535290687,0.8976666666666666,0.8956854232939075,231.8311448097229
