precision,accuracy,recall,duration
0.7783555411114722,0.7933333333333333,0.7857857857857857,847.9830753803253
