precision,accuracy,recall,duration
0.8095238095238095,0.7666666666666667,0.7666666666666667,409.563045501709
