precision,accuracy,recall,duration
0.8977785372522215,0.896,0.896,284.79021763801575
