precision,accuracy,recall,duration
0.6899785116958321,0.9408888888888889,0.5792716577660307,573.6237509250641
