precision,accuracy,recall,duration
0.8300798945721111,0.8114285714285714,0.8245374168261782,142.88496351242065
