precision,accuracy,recall,duration
0.9735874126428848,0.9710743801652892,0.970932931802497,264.82004857063293
