precision,accuracy,recall,duration
0.7598942674162579,0.7683333333333333,0.7770985270985271,122.0998113155365
