precision,accuracy,recall,duration
0.8057579318448884,0.8233333333333334,0.8163295078778448,506.52001953125
