precision,accuracy,recall,duration
0.8120815323332486,0.7942857142857143,0.8115030535046941,567.8498492240906
