precision,accuracy,recall,duration
0.8979653463658375,0.8976666666666666,0.8962112098406514,400.7693748474121
