precision,accuracy,recall,duration
0.8911450715773611,0.888,0.888,204.56751799583435
