precision,accuracy,recall,duration
0.8979016109163169,0.89,0.89,323.2730255126953
