precision,accuracy,recall,duration
0.8377911770768913,0.821917808219178,0.8381787802840436,86.47699642181396
