precision,accuracy,recall,duration
0.8525488430805398,0.841025641025641,0.8492140423717448,529.4486927986145
