precision,accuracy,recall,duration
0.5608002009924,0.7360248447204969,0.5632183908045977,478.5660951137543
