precision,accuracy,recall,duration
0.6335106507719367,0.6353591160220995,0.622590332567662,280.2562382221222
