precision,accuracy,recall,duration
0.9745604077971938,0.9738693467336683,0.9740674662005752,331.10594725608826
