precision,accuracy,recall,duration
0.9295454545454546,0.9166666666666666,0.9099190283400809,107.39890146255493
