precision,accuracy,recall,duration
0.6088239795944692,0.6085858585858586,0.6085858585858586,383.25851368904114
