precision,accuracy,recall,duration
0.5700757575757576,0.5838509316770186,0.6184038662486939,233.93537163734436
