precision,accuracy,recall,duration
0.8523201944254576,0.8356164383561644,0.8500835421888054,91.04050135612488
