precision,accuracy,recall,duration
0.9576871466038857,0.9575609756097561,0.9388297597833324,277.7878863811493
