precision,accuracy,recall,duration
0.724400871459695,0.7238095238095238,0.724400871459695,265.7329454421997
