precision,accuracy,recall,duration
0.9430369969877191,0.9429824561403509,0.9425925925925926,565.840559720993
