precision,accuracy,recall,duration
0.8405266507640206,0.8340579710144927,0.8345010596589076,452.7321307659149
