precision,accuracy,recall,duration
0.8757575757575757,0.8,0.8,65.61410546302795
