precision,accuracy,recall,duration
0.6981393001309364,0.9362222222222222,0.6036643793078353,854.3376898765564
