precision,accuracy,recall,duration
0.9685260708278611,0.9722675367047309,0.9713279095102334,909.902174949646
