precision,accuracy,recall,duration
0.9023497567633716,0.9,0.8972898093454202,730.1404960155487
