precision,accuracy,recall,duration
0.8670041343912707,0.8641025641025641,0.8659447912646933,984.3520560264587
