precision,accuracy,recall,duration
0.6487337937719617,0.6926829268292682,0.6985383244206774,109.87967538833618
