precision,accuracy,recall,duration
0.7522306397306396,0.8341463414634146,0.8120231729055258,1025.318763256073
