precision,accuracy,recall,duration
0.7513615912858157,0.8439024390243902,0.7707754010695188,283.73189091682434
