precision,accuracy,recall,duration
0.9749533011331765,0.9792374939290918,0.9639950795108362,2246.3042719364166
