precision,accuracy,recall,duration
0.6611611611611612,0.671875,0.6629554655870445,324.1171073913574
