precision,accuracy,recall,duration
0.9160486953134012,0.9083333333333333,0.9083333333333333,1126.5104658603668
