precision,accuracy,recall,duration
0.8069005847953216,0.785,0.6731701158132756,135.6130931377411
