precision,accuracy,recall,duration
0.7327660989710739,0.8263736263736263,0.7167850037990905,422.7590329647064
