precision,accuracy,recall,duration
0.9774036390607247,0.9756929637526652,0.9758016619832801,625.6737260818481
