precision,accuracy,recall,duration
0.869139037322093,0.8646007816862088,0.8654876687901011,988.639642238617
