precision,accuracy,recall,duration
0.9464921373806916,0.9248366013071896,0.8896679561573179,385.71838331222534
