precision,accuracy,recall,duration
0.5327876323648943,0.5324675324675324,0.5280659167633487,191.33910155296326
