precision,accuracy,recall,duration
0.685281559156503,0.7425,0.587380676361772,464.6854496002197
