precision,accuracy,recall,duration
0.630370714359685,0.7538461538461538,0.6059102970472939,179.22496795654297
