precision,accuracy,recall,duration
0.6280276832139269,0.6343434343434343,0.6343434343434343,86.76442408561707
