precision,accuracy,recall,duration
0.7222222222222222,0.7047619047619048,0.7004357298474946,385.9955532550812
