precision,accuracy,recall,duration
0.9423928860890067,0.9475341028331584,0.9476120585220389,225.03567337989807
