precision,accuracy,recall,duration
0.9447119990111554,0.9444598722577062,0.9442137153404759,4764.592287063599
