precision,accuracy,recall,duration
0.4514950940624547,0.7225,0.475026467874938,134.31951141357422
