precision,accuracy,recall,duration
0.9330216402711776,0.9370409233997902,0.9339134283850526,78.23351263999939
