precision,accuracy,recall,duration
0.8700396825396826,0.86,0.8237847222222222,111.84368228912354
