precision,accuracy,recall,duration
0.8477833353080163,0.8384615384615385,0.8400316123563561,380.80914878845215
