precision,accuracy,recall,duration
0.9615384615384616,0.9605263157894737,0.9625,78.97012782096863
