precision,accuracy,recall,duration
0.9578138730228472,0.9632738719832109,0.9660819122169415,203.52997946739197
