precision,accuracy,recall,duration
0.9632445031121071,0.9590618336886994,0.9591847745400071,586.386417388916
