precision,accuracy,recall,duration
0.8454247891167935,0.8358974358974359,0.8430482814344785,499.55735301971436
