precision,accuracy,recall,duration
0.8571428571428571,0.75,0.75,372.1645863056183
