precision,accuracy,recall,duration
0.940717783398471,0.9405720633157456,0.9403795995345291,2879.639480113983
