precision,accuracy,recall,duration
0.8388961038961038,0.8438228438228438,0.8287427275642494,1940.0995910167694
