precision,accuracy,recall,duration
0.9589984568792242,0.9584,0.9595763243278771,143.93708968162537
