precision,accuracy,recall,duration
0.6116719242902209,0.8167701863354038,0.5115595611285266,176.4397976398468
