precision,accuracy,recall,duration
0.3472591042918447,0.5889724310776943,0.36315400905364187,102.10986471176147
