precision,accuracy,recall,duration
0.9114631498532427,0.9093333333333333,0.9068620728319345,114.58900761604309
