precision,accuracy,recall,duration
0.540103120087004,0.538961038961039,0.5363168741331333,384.44782543182373
