precision,accuracy,recall,duration
0.7629037629037629,0.7925,0.6966893548967169,137.5777566432953
