precision,accuracy,recall,duration
0.6695656421926912,0.7912087912087912,0.6579014075535747,434.81439113616943
