precision,accuracy,recall,duration
0.9576031910656776,0.957286432160804,0.9573949546500734,3447.1382768154144
