precision,accuracy,recall,duration
0.8915019586894587,0.8906666666666667,0.8906666666666667,324.21170687675476
