precision,accuracy,recall,duration
0.48729389345953467,0.4636363636363636,0.4797943607415582,446.12369871139526
