precision,accuracy,recall,duration
0.9629458069276822,0.9639024390243902,0.9483115087315895,159.2265408039093
