precision,accuracy,recall,duration
0.9255650754793961,0.9297520661157025,0.9095865487169835,384.03670835494995
