precision,accuracy,recall,duration
0.8007784769765736,0.8183333333333334,0.803904882318615,377.75566005706787
