precision,accuracy,recall,duration
0.6917948717948719,0.703125,0.6892712550607287,505.48547768592834
