precision,accuracy,recall,duration
0.9590162800988237,0.9632738719832109,0.9640038207063648,203.2356402873993
