precision,accuracy,recall,duration
0.8450215662624391,0.841025641025641,0.8430980643109725,443.2385115623474
