precision,accuracy,recall,duration
0.6413833136285048,0.725705329153605,0.5856199619805363,550.9967103004456
