precision,accuracy,recall,duration
0.8566677910427911,0.8487179487179487,0.8565094763986778,488.71813011169434
