precision,accuracy,recall,duration
0.8253123295676364,0.823076923076923,0.8290331760215236,328.30975127220154
