precision,accuracy,recall,duration
0.5802536622603894,0.6410658307210031,0.5076885233641132,105.63400411605835
