precision,accuracy,recall,duration
0.6457671957671959,0.74,0.6156203384051485,206.01866626739502
