precision,accuracy,recall,duration
0.8290318438623523,0.828,0.8280000000000001,384.2975037097931
