precision,accuracy,recall,duration
0.9583259001924793,0.9590766002098636,0.9548877085080607,289.05714416503906
