precision,accuracy,recall,duration
0.7611773569220377,0.7925,0.6315022056938658,194.91322684288025
