precision,accuracy,recall,duration
0.7136752136752137,0.6944444444444444,0.6944444444444444,264.2232437133789
