precision,accuracy,recall,duration
0.7782369422034746,0.7789473684210526,0.7477880584041172,627.3972818851471
