precision,accuracy,recall,duration
0.9708407685200833,0.9701492537313433,0.970312987355717,167.69870328903198
