precision,accuracy,recall,duration
0.9703533882447166,0.9746236036911122,0.9547993789137736,1646.1794350147247
