precision,accuracy,recall,duration
0.9408874121227391,0.9408497639544571,0.9407347217206372,2172.297620534897
