precision,accuracy,recall,duration
0.7931439629552837,0.8225,0.7158679874047801,326.9202148914337
