precision,accuracy,recall,duration
0.8654390934844193,0.8419301164725458,0.8615160349854227,264.43087244033813
