precision,accuracy,recall,duration
0.7866416898133195,0.784,0.784,283.650906085968
