precision,accuracy,recall,duration
0.8819049485123018,0.8053254437869822,0.9098145261948215,1356.725734949112
