precision,accuracy,recall,duration
0.9507101086048454,0.95,0.9499999999999998,709.3573052883148
