precision,accuracy,recall,duration
0.8478517846204708,0.8461538461538461,0.8402801612450511,289.23321318626404
