precision,accuracy,recall,duration
0.9819637813469205,0.9796017484215639,0.9581003300304353,510.6845817565918
