precision,accuracy,recall,duration
0.9549111299417296,0.9421487603305785,0.9211462450592887,298.21205377578735
