precision,accuracy,recall,duration
0.9074361757879763,0.9118572927597062,0.9057124219550834,106.76124405860901
