precision,accuracy,recall,duration
0.9773140972449049,0.9771733851384167,0.9554194651813618,908.4913206100464
