precision,accuracy,recall,duration
0.8724053724053724,0.8388888888888889,0.8388888888888889,508.0318078994751
