precision,accuracy,recall,duration
0.7594995366079704,0.8585365853658536,0.7654099821746879,656.5339376926422
