precision,accuracy,recall,duration
0.7900137245931638,0.784,0.784,383.3390007019043
