precision,accuracy,recall,duration
0.7036290695577389,0.9357777777777778,0.5760743492651853,136.1395297050476
