precision,accuracy,recall,duration
0.9705706413809706,0.9684434968017057,0.9685785891773713,622.063657283783
