precision,accuracy,recall,duration
0.7919416660513433,0.782608695652174,0.7818815450338358,401.8586599826813
