precision,accuracy,recall,duration
0.7664617020538842,0.785,0.780271347986773,685.8631074428558
