precision,accuracy,recall,duration
0.6105628654970761,0.8074534161490683,0.5395114942528736,314.55965304374695
