precision,accuracy,recall,duration
0.9673384504858774,0.966958211856171,0.9669182646538828,64.77200269699097
