precision,accuracy,recall,duration
0.9567426108374384,0.956140350877193,0.9578703703703704,211.8612518310547
