precision,accuracy,recall,duration
0.8213683221036162,0.7928388746803069,0.7953751578751579,383.7569417953491
