precision,accuracy,recall,duration
0.7048929663608563,0.712707182320442,0.7015037593984963,124.73741316795349
