precision,accuracy,recall,duration
0.8931462366482886,0.8906666666666667,0.8906666666666667,686.0563826560974
