precision,accuracy,recall,duration
0.7432501475180979,0.8341463414634146,0.7785650623885919,111.35905838012695
