precision,accuracy,recall,duration
0.8269205994761025,0.8057142857142857,0.8255400601586,65.82514190673828
