precision,accuracy,recall,duration
0.8940130597615303,0.8913333333333333,0.888339823394687,409.0147294998169
