precision,accuracy,recall,duration
0.8963723104508197,0.897,0.898170066261613,422.1551203727722
