precision,accuracy,recall,duration
0.9354166666666667,0.9318181818181818,0.9388111888111889,282.69500517845154
