precision,accuracy,recall,duration
0.7379607210115684,0.7403314917127072,0.7216791979949875,238.15862154960632
