precision,accuracy,recall,duration
0.7610551515425268,0.7733333333333333,0.7754897754897755,270.3912522792816
