precision,accuracy,recall,duration
0.8071789321789321,0.7945205479452054,0.8139933166248955,207.6290578842163
