precision,accuracy,recall,duration
0.6112637362637363,0.6111111111111112,0.6111111111111112,121.67994284629822
