precision,accuracy,recall,duration
0.8999057127726904,0.8993610223642172,0.8974825085050389,93.51554584503174
