precision,accuracy,recall,duration
0.9550794917423355,0.9521951219512195,0.9324469293241089,151.41426301002502
