precision,accuracy,recall,duration
0.832357733968112,0.8263403263403264,0.797820559805763,831.3642821311951
