precision,accuracy,recall,duration
0.9239941077441077,0.9183333333333333,0.9183333333333333,503.296217918396
