precision,accuracy,recall,duration
0.9961720874119835,0.9990266060999351,0.9987934921865493,684.7826035022736
