precision,accuracy,recall,duration
0.9028022274833641,0.896,0.896,628.3251416683197
