precision,accuracy,recall,duration
0.9424290106241567,0.9502439024390243,0.9258055693532368,350.14080452919006
