precision,accuracy,recall,duration
0.7354995512967255,0.8043956043956044,0.6985162678566703,746.1029896736145
