precision,accuracy,recall,duration
0.5501230408010069,0.5454545454545454,0.5443375121034222,203.62382650375366
