precision,accuracy,recall,duration
0.9341922039948354,0.9233333333333333,0.9233333333333335,743.2784082889557
