precision,accuracy,recall,duration
0.9620865884905663,0.9543710021321962,0.954568989111418,83.57030773162842
