precision,accuracy,recall,duration
0.9424366047007556,0.9464847848898216,0.9446836268754077,361.82055592536926
