precision,accuracy,recall,duration
0.5412497231859452,0.5227272727272727,0.5190310520018261,925.6412117481232
