precision,accuracy,recall,duration
0.4994469295714344,0.775,0.5020771259749989,464.95026540756226
