precision,accuracy,recall,duration
0.6545161639435834,0.6464088397790055,0.6208182612603614,139.31979823112488
