precision,accuracy,recall,duration
0.6134490575096676,0.6111111111111112,0.611111111111111,268.4086968898773
