precision,accuracy,recall,duration
0.7948546098452635,0.7949275362318841,0.7942378758193918,745.6089985370636
