precision,accuracy,recall,duration
0.8033608355807469,0.8135198135198135,0.8040278986669109,441.9069595336914
