precision,accuracy,recall,duration
0.7811885943105219,0.7695652173913043,0.769138347940244,766.8730883598328
