{"dataset": "ChlorineConcentration", "depth": 9, "nb_filters": 16, "batch_size": 16, "kernel_size": 64, "use_residual": false, "use_bottleneck": false, "acc":  0.87734375, "precision": 0.8762185492985927, "recall": 0.8430821269855686, "budget_ran": 1500, "duration": 1324.9385058879852}
{"dataset": "ChlorineConcentration", "depth": 6, "nb_filters": 64, "batch_size": 32, "kernel_size": 41, "use_residual": true, "use_bottleneck": true, "acc":  0.8703125, "precision": 0.8634049163259577, "recall": 0.8380547947888664, "budget_ran": 1500, "duration": 544.2522139549255}
{"dataset": "ChlorineConcentration", "depth": 3, "nb_filters": 32, "batch_size": 128, "kernel_size": 32, "use_residual": true, "use_bottleneck": true, "acc":  0.8265625, "precision": 0.8150600460653283, "recall": 0.7876409178150986, "budget_ran": 1500, "duration": 116.59790825843811}
{"dataset": "ChlorineConcentration", "depth": 6, "nb_filters": 16, "batch_size": 64, "kernel_size": 32, "use_residual": false, "use_bottleneck": false, "acc":  0.85390625, "precision": 0.8450894757831136, "recall": 0.8200393659989995, "budget_ran": 1500, "duration": 284.15202498435974}
{"dataset": "ChlorineConcentration", "depth": 3, "nb_filters": 16, "batch_size": 64, "kernel_size": 41, "use_residual": false, "use_bottleneck": false, "acc":  0.8510416666666667, "precision": 0.8468980596091384, "recall": 0.8139457519702272, "budget_ran": 1500, "duration": 176.91960763931274}
{"dataset": "ChlorineConcentration", "depth": 6, "nb_filters": 32, "batch_size": 128, "kernel_size": 64, "use_residual": true, "use_bottleneck": true, "acc":  0.8364583333333333, "precision": 0.8268054087915008, "recall": 0.7961327488383256, "budget_ran": 1500, "duration": 206.37305402755737}
{"dataset": "ChlorineConcentration", "depth": 9, "nb_filters": 64, "batch_size": 32, "kernel_size": 32, "use_residual": true, "use_bottleneck": true, "acc": 0.8658854166666666, "precision": 0.8563487350011219, "recall": 0.8335075875969435, "budget_ran": 1500, "duration": 732.1125793457031}
{"dataset": "ChlorineConcentration", "depth": 3, "nb_filters": 16, "batch_size": 16, "kernel_size": 64, "use_residual": false, "use_bottleneck": false, "acc":  0.85234375, "precision": 0.8704036263619254, "recall": 0.8060223798305625, "budget_ran": 1500, "duration": 574.9840950965881}
{"dataset": "ChlorineConcentration", "depth": 3, "nb_filters": 32, "batch_size": 16, "kernel_size": 41, "use_residual": false, "use_bottleneck": true, "acc":  0.8630208333333333, "precision": 0.8551215223636106, "recall": 0.8280669605996698, "budget_ran": 1500, "duration": 604.8659689426422}
{"dataset": "ChlorineConcentration", "depth": 6, "nb_filters": 64, "batch_size": 32, "kernel_size": 32, "use_residual": true, "use_bottleneck": false, "acc":  0.8677083333333333, "precision": 0.8643744107900931, "recall": 0.8351454617057349, "budget_ran": 1500, "duration": 531.7062447071075}
{"dataset": "ChlorineConcentration", "depth": 9, "nb_filters": 32, "batch_size": 128, "kernel_size": 41, "use_residual": true, "use_bottleneck": false, "acc":  0.8510416666666667, "precision": 0.8436261843238588, "recall": 0.81431128569871, "budget_ran": 1500, "duration": 292.6278109550476}
{"dataset": "ChlorineConcentration", "depth": 6, "nb_filters": 64, "batch_size": 64, "kernel_size": 64, "use_residual": false, "use_bottleneck": true, "acc":  0.87421875, "precision": 0.8716941753300436, "recall": 0.8437076550335064, "budget_ran": 1500, "duration": 372.2863585948944}
{"dataset": "ChlorineConcentration", "depth": 9, "nb_filters": 16, "batch_size": 32, "kernel_size": 64, "use_residual": false, "use_bottleneck": false, "acc":  0.8760416666666667, "precision": 0.8763594290293378, "recall": 0.8411248582714888, "budget_ran": 1500, "duration": 646.3579711914062}
{"dataset": "ChlorineConcentration", "depth": 9, "nb_filters": 16, "batch_size": 128, "kernel_size": 64, "use_residual": false, "use_bottleneck": false, "acc":  0.83671875, "precision": 0.8190939061260364, "recall": 0.8082781407743523, "budget_ran": 1500, "duration": 246.59851098060608}
{"dataset": "ChlorineConcentration", "depth": 9, "nb_filters": 16, "batch_size": 128, "kernel_size": 41, "use_residual": true, "use_bottleneck": true, "acc":  0.8408854166666667, "precision": 0.8378796320901131, "recall": 0.7961661094976726, "budget_ran": 1500, "duration": 240.57310724258423}
{"dataset": "ChlorineConcentration", "depth": 9, "nb_filters": 16, "batch_size": 16, "kernel_size": 64, "use_residual": false, "use_bottleneck": true, "acc":  0.87109375, "precision": 0.8602398945600175, "recall": 0.8415384412746091, "budget_ran": 1500, "duration": 1315.771383523941}
{"dataset": "ChlorineConcentration", "depth": 9, "nb_filters": 16, "batch_size": 16, "kernel_size": 41, "use_residual": false, "use_bottleneck": false, "acc":  0.8825520833333333, "precision": 0.8788672451090552, "recall": 0.8494928668341158, "budget_ran": 1500, "duration": 1437.7013502120972}
{"dataset": "ChlorineConcentration", "depth": 6, "nb_filters": 32, "batch_size": 64, "kernel_size": 41, "use_residual": true, "use_bottleneck": true, "acc":  0.8619791666666666, "precision": 0.8603598552908448, "recall": 0.8248086844592112, "budget_ran": 1500, "duration": 329.59812593460083}
{"dataset": "ChlorineConcentration", "depth": 9, "nb_filters": 16, "batch_size": 16, "kernel_size": 32, "use_residual": false, "use_bottleneck": false, "acc":  0.8690104166666667, "precision": 0.8567716055213284, "recall": 0.8420201882282822, "budget_ran": 1500, "duration": 1351.3870258331299}
{"dataset": "ChlorineConcentration", "depth": 9, "nb_filters": 16, "batch_size": 16, "kernel_size": 41, "use_residual": true, "use_bottleneck": false, "acc":  0.8557291666666667, "precision": 0.8450431677953629, "recall": 0.8282605369821865, "budget_ran": 1500, "duration": 1326.0856049060822}
{"dataset": "ChlorineConcentration", "depth": 9, "nb_filters": 16, "batch_size": 16, "kernel_size": 41, "use_residual": false, "use_bottleneck": true, "acc":  0.8677083333333333, "precision": 0.8524899141152091, "recall": 0.8435982481648555, "budget_ran": 1500, "duration": 1328.7006907463074}
{"dataset": "ChlorineConcentration", "depth": 9, "nb_filters": 16, "batch_size": 32, "kernel_size": 32, "use_residual": false, "use_bottleneck": false, "acc":  0.8557291666666667, "precision": 0.8550530339479449, "recall": 0.8181723949483444, "budget_ran": 1500, "duration": 639.1606268882751}
{"dataset": "ChlorineConcentration", "depth": 9, "nb_filters": 16, "batch_size": 32, "kernel_size": 64, "use_residual": false, "use_bottleneck": true, "acc":  0.87578125, "precision": 0.8746845177402368, "recall": 0.8433206344287707, "budget_ran": 1500, "duration": 656.1105201244354}
{"dataset": "ChlorineConcentration", "depth": 6, "nb_filters": 16, "batch_size": 32, "kernel_size": 64, "use_residual": false, "use_bottleneck": false, "acc":  0.8619791666666666, "precision": 0.8465966854377175, "recall": 0.8378381561307718, "budget_ran": 1500, "duration": 492.9557020664215}
{"dataset": "ChlorineConcentration", "depth": 6, "nb_filters": 16, "batch_size": 16, "kernel_size": 41, "use_residual": false, "use_bottleneck": false, "acc":  0.8830729166666667, "precision": 0.8802071329756975, "recall": 0.85481627513551, "budget_ran": 1500, "duration": 956.2739493846893}
{"dataset": "ChlorineConcentration", "depth": 6, "nb_filters": 32, "batch_size": 32, "kernel_size": 32, "use_residual": true, "use_bottleneck": true, "acc":  0.86953125, "precision": 0.8615910177901677, "recall": 0.8360446743013586, "budget_ran": 1500, "duration": 503.0340464115143}
{"dataset": "ChlorineConcentration", "depth": 6, "nb_filters": 64, "batch_size": 64, "kernel_size": 32, "use_residual": false, "use_bottleneck": false, "acc":  0.8606770833333334, "precision": 0.8577937537825063, "recall": 0.8246809560849971, "budget_ran": 1500, "duration": 361.97927498817444}
{"dataset": "ChlorineConcentration", "depth": 9, "nb_filters": 64, "batch_size": 64, "kernel_size": 64, "use_residual": false, "use_bottleneck": true,