{"dataset": "Car", "depth": 9, "nb_filters": 16, "batch_size": 16, "kernel_size": 64, "use_residual": false, "use_bottleneck": false, "acc": 0.8833333333333333, "precision": 0.8898809523809523, "recall": 0.878903990746096, "budget_ran": 1500, "duration": 306.7820019721985}
{"dataset": "Car", "depth": 6, "nb_filters": 64, "batch_size": 32, "kernel_size": 41, "use_residual": true, "use_bottleneck": true, "acc": 0.9, "precision": 0.9069264069264069, "recall": 0.8967611336032388, "budget_ran": 1500, "duration": 177.59656500816345}
{"dataset": "Car", "depth": 6, "nb_filters": 32, "batch_size": 64, "kernel_size": 41, "use_residual": true, "use_bottleneck": true, "acc": 0.9166666666666666, "precision": 0.9295454545454546, "recall": 0.9099190283400809, "budget_ran": 1500, "duration": 377.0044846534729}
{"dataset": "Car", "depth": 3, "nb_filters": 32, "batch_size": 128, "kernel_size": 32, "use_residual": true, "use_bottleneck": true, "acc": 0.9333333333333333, "precision": 0.9415584415584416, "recall": 0.9291497975708501, "budget_ran": 1500, "duration": 201.74075293540955}
{"dataset": "Car", "depth": 6, "nb_filters": 16, "batch_size": 64, "kernel_size": 32, "use_residual": false, "use_bottleneck": false, "acc": 0.9166666666666666, "precision": 0.9479166666666666, "recall": 0.9038461538461539, "budget_ran": 1500, "duration": 354.96818804740906}
{"dataset": "Car", "depth": 3, "nb_filters": 16, "batch_size": 64, "kernel_size": 41, "use_residual": false, "use_bottleneck": false, "acc": 0.8833333333333333, "precision": 0.8878787878787879, "recall": 0.8836032388663968, "budget_ran": 1500, "duration": 190.49351334571838}
{"dataset": "Car", "depth": 6, "nb_filters": 32, "batch_size": 128, "kernel_size": 64, "use_residual": true, "use_bottleneck": true, "acc": 0.8666666666666667, "precision": 0.875, "recall": 0.8596732215153268, "budget_ran": 1500, "duration": 350.1241810321808}
{"dataset": "Car", "depth": 9, "nb_filters": 64, "batch_size": 32, "kernel_size": 32, "use_residual": true, "use_bottleneck": true, "acc": 0.8333333333333334, "precision": 0.8473684210526317, "recall": 0.834731058415269, "budget_ran": 1500, "duration": 225.76144766807556}
{"dataset": "Car", "depth": 3, "nb_filters": 16, "batch_size": 16, "kernel_size": 64, "use_residual": false, "use_bottleneck": false, "acc": 0.9333333333333333, "precision": 0.9415584415584416, "recall": 0.9291497975708501, "budget_ran": 1500, "duration": 123.60768675804138}
{"dataset": "Car", "depth": 3, "nb_filters": 32, "batch_size": 16, "kernel_size": 41, "use_residual": false, "use_bottleneck": true, "acc": 0.9, "precision": 0.9069264069264069, "recall": 0.8967611336032388, "budget_ran": 1500, "duration": 118.8187825679779}
{"dataset": "Car", "depth": 6, "nb_filters": 64, "batch_size": 32, "kernel_size": 32, "use_residual": true, "use_bottleneck": false, "acc": 0.9, "precision": 0.9069264069264069, "recall": 0.8967611336032388, "budget_ran": 1500, "duration": 169.85378575325012}
{"dataset": "Car", "depth": 9, "nb_filters": 32, "batch_size": 128, "kernel_size": 41, "use_residual": true, "use_bottleneck": false, "acc": 0.8666666666666667, "precision": 0.8754578754578755, "recall": 0.8610468478889532, "budget_ran": 1500, "duration": 566.5976657867432}
{"dataset": "Car", "depth": 6, "nb_filters": 64, "batch_size": 64, "kernel_size": 64, "use_residual": false, "use_bottleneck": true, "acc": 0.9, "precision": 0.9069264069264069, "recall": 0.8967611336032388, "budget_ran": 1500, "duration": 478.08902049064636}
{"dataset": "Car", "depth": 3, "nb_filters": 16, "batch_size": 16, "kernel_size": 64, "use_residual": true, "use_bottleneck": false, "acc": 0.9333333333333333, "precision": 0.9415584415584416, "recall": 0.9291497975708501, "budget_ran": 1500, "duration": 128.3586823940277}
{"dataset": "Car", "depth": 3, "nb_filters": 32, "batch_size": 128, "kernel_size": 64, "use_residual": true, "use_bottleneck": true, "acc": 0.9333333333333333, "precision": 0.9415584415584416, "recall": 0.9291497975708501, "budget_ran": 1500, "duration": 209.51271653175354}
{"dataset": "Car", "depth": 3, "nb_filters": 16, "batch_size": 16, "kernel_size": 64, "use_residual": true, "use_bottleneck": true, "acc": 0.9166666666666666, "precision": 0.9226190476190477, "recall": 0.9112926547137074, "budget_ran": 1500, "duration": 131.20415353775024}
{"dataset": "Car", "depth": 3, "nb_filters": 32, "batch_size": 16, "kernel_size": 64, "use_residual": true, "use_bottleneck": false, "acc": 0.9333333333333333, "precision": 0.9415584415584416, "recall": 0.9291497975708501, "budget_ran": 1500, "duration": 126.11892938613892}
{"dataset": "Car", "depth": 9, "nb_filters": 64, "batch_size": 16, "kernel_size": 41, "use_residual": true, "use_bottleneck": true, "acc": 0.9, "precision": 0.9110671936758894, "recall": 0.8873626373626373, "budget_ran": 1500, "duration": 319.5453610420227}
{"dataset": "Car", "depth": 3, "nb_filters": 64, "batch_size": 16, "kernel_size": 64, "use_residual": true, "use_bottleneck": false, "acc": 0.9333333333333333, "precision": 0.9415584415584416, "recall": 0.9291497975708501, "budget_ran": 1500, "duration": 129.34006071090698}
{"dataset": "Car", "depth": 3, "nb_filters": 32, "batch_size": 128, "kernel_size": 64, "use_residual": true, "use_bottleneck": false, "acc": 0.9, "precision": 0.9069264069264069, "recall": 0.8967611336032388, "budget_ran": 1500, "duration": 205.6662871837616}
{"dataset": "Car", "depth": 3, "nb_filters": 32, "batch_size": 128, "kernel_size": 41, "use_residual": true, "use_bottleneck": true, "acc": 0.9333333333333333, "precision": 0.9352226720647774, "recall": 0.9352226720647774, "budget_ran": 1500, "duration": 201.7811152935028}
{"dataset": "Car", "depth": 3, "nb_filters": 64, "batch_size": 128, "kernel_size": 64, "use_residual": true, "use_bottleneck": true, "acc": 0.9166666666666666, "precision": 0.9208333333333334, "recall": 0.9159919028340081, "budget_ran": 1500, "duration": 237.52437806129456}
{"dataset": "Car", "depth": 3, "nb_filters": 64, "batch_size": 16, "kernel_size": 64, "use_residual": false, "use_bottleneck": false, "acc": 0.9333333333333333, "precision": 0.9415584415584416, "recall": 0.9291497975708501, "budget_ran": 1500, "duration": 129.1114001274109}
{"dataset": "Car", "depth": 3, "nb_filters": 32, "batch_size": 128, "kernel_size": 64, "use_residual": false, "use_bottleneck": true, "acc": 0.9333333333333333, "precision": 0.9415584415584416, "recall": 0.9291497975708501, "budget_ran": 1500, "duration": 199.86067914962769}
{"dataset": "Car", "depth": 3, "nb_filters": 32, "batch_size": 128, "kernel_size": 32, "use_residual": false, "use_bottleneck": true, "acc": 0.9166666666666666, "precision": 0.9315217391304348, "recall": 0.9052197802197803, "budget_ran": 1500, "duration": 198.46261501312256}
{"dataset": "Car", "depth": 3, "nb_filters": 64, "batch_size": 16, "kernel_size": 32, "use_residual": true, "use_bottleneck": false, "acc": 0.9333333333333333, "precision": 0.9565217391304348, "recall": 0.9230769230769231, "budget_ran": 1500, "duration": 128.01531147956848}
{"dataset": "Car", "depth": 3, "nb_filters": 16, "batch_size": 16, "kernel_size": 32, "use_residual": true, "use_bottleneck": false, "acc": 0.9, "precision": 0.94, "recall": 0.8846153846153846, "budget_ran": 1500, "duration": 126.68971800804138}
{"dataset": "Car", "depth": 3, "nb_filters": 64, "batch_size": 16, "kernel_size": 41, "use_residual": true, "use_bottleneck": false, "acc": 0.9166666666666666, "precision": 0.9295454545454546, "recall": 0.9099190283400809, "budget_ran": 1500, "duration": 130.85164523124695}
{"dataset": "Car", "depth": 3, "nb_filters": 32, "batch_size": 16, "kernel_size": 64, "use_residual": false, "use_bottleneck": false, "acc": 0.9166666666666666, "precision": 0.9295454545454546, "recall": 0.9099190283400809, "budget_ran": 1500, "duration": 124.40828442573547}
{"dataset": "Car", "depth": 3, "nb_filters": 16, "batch_size": 128, "kernel_size": 64, "use_residual": false, "use_bottleneck": true, "acc": 0.9166666666666666,