{"dataset": "Cricket_Z", "depth": 9, "nb_filters": 16, "batch_size": 16, "kernel_size": 64, "use_residual": false, "use_bottleneck": false, "acc": 0.8205128205128205, "precision": 0.8148544900278005, "recall": 0.8115873457808576, "budget_ran": 1500, "duration": 1440.8999178409576}
{"dataset": "Cricket_Z", "depth": 6, "nb_filters": 64, "batch_size": 32, "kernel_size": 41, "use_residual": true, "use_bottleneck": true, "acc": 0.8461538461538461, "precision": 0.8429037928302634, "recall": 0.8405321471564666, "budget_ran": 1500, "duration": 608.6060254573822}
{"dataset": "Cricket_Z", "depth": 6, "nb_filters": 32, "batch_size": 64, "kernel_size": 41, "use_residual": true, "use_bottleneck": true, "acc": 0.8358974358974359, "precision": 0.8289901989032203, "recall": 0.826465258370484, "budget_ran": 1500, "duration": 365.0159549713135}
{"dataset": "Cricket_Z", "depth": 3, "nb_filters": 32, "batch_size": 128, "kernel_size": 32, "use_residual": true, "use_bottleneck": true, "acc": 0.8358974358974359, "precision": 0.8576645060451685, "recall": 0.8308508262789248, "budget_ran": 1500, "duration": 157.99845576286316}
{"dataset": "Cricket_Z", "depth": 6, "nb_filters": 16, "batch_size": 64, "kernel_size": 32, "use_residual": false, "use_bottleneck": false, "acc": 0.8512820512820513, "precision": 0.8475006291720781, "recall": 0.8440879456674603, "budget_ran": 1500, "duration": 290.0702335834503}
{"dataset": "Cricket_Z", "depth": 3, "nb_filters": 16, "batch_size": 64, "kernel_size": 41, "use_residual": false, "use_bottleneck": false, "acc": 0.841025641025641, "precision": 0.844487439328521, "recall": 0.8360939800102886, "budget_ran": 1500, "duration": 178.7226526737213}
{"dataset": "Cricket_Z", "depth": 6, "nb_filters": 32, "batch_size": 128, "kernel_size": 64, "use_residual": true, "use_bottleneck": true, "acc": 0.8358974358974359, "precision": 0.8440953363975024, "recall": 0.8265657574694619, "budget_ran": 1500, "duration": 282.31951546669006}
{"dataset": "Cricket_Z", "depth": 9, "nb_filters": 64, "batch_size": 32, "kernel_size": 32, "use_residual": true, "use_bottleneck": true, "acc": 0.8307692307692308, "precision": 0.8272188001998799, "recall": 0.8217392810920955, "budget_ran": 1500, "duration": 821.7090620994568}
{"dataset": "Cricket_Z", "depth": 3, "nb_filters": 16, "batch_size": 16, "kernel_size": 64, "use_residual": false, "use_bottleneck": false, "acc": 0.8512820512820513, "precision": 0.8472038406210233, "recall": 0.844805464154809, "budget_ran": 1500, "duration": 541.4247360229492}
{"dataset": "Cricket_Z", "depth": 3, "nb_filters": 32, "batch_size": 16, "kernel_size": 41, "use_residual": false, "use_bottleneck": true, "acc": 0.8564102564102564, "precision": 0.8515377461173715, "recall": 0.8506156595619605, "budget_ran": 1500, "duration": 559.0751485824585}
{"dataset": "Cricket_Z", "depth": 6, "nb_filters": 64, "batch_size": 32, "kernel_size": 32, "use_residual": true, "use_bottleneck": false, "acc": 0.8435897435897436, "precision": 0.8421528624140229, "recall": 0.8375338169764412, "budget_ran": 1500, "duration": 576.7838952541351}
{"dataset": "Cricket_Z", "depth": 9, "nb_filters": 32, "batch_size": 128, "kernel_size": 41, "use_residual": true, "use_bottleneck": false, "acc": 0.8205128205128205, "precision": 0.8252587814468239, "recall": 0.8113186123731789, "budget_ran": 1500, "duration": 428.6440181732178}
{"dataset": "Cricket_Z", "depth": 6, "nb_filters": 64, "batch_size": 64, "kernel_size": 64, "use_residual": false, "use_bottleneck": true, "acc": 0.8512820512820513, "precision": 0.843459434944391, "recall": 0.8423632787456583, "budget_ran": 1500, "duration": 498.6109220981598}
{"dataset": "Cricket_Z", "depth": 3, "nb_filters": 32, "batch_size": 16, "kernel_size": 64, "use_residual": false, "use_bottleneck": true, "acc": 0.8461538461538461, "precision": 0.8490078710764665, "recall": 0.8392207302612515, "budget_ran": 1500, "duration": 543.5335676670074}
{"dataset": "Cricket_Z", "depth": 3, "nb_filters": 16, "batch_size": 16, "kernel_size": 41, "use_residual": false, "use_bottleneck": true, "acc": 0.8487179487179487, "precision": 0.8483335633846223, "recall": 0.8435229007252133, "budget_ran": 1500, "duration": 533.494443655014}
{"dataset": "Cricket_Z", "depth": 3, "nb_filters": 32, "batch_size": 16, "kernel_size": 41, "use_residual": false, "use_bottleneck": false, "acc": 0.8564102564102564, "precision": 0.8504806321472986, "recall": 0.8497273666794992, "budget_ran": 1500, "duration": 574.0302624702454}
{"dataset": "Cricket_Z", "depth": 3, "nb_filters": 64, "batch_size": 16, "kernel_size": 41, "use_residual": false, "use_bottleneck": false, "acc": 0.8384615384615385, "precision": 0.8381443691029707, "recall": 0.832479562935552, "budget_ran": 1500, "duration": 555.0750932693481}
{"dataset": "Cricket_Z", "depth": 3, "nb_filters": 32, "batch_size": 32, "kernel_size": 41, "use_residual": false, "use_bottleneck": false, "acc": 0.8538461538461538, "precision": 0.8557957345157422, "recall": 0.8476530521051845, "budget_ran": 1500, "duration": 296.9596424102783}
{"dataset": "Cricket_Z", "depth": 3, "nb_filters": 32, "batch_size": 32, "kernel_size": 41, "use_residual": false, "use_bottleneck": true, "acc": 0.8589743589743589, "precision": 0.8595291196903402, "recall": 0.8538328272769998, "budget_ran": 1500, "duration": 294.2330641746521}
{"dataset": "Cricket_Z", "depth": 3, "nb_filters": 32, "batch_size": 16, "kernel_size": 41, "use_residual": true, "use_bottleneck": false, "acc": 0.841025641025641, "precision": 0.8374265477513027, "recall": 0.8360429439952299, "budget_ran": 1500, "duration": 576.8486232757568}
{"dataset": "Cricket_Z", "depth": 3, "nb_filters": 32, "batch_size": 128, "kernel_size": 41, "use_residual": false, "use_bottleneck": true, "acc": 0.8615384615384616, "precision": 0.8607278098928179, "recall": 0.8548453872557107, "budget_ran": 1500, "duration": 165.24585628509521}
{"dataset": "Cricket_Z", "depth": 3, "nb_filters": 32, "batch_size": 64, "kernel_size": 41, "use_residual": false, "use_bottleneck": true, "acc": 0.8282051282051283, "precision": 0.8455843552101445, "recall": 0.8215709834778107, "budget_ran": 1500, "duration": 205.99137830734253}
{"dataset": "Cricket_Z", "depth": 3, "nb_filters": 32, "batch_size": 128, "kernel_size": 41, "use_residual": false, "use_bottleneck": false, "acc": 0.823076923076923, "precision": 0.841401455631082, "recall": 0.8169066921554043, "budget_ran": 1500, "duration": 169.7554497718811}
{"dataset": "Cricket_Z", "depth": 3, "nb_filters": 32, "batch_size": 128, "kernel_size": 32, "use_residual": false, "use_bottleneck": true, "acc": 0.841025641025641, "precision": 0.8469099985244486, "recall": 0.8354494681862369, "budget_ran": 1500, "duration": 190.43413162231445}
{"dataset": "Cricket_Z", "depth": 3, "nb_filters": 64, "batch_size": 128, "kernel_size": 41, "use_residual": false, "use_bottleneck": true, "acc": 0.8358974358974359, "precision": 0.8282010396316645, "recall": 0.828230088954407, "budget_ran": 1500, "duration": 254.33616256713867}
{"dataset": "Cricket_Z", "depth": 3, "nb_filters": 32, "batch_size": 32, "kernel_size": 32, "use_residual": false, "use_bottleneck": true, "acc": 0.8641025641025641, "precision": 0.8669880469819194, "recall": 0.8608669072933579, "budget_ran": 1500, "duration": 330.14973044395447}
{"dataset": "Cricket_Z", "depth": 3, "nb_filters": 32, "batch_size": 32, "kernel_size": 64, "use_residual": false, "use_bottleneck": true, "acc": 0.8435897435897436, "precision": 0.8420922961655325, "recall": 0.8365308928457815, "budget_ran": 1500, "duration": 342.58116269111633}
{"dataset": "Cricket_Z", "depth": 3, "nb_filters": 32, "batch_size": 16, "kernel_size": 64, "use_residual": false, "use_bottleneck": false, "acc": 0.8564102564102564, "precision": 0.8502515974587755, "recall": 0.8476634549216486, "budget_ran": 1500, "duration": 591.7573142051697}
{"dataset": "Cricket_Z", "depth": 3, "nb_filters": 32, "batch_size": 16, "kernel_size": 32, "use_residual": false, "use_bottleneck": false,