{"dataset": "CinC_ECG_torso", "depth": 9, "nb_filters": 16, "batch_size": 16, "kernel_size": 64, "use_residual": false, "use_bottleneck": false, "acc": 0.763768115942029, "precision": 0.7713522547145335, "recall": 0.7633009579553734, "budget_ran": 1500, "duration": 199.45471930503845}
{"dataset": "CinC_ECG_torso", "depth": 6, "nb_filters": 64, "batch_size": 32, "kernel_size": 41, "use_residual": true, "use_bottleneck": true, "acc": 0.8268115942028985, "precision": 0.8271330178778586, "recall": 0.8261195579899171, "budget_ran": 1500, "duration": 238.91793584823608}
{"dataset": "CinC_ECG_torso", "depth": 6, "nb_filters": 32, "batch_size": 64, "kernel_size": 41, "use_residual": true, "use_bottleneck": true, "acc": 0.8760869565217392, "precision": 0.8948715293242016, "recall": 0.8767016031649666, "budget_ran": 1500, "duration": 317.2132234573364}
{"dataset": "CinC_ECG_torso", "depth": 3, "nb_filters": 32, "batch_size": 128, "kernel_size": 32, "use_residual": true, "use_bottleneck": true, "acc": 0.8514492753623188, "precision": 0.8712568589566506, "recall": 0.8520379883456053, "budget_ran": 1500, "duration": 160.5623960494995}
{"dataset": "CinC_ECG_torso", "depth": 6, "nb_filters": 16, "batch_size": 64, "kernel_size": 32, "use_residual": false, "use_bottleneck": false, "acc": 0.8079710144927537, "precision": 0.8420886616423552, "recall": 0.8088068440844791, "budget_ran": 1500, "duration": 255.855975151062}
{"dataset": "CinC_ECG_torso", "depth": 3, "nb_filters": 16, "batch_size": 64, "kernel_size": 41, "use_residual": false, "use_bottleneck": false, "acc": 0.855072463768116, "precision": 0.8757917015155294, "recall": 0.8559452201933404, "budget_ran": 1500, "duration": 138.66835045814514}
{"dataset": "CinC_ECG_torso", "depth": 6, "nb_filters": 32, "batch_size": 128, "kernel_size": 64, "use_residual": true, "use_bottleneck": true, "acc": 0.8652173913043478, "precision": 0.8769445497695915, "recall": 0.8654146679920742, "budget_ran": 1500, "duration": 328.00514101982117}
{"dataset": "CinC_ECG_torso", "depth": 9, "nb_filters": 64, "batch_size": 32, "kernel_size": 32, "use_residual": true, "use_bottleneck": true, "acc": 0.8014492753623188, "precision": 0.8032982352871048, "recall": 0.800622604277627, "budget_ran": 1500, "duration": 344.01170563697815}
{"dataset": "CinC_ECG_torso", "depth": 3, "nb_filters": 16, "batch_size": 16, "kernel_size": 64, "use_residual": false, "use_bottleneck": false, "acc": 0.8695652173913043, "precision": 0.8708888116725785, "recall": 0.8695079090805986, "budget_ran": 1500, "duration": 84.24907159805298}
{"dataset": "CinC_ECG_torso", "depth": 3, "nb_filters": 32, "batch_size": 16, "kernel_size": 41, "use_residual": false, "use_bottleneck": true, "acc": 0.863768115942029, "precision": 0.8706201392214366, "recall": 0.8641449119693645, "budget_ran": 1500, "duration": 94.87867665290833}
{"dataset": "CinC_ECG_torso", "depth": 6, "nb_filters": 64, "batch_size": 32, "kernel_size": 32, "use_residual": true, "use_bottleneck": false, "acc": 0.8195652173913044, "precision": 0.8225513134541355, "recall": 0.8193776292253854, "budget_ran": 1500, "duration": 230.94729852676392}
{"dataset": "CinC_ECG_torso", "depth": 9, "nb_filters": 32, "batch_size": 128, "kernel_size": 41, "use_residual": true, "use_bottleneck": false, "acc": 0.8282608695652174, "precision": 0.8433143155385912, "recall": 0.8289768009197795, "budget_ran": 1500, "duration": 464.9974675178528}
{"dataset": "CinC_ECG_torso", "depth": 6, "nb_filters": 64, "batch_size": 64, "kernel_size": 64, "use_residual": false, "use_bottleneck": true, "acc": 0.8565217391304348, "precision": 0.8589105285535537, "recall": 0.8564020781026807, "budget_ran": 1500, "duration": 439.88902854919434}
{"dataset": "CinC_ECG_torso", "depth": 6, "nb_filters": 32, "batch_size": 64, "kernel_size": 64, "use_residual": true, "use_bottleneck": true, "acc": 0.8123188405797102, "precision": 0.8240414416994315, "recall": 0.8126932200361892, "budget_ran": 1500, "duration": 330.5092647075653}
{"dataset": "CinC_ECG_torso", "depth": 6, "nb_filters": 32, "batch_size": 64, "kernel_size": 41, "use_residual": true, "use_bottleneck": false, "acc": 0.822463768115942, "precision": 0.849984572345623, "recall": 0.8229717483593634, "budget_ran": 1500, "duration": 315.6683268547058}
{"dataset": "CinC_ECG_torso", "depth": 6, "nb_filters": 16, "batch_size": 16, "kernel_size": 41, "use_residual": true, "use_bottleneck": true, "acc": 0.8594202898550725, "precision": 0.8611068302395356, "recall": 0.8593059845710105, "budget_ran": 1500, "duration": 136.6501920223236}
{"dataset": "CinC_ECG_torso", "depth": 6, "nb_filters": 16, "batch_size": 32, "kernel_size": 32, "use_residual": true, "use_bottleneck": false, "acc": 0.8695652173913043, "precision": 0.8747174352614607, "recall": 0.869768609634112, "budget_ran": 1500, "duration": 115.02108526229858}
{"dataset": "CinC_ECG_torso", "depth": 3, "nb_filters": 16, "batch_size": 16, "kernel_size": 41, "use_residual": true, "use_bottleneck": false, "acc": 0.8681159420289855, "precision": 0.8725061007793624, "recall": 0.8684930753384497, "budget_ran": 1500, "duration": 81.721675157547}
{"dataset": "CinC_ECG_torso", "depth": 6, "nb_filters": 32, "batch_size": 64, "kernel_size": 41, "use_residual": false, "use_bottleneck": true, "acc": 0.8326086956521739, "precision": 0.8486451738027562, "recall": 0.8332184053745721, "budget_ran": 1500, "duration": 316.3883123397827}
{"dataset": "CinC_ECG_torso", "depth": 3, "nb_filters": 32, "batch_size": 128, "kernel_size": 41, "use_residual": true, "use_bottleneck": false, "acc": 0.863768115942029, "precision": 0.8824987210912534, "recall": 0.864457309348497, "budget_ran": 1500, "duration": 164.06200242042542}
{"dataset": "CinC_ECG_torso", "depth": 3, "nb_filters": 64, "batch_size": 64, "kernel_size": 41, "use_residual": false, "use_bottleneck": true, "acc": 0.8666666666666667, "precision": 0.8802580980405658, "recall": 0.8672448090056551, "budget_ran": 1500, "duration": 205.00458669662476}
{"dataset": "CinC_ECG_torso", "depth": 9, "nb_filters": 16, "batch_size": 128, "kernel_size": 64, "use_residual": true, "use_bottleneck": false, "acc": 0.7934782608695652, "precision": 0.8034672790328343, "recall": 0.793902257862936, "budget_ran": 1500, "duration": 398.8986804485321}
{"dataset": "CinC_ECG_torso", "depth": 3, "nb_filters": 16, "batch_size": 16, "kernel_size": 64, "use_residual": false, "use_bottleneck": true, "acc": 0.8528985507246377, "precision": 0.8559943309217017, "recall": 0.8527237310964486, "budget_ran": 1500, "duration": 83.9329240322113}
{"dataset": "CinC_ECG_torso", "depth": 3, "nb_filters": 64, "batch_size": 16, "kernel_size": 41, "use_residual": false, "use_bottleneck": false, "acc": 0.8456521739130435, "precision": 0.8517314354739842, "recall": 0.8455765671202555, "budget_ran": 1500, "duration": 129.76179003715515}
{"dataset": "CinC_ECG_torso", "depth": 9, "nb_filters": 16, "batch_size": 16, "kernel_size": 41, "use_residual": true, "use_bottleneck": false, "acc": 0.8152173913043478, "precision": 0.8172959623778328, "recall": 0.8150150405591026, "budget_ran": 1500, "duration": 195.09112930297852}
{"dataset": "CinC_ECG_torso", "depth": 9, "nb_filters": 64, "batch_size": 64, "kernel_size": 64, "use_residual": true, "use_bottleneck": true, "acc": 0.7630434782608696, "precision": 0.7685972272411987, "recall": 0.7627244686694554, "budget_ran": 1500, "duration": 662.3525331020355}
{"dataset": "CinC_ECG_torso", "depth": 9, "nb_filters": 64, "batch_size": 64, "kernel_size": 41, "use_residual": false, "use_bottleneck": false, "acc": 0.8159420289855073, "precision": 0.8223393629802234, "recall": 0.8165646258503403, "budget_ran": 1500, "duration": 642.1130981445312}
{"dataset": "CinC_ECG_torso", "depth": 6, "nb_filters": 16, "batch_size": 32, "kernel_size": 32, "use_residual": true, "use_bottleneck": true, "acc": 0.8615942028985507, "precision": 0.8633362287051036, "recall": 0.861611941714683, "budget_ran": 1500,