{"dataset": "Cricket_Y", "depth": 9, "nb_filters": 16, "batch_size": 16, "kernel_size": 64, "use_residual": false, "use_bottleneck": false, "acc": 0.8487179487179487, "precision": 0.8614883409001056, "recall": 0.849433415401423, "budget_ran": 1500, "duration": 1193.7201535701752}
{"dataset": "Cricket_Y", "depth": 6, "nb_filters": 64, "batch_size": 32, "kernel_size": 41, "use_residual": true, "use_bottleneck": true, "acc": 0.8333333333333334, "precision": 0.8330701291179233, "recall": 0.834991565707271, "budget_ran": 1500, "duration": 580.8198251724243}
{"dataset": "Cricket_Y", "depth": 3, "nb_filters": 32, "batch_size": 128, "kernel_size": 32, "use_residual": true, "use_bottleneck": true, "acc": 0.8128205128205128, "precision": 0.8269121651144388, "recall": 0.8172557745900062, "budget_ran": 1500, "duration": 151.73292207717896}
{"dataset": "Cricket_Y", "depth": 6, "nb_filters": 16, "batch_size": 64, "kernel_size": 32, "use_residual": false, "use_bottleneck": false, "acc": 0.8205128205128205, "precision": 0.8282974239530715, "recall": 0.8215802254840728, "budget_ran": 1500, "duration": 281.586181640625}
{"dataset": "Cricket_Y", "depth": 3, "nb_filters": 16, "batch_size": 64, "kernel_size": 41, "use_residual": false, "use_bottleneck": false, "acc": 0.8, "precision": 0.8099561066056186, "recall": 0.8032861304463125, "budget_ran": 1500, "duration": 174.03676891326904}
{"dataset": "Cricket_Y", "depth": 6, "nb_filters": 32, "batch_size": 128, "kernel_size": 64, "use_residual": true, "use_bottleneck": true, "acc": 0.8435897435897436, "precision": 0.8448048868934218, "recall": 0.8450865083722058, "budget_ran": 1500, "duration": 279.79851245880127}
{"dataset": "Cricket_Y", "depth": 9, "nb_filters": 64, "batch_size": 32, "kernel_size": 32, "use_residual": true, "use_bottleneck": true, "acc": 0.8333333333333334, "precision": 0.845564016842106, "recall": 0.8345773721805302, "budget_ran": 1500, "duration": 819.9587163925171}
{"dataset": "Cricket_Y", "depth": 3, "nb_filters": 16, "batch_size": 16, "kernel_size": 64, "use_residual": false, "use_bottleneck": false, "acc": 0.841025641025641, "precision": 0.8467959453667259, "recall": 0.8433658240255032, "budget_ran": 1500, "duration": 561.7613291740417}
{"dataset": "Cricket_Y", "depth": 3, "nb_filters": 32, "batch_size": 16, "kernel_size": 41, "use_residual": false, "use_bottleneck": true, "acc": 0.8512820512820513, "precision": 0.8602270301995142, "recall": 0.852841119930165, "budget_ran": 1500, "duration": 541.3770310878754}
{"dataset": "Cricket_Y", "depth": 6, "nb_filters": 32, "batch_size": 64, "kernel_size": 41, "use_residual": true, "use_bottleneck": true, "acc": 0.8256410256410256, "precision": 0.8295131530654732, "recall": 0.8255422163406116, "budget_ran": 1500, "duration": 328.44225811958313}
{"dataset": "Cricket_Y", "depth": 6, "nb_filters": 64, "batch_size": 32, "kernel_size": 32, "use_residual": true, "use_bottleneck": false, "acc": 0.8282051282051283, "precision": 0.8284874821576139, "recall": 0.8296570129219152, "budget_ran": 1500, "duration": 575.0054457187653}
{"dataset": "Cricket_Y", "depth": 9, "nb_filters": 32, "batch_size": 128, "kernel_size": 41, "use_residual": true, "use_bottleneck": false, "acc": 0.8282051282051283, "precision": 0.8280668089874456, "recall": 0.8302943157413809, "budget_ran": 1500, "duration": 427.11197328567505}
{"dataset": "Cricket_Y", "depth": 6, "nb_filters": 64, "batch_size": 64, "kernel_size": 64, "use_residual": false, "use_bottleneck": true, "acc": 0.8589743589743589, "precision": 0.8611694705888419, "recall": 0.8601709908988623, "budget_ran": 1500, "duration": 489.08427119255066}
{"dataset": "Cricket_Y", "depth": 6, "nb_filters": 32, "batch_size": 64, "kernel_size": 64, "use_residual": false, "use_bottleneck": true, "acc": 0.8282051282051283, "precision": 0.8330884304625202, "recall": 0.8315963853285754, "budget_ran": 1500, "duration": 335.8674397468567}
{"dataset": "Cricket_Y", "depth": 3, "nb_filters": 16, "batch_size": 64, "kernel_size": 41, "use_residual": true, "use_bottleneck": false, "acc": 0.8307692307692308, "precision": 0.8389171476671476, "recall": 0.8335177788859984, "budget_ran": 1500, "duration": 187.5542311668396}
{"dataset": "Cricket_Y", "depth": 6, "nb_filters": 64, "batch_size": 64, "kernel_size": 64, "use_residual": false, "use_bottleneck": false, "acc": 0.8461538461538461, "precision": 0.8473455620297018, "recall": 0.8485716014143229, "budget_ran": 1500, "duration": 506.5543439388275}
{"dataset": "Cricket_Y", "depth": 3, "nb_filters": 64, "batch_size": 64, "kernel_size": 64, "use_residual": false, "use_bottleneck": true, "acc": 0.8564102564102564, "precision": 0.860005642415298, "recall": 0.8580000891341514, "budget_ran": 1500, "duration": 268.09509325027466}
{"dataset": "Cricket_Y", "depth": 9, "nb_filters": 64, "batch_size": 64, "kernel_size": 64, "use_residual": false, "use_bottleneck": true, "acc": 0.841025641025641, "precision": 0.846607151704557, "recall": 0.8419163775472663, "budget_ran": 1500, "duration": 723.5900866985321}
{"dataset": "Cricket_Y", "depth": 6, "nb_filters": 64, "batch_size": 16, "kernel_size": 64, "use_residual": false, "use_bottleneck": true, "acc": 0.8692307692307693, "precision": 0.869686482413531, "recall": 0.8696244234808325, "budget_ran": 1500, "duration": 1071.8576965332031}
{"dataset": "Cricket_Y", "depth": 6, "nb_filters": 64, "batch_size": 128, "kernel_size": 64, "use_residual": false, "use_bottleneck": true, "acc": 0.8282051282051283, "precision": 0.8363430956395822, "recall": 0.8309848076056854, "budget_ran": 1500, "duration": 496.93370032310486}
{"dataset": "Cricket_Y", "depth": 3, "nb_filters": 64, "batch_size": 16, "kernel_size": 64, "use_residual": false, "use_bottleneck": true, "acc": 0.8589743589743589, "precision": 0.8647845736759888, "recall": 0.8611241809679209, "budget_ran": 1500, "duration": 686.5674948692322}
{"dataset": "Cricket_Y", "depth": 6, "nb_filters": 64, "batch_size": 16, "kernel_size": 64, "use_residual": false, "use_bottleneck": false, "acc": 0.8615384615384616, "precision": 0.8611205636216979, "recall": 0.8622058682690797, "budget_ran": 1500, "duration": 1124.8387641906738}
{"dataset": "Cricket_Y", "depth": 9, "nb_filters": 64, "batch_size": 16, "kernel_size": 64, "use_residual": false, "use_bottleneck": true, "acc": 0.8487179487179487, "precision": 0.8530599855865194, "recall": 0.8495959572681872, "budget_ran": 1500, "duration": 1722.752766609192}
{"dataset": "Cricket_Y", "depth": 6, "nb_filters": 64, "batch_size": 16, "kernel_size": 64, "use_residual": true, "use_bottleneck": true, "acc": 0.8461538461538461, "precision": 0.8502190825957429, "recall": 0.8482370674226004, "budget_ran": 1500, "duration": 1114.0665979385376}
{"dataset": "Cricket_Y", "depth": 6, "nb_filters": 64, "batch_size": 64, "kernel_size": 64, "use_residual": true, "use_bottleneck": true, "acc": 0.8384615384615385, "precision": 0.8417661282770141, "recall": 0.8406039783995477, "budget_ran": 1500, "duration": 516.1064615249634}
{"dataset": "Cricket_Y", "depth": 6, "nb_filters": 32, "batch_size": 16, "kernel_size": 41, "use_residual": false, "use_bottleneck": false, "acc": 0.8538461538461538, "precision": 0.8576185886741078, "recall": 0.8561293286770533, "budget_ran": 1500, "duration": 1191.2937614917755}
{"dataset": "Cricket_Y", "depth": 6, "nb_filters": 32, "batch_size": 32, "kernel_size": 32, "use_residual": true, "use_bottleneck": true, "acc": 0.8307692307692308, "precision": 0.8352800479092765, "recall": 0.8335246839453924, "budget_ran": 1500, "duration": 596.372171163559}
{"dataset": "Cricket_Y", "depth": 6, "nb_filters": 32, "batch_size": 16, "kernel_size": 41, "use_residual": true, "use_bottleneck": false, "acc": 0.8589743589743589, "precision": 0.8607784428348944, "recall": 0.860233473450058, "budget_ran": 1500, "duration": 1092.3779742717743}
{"dataset": "Cricket_Y", "depth": 9, "nb_filters": 16, "batch_size": 128, "kernel_size": 41, "use_residual": false, "use_bottleneck": true, "acc": 0.841025641025641,