{"dataset": "Cricket_X", "depth": 9, "nb_filters": 16, "batch_size": 16, "kernel_size": 64, "use_residual": false, "use_bottleneck": false, "acc": 0.8487179487179487, "precision": 0.856722327335694, "recall": 0.8557389797933915, "budget_ran": 1500, "duration": 1135.8003165721893}
{"dataset": "Cricket_X", "depth": 6, "nb_filters": 64, "batch_size": 32, "kernel_size": 41, "use_residual": true, "use_bottleneck": true, "acc": 0.8461538461538461, "precision": 0.849845040338992, "recall": 0.8520949963951719, "budget_ran": 1500, "duration": 565.5592160224915}
{"dataset": "Cricket_X", "depth": 3, "nb_filters": 32, "batch_size": 128, "kernel_size": 32, "use_residual": true, "use_bottleneck": true, "acc": 0.8128205128205128, "precision": 0.8239274715153573, "recall": 0.8197883268242375, "budget_ran": 1500, "duration": 154.75441598892212}
{"dataset": "Cricket_X", "depth": 6, "nb_filters": 16, "batch_size": 64, "kernel_size": 32, "use_residual": false, "use_bottleneck": false, "acc": 0.8256410256410256, "precision": 0.8332865580967527, "recall": 0.8338569042837402, "budget_ran": 1500, "duration": 263.58476996421814}
{"dataset": "Cricket_X", "depth": 3, "nb_filters": 16, "batch_size": 64, "kernel_size": 41, "use_residual": false, "use_bottleneck": false, "acc": 0.8358974358974359, "precision": 0.8484459395035767, "recall": 0.8397753924089013, "budget_ran": 1500, "duration": 167.57645559310913}
{"dataset": "Cricket_X", "depth": 6, "nb_filters": 32, "batch_size": 128, "kernel_size": 64, "use_residual": true, "use_bottleneck": true, "acc": 0.8384615384615385, "precision": 0.8527794245977848, "recall": 0.8493604278043415, "budget_ran": 1500, "duration": 272.53395223617554}
{"dataset": "Cricket_X", "depth": 9, "nb_filters": 64, "batch_size": 32, "kernel_size": 32, "use_residual": true, "use_bottleneck": true, "acc": 0.8256410256410256, "precision": 0.8320022583978454, "recall": 0.8334731224799711, "budget_ran": 1500, "duration": 795.4583687782288}
{"dataset": "Cricket_X", "depth": 3, "nb_filters": 16, "batch_size": 16, "kernel_size": 64, "use_residual": false, "use_bottleneck": false, "acc": 0.8487179487179487, "precision": 0.8595458782485697, "recall": 0.8550178832720436, "budget_ran": 1500, "duration": 518.6039397716522}
{"dataset": "Cricket_X", "depth": 3, "nb_filters": 32, "batch_size": 16, "kernel_size": 41, "use_residual": false, "use_bottleneck": true, "acc": 0.8384615384615385, "precision": 0.849001673578086, "recall": 0.8456504210780476, "budget_ran": 1500, "duration": 518.7783181667328}
{"dataset": "Cricket_X", "depth": 6, "nb_filters": 64, "batch_size": 32, "kernel_size": 32, "use_residual": true, "use_bottleneck": false, "acc": 0.8435897435897436, "precision": 0.8536506328820644, "recall": 0.8505958014978114, "budget_ran": 1500, "duration": 560.9098482131958}
{"dataset": "Cricket_X", "depth": 9, "nb_filters": 32, "batch_size": 128, "kernel_size": 41, "use_residual": true, "use_bottleneck": false, "acc": 0.8358974358974359, "precision": 0.8484732374710822, "recall": 0.8410218695178564, "budget_ran": 1500, "duration": 409.30446791648865}
{"dataset": "Cricket_X", "depth": 6, "nb_filters": 64, "batch_size": 64, "kernel_size": 64, "use_residual": false, "use_bottleneck": true, "acc": 0.8358974358974359, "precision": 0.8597893399932083, "recall": 0.8480312688771434, "budget_ran": 1500, "duration": 476.1425395011902}
{"dataset": "Cricket_X", "depth": 6, "nb_filters": 16, "batch_size": 16, "kernel_size": 64, "use_residual": false, "use_bottleneck": false, "acc": 0.8666666666666667, "precision": 0.8736536375527616, "recall": 0.8727103705249357, "budget_ran": 1500, "duration": 844.8026666641235}
{"dataset": "Cricket_X", "depth": 6, "nb_filters": 32, "batch_size": 64, "kernel_size": 41, "use_residual": true, "use_bottleneck": true, "acc": 0.8384615384615385, "precision": 0.8511667616464811, "recall": 0.8484177358156343, "budget_ran": 1500, "duration": 322.3316352367401}
{"dataset": "Cricket_X", "depth": 6, "nb_filters": 16, "batch_size": 32, "kernel_size": 64, "use_residual": false, "use_bottleneck": false, "acc": 0.8512820512820513, "precision": 0.8560866162850824, "recall": 0.8564157864671939, "budget_ran": 1500, "duration": 454.88273525238037}
{"dataset": "Cricket_X", "depth": 6, "nb_filters": 64, "batch_size": 16, "kernel_size": 64, "use_residual": false, "use_bottleneck": false, "acc": 0.8461538461538461, "precision": 0.84856469759487, "recall": 0.8527212080112635, "budget_ran": 1500, "duration": 910.996301651001}
{"dataset": "Cricket_X", "depth": 6, "nb_filters": 16, "batch_size": 64, "kernel_size": 64, "use_residual": false, "use_bottleneck": false, "acc": 0.8358974358974359, "precision": 0.8520007102983361, "recall": 0.8450637808908049, "budget_ran": 1500, "duration": 280.96797275543213}
{"dataset": "Cricket_X", "depth": 6, "nb_filters": 32, "batch_size": 16, "kernel_size": 64, "use_residual": false, "use_bottleneck": false, "acc": 0.8435897435897436, "precision": 0.855082304206371, "recall": 0.8534190016155702, "budget_ran": 1500, "duration": 859.8281352519989}
{"dataset": "Cricket_X", "depth": 6, "nb_filters": 16, "batch_size": 128, "kernel_size": 64, "use_residual": false, "use_bottleneck": false, "acc": 0.8256410256410256, "precision": 0.8498272024179586, "recall": 0.8359778693222873, "budget_ran": 1500, "duration": 207.65216398239136}
{"dataset": "Cricket_X", "depth": 3, "nb_filters": 64, "batch_size": 64, "kernel_size": 32, "use_residual": true, "use_bottleneck": true, "acc": 0.8102564102564103, "precision": 0.8229297031338921, "recall": 0.8168583955553137, "budget_ran": 1500, "duration": 246.39108085632324}
{"dataset": "Cricket_X", "depth": 9, "nb_filters": 16, "batch_size": 32, "kernel_size": 64, "use_residual": false, "use_bottleneck": false, "acc": 0.823076923076923, "precision": 0.8331463212977214, "recall": 0.8319309626030215, "budget_ran": 1500, "duration": 607.4543354511261}
{"dataset": "Cricket_X", "depth": 6, "nb_filters": 32, "batch_size": 32, "kernel_size": 64, "use_residual": false, "use_bottleneck": false, "acc": 0.8358974358974359, "precision": 0.844537991400825, "recall": 0.8448399932752101, "budget_ran": 1500, "duration": 456.9249110221863}
{"dataset": "Cricket_X", "depth": 9, "nb_filters": 64, "batch_size": 32, "kernel_size": 41, "use_residual": true, "use_bottleneck": true, "acc": 0.8641025641025641, "precision": 0.8703299878599231, "recall": 0.8696691939622537, "budget_ran": 1500, "duration": 813.1409392356873}
{"dataset": "Cricket_X", "depth": 9, "nb_filters": 32, "batch_size": 32, "kernel_size": 41, "use_residual": true, "use_bottleneck": true, "acc": 0.8307692307692308, "precision": 0.8376974607407912, "recall": 0.8364410672529443, "budget_ran": 1500, "duration": 650.8384621143341}
{"dataset": "Cricket_X", "depth": 3, "nb_filters": 64, "batch_size": 32, "kernel_size": 41, "use_residual": true, "use_bottleneck": true, "acc": 0.8384615384615385, "precision": 0.8476463890211954, "recall": 0.8448922719209421, "budget_ran": 1500, "duration": 308.54978942871094}
{"dataset": "Cricket_X", "depth": 9, "nb_filters": 16, "batch_size": 32, "kernel_size": 41, "use_residual": true, "use_bottleneck": true, "acc": 0.8384615384615385, "precision": 0.846593072524192, "recall": 0.8489294994480495, "budget_ran": 1500, "duration": 618.5879154205322}
{"dataset": "Cricket_X", "depth": 3, "nb_filters": 64, "batch_size": 16, "kernel_size": 64, "use_residual": false, "use_bottleneck": false, "acc": 0.8487179487179487, "precision": 0.8536160320283201, "recall": 0.8552445970779794, "budget_ran": 1500, "duration": 528.6214015483856}
{"dataset": "Cricket_X", "depth": 9, "nb_filters": 64, "batch_size": 16, "kernel_size": 64, "use_residual": false, "use_bottleneck": false, "acc": 0.8538461538461538, "precision": 0.8592260125510703, "recall": 0.8611703614359071, "budget_ran": 1500, "duration": 1277.5452823638916}
{"dataset": "Cricket_X", "depth": 9, "nb_filters": 32, "batch_size": 16, "kernel_size": 64, "use_residual": false, "use_bottleneck": false,