{"dataset": "DistalPhalanxTW", "depth": 9, "nb_filters": 16, "batch_size": 16, "kernel_size": 64, "use_residual": false, "use_bottleneck": false, "acc": 0.7325, "precision": 0.4597269904158449, "recall": 0.48215769244003415, "budget_ran": 1500, "duration": 420.7766218185425}
{"dataset": "DistalPhalanxTW", "depth": 6, "nb_filters": 64, "batch_size": 32, "kernel_size": 41, "use_residual": true, "use_bottleneck": true, "acc": 0.7225, "precision": 0.4458311343861216, "recall": 0.4655262384511724, "budget_ran": 1500, "duration": 194.07479596138}
{"dataset": "DistalPhalanxTW", "depth": 3, "nb_filters": 32, "batch_size": 128, "kernel_size": 32, "use_residual": true, "use_bottleneck": true, "acc": 0.75, "precision": 0.5099565761739489, "recall": 0.5016681216790196, "budget_ran": 1500, "duration": 66.88241267204285}
{"dataset": "DistalPhalanxTW", "depth": 6, "nb_filters": 32, "batch_size": 64, "kernel_size": 41, "use_residual": true, "use_bottleneck": true, "acc": 0.73, "precision": 0.4854127762215998, "recall": 0.498531817951913, "budget_ran": 1500, "duration": 130.50959420204163}
{"dataset": "DistalPhalanxTW", "depth": 6, "nb_filters": 16, "batch_size": 64, "kernel_size": 32, "use_residual": false, "use_bottleneck": false, "acc": 0.745, "precision": 0.5088319901749074, "recall": 0.4975060185741431, "budget_ran": 1500, "duration": 127.41567778587341}
{"dataset": "DistalPhalanxTW", "depth": 3, "nb_filters": 16, "batch_size": 64, "kernel_size": 41, "use_residual": false, "use_bottleneck": false, "acc": 0.765, "precision": 0.48181762251529686, "recall": 0.4950897955405235, "budget_ran": 1500, "duration": 84.34873700141907}
{"dataset": "DistalPhalanxTW", "depth": 6, "nb_filters": 32, "batch_size": 128, "kernel_size": 64, "use_residual": true, "use_bottleneck": true, "acc": 0.74, "precision": 0.4431873593528772, "recall": 0.4698108894465758, "budget_ran": 1500, "duration": 98.7500512599945}
{"dataset": "DistalPhalanxTW", "depth": 9, "nb_filters": 64, "batch_size": 32, "kernel_size": 32, "use_residual": true, "use_bottleneck": true, "acc": 0.735, "precision": 0.4403730928618635, "recall": 0.4808690992793505, "budget_ran": 1500, "duration": 258.0670247077942}
{"dataset": "DistalPhalanxTW", "depth": 3, "nb_filters": 16, "batch_size": 16, "kernel_size": 64, "use_residual": false, "use_bottleneck": false, "acc": 0.74, "precision": 0.47868255629751405, "recall": 0.48367647400773833, "budget_ran": 1500, "duration": 190.07071709632874}
{"dataset": "DistalPhalanxTW", "depth": 3, "nb_filters": 32, "batch_size": 16, "kernel_size": 41, "use_residual": false, "use_bottleneck": true, "acc": 0.74, "precision": 0.48027042727746955, "recall": 0.48595986096311855, "budget_ran": 1500, "duration": 193.42388081550598}
{"dataset": "DistalPhalanxTW", "depth": 6, "nb_filters": 64, "batch_size": 32, "kernel_size": 32, "use_residual": true, "use_bottleneck": false, "acc": 0.7475, "precision": 0.4861675746841654, "recall": 0.5019517441063539, "budget_ran": 1500, "duration": 191.77866673469543}
{"dataset": "DistalPhalanxTW", "depth": 9, "nb_filters": 32, "batch_size": 128, "kernel_size": 41, "use_residual": true, "use_bottleneck": false, "acc": 0.7475, "precision": 0.43870664578028923, "recall": 0.4691025713825676, "budget_ran": 1500, "duration": 133.7014298439026}
{"dataset": "DistalPhalanxTW", "depth": 6, "nb_filters": 64, "batch_size": 64, "kernel_size": 64, "use_residual": false, "use_bottleneck": true, "acc": 0.7475, "precision": 0.515872388991051, "recall": 0.4879170703754032, "budget_ran": 1500, "duration": 132.20838618278503}
{"dataset": "DistalPhalanxTW", "depth": 3, "nb_filters": 32, "batch_size": 64, "kernel_size": 41, "use_residual": false, "use_bottleneck": false, "acc": 0.7425, "precision": 0.46522456999381556, "recall": 0.4697647257873629, "budget_ran": 1500, "duration": 83.83671689033508}
{"dataset": "DistalPhalanxTW", "depth": 3, "nb_filters": 16, "batch_size": 64, "kernel_size": 41, "use_residual": false, "use_bottleneck": true, "acc": 0.7425, "precision": 0.4953801876420656, "recall": 0.4856740088539209, "budget_ran": 1500, "duration": 83.61036801338196}
{"dataset": "DistalPhalanxTW", "depth": 9, "nb_filters": 16, "batch_size": 64, "kernel_size": 41, "use_residual": false, "use_bottleneck": false, "acc": 0.74, "precision": 0.4629722850496328, "recall": 0.4725052884042567, "budget_ran": 1500, "duration": 160.8965163230896}
{"dataset": "DistalPhalanxTW", "depth": 3, "nb_filters": 16, "batch_size": 16, "kernel_size": 41, "use_residual": false, "use_bottleneck": false, "acc": 0.7425, "precision": 0.49356829368727667, "recall": 0.5003649454901543, "budget_ran": 1500, "duration": 193.84577679634094}
{"dataset": "DistalPhalanxTW", "depth": 9, "nb_filters": 64, "batch_size": 16, "kernel_size": 41, "use_residual": true, "use_bottleneck": true, "acc": 0.74, "precision": 0.47690252923375803, "recall": 0.4997849461657964, "budget_ran": 1500, "duration": 457.45049142837524}
{"dataset": "DistalPhalanxTW", "depth": 3, "nb_filters": 16, "batch_size": 64, "kernel_size": 64, "use_residual": false, "use_bottleneck": false, "acc": 0.7325, "precision": 0.4772038092238711, "recall": 0.4627204885858151, "budget_ran": 1500, "duration": 83.48660922050476}
{"dataset": "DistalPhalanxTW", "depth": 3, "nb_filters": 16, "batch_size": 64, "kernel_size": 41, "use_residual": true, "use_bottleneck": false, "acc": 0.74, "precision": 0.4682816568458447, "recall": 0.49730943678455497, "budget_ran": 1500, "duration": 84.91883707046509}
{"dataset": "DistalPhalanxTW", "depth": 9, "nb_filters": 64, "batch_size": 16, "kernel_size": 32, "use_residual": true, "use_bottleneck": false, "acc": 0.71, "precision": 0.4484615172233768, "recall": 0.4737724637705685, "budget_ran": 1500, "duration": 422.3597273826599}
{"dataset": "DistalPhalanxTW", "depth": 6, "nb_filters": 16, "batch_size": 64, "kernel_size": 41, "use_residual": false, "use_bottleneck": false, "acc": 0.755, "precision": 0.48843089285909946, "recall": 0.4929260545987823, "budget_ran": 1500, "duration": 129.69466829299927}
{"dataset": "DistalPhalanxTW", "depth": 6, "nb_filters": 32, "batch_size": 128, "kernel_size": 32, "use_residual": true, "use_bottleneck": true, "acc": 0.77, "precision": 0.5218394127220396, "recall": 0.5150854696756686, "budget_ran": 1500, "duration": 102.38126516342163}
{"dataset": "DistalPhalanxTW", "depth": 9, "nb_filters": 32, "batch_size": 128, "kernel_size": 32, "use_residual": true, "use_bottleneck": true, "acc": 0.7325, "precision": 0.44400770624174873, "recall": 0.47139423464125246, "budget_ran": 1500, "duration": 128.46482253074646}
{"dataset": "DistalPhalanxTW", "depth": 6, "nb_filters": 16, "batch_size": 128, "kernel_size": 32, "use_residual": true, "use_bottleneck": true, "acc": 0.7725, "precision": 0.5296106973284832, "recall": 0.5347577521948813, "budget_ran": 1500, "duration": 98.98136806488037}
{"dataset": "DistalPhalanxTW", "depth": 6, "nb_filters": 64, "batch_size": 128, "kernel_size": 32, "use_residual": true, "use_bottleneck": true, "acc": 0.7475, "precision": 0.5071523405184967, "recall": 0.507569879608461, "budget_ran": 1500, "duration": 110.98509097099304}
{"dataset": "DistalPhalanxTW", "depth": 6, "nb_filters": 64, "batch_size": 64, "kernel_size": 41, "use_residual": false, "use_bottleneck": false, "acc": 0.7175, "precision": 0.4335045389393215, "recall": 0.47536993759585827, "budget_ran": 1500, "duration": 131.15084791183472}
{"dataset": "DistalPhalanxTW", "depth": 3, "nb_filters": 16, "batch_size": 128, "kernel_size": 32, "use_residual": true, "use_bottleneck": true, "acc": 0.7625, "precision": 0.5369420469531704, "recall": 0.5238654820866764, "budget_ran": 1500, "duration": 66.52014327049255}
{"dataset": "DistalPhalanxTW", "depth": 9, "nb_filters": 16, "batch_size": 128, "kernel_size": 32, "use_residual": true, "use_bottleneck": true, "acc": 0.77, "precision": 0.49040501780946216, "recall": 0.48142134431358424, "budget_ran": 1500, "duration": 128.0848741531372}
{"dataset": "DistalPhalanxTW", "depth": 6,