{"dataset": "ECG200", "depth": 9, "nb_filters": 16, "batch_size": 16, "kernel_size": 64, "use_residual": false, "use_bottleneck": false, "acc": 0.9, "precision": 0.9016544117647058, "recall": 0.8793402777777778, "budget_ran": 1500, "duration": 314.54207825660706}
{"dataset": "ECG200", "depth": 6, "nb_filters": 64, "batch_size": 32, "kernel_size": 41, "use_residual": true, "use_bottleneck": true, "acc": 0.91, "precision": 0.9097693351424694, "recall": 0.8932291666666667, "budget_ran": 1500, "duration": 161.79483556747437}
{"dataset": "ECG200", "depth": 6, "nb_filters": 32, "batch_size": 64, "kernel_size": 41, "use_residual": true, "use_bottleneck": true, "acc": 0.9, "precision": 0.9016544117647058, "recall": 0.8793402777777778, "budget_ran": 1500, "duration": 109.70263910293579}
{"dataset": "ECG200", "depth": 3, "nb_filters": 32, "batch_size": 128, "kernel_size": 32, "use_residual": true, "use_bottleneck": true, "acc": 0.91, "precision": 0.9170172978027116, "recall": 0.8871527777777778, "budget_ran": 1500, "duration": 131.51181411743164}
{"dataset": "ECG200", "depth": 6, "nb_filters": 16, "batch_size": 64, "kernel_size": 32, "use_residual": false, "use_bottleneck": false, "acc": 0.92, "precision": 0.9180035650623886, "recall": 0.9071180555555556, "budget_ran": 1500, "duration": 105.06657695770264}
{"dataset": "ECG200", "depth": 3, "nb_filters": 16, "batch_size": 64, "kernel_size": 41, "use_residual": false, "use_bottleneck": false, "acc": 0.92, "precision": 0.9333333333333333, "recall": 0.8949652777777778, "budget_ran": 1500, "duration": 66.25656270980835}
{"dataset": "ECG200", "depth": 6, "nb_filters": 32, "batch_size": 128, "kernel_size": 64, "use_residual": true, "use_bottleneck": true, "acc": 0.9, "precision": 0.8957219251336899, "recall": 0.8854166666666667, "budget_ran": 1500, "duration": 245.94087195396423}
{"dataset": "ECG200", "depth": 9, "nb_filters": 64, "batch_size": 32, "kernel_size": 32, "use_residual": true, "use_bottleneck": true, "acc": 0.93, "precision": 0.9263736263736264, "recall": 0.9210069444444444, "budget_ran": 1500, "duration": 215.12140440940857}
{"dataset": "ECG200", "depth": 3, "nb_filters": 16, "batch_size": 16, "kernel_size": 64, "use_residual": false, "use_bottleneck": false, "acc": 0.9, "precision": 0.8957219251336899, "recall": 0.8854166666666667, "budget_ran": 1500, "duration": 148.9776303768158}
{"dataset": "ECG200", "depth": 3, "nb_filters": 32, "batch_size": 16, "kernel_size": 41, "use_residual": false, "use_bottleneck": true, "acc": 0.88, "precision": 0.8857142857142857, "recall": 0.8515625, "budget_ran": 1500, "duration": 153.02852845191956}
{"dataset": "ECG200", "depth": 6, "nb_filters": 64, "batch_size": 32, "kernel_size": 32, "use_residual": true, "use_bottleneck": false, "acc": 0.9, "precision": 0.9016544117647058, "recall": 0.8793402777777778, "budget_ran": 1500, "duration": 162.1383137702942}
{"dataset": "ECG200", "depth": 9, "nb_filters": 32, "batch_size": 128, "kernel_size": 41, "use_residual": true, "use_bottleneck": false, "acc": 0.92, "precision": 0.9131944444444444, "recall": 0.9131944444444444, "budget_ran": 1500, "duration": 348.93143105506897}
{"dataset": "ECG200", "depth": 6, "nb_filters": 64, "batch_size": 64, "kernel_size": 64, "use_residual": false, "use_bottleneck": true, "acc": 0.87, "precision": 0.8778533268576979, "recall": 0.8376736111111112, "budget_ran": 1500, "duration": 111.61800050735474}
{"dataset": "ECG200", "depth": 9, "nb_filters": 16, "batch_size": 32, "kernel_size": 32, "use_residual": true, "use_bottleneck": true, "acc": 0.91, "precision": 0.9097693351424694, "recall": 0.8932291666666667, "budget_ran": 1500, "duration": 201.7557611465454}
{"dataset": "ECG200", "depth": 9, "nb_filters": 64, "batch_size": 16, "kernel_size": 32, "use_residual": true, "use_bottleneck": true, "acc": 0.9, "precision": 0.9016544117647058, "recall": 0.8793402777777778, "budget_ran": 1500, "duration": 334.0702543258667}
{"dataset": "ECG200", "depth": 3, "nb_filters": 64, "batch_size": 32, "kernel_size": 32, "use_residual": true, "use_bottleneck": true, "acc": 0.9, "precision": 0.9016544117647058, "recall": 0.8793402777777778, "budget_ran": 1500, "duration": 99.74404644966125}
{"dataset": "ECG200", "depth": 9, "nb_filters": 64, "batch_size": 32, "kernel_size": 64, "use_residual": true, "use_bottleneck": true, "acc": 0.92, "precision": 0.9180035650623886, "recall": 0.9071180555555556, "budget_ran": 1500, "duration": 210.99798917770386}
{"dataset": "ECG200", "depth": 9, "nb_filters": 64, "batch_size": 16, "kernel_size": 41, "use_residual": true, "use_bottleneck": true, "acc": 0.92, "precision": 0.9180035650623886, "recall": 0.9071180555555556, "budget_ran": 1500, "duration": 344.10547399520874}
{"dataset": "ECG200", "depth": 9, "nb_filters": 64, "batch_size": 32, "kernel_size": 41, "use_residual": true, "use_bottleneck": true, "acc": 0.89, "precision": 0.8871551334237902, "recall": 0.8715277777777778, "budget_ran": 1500, "duration": 214.51569294929504}
{"dataset": "ECG200", "depth": 9, "nb_filters": 32, "batch_size": 32, "kernel_size": 32, "use_residual": true, "use_bottleneck": true, "acc": 0.93, "precision": 0.9323835368611488, "recall": 0.9149305555555556, "budget_ran": 1500, "duration": 208.4812135696411}
{"dataset": "ECG200", "depth": 9, "nb_filters": 16, "batch_size": 32, "kernel_size": 64, "use_residual": true, "use_bottleneck": true, "acc": 0.91, "precision": 0.9097693351424694, "recall": 0.8932291666666667, "budget_ran": 1500, "duration": 198.23668217658997}
{"dataset": "ECG200", "depth": 6, "nb_filters": 32, "batch_size": 64, "kernel_size": 32, "use_residual": false, "use_bottleneck": false, "acc": 0.92, "precision": 0.9180035650623886, "recall": 0.9071180555555556, "budget_ran": 1500, "duration": 109.5405809879303}
{"dataset": "ECG200", "depth": 6, "nb_filters": 64, "batch_size": 64, "kernel_size": 32, "use_residual": false, "use_bottleneck": false, "acc": 0.91, "precision": 0.9097693351424694, "recall": 0.8932291666666667, "budget_ran": 1500, "duration": 115.27940392494202}
{"dataset": "ECG200", "depth": 6, "nb_filters": 16, "batch_size": 128, "kernel_size": 64, "use_residual": false, "use_bottleneck": true, "acc": 0.91, "precision": 0.9043956043956044, "recall": 0.8993055555555556, "budget_ran": 1500, "duration": 236.67664432525635}
{"dataset": "ECG200", "depth": 9, "nb_filters": 16, "batch_size": 16, "kernel_size": 41, "use_residual": true, "use_bottleneck": true, "acc": 0.88, "precision": 0.8857142857142857, "recall": 0.8515625, "budget_ran": 1500, "duration": 337.89368534088135}
{"dataset": "ECG200", "depth": 9, "nb_filters": 32, "batch_size": 32, "kernel_size": 64, "use_residual": true, "use_bottleneck": true, "acc": 0.93, "precision": 0.9221364221364221, "recall": 0.9270833333333333, "budget_ran": 1500, "duration": 216.76865696907043}
{"dataset": "ECG200", "depth": 9, "nb_filters": 64, "batch_size": 128, "kernel_size": 41, "use_residual": true, "use_bottleneck": false, "acc": 0.93, "precision": 0.9263736263736264, "recall": 0.9210069444444444, "budget_ran": 1500, "duration": 407.32549834251404}
{"dataset": "ECG200", "depth": 9, "nb_filters": 16, "batch_size": 128, "kernel_size": 41, "use_residual": true, "use_bottleneck": false, "acc": 0.92, "precision": 0.9180035650623886, "recall": 0.9071180555555556, "budget_ran": 1500, "duration": 334.7777416706085}
{"dataset": "ECG200", "depth": 9, "nb_filters": 32, "batch_size": 16, "kernel_size": 64, "use_residual": false, "use_bottleneck": true, "acc": 0.89, "precision": 0.9021369596891695, "recall": 0.859375, "budget_ran": 1500, "duration": 330.5567743778229}
{"dataset": "ECG200", "depth": 3, "nb_filters": 32, "batch_size": 64, "kernel_size": 41, "use_residual": false, "use_bottleneck": false, "acc": 0.9, "precision": 0.9196428571428572, "recall": 0.8671875, "budget_ran": 1500, "duration": 67.05272436141968}
{"dataset": "ECG200", "depth": 9, "nb_filters": 64, "batch_size": 128, "kernel_size": 41, "use_residual": true, "use_bottleneck": true,