{"dataset": "ArrowHead", "depth": 9, "nb_filters": 16, "batch_size": 16, "kernel_size": 64, "use_residual": false, "use_bottleneck": false, "acc": 0.7885714285714286, "precision": 0.8116402116402116, "recall": 0.8081305259320025, "budget_ran": 1500, "duration": 226.3586709499359}
{"dataset": "ArrowHead", "depth": 6, "nb_filters": 64, "batch_size": 32, "kernel_size": 41, "use_residual": true, "use_bottleneck": true, "acc": 0.8057142857142857, "precision": 0.8217944388157155, "recall": 0.8211648892534864, "budget_ran": 1500, "duration": 124.89361763000488}
{"dataset": "ArrowHead", "depth": 6, "nb_filters": 32, "batch_size": 64, "kernel_size": 41, "use_residual": true, "use_bottleneck": true, "acc": 0.8285714285714286, "precision": 0.8272718073264521, "recall": 0.834654999544253, "budget_ran": 1500, "duration": 375.8154556751251}
{"dataset": "ArrowHead", "depth": 3, "nb_filters": 32, "batch_size": 128, "kernel_size": 32, "use_residual": true, "use_bottleneck": true, "acc": 0.8571428571428571, "precision": 0.8572975517890772, "recall": 0.8661015404247562, "budget_ran": 1500, "duration": 235.23851108551025}
{"dataset": "ArrowHead", "depth": 6, "nb_filters": 16, "batch_size": 64, "kernel_size": 32, "use_residual": false, "use_bottleneck": false, "acc": 0.8285714285714286, "precision": 0.8346347166397857, "recall": 0.840488560751071, "budget_ran": 1500, "duration": 346.3646910190582}
{"dataset": "ArrowHead", "depth": 3, "nb_filters": 16, "batch_size": 64, "kernel_size": 41, "use_residual": false, "use_bottleneck": false, "acc": 0.8342857142857143, "precision": 0.8378588184246567, "recall": 0.8496946495305807, "budget_ran": 1500, "duration": 211.70693826675415}
{"dataset": "ArrowHead", "depth": 6, "nb_filters": 32, "batch_size": 128, "kernel_size": 64, "use_residual": true, "use_bottleneck": true, "acc": 0.8457142857142858, "precision": 0.8505608262563812, "recall": 0.8578980949776684, "budget_ran": 1500, "duration": 331.9819049835205}
{"dataset": "ArrowHead", "depth": 9, "nb_filters": 64, "batch_size": 32, "kernel_size": 32, "use_residual": true, "use_bottleneck": true, "acc": 0.7885714285714286, "precision": 0.8032535734028271, "recall": 0.806672135630298, "budget_ran": 1500, "duration": 155.14655804634094}
{"dataset": "ArrowHead", "depth": 3, "nb_filters": 16, "batch_size": 16, "kernel_size": 64, "use_residual": false, "use_bottleneck": false, "acc": 0.8228571428571428, "precision": 0.8409515916528539, "recall": 0.8429495943851973, "budget_ran": 1500, "duration": 94.67471122741699}
{"dataset": "ArrowHead", "depth": 3, "nb_filters": 32, "batch_size": 16, "kernel_size": 41, "use_residual": false, "use_bottleneck": true, "acc": 0.8171428571428572, "precision": 0.8302799933532735, "recall": 0.8337435056056878, "budget_ran": 1500, "duration": 97.61632513999939}
{"dataset": "ArrowHead", "depth": 6, "nb_filters": 64, "batch_size": 32, "kernel_size": 32, "use_residual": true, "use_bottleneck": false, "acc": 0.7714285714285715, "precision": 0.7922887172887174, "recall": 0.7878042111019962, "budget_ran": 1500, "duration": 123.14491701126099}
{"dataset": "ArrowHead", "depth": 9, "nb_filters": 32, "batch_size": 128, "kernel_size": 41, "use_residual": true, "use_bottleneck": false, "acc": 0.7771428571428571, "precision": 0.7986531986531986, "recall": 0.7955519095798014, "budget_ran": 1500, "duration": 515.8518912792206}
{"dataset": "ArrowHead", "depth": 6, "nb_filters": 64, "batch_size": 64, "kernel_size": 64, "use_residual": false, "use_bottleneck": true, "acc": 0.84, "precision": 0.8531965217512022, "recall": 0.8574423480083858, "budget_ran": 1500, "duration": 409.17474031448364}
{"dataset": "ArrowHead", "depth": 3, "nb_filters": 32, "batch_size": 128, "kernel_size": 64, "use_residual": true, "use_bottleneck": true, "acc": 0.8171428571428572, "precision": 0.8368741333474649, "recall": 0.8337435056056878, "budget_ran": 1500, "duration": 196.5011546611786}
{"dataset": "ArrowHead", "depth": 3, "nb_filters": 32, "batch_size": 128, "kernel_size": 32, "use_residual": true, "use_bottleneck": false, "acc": 0.8628571428571429, "precision": 0.866436734969906, "recall": 0.8767660195059704, "budget_ran": 1500, "duration": 193.53579878807068}
{"dataset": "ArrowHead", "depth": 3, "nb_filters": 16, "batch_size": 128, "kernel_size": 32, "use_residual": true, "use_bottleneck": true, "acc": 0.8571428571428571, "precision": 0.8567747051243929, "recall": 0.8661015404247561, "budget_ran": 1500, "duration": 190.166109085083}
{"dataset": "ArrowHead", "depth": 3, "nb_filters": 16, "batch_size": 128, "kernel_size": 32, "use_residual": true, "use_bottleneck": false, "acc": 0.7828571428571428, "precision": 0.7950395288633968, "recall": 0.8003828274541975, "budget_ran": 1500, "duration": 189.50584411621094}
{"dataset": "ArrowHead", "depth": 6, "nb_filters": 32, "batch_size": 128, "kernel_size": 64, "use_residual": true, "use_bottleneck": false, "acc": 0.8171428571428572, "precision": 0.8330133889758303, "recall": 0.8279099443988698, "budget_ran": 1500, "duration": 362.9122087955475}
{"dataset": "ArrowHead", "depth": 6, "nb_filters": 64, "batch_size": 64, "kernel_size": 64, "use_residual": false, "use_bottleneck": false, "acc": 0.8228571428571428, "precision": 0.8321932365154511, "recall": 0.8385744234800838, "budget_ran": 1500, "duration": 410.93357586860657}
{"dataset": "ArrowHead", "depth": 3, "nb_filters": 16, "batch_size": 64, "kernel_size": 41, "use_residual": false, "use_bottleneck": true, "acc": 0.8285714285714286, "precision": 0.842024753163677, "recall": 0.8463221219578889, "budget_ran": 1500, "duration": 186.34407258033752}
{"dataset": "ArrowHead", "depth": 6, "nb_filters": 16, "batch_size": 64, "kernel_size": 32, "use_residual": false, "use_bottleneck": true, "acc": 0.84, "precision": 0.8404196613636975, "recall": 0.8486920061981588, "budget_ran": 1500, "duration": 343.70835852622986}
{"dataset": "ArrowHead", "depth": 6, "nb_filters": 32, "batch_size": 64, "kernel_size": 41, "use_residual": true, "use_bottleneck": false, "acc": 0.8571428571428571, "precision": 0.8586755868165037, "recall": 0.8661015404247562, "budget_ran": 1500, "duration": 354.88398337364197}
{"dataset": "ArrowHead", "depth": 3, "nb_filters": 32, "batch_size": 64, "kernel_size": 64, "use_residual": true, "use_bottleneck": false, "acc": 0.8171428571428572, "precision": 0.8252807646356034, "recall": 0.8308267250022787, "budget_ran": 1500, "duration": 198.8028221130371}
{"dataset": "ArrowHead", "depth": 3, "nb_filters": 32, "batch_size": 128, "kernel_size": 32, "use_residual": false, "use_bottleneck": false, "acc": 0.8114285714285714, "precision": 0.8235391792109673, "recall": 0.8274541974295871, "budget_ran": 1500, "duration": 193.16841411590576}
{"dataset": "ArrowHead", "depth": 9, "nb_filters": 32, "batch_size": 128, "kernel_size": 32, "use_residual": true, "use_bottleneck": false, "acc": 0.8, "precision": 0.806837606837607, "recall": 0.8148755810773859, "budget_ran": 1500, "duration": 504.8819556236267}
{"dataset": "ArrowHead", "depth": 3, "nb_filters": 32, "batch_size": 128, "kernel_size": 64, "use_residual": true, "use_bottleneck": false, "acc": 0.7714285714285715, "precision": 0.7956782895307485, "recall": 0.7907209917054052, "budget_ran": 1500, "duration": 198.73435831069946}
{"dataset": "ArrowHead", "depth": 6, "nb_filters": 16, "batch_size": 64, "kernel_size": 32, "use_residual": true, "use_bottleneck": false, "acc": 0.8628571428571429, "precision": 0.8630430547438145, "recall": 0.8709324582991523, "budget_ran": 1500, "duration": 342.2260925769806}
{"dataset": "ArrowHead", "depth": 6, "nb_filters": 16, "batch_size": 64, "kernel_size": 32, "use_residual": true, "use_bottleneck": true, "acc": 0.8342857142857143, "precision": 0.8404616013071896, "recall": 0.8482362592288761, "budget_ran": 1500, "duration": 348.9192271232605}
{"dataset": "ArrowHead", "depth": 3, "nb_filters": 32, "batch_size": 64, "kernel_size": 32, "use_residual": true, "use_bottleneck": false, "acc": 0.8457142857142858,