{"dataset": "Adiac", "depth": 9, "nb_filters": 16, "batch_size": 16, "kernel_size": 64, "use_residual": false, "use_bottleneck": false, "acc": 0.8235294117647058, "precision": 0.8361452140863906, "recall": 0.8190003315003315, "budget_ran": 1500, "duration": 1132.2427382469177}
{"dataset": "Adiac", "depth": 6, "nb_filters": 64, "batch_size": 32, "kernel_size": 41, "use_residual": true, "use_bottleneck": true, "acc": 0.8260869565217391, "precision": 0.8353545853545853, "recall": 0.8306951681951681, "budget_ran": 1500, "duration": 488.68084502220154}
{"dataset": "Adiac", "depth": 6, "nb_filters": 32, "batch_size": 64, "kernel_size": 41, "use_residual": true, "use_bottleneck": true, "acc": 0.7928388746803069, "precision": 0.8164735061793886, "recall": 0.8010897510897511, "budget_ran": 1500, "duration": 280.7980980873108}
{"dataset": "Adiac", "depth": 3, "nb_filters": 32, "batch_size": 128, "kernel_size": 32, "use_residual": true, "use_bottleneck": true, "acc": 0.7774936061381074, "precision": 0.7657664407664408, "recall": 0.7877790377790378, "budget_ran": 1500, "duration": 124.86864876747131}
{"dataset": "Adiac", "depth": 6, "nb_filters": 16, "batch_size": 64, "kernel_size": 32, "use_residual": false, "use_bottleneck": false, "acc": 0.8337595907928389, "precision": 0.8390848265848266, "recall": 0.8371213996213996, "budget_ran": 1500, "duration": 265.0508728027344}
{"dataset": "Adiac", "depth": 3, "nb_filters": 16, "batch_size": 64, "kernel_size": 41, "use_residual": false, "use_bottleneck": false, "acc": 0.8081841432225064, "precision": 0.8026051977138935, "recall": 0.8116772866772866, "budget_ran": 1500, "duration": 167.18203735351562}
{"dataset": "Adiac", "depth": 6, "nb_filters": 32, "batch_size": 128, "kernel_size": 64, "use_residual": true, "use_bottleneck": true, "acc": 0.7237851662404092, "precision": 0.7398472184962248, "recall": 0.7282605907605907, "budget_ran": 1500, "duration": 210.74351620674133}
{"dataset": "Adiac", "depth": 9, "nb_filters": 64, "batch_size": 32, "kernel_size": 32, "use_residual": true, "use_bottleneck": true, "acc": 0.8312020460358056, "precision": 0.8240932115932117, "recall": 0.8363496863496864, "budget_ran": 1500, "duration": 692.6165392398834}
{"dataset": "Adiac", "depth": 3, "nb_filters": 16, "batch_size": 16, "kernel_size": 64, "use_residual": false, "use_bottleneck": false, "acc": 0.8260869565217391, "precision": 0.8320473004296534, "recall": 0.8316440316440318, "budget_ran": 1500, "duration": 506.19406914711}
{"dataset": "Adiac", "depth": 3, "nb_filters": 32, "batch_size": 16, "kernel_size": 41, "use_residual": false, "use_bottleneck": true, "acc": 0.8209718670076727, "precision": 0.8353317853317854, "recall": 0.8201810576810576, "budget_ran": 1500, "duration": 539.5180988311768}
{"dataset": "Adiac", "depth": 6, "nb_filters": 64, "batch_size": 32, "kernel_size": 32, "use_residual": true, "use_bottleneck": false, "acc": 0.8312020460358056, "precision": 0.8390339133760186, "recall": 0.8378253503253502, "budget_ran": 1500, "duration": 468.70423698425293}
{"dataset": "Adiac", "depth": 9, "nb_filters": 32, "batch_size": 128, "kernel_size": 41, "use_residual": true, "use_bottleneck": false, "acc": 0.7774936061381074, "precision": 0.7824592449592449, "recall": 0.7786179286179286, "budget_ran": 1500, "duration": 297.06381154060364}
{"dataset": "Adiac", "depth": 6, "nb_filters": 64, "batch_size": 64, "kernel_size": 64, "use_residual": false, "use_bottleneck": true, "acc": 0.7723785166240409, "precision": 0.783359845859846, "recall": 0.7731703731703732, "budget_ran": 1500, "duration": 349.9869773387909}
{"dataset": "Adiac", "depth": 6, "nb_filters": 64, "batch_size": 32, "kernel_size": 32, "use_residual": true, "use_bottleneck": true, "acc": 0.8235294117647058, "precision": 0.8440254719666483, "recall": 0.8296338796338796, "budget_ran": 1500, "duration": 483.627010345459}
{"dataset": "Adiac", "depth": 9, "nb_filters": 64, "batch_size": 32, "kernel_size": 41, "use_residual": true, "use_bottleneck": false, "acc": 0.8337595907928389, "precision": 0.8401332526332527, "recall": 0.837107562107562, "budget_ran": 1500, "duration": 676.9472739696503}
{"dataset": "Adiac", "depth": 9, "nb_filters": 64, "batch_size": 32, "kernel_size": 64, "use_residual": true, "use_bottleneck": false, "acc": 0.7774936061381074, "precision": 0.7814667844079609, "recall": 0.7777216027216028, "budget_ran": 1500, "duration": 693.3249502182007}
{"dataset": "Adiac", "depth": 3, "nb_filters": 64, "batch_size": 32, "kernel_size": 41, "use_residual": true, "use_bottleneck": false, "acc": 0.7595907928388747, "precision": 0.788312345781386, "recall": 0.7635699510699511, "budget_ran": 1500, "duration": 303.3062584400177}
{"dataset": "Adiac", "depth": 9, "nb_filters": 64, "batch_size": 32, "kernel_size": 41, "use_residual": true, "use_bottleneck": true, "acc": 0.7723785166240409, "precision": 0.80049115343233, "recall": 0.7771219771219772, "budget_ran": 1500, "duration": 723.596777677536}
{"dataset": "Adiac", "depth": 6, "nb_filters": 16, "batch_size": 64, "kernel_size": 32, "use_residual": true, "use_bottleneck": false, "acc": 0.8260869565217391, "precision": 0.8498664645723469, "recall": 0.8304135804135804, "budget_ran": 1500, "duration": 285.0587737560272}
{"dataset": "Adiac", "depth": 9, "nb_filters": 64, "batch_size": 32, "kernel_size": 41, "use_residual": false, "use_bottleneck": false, "acc": 0.8081841432225064, "precision": 0.8234428131486956, "recall": 0.8132397257397258, "budget_ran": 1500, "duration": 744.2862479686737}
{"dataset": "Adiac", "depth": 6, "nb_filters": 64, "batch_size": 32, "kernel_size": 32, "use_residual": false, "use_bottleneck": false, "acc": 0.8286445012787724, "precision": 0.8398706023706023, "recall": 0.8333876333876333, "budget_ran": 1500, "duration": 506.89768409729004}
{"dataset": "Adiac", "depth": 6, "nb_filters": 64, "batch_size": 16, "kernel_size": 32, "use_residual": false, "use_bottleneck": true, "acc": 0.8235294117647058, "precision": 0.825312706195059, "recall": 0.8305099180099179, "budget_ran": 1500, "duration": 901.2575504779816}
{"dataset": "Adiac", "depth": 6, "nb_filters": 16, "batch_size": 32, "kernel_size": 32, "use_residual": false, "use_bottleneck": false, "acc": 0.8414322250639387, "precision": 0.8379993504993505, "recall": 0.8485290985290984, "budget_ran": 1500, "duration": 448.1674642562866}
{"dataset": "Adiac", "depth": 6, "nb_filters": 16, "batch_size": 16, "kernel_size": 32, "use_residual": false, "use_bottleneck": false, "acc": 0.8260869565217391, "precision": 0.839782664782665, "recall": 0.8313019188019188, "budget_ran": 1500, "duration": 892.0330312252045}
{"dataset": "Adiac", "depth": 6, "nb_filters": 16, "batch_size": 128, "kernel_size": 32, "use_residual": false, "use_bottleneck": false, "acc": 0.8056265984654731, "precision": 0.7888916702771194, "recall": 0.8151257526257527, "budget_ran": 1500, "duration": 191.08106780052185}
{"dataset": "Adiac", "depth": 9, "nb_filters": 16, "batch_size": 32, "kernel_size": 64, "use_residual": true, "use_bottleneck": false, "acc": 0.8235294117647058, "precision": 0.827968427968428, "recall": 0.8268107643107642, "budget_ran": 1500, "duration": 594.0171322822571}
{"dataset": "Adiac", "depth": 6, "nb_filters": 32, "batch_size": 32, "kernel_size": 32, "use_residual": false, "use_bottleneck": false, "acc": 0.8286445012787724, "precision": 0.8476278380690144, "recall": 0.8342856092856092, "budget_ran": 1500, "duration": 459.7900643348694}
{"dataset": "Adiac", "depth": 6, "nb_filters": 16, "batch_size": 32, "kernel_size": 32, "use_residual": true, "use_bottleneck": false, "acc": 0.8363171355498721, "precision": 0.8565672602437308, "recall": 0.8420198045198045, "budget_ran": 1500, "duration": 439.0347409248352}
{"dataset": "Adiac", "depth": 9, "nb_filters": 64, "batch_size": 128, "kernel_size": 32, "use_residual": false, "use_bottleneck": true, "acc": 0.8005115089514067, "precision": 0.803641066141066, "recall": 0.8070091695091696, "budget_ran": 1500,