{"dataset": "50words", "depth": 9, "nb_filters": 16, "batch_size": 16, "kernel_size": 64, "use_residual": false, "use_bottleneck": false, "acc": 0.8197802197802198, "precision": 0.7392814826008103, "recall": 0.7097600587063435, "budget_ran": 1500, "duration": 1712.6729481220245}
{"dataset": "50words", "depth": 6, "nb_filters": 64, "batch_size": 32, "kernel_size": 41, "use_residual": true, "use_bottleneck": true, "acc": 0.7978021978021979, "precision": 0.7088729364890355, "recall": 0.6736293108336452, "budget_ran": 1500, "duration": 728.4335606098175}
{"dataset": "50words", "depth": 3, "nb_filters": 32, "batch_size": 128, "kernel_size": 32, "use_residual": true, "use_bottleneck": true, "acc": 0.7450549450549451, "precision": 0.6158900671192149, "recall": 0.5770555551775366, "budget_ran": 1500, "duration": 169.86603808403015}
{"dataset": "50words", "depth": 6, "nb_filters": 16, "batch_size": 64, "kernel_size": 32, "use_residual": false, "use_bottleneck": false, "acc": 0.7516483516483516, "precision": 0.6172912387241759, "recall": 0.5950888686648749, "budget_ran": 1500, "duration": 406.9669303894043}
{"dataset": "50words", "depth": 3, "nb_filters": 16, "batch_size": 64, "kernel_size": 41, "use_residual": false, "use_bottleneck": false, "acc": 0.7208791208791209, "precision": 0.681141858748321, "recall": 0.5919382228194922, "budget_ran": 1500, "duration": 235.2389144897461}
{"dataset": "50words", "depth": 6, "nb_filters": 32, "batch_size": 128, "kernel_size": 64, "use_residual": true, "use_bottleneck": true, "acc": 0.778021978021978, "precision": 0.6892177902687942, "recall": 0.6448953456416304, "budget_ran": 1500, "duration": 306.9609389305115}
{"dataset": "50words", "depth": 9, "nb_filters": 64, "batch_size": 32, "kernel_size": 32, "use_residual": true, "use_bottleneck": true, "acc": 0.789010989010989, "precision": 0.727764233636546, "recall": 0.6695224526247746, "budget_ran": 1500, "duration": 1023.5181448459625}
{"dataset": "50words", "depth": 3, "nb_filters": 16, "batch_size": 16, "kernel_size": 64, "use_residual": false, "use_bottleneck": false, "acc": 0.8043956043956044, "precision": 0.7064572245971265, "recall": 0.6842628059590907, "budget_ran": 1500, "duration": 703.6584930419922}
{"dataset": "50words", "depth": 3, "nb_filters": 32, "batch_size": 16, "kernel_size": 41, "use_residual": false, "use_bottleneck": true, "acc": 0.7846153846153846, "precision": 0.711429063952903, "recall": 0.6717185363484124, "budget_ran": 1500, "duration": 732.9040806293488}
{"dataset": "50words", "depth": 6, "nb_filters": 64, "batch_size": 32, "kernel_size": 32, "use_residual": true, "use_bottleneck": false, "acc": 0.7934065934065934, "precision": 0.7420399996476579, "recall": 0.6825138625220668, "budget_ran": 1500, "duration": 711.2458508014679}
{"dataset": "50words", "depth": 9, "nb_filters": 32, "batch_size": 128, "kernel_size": 41, "use_residual": true, "use_bottleneck": false, "acc": 0.7868131868131868, "precision": 0.696991283764968, "recall": 0.636455436857604, "budget_ran": 1500, "duration": 451.81377029418945}
{"dataset": "50words", "depth": 6, "nb_filters": 64, "batch_size": 64, "kernel_size": 64, "use_residual": false, "use_bottleneck": true, "acc": 0.8285714285714286, "precision": 0.7402582789534711, "recall": 0.7278129486612458, "budget_ran": 1500, "duration": 555.5265123844147}
{"dataset": "50words", "depth": 6, "nb_filters": 32, "batch_size": 64, "kernel_size": 41, "use_residual": true, "use_bottleneck": true, "acc": 0.8065934065934066, "precision": 0.7571426003190709, "recall": 0.6726415444720399, "budget_ran": 1500, "duration": 411.35643577575684}
{"dataset": "50words", "depth": 3, "nb_filters": 64, "batch_size": 64, "kernel_size": 64, "use_residual": false, "use_bottleneck": true, "acc": 0.8021978021978022, "precision": 0.7053796594415789, "recall": 0.70033305265426, "budget_ran": 1500, "duration": 298.5286388397217}
{"dataset": "50words", "depth": 3, "nb_filters": 16, "batch_size": 64, "kernel_size": 41, "use_residual": true, "use_bottleneck": false, "acc": 0.7582417582417582, "precision": 0.6219087142034783, "recall": 0.6116463823586115, "budget_ran": 1500, "duration": 235.57364773750305}
{"dataset": "50words", "depth": 9, "nb_filters": 64, "batch_size": 64, "kernel_size": 41, "use_residual": true, "use_bottleneck": false, "acc": 0.8131868131868132, "precision": 0.7214627902392122, "recall": 0.701738015854115, "budget_ran": 1500, "duration": 798.8542919158936}
{"dataset": "50words", "depth": 6, "nb_filters": 64, "batch_size": 64, "kernel_size": 64, "use_residual": false, "use_bottleneck": false, "acc": 0.8395604395604396, "precision": 0.7603707399595926, "recall": 0.7350734897197745, "budget_ran": 1500, "duration": 558.0563886165619}
{"dataset": "50words", "depth": 6, "nb_filters": 32, "batch_size": 64, "kernel_size": 64, "use_residual": false, "use_bottleneck": false, "acc": 0.810989010989011, "precision": 0.7082882211874145, "recall": 0.6809847408869081, "budget_ran": 1500, "duration": 405.76892709732056}
{"dataset": "50words", "depth": 6, "nb_filters": 64, "batch_size": 64, "kernel_size": 41, "use_residual": false, "use_bottleneck": false, "acc": 0.8175824175824176, "precision": 0.7252803141990448, "recall": 0.6996891319550762, "budget_ran": 1500, "duration": 545.9136912822723}
{"dataset": "50words", "depth": 9, "nb_filters": 64, "batch_size": 64, "kernel_size": 64, "use_residual": false, "use_bottleneck": false, "acc": 0.8021978021978022, "precision": 0.7224980503342573, "recall": 0.6716004269724084, "budget_ran": 1500, "duration": 817.7729008197784}
{"dataset": "50words", "depth": 3, "nb_filters": 16, "batch_size": 32, "kernel_size": 32, "use_residual": false, "use_bottleneck": true, "acc": 0.7626373626373626, "precision": 0.6314043184358915, "recall": 0.6184846157626344, "budget_ran": 1500, "duration": 380.65871143341064}
{"dataset": "50words", "depth": 6, "nb_filters": 64, "batch_size": 64, "kernel_size": 64, "use_residual": true, "use_bottleneck": false, "acc": 0.8307692307692308, "precision": 0.7538995338479628, "recall": 0.7186965594604914, "budget_ran": 1500, "duration": 559.5171029567719}
{"dataset": "50words", "depth": 6, "nb_filters": 64, "batch_size": 64, "kernel_size": 32, "use_residual": false, "use_bottleneck": false, "acc": 0.778021978021978, "precision": 0.6577693510036464, "recall": 0.6383302124088501, "budget_ran": 1500, "duration": 536.6242468357086}
{"dataset": "50words", "depth": 6, "nb_filters": 64, "batch_size": 64, "kernel_size": 64, "use_residual": true, "use_bottleneck": true, "acc": 0.8395604395604396, "precision": 0.7446773086299507, "recall": 0.7273324260878441, "budget_ran": 1500, "duration": 555.9048862457275}
{"dataset": "50words", "depth": 6, "nb_filters": 64, "batch_size": 64, "kernel_size": 41, "use_residual": true, "use_bottleneck": true, "acc": 0.810989010989011, "precision": 0.7144044307846906, "recall": 0.7041681108880801, "budget_ran": 1500, "duration": 539.437108039856}
{"dataset": "50words", "depth": 6, "nb_filters": 16, "batch_size": 16, "kernel_size": 32, "use_residual": true, "use_bottleneck": true, "acc": 0.7956043956043956, "precision": 0.7071698099002447, "recall": 0.6678772073471764, "budget_ran": 1500, "duration": 1008.587310552597}
{"dataset": "50words", "depth": 9, "nb_filters": 64, "batch_size": 64, "kernel_size": 64, "use_residual": true, "use_bottleneck": true, "acc": 0.8373626373626374, "precision": 0.736278620690599, "recall": 0.7281474392996065, "budget_ran": 1500, "duration": 827.0446832180023}
{"dataset": "50words", "depth": 3, "nb_filters": 64, "batch_size": 64, "kernel_size": 64, "use_residual": true, "use_bottleneck": true, "acc": 0.8175824175824176, "precision": 0.7352335424921609, "recall": 0.7012377754340604, "budget_ran": 1500, "duration": 309.67038655281067}
{"dataset": "50words", "depth": 9, "nb_filters": 16, "batch_size": 16, "kernel_size": 41, "use_residual": false, "use_bottleneck": false, "acc": 0.8219780219780219, "precision": 0.7187600815660251,