{"dataset": "DiatomSizeReduction", "depth": 9, "nb_filters": 16, "batch_size": 16, "kernel_size": 64, "use_residual": false, "use_bottleneck": false, "acc": 0.9607843137254902, "precision": 0.9711538461538461, "recall": 0.9582527401676337, "budget_ran": 1500, "duration": 488.3958041667938}
{"dataset": "DiatomSizeReduction", "depth": 6, "nb_filters": 64, "batch_size": 32, "kernel_size": 41, "use_residual": true, "use_bottleneck": true, "acc": 0.9313725490196079, "precision": 0.9535398230088495, "recall": 0.904819471308833, "budget_ran": 1500, "duration": 381.3903000354767}
{"dataset": "DiatomSizeReduction", "depth": 3, "nb_filters": 32, "batch_size": 128, "kernel_size": 32, "use_residual": true, "use_bottleneck": true, "acc": 0.9248366013071896, "precision": 0.9489134768740032, "recall": 0.8896679561573179, "budget_ran": 1500, "duration": 192.36584377288818}
{"dataset": "DiatomSizeReduction", "depth": 6, "nb_filters": 16, "batch_size": 64, "kernel_size": 32, "use_residual": false, "use_bottleneck": false, "acc": 0.9183006535947712, "precision": 0.9383575263471864, "recall": 0.8597678916827853, "budget_ran": 1500, "duration": 343.10503673553467}
{"dataset": "DiatomSizeReduction", "depth": 3, "nb_filters": 16, "batch_size": 64, "kernel_size": 41, "use_residual": false, "use_bottleneck": false, "acc": 0.934640522875817, "precision": 0.9523884846567542, "recall": 0.8976466795615732, "budget_ran": 1500, "duration": 191.54253697395325}
{"dataset": "DiatomSizeReduction", "depth": 6, "nb_filters": 32, "batch_size": 128, "kernel_size": 64, "use_residual": true, "use_bottleneck": true, "acc": 0.9444444444444444, "precision": 0.9580586080586081, "recall": 0.9203739522888459, "budget_ran": 1500, "duration": 357.6639668941498}
{"dataset": "DiatomSizeReduction", "depth": 9, "nb_filters": 64, "batch_size": 32, "kernel_size": 32, "use_residual": true, "use_bottleneck": true, "acc": 0.9477124183006536, "precision": 0.9620120945574492, "recall": 0.9279497098646035, "budget_ran": 1500, "duration": 543.0576696395874}
{"dataset": "DiatomSizeReduction", "depth": 3, "nb_filters": 16, "batch_size": 16, "kernel_size": 64, "use_residual": false, "use_bottleneck": false, "acc": 0.9379084967320261, "precision": 0.9561497326203209, "recall": 0.9052224371373307, "budget_ran": 1500, "duration": 188.6328582763672}
{"dataset": "DiatomSizeReduction", "depth": 3, "nb_filters": 32, "batch_size": 16, "kernel_size": 41, "use_residual": false, "use_bottleneck": true, "acc": 0.9379084967320261, "precision": 0.9543081003836819, "recall": 0.9052224371373307, "budget_ran": 1500, "duration": 190.50403213500977}
{"dataset": "DiatomSizeReduction", "depth": 6, "nb_filters": 64, "batch_size": 32, "kernel_size": 32, "use_residual": true, "use_bottleneck": false, "acc": 0.9411764705882353, "precision": 0.9590909090909091, "recall": 0.9275467440361058, "budget_ran": 1500, "duration": 373.6710305213928}
{"dataset": "DiatomSizeReduction", "depth": 9, "nb_filters": 32, "batch_size": 128, "kernel_size": 41, "use_residual": true, "use_bottleneck": false, "acc": 0.9509803921568627, "precision": 0.9641402229845627, "recall": 0.9404416505480335, "budget_ran": 1500, "duration": 518.19384932518}
{"dataset": "DiatomSizeReduction", "depth": 6, "nb_filters": 64, "batch_size": 64, "kernel_size": 64, "use_residual": false, "use_bottleneck": true, "acc": 0.9411764705882353, "precision": 0.954483016983017, "recall": 0.9029658284977434, "budget_ran": 1500, "duration": 395.73640298843384}
{"dataset": "DiatomSizeReduction", "depth": 9, "nb_filters": 16, "batch_size": 16, "kernel_size": 64, "use_residual": true, "use_bottleneck": false, "acc": 0.9640522875816994, "precision": 0.9733009708737864, "recall": 0.9658284977433913, "budget_ran": 1500, "duration": 487.14693236351013}
{"dataset": "DiatomSizeReduction", "depth": 6, "nb_filters": 32, "batch_size": 64, "kernel_size": 41, "use_residual": true, "use_bottleneck": true, "acc": 0.934640522875817, "precision": 0.9541951590144361, "recall": 0.9074790457769182, "budget_ran": 1500, "duration": 356.7663519382477}
{"dataset": "DiatomSizeReduction", "depth": 3, "nb_filters": 16, "batch_size": 64, "kernel_size": 41, "use_residual": true, "use_bottleneck": false, "acc": 0.9281045751633987, "precision": 0.9517543859649122, "recall": 0.8972437137330754, "budget_ran": 1500, "duration": 190.07265639305115}
{"dataset": "DiatomSizeReduction", "depth": 9, "nb_filters": 64, "batch_size": 64, "kernel_size": 41, "use_residual": true, "use_bottleneck": false, "acc": 0.9509803921568627, "precision": 0.9649532710280374, "recall": 0.935525467440361, "budget_ran": 1500, "duration": 557.6365144252777}
{"dataset": "DiatomSizeReduction", "depth": 9, "nb_filters": 16, "batch_size": 16, "kernel_size": 32, "use_residual": true, "use_bottleneck": false, "acc": 0.9379084967320261, "precision": 0.95625, "recall": 0.9199709864603483, "budget_ran": 1500, "duration": 476.7834060192108}
{"dataset": "DiatomSizeReduction", "depth": 9, "nb_filters": 64, "batch_size": 16, "kernel_size": 64, "use_residual": true, "use_bottleneck": false, "acc": 0.9477124183006536, "precision": 0.9620462942838514, "recall": 0.923033526756931, "budget_ran": 1500, "duration": 557.3093123435974}
{"dataset": "DiatomSizeReduction", "depth": 9, "nb_filters": 16, "batch_size": 128, "kernel_size": 64, "use_residual": true, "use_bottleneck": false, "acc": 0.9575163398692811, "precision": 0.969047619047619, "recall": 0.9506769825918762, "budget_ran": 1500, "duration": 505.34694957733154}
{"dataset": "DiatomSizeReduction", "depth": 9, "nb_filters": 16, "batch_size": 16, "kernel_size": 64, "use_residual": true, "use_bottleneck": true, "acc": 0.954248366013072, "precision": 0.9644660894660895, "recall": 0.9086879432624113, "budget_ran": 1500, "duration": 486.1918783187866}
{"dataset": "DiatomSizeReduction", "depth": 9, "nb_filters": 16, "batch_size": 64, "kernel_size": 64, "use_residual": true, "use_bottleneck": false, "acc": 0.9607843137254902, "precision": 0.9682700839533138, "recall": 0.928755641521599, "budget_ran": 1500, "duration": 503.2707369327545}
{"dataset": "DiatomSizeReduction", "depth": 9, "nb_filters": 16, "batch_size": 32, "kernel_size": 64, "use_residual": true, "use_bottleneck": false, "acc": 0.9117647058823529, "precision": 0.9432773109243697, "recall": 0.8544487427466151, "budget_ran": 1500, "duration": 491.06860542297363}
{"dataset": "DiatomSizeReduction", "depth": 9, "nb_filters": 16, "batch_size": 32, "kernel_size": 32, "use_residual": true, "use_bottleneck": false, "acc": 0.9444444444444444, "precision": 0.9600217864923748, "recall": 0.9203739522888459, "budget_ran": 1500, "duration": 491.6368758678436}
{"dataset": "DiatomSizeReduction", "depth": 9, "nb_filters": 16, "batch_size": 64, "kernel_size": 64, "use_residual": true, "use_bottleneck": true, "acc": 0.9477124183006536, "precision": 0.9621123619371283, "recall": 0.942698259187621, "budget_ran": 1500, "duration": 499.8279912471771}
{"dataset": "DiatomSizeReduction", "depth": 9, "nb_filters": 16, "batch_size": 64, "kernel_size": 64, "use_residual": false, "use_bottleneck": false, "acc": 0.9705882352941176, "precision": 0.9724242424242424, "recall": 0.9711476466795615, "budget_ran": 1500, "duration": 501.80560660362244}
{"dataset": "DiatomSizeReduction", "depth": 6, "nb_filters": 32, "batch_size": 16, "kernel_size": 64, "use_residual": true, "use_bottleneck": true, "acc": 0.9379084967320261, "precision": 0.9539642600390265, "recall": 0.9052224371373307, "budget_ran": 1500, "duration": 353.83394956588745}
{"dataset": "DiatomSizeReduction", "depth": 9, "nb_filters": 64, "batch_size": 64, "kernel_size": 64, "use_residual": false, "use_bottleneck": false, "acc": 0.9607843137254902, "precision": 0.9711538461538461, "recall": 0.9484203739522888, "budget_ran": 1500, "duration": 581.9618690013885}
{"dataset": "DiatomSizeReduction", "depth": 9, "nb_filters": 32, "batch_size": 64, "kernel_size": 64, "use_residual": false, "use_bottleneck": false, "acc": 0.9313725490196079,