{"dataset": "Earthquakes", "depth": 9, "nb_filters": 16, "batch_size": 16, "kernel_size": 64, "use_residual": false, "use_bottleneck": false, "acc": 0.8167701863354038, "precision": 0.6559840194545771, "recall": 0.5586468129571578, "budget_ran": 1500, "duration": 458.72781467437744}
{"dataset": "Earthquakes", "depth": 6, "nb_filters": 64, "batch_size": 32, "kernel_size": 41, "use_residual": true, "use_bottleneck": true, "acc": 0.8074534161490683, "precision": 0.6025326797385622, "recall": 0.5327847439916406, "budget_ran": 1500, "duration": 303.10158801078796}
{"dataset": "Earthquakes", "depth": 3, "nb_filters": 32, "batch_size": 128, "kernel_size": 32, "use_residual": true, "use_bottleneck": true, "acc": 0.8198757763975155, "precision": 0.40993788819875776, "recall": 0.5, "budget_ran": 1500, "duration": 102.93648600578308}
{"dataset": "Earthquakes", "depth": 6, "nb_filters": 32, "batch_size": 64, "kernel_size": 41, "use_residual": true, "use_bottleneck": true, "acc": 0.8136645962732919, "precision": 0.6354166666666667, "recall": 0.5432993730407524, "budget_ran": 1500, "duration": 184.54816102981567}
{"dataset": "Earthquakes", "depth": 6, "nb_filters": 16, "batch_size": 64, "kernel_size": 32, "use_residual": false, "use_bottleneck": false, "acc": 0.7950310559006211, "precision": 0.5969387755102041, "recall": 0.552115987460815, "budget_ran": 1500, "duration": 151.02997422218323}
{"dataset": "Earthquakes", "depth": 3, "nb_filters": 16, "batch_size": 64, "kernel_size": 41, "use_residual": false, "use_bottleneck": false, "acc": 0.7608695652173914, "precision": 0.5841691800519043, "recall": 0.5783699059561128, "budget_ran": 1500, "duration": 92.43098616600037}
{"dataset": "Earthquakes", "depth": 6, "nb_filters": 32, "batch_size": 128, "kernel_size": 64, "use_residual": true, "use_bottleneck": true, "acc": 0.7950310559006211, "precision": 0.5827740492170023, "recall": 0.5386624869383491, "budget_ran": 1500, "duration": 183.08301639556885}
{"dataset": "Earthquakes", "depth": 9, "nb_filters": 64, "batch_size": 32, "kernel_size": 32, "use_residual": true, "use_bottleneck": true, "acc": 0.7950310559006211, "precision": 0.6175213675213675, "recall": 0.5790229885057471, "budget_ran": 1500, "duration": 434.5404362678528}
{"dataset": "Earthquakes", "depth": 3, "nb_filters": 16, "batch_size": 16, "kernel_size": 64, "use_residual": false, "use_bottleneck": false, "acc": 0.8167701863354038, "precision": 0.650271444082519, "recall": 0.5451933124346917, "budget_ran": 1500, "duration": 217.6202907562256}
{"dataset": "Earthquakes", "depth": 3, "nb_filters": 32, "batch_size": 16, "kernel_size": 41, "use_residual": false, "use_bottleneck": true, "acc": 0.782608695652174, "precision": 0.5578231292517006, "recall": 0.5310867293625914, "budget_ran": 1500, "duration": 223.69265174865723}
{"dataset": "Earthquakes", "depth": 6, "nb_filters": 64, "batch_size": 32, "kernel_size": 32, "use_residual": true, "use_bottleneck": false, "acc": 0.7919254658385093, "precision": 0.6119962067330489, "recall": 0.5771290491118077, "budget_ran": 1500, "duration": 316.8058955669403}
{"dataset": "Earthquakes", "depth": 9, "nb_filters": 32, "batch_size": 128, "kernel_size": 41, "use_residual": true, "use_bottleneck": false, "acc": 0.8136645962732919, "precision": 0.6556122448979592, "recall": 0.5836598746081505, "budget_ran": 1500, "duration": 291.5422327518463}
{"dataset": "Earthquakes", "depth": 6, "nb_filters": 64, "batch_size": 64, "kernel_size": 64, "use_residual": false, "use_bottleneck": true, "acc": 0.7639751552795031, "precision": 0.6004440961337514, "recall": 0.6004440961337514, "budget_ran": 1500, "duration": 295.6230318546295}
{"dataset": "Earthquakes", "depth": 3, "nb_filters": 32, "batch_size": 128, "kernel_size": 32, "use_residual": true, "use_bottleneck": false, "acc": 0.8105590062111802, "precision": 0.4090909090909091, "recall": 0.4943181818181818, "budget_ran": 1500, "duration": 106.1227958202362}
{"dataset": "Earthquakes", "depth": 9, "nb_filters": 32, "batch_size": 128, "kernel_size": 32, "use_residual": true, "use_bottleneck": true, "acc": 0.7857142857142857, "precision": 0.5912891986062718, "recall": 0.5598876698014629, "budget_ran": 1500, "duration": 285.49644207954407}
{"dataset": "Earthquakes", "depth": 3, "nb_filters": 16, "batch_size": 128, "kernel_size": 32, "use_residual": true, "use_bottleneck": true, "acc": 0.8167701863354038, "precision": 0.6466268359472243, "recall": 0.5384665621734588, "budget_ran": 1500, "duration": 91.56187057495117}
{"dataset": "Earthquakes", "depth": 3, "nb_filters": 64, "batch_size": 128, "kernel_size": 32, "use_residual": true, "use_bottleneck": true, "acc": 0.7919254658385093, "precision": 0.5966633410930052, "recall": 0.5569487983281086, "budget_ran": 1500, "duration": 145.14726567268372}
{"dataset": "Earthquakes", "depth": 3, "nb_filters": 32, "batch_size": 16, "kernel_size": 32, "use_residual": true, "use_bottleneck": true, "acc": 0.7857142857142857, "precision": 0.5715546663528304, "recall": 0.5397074190177639, "budget_ran": 1500, "duration": 219.4121642112732}
{"dataset": "Earthquakes", "depth": 9, "nb_filters": 16, "batch_size": 16, "kernel_size": 64, "use_residual": false, "use_bottleneck": true, "acc": 0.8074534161490683, "precision": 0.6277964205816555, "recall": 0.5596917450365726, "budget_ran": 1500, "duration": 472.9808874130249}
{"dataset": "Earthquakes", "depth": 3, "nb_filters": 16, "batch_size": 16, "kernel_size": 64, "use_residual": false, "use_bottleneck": true, "acc": 0.8136645962732919, "precision": 0.5353773584905661, "recall": 0.5029388714733543, "budget_ran": 1500, "duration": 206.88464260101318}
{"dataset": "Earthquakes", "depth": 3, "nb_filters": 16, "batch_size": 128, "kernel_size": 32, "use_residual": true, "use_bottleneck": false, "acc": 0.8105590062111802, "precision": 0.4090909090909091, "recall": 0.4943181818181818, "budget_ran": 1500, "duration": 85.59374380111694}
{"dataset": "Earthquakes", "depth": 6, "nb_filters": 64, "batch_size": 16, "kernel_size": 32, "use_residual": false, "use_bottleneck": true, "acc": 0.8012422360248447, "precision": 0.581140350877193, "recall": 0.5289968652037618, "budget_ran": 1500, "duration": 371.2888913154602}
{"dataset": "Earthquakes", "depth": 9, "nb_filters": 32, "batch_size": 128, "kernel_size": 41, "use_residual": true, "use_bottleneck": true, "acc": 0.7546583850931677, "precision": 0.5677230301714782, "recall": 0.5611285266457681, "budget_ran": 1500, "duration": 279.6185839176178}
{"dataset": "Earthquakes", "depth": 3, "nb_filters": 64, "batch_size": 64, "kernel_size": 64, "use_residual": false, "use_bottleneck": false, "acc": 0.8198757763975155, "precision": 0.6619496855345912, "recall": 0.5134535005224661, "budget_ran": 1500, "duration": 143.96887302398682}
{"dataset": "Earthquakes", "depth": 6, "nb_filters": 16, "batch_size": 16, "kernel_size": 64, "use_residual": false, "use_bottleneck": false, "acc": 0.7981366459627329, "precision": 0.6094503942567965, "recall": 0.5607366771159874, "budget_ran": 1500, "duration": 344.6433935165405}
{"dataset": "Earthquakes", "depth": 3, "nb_filters": 64, "batch_size": 64, "kernel_size": 32, "use_residual": false, "use_bottleneck": false, "acc": 0.8136645962732919, "precision": 0.409375, "recall": 0.4962121212121212, "budget_ran": 1500, "duration": 140.13014268875122}
{"dataset": "Earthquakes", "depth": 3, "nb_filters": 64, "batch_size": 64, "kernel_size": 64, "use_residual": true, "use_bottleneck": false, "acc": 0.7546583850931677, "precision": 0.5868724624605272, "recall": 0.5880355276907001, "budget_ran": 1500, "duration": 146.4766137599945}
{"dataset": "Earthquakes", "depth": 3, "nb_filters": 64, "batch_size": 64, "kernel_size": 41, "use_residual": false, "use_bottleneck": false, "acc": 0.7795031055900621, "precision": 0.5871613663133097, "recall": 0.5628265412748171, "budget_ran": 1500, "duration": 143.30419993400574}
{"dataset": "Earthquakes", "depth": 3, "nb_filters": 32, "batch_size": 64, "kernel_size": 64,