{"dataset": "CBF", "depth": 9, "nb_filters": 16, "batch_size": 16, "kernel_size": 64, "use_residual": false, "use_bottleneck": false, "acc": 1.0, "precision": 1.0, "recall": 1.0, "budget_ran": 1500, "duration": 131.25657629966736}
{"dataset": "CBF", "depth": 6, "nb_filters": 64, "batch_size": 32, "kernel_size": 41, "use_residual": true, "use_bottleneck": true, "acc": 0.9988888888888889, "precision": 0.9988998899889988, "recall": 0.9988888888888888, "budget_ran": 1500, "duration": 256.5279824733734}
{"dataset": "CBF", "depth": 3, "nb_filters": 32, "batch_size": 128, "kernel_size": 32, "use_residual": true, "use_bottleneck": true, "acc": 0.9977777777777778, "precision": 0.9978070175438596, "recall": 0.9977777777777778, "budget_ran": 1500, "duration": 133.40540146827698}
{"dataset": "CBF", "depth": 6, "nb_filters": 16, "batch_size": 64, "kernel_size": 32, "use_residual": false, "use_bottleneck": false, "acc": 0.9955555555555555, "precision": 0.9956427015250545, "recall": 0.9955555555555556, "budget_ran": 1500, "duration": 230.00705313682556}
{"dataset": "CBF", "depth": 3, "nb_filters": 16, "batch_size": 64, "kernel_size": 41, "use_residual": false, "use_bottleneck": false, "acc": 0.9988888888888889, "precision": 0.9988998899889988, "recall": 0.9988888888888888, "budget_ran": 1500, "duration": 130.10685849189758}
{"dataset": "CBF", "depth": 6, "nb_filters": 32, "batch_size": 128, "kernel_size": 64, "use_residual": true, "use_bottleneck": true, "acc": 0.9988888888888889, "precision": 0.9988998899889988, "recall": 0.9988888888888888, "budget_ran": 1500, "duration": 245.7095730304718}
{"dataset": "CBF", "depth": 9, "nb_filters": 64, "batch_size": 32, "kernel_size": 32, "use_residual": true, "use_bottleneck": true, "acc": 0.9988888888888889, "precision": 0.9988998899889988, "recall": 0.9988888888888888, "budget_ran": 1500, "duration": 362.60153460502625}
{"dataset": "CBF", "depth": 3, "nb_filters": 16, "batch_size": 16, "kernel_size": 64, "use_residual": false, "use_bottleneck": false, "acc": 1.0, "precision": 1.0, "recall": 1.0, "budget_ran": 1500, "duration": 61.36780905723572}
{"dataset": "CBF", "depth": 3, "nb_filters": 32, "batch_size": 16, "kernel_size": 41, "use_residual": false, "use_bottleneck": true, "acc": 0.9988888888888889, "precision": 0.9988998899889988, "recall": 0.9988888888888888, "budget_ran": 1500, "duration": 61.218533992767334}
{"dataset": "CBF", "depth": 6, "nb_filters": 64, "batch_size": 32, "kernel_size": 32, "use_residual": true, "use_bottleneck": false, "acc": 0.9988888888888889, "precision": 0.9988998899889988, "recall": 0.9988888888888888, "budget_ran": 1500, "duration": 252.3548605442047}
{"dataset": "CBF", "depth": 9, "nb_filters": 32, "batch_size": 128, "kernel_size": 41, "use_residual": true, "use_bottleneck": false, "acc": 1.0, "precision": 1.0, "recall": 1.0, "budget_ran": 1500, "duration": 347.85925936698914}
{"dataset": "CBF", "depth": 6, "nb_filters": 64, "batch_size": 64, "kernel_size": 64, "use_residual": false, "use_bottleneck": true, "acc": 0.9988888888888889, "precision": 0.9988998899889988, "recall": 0.9988888888888888, "budget_ran": 1500, "duration": 297.8006718158722}
{"dataset": "CBF", "depth": 6, "nb_filters": 16, "batch_size": 16, "kernel_size": 64, "use_residual": false, "use_bottleneck": false, "acc": 1.0, "precision": 1.0, "recall": 1.0, "budget_ran": 1500, "duration": 96.57781386375427}
{"dataset": "CBF", "depth": 9, "nb_filters": 16, "batch_size": 16, "kernel_size": 64, "use_residual": true, "use_bottleneck": false, "acc": 1.0, "precision": 1.0, "recall": 1.0, "budget_ran": 1500, "duration": 129.44319915771484}
{"dataset": "CBF", "depth": 3, "nb_filters": 16, "batch_size": 16, "kernel_size": 64, "use_residual": true, "use_bottleneck": false, "acc": 0.9988888888888889, "precision": 0.9988998899889988, "recall": 0.9988888888888888, "budget_ran": 1500, "duration": 61.15030884742737}
{"dataset": "CBF", "depth": 6, "nb_filters": 32, "batch_size": 32, "kernel_size": 64, "use_residual": true, "use_bottleneck": true, "acc": 0.9988888888888889, "precision": 0.9988998899889988, "recall": 0.9988888888888888, "budget_ran": 1500, "duration": 245.3811478614807}
{"dataset": "CBF", "depth": 9, "nb_filters": 32, "batch_size": 16, "kernel_size": 41, "use_residual": false, "use_bottleneck": false, "acc": 1.0, "precision": 1.0, "recall": 1.0, "budget_ran": 1500, "duration": 127.28093361854553}
{"dataset": "CBF", "depth": 9, "nb_filters": 32, "batch_size": 16, "kernel_size": 41, "use_residual": true, "use_bottleneck": false, "acc": 1.0, "precision": 1.0, "recall": 1.0, "budget_ran": 1500, "duration": 128.393488407135}
{"dataset": "CBF", "depth": 9, "nb_filters": 32, "batch_size": 32, "kernel_size": 41, "use_residual": true, "use_bottleneck": false, "acc": 1.0, "precision": 1.0, "recall": 1.0, "budget_ran": 1500, "duration": 346.8784167766571}
{"dataset": "CBF", "depth": 9, "nb_filters": 32, "batch_size": 64, "kernel_size": 41, "use_residual": true, "use_bottleneck": false, "acc": 1.0, "precision": 1.0, "recall": 1.0, "budget_ran": 1500, "duration": 348.2110342979431}
{"dataset": "CBF", "depth": 9, "nb_filters": 32, "batch_size": 128, "kernel_size": 41, "use_residual": false, "use_bottleneck": false, "acc": 0.9988888888888889, "precision": 0.9988998899889988, "recall": 0.9988888888888888, "budget_ran": 1500, "duration": 346.55748438835144}
{"dataset": "CBF", "depth": 9, "nb_filters": 16, "batch_size": 32, "kernel_size": 64, "use_residual": false, "use_bottleneck": false, "acc": 1.0, "precision": 1.0, "recall": 1.0, "budget_ran": 1500, "duration": 336.1781620979309}
{"dataset": "CBF", "depth": 9, "nb_filters": 16, "batch_size": 128, "kernel_size": 64, "use_residual": false, "use_bottleneck": false, "acc": 0.9966666666666667, "precision": 0.9967213114754099, "recall": 0.9966666666666667, "budget_ran": 1500, "duration": 337.74761033058167}
{"dataset": "CBF", "depth": 9, "nb_filters": 32, "batch_size": 32, "kernel_size": 41, "use_residual": false, "use_bottleneck": false, "acc": 1.0, "precision": 1.0, "recall": 1.0, "budget_ran": 1500, "duration": 346.01504468917847}
{"dataset": "CBF", "depth": 9, "nb_filters": 16, "batch_size": 16, "kernel_size": 64, "use_residual": false, "use_bottleneck": true, "acc": 1.0, "precision": 1.0, "recall": 1.0, "budget_ran": 1500, "duration": 129.9481701850891}
{"dataset": "CBF", "depth": 9, "nb_filters": 32, "batch_size": 64, "kernel_size": 41, "use_residual": true, "use_bottleneck": true, "acc": 0.9977777777777778, "precision": 0.9978070175438596, "recall": 0.9977777777777778, "budget_ran": 1500, "duration": 346.68795347213745}
{"dataset": "CBF", "depth": 6, "nb_filters": 16, "batch_size": 16, "kernel_size": 64, "use_residual": false, "use_bottleneck": true, "acc": 1.0, "precision": 1.0, "recall": 1.0, "budget_ran": 1500, "duration": 94.22441124916077}
{"dataset": "CBF", "depth": 9, "nb_filters": 32, "batch_size": 16, "kernel_size": 64, "use_residual": false, "use_bottleneck": true, "acc": 1.0, "precision": 1.0, "recall": 1.0, "budget_ran": 1500, "duration": 113.97751522064209}
{"dataset": "CBF", "depth": 3, "nb_filters": 16, "batch_size": 16, "kernel_size": 64, "use_residual": false, "use_bottleneck": true, "acc": 1.0, "precision": 1.0, "recall": 1.0, "budget_ran": 1500, "duration": 61.49583172798157}
{"dataset": "CBF", "depth": 6, "nb_filters": 32, "batch_size": 16, "kernel_size": 64, "use_residual": false, "use_bottleneck": true, "acc": 1.0, "precision": 1.0, "recall": 1.0, "budget_ran": 1500, "duration": 89.33719062805176}
{"dataset": "CBF", "depth": 3, "nb_filters": 32, "batch_size": 16, "kernel_size": 64, "use_residual": false, "use_bottleneck": true, "acc": 1.0, "precision": 1.0, "recall": 1.0, "budget_ran": 1500, "duration": 60.285987854003906}
{"dataset": "CBF", "depth": 9, "nb_filters": 16, "batch_size": 16, "kernel_size": 64, "use_residual": true, "use_bottleneck": true, "acc": 1.0, "precision": 1.0, "recall": 1.0, "budget_ran": 1500, "duration": 121.63804054260254}
{"dataset": "CBF",