precision,accuracy,recall,duration
0.3747450892187734,0.5864661654135338,0.37031578461658027,202.39342212677002
