precision,accuracy,recall,duration
0.9549610706270262,0.9590766002098636,0.9590438915292143,83.5390419960022
