precision,accuracy,recall,duration
0.8451320004708752,0.8487179487179487,0.8404137873778635,330.67044043540955
