precision,accuracy,recall,duration
0.7926743216370518,0.792,0.792,204.5007495880127
