precision,accuracy,recall,duration
0.8036498075971761,0.7928388746803069,0.8006419256419256,186.4439697265625
