precision,accuracy,recall,duration
0.928012566137566,0.9216666666666666,0.9216666666666666,1645.7786178588867
