precision,accuracy,recall,duration
0.8088422262798405,0.8057142857142857,0.819706498951782,173.64262175559998
