precision,accuracy,recall,duration
0.9178921568627452,0.925498426023085,0.9281963470319634,324.7307462692261
