precision,accuracy,recall,duration
0.9521430548056137,0.9517029592406476,0.9518710632718519,2725.3976576328278
