precision,accuracy,recall,duration
0.9622331691297208,0.9545454545454546,0.9580419580419581,141.02474522590637
