precision,accuracy,recall,duration
0.4077358818154444,0.6140350877192983,0.4006414777253211,284.8117616176605
