precision,accuracy,recall,duration
0.7548300832478048,0.79,0.6855782437856058,87.62118983268738
