precision,accuracy,recall,duration
0.8412846044424992,0.8286445012787724,0.8344174219174219,1233.2010371685028
