precision,accuracy,recall,duration
0.8660025788492309,0.8384057971014492,0.8390342130096018,80.2652645111084
