precision,accuracy,recall,duration
0.8797524113313587,0.863013698630137,0.8734753550543024,122.46962594985962
