precision,accuracy,recall,duration
0.7666666666666667,0.7,0.7,207.46547102928162
