precision,accuracy,recall,duration
0.505831314725902,0.48,0.5074087570808737,507.6329839229584
