precision,accuracy,recall,duration
0.8176470588235294,0.7962962962962963,0.7962962962962963,66.27150297164917
