precision,accuracy,recall,duration
0.6235712387028177,0.7375,0.6196394322976602,95.92667627334595
