precision,accuracy,recall,duration
0.6187620889748549,0.7857142857142857,0.600248171368861,865.4039845466614
