precision,accuracy,recall,duration
0.8292785309418375,0.8256410256410256,0.8301427263048563,509.67507553100586
