precision,accuracy,recall,duration
0.9619414169604752,0.9639024390243902,0.9440338018423194,633.6040832996368
