precision,accuracy,recall,duration
0.8506830323933183,0.8457142857142858,0.8564397046759639,93.75055432319641
