precision,accuracy,recall,duration
0.945434256808016,0.9450027917364601,0.9451174440873331,751.3253085613251
