precision,accuracy,recall,duration
0.9467151244059268,0.9496327387198321,0.9467151244059268,67.77218341827393
