precision,accuracy,recall,duration
0.4066124021015556,0.5964912280701754,0.39012821540284826,205.8109176158905
