precision,accuracy,recall,duration
0.981756120527307,0.9793388429752066,0.9812096116443944,285.17434310913086
