precision,accuracy,recall,duration
0.7605197245789211,0.7825,0.695115717625273,193.25690841674805
