precision,accuracy,recall,duration
0.806310861423221,0.8780487804878049,0.7972905525846702,407.4029493331909
