precision,accuracy,recall,duration
0.8214629418781175,0.8171428571428572,0.8293683347005741,181.82997941970825
