precision,accuracy,recall,duration
0.4939418564085867,0.4967532467532468,0.4953422942272855,1857.2321462631226
