precision,accuracy,recall,duration
0.7522155268348892,0.7546666666666667,0.7546666666666667,443.2863893508911
