precision,accuracy,recall,duration
0.8544677526139678,0.8566433566433567,0.8403099088368684,1449.9103150367737
