precision,accuracy,recall,duration
0.8448717948717949,0.8,0.736111111111111,249.07452082633972
