precision,accuracy,recall,duration
0.7343539418539419,0.810989010989011,0.6959733470176194,924.5396199226379
