precision,accuracy,recall,duration
0.7777777777777778,0.6,0.6,516.1908357143402
