precision,accuracy,recall,duration
0.8414954221405834,0.8307692307692308,0.8390870257877058,687.3858268260956
