precision,accuracy,recall,duration
0.838469379554539,0.8144927536231884,0.8154321658924003,612.7304267883301
