precision,accuracy,recall,duration
0.8942857142857144,0.8833333333333333,0.8833333333333333,497.5229642391205
