precision,accuracy,recall,duration
0.7078746650175222,0.8097560975609757,0.7609893048128343,170.99586534500122
