precision,accuracy,recall,duration
0.842112182794005,0.8541666666666666,0.8204079946666499,427.7453169822693
