precision,accuracy,recall,duration
0.6823529411764706,0.6875,0.688259109311741,504.95411372184753
