precision,accuracy,recall,duration
0.8087112707678491,0.808,0.808,386.1690719127655
