precision,accuracy,recall,duration
0.9561204397527758,0.9622245540398741,0.9662706178361755,222.463392496109
