precision,accuracy,recall,duration
0.9494128075249826,0.940724946695096,0.9411346589691634,386.0425806045532
