precision,accuracy,recall,duration
0.8641365191403428,0.8615384615384616,0.8626035525812853,266.28128027915955
