precision,accuracy,recall,duration
0.9437321937321937,0.9248366013071896,0.8749194068343005,446.67366790771484
