precision,accuracy,recall,duration
0.889367816091954,0.9003436426116839,0.8774579418833297,444.63246989250183
