precision,accuracy,recall,duration
0.9595734263176486,0.9590243902439024,0.9419441199204515,277.78630661964417
