precision,accuracy,recall,duration
0.7705384370306313,0.7866666666666666,0.7890488231861505,297.39116859436035
