precision,accuracy,recall,duration
0.7963241073535191,0.7877237851662404,0.7948156198156198,124.93286156654358
