precision,accuracy,recall,duration
0.93595174238443,0.9433368310598111,0.9483668809989749,281.3736732006073
