precision,accuracy,recall,duration
0.38725095053695463,0.37636363636363634,0.3759396126274392,125.52172040939331
