precision,accuracy,recall,duration
0.9048651755153722,0.7940828402366864,0.8999358241240613,631.528703212738
