precision,accuracy,recall,duration
0.5859734967880699,0.685,0.5888349031808947,211.89590787887573
