precision,accuracy,recall,duration
0.7046643417611159,0.6761904761904762,0.670479302832244,128.58425879478455
