precision,accuracy,recall,duration
0.9573391998042073,0.9552238805970149,0.9553517786578068,685.5959753990173
