precision,accuracy,recall,duration
0.9425508120198386,0.9183006535947712,0.8745164410058026,201.10325074195862
