precision,accuracy,recall,duration
0.612067043076856,0.6090909090909091,0.6090909090909091,207.94699501991272
