precision,accuracy,recall,duration
0.8339605224973773,0.8282051282051283,0.8342942180709908,383.1891129016876
