precision,accuracy,recall,duration
0.9622331691297208,0.9545454545454546,0.9580419580419581,539.5288767814636
