precision,accuracy,recall,duration
0.843802378710467,0.8487179487179487,0.8418332445996052,291.71022176742554
