precision,accuracy,recall,duration
0.7684992411414246,0.7513157894736842,0.7315852883526652,154.84156680107117
