precision,accuracy,recall,duration
0.9183784108568416,0.9177667766776678,0.9173605056669573,664.5579323768616
