precision,accuracy,recall,duration
0.9696395802945467,0.9690048939641109,0.9627054215052268,649.540337562561
