precision,accuracy,recall,duration
0.776640315898297,0.79,0.6924983452513497,85.96188020706177
