precision,accuracy,recall,duration
0.9022435897435898,0.8333333333333334,0.7416666666666666,326.0846300125122
