precision,accuracy,recall,duration
0.7879141209822174,0.81,0.6799406203490085,147.8881232738495
