precision,accuracy,recall,duration
0.8430489556207946,0.8358974358974359,0.8391972896861907,383.2350013256073
