precision,accuracy,recall,duration
0.984068303611889,0.9839195979899498,0.984174181698661,146.08847832679749
