precision,accuracy,recall,duration
0.6171771235999604,0.7325,0.6143751154299678,88.84753274917603
