precision,accuracy,recall,duration
0.6172185430463577,0.8074534161490683,0.5462382445141066,445.5304934978485
