precision,accuracy,recall,duration
0.5946323529411764,0.7701863354037267,0.584051724137931,445.9107081890106
