precision,accuracy,recall,duration
0.9012853397172821,0.9008264462809917,0.8946828533785056,398.0283694267273
