precision,accuracy,recall,duration
0.6204264392324094,0.6187845303867403,0.6053608558873464,454.62193274497986
