precision,accuracy,recall,duration
0.8051383801383801,0.775,0.6482509402415743,116.24841499328613
