precision,accuracy,recall,duration
0.9284209032145353,0.9279427942794279,0.9275991717523976,879.4476089477539
