precision,accuracy,recall,duration
0.7842277877161598,0.8585365853658536,0.7663190730837789,665.4395546913147
