precision,accuracy,recall,duration
0.776066290738336,0.7605263157894737,0.7186372529674031,103.55584383010864
