precision,accuracy,recall,duration
0.9330460274372258,0.9256198347107438,0.898124098124098,267.7434937953949
