precision,accuracy,recall,duration
0.7895007720020586,0.788,0.788,383.28040170669556
