precision,accuracy,recall,duration
0.8797544103845707,0.8746006389776357,0.8698645612683742,386.5145390033722
