precision,accuracy,recall,duration
0.8344630515683147,0.821917808219178,0.8357978279030911,75.38184452056885
