precision,accuracy,recall,duration
0.6330049261083743,0.640625,0.6366396761133604,505.1234619617462
