precision,accuracy,recall,duration
0.689118189000542,0.7617554858934169,0.6403649861283042,817.7199127674103
