precision,accuracy,recall,duration
0.8657368610218817,0.8487179487179487,0.8559351968855605,522.7611825466156
