precision,accuracy,recall,duration
0.48412155152521136,0.78,0.4808392934311761,506.55850529670715
