precision,accuracy,recall,duration
0.9572049687657894,0.9545454545454546,0.9430475170964302,94.39527535438538
