precision,accuracy,recall,duration
0.9004032910837912,0.9024134312696747,0.891825086198863,381.3353374004364
