precision,accuracy,recall,duration
0.9541250993302467,0.9505330490405117,0.9508946424115718,325.7488842010498
