precision,accuracy,recall,duration
0.60019226932216,0.7275,0.5959198170168634,273.2207365036011
