precision,accuracy,recall,duration
0.6888631486962821,0.7714285714285715,0.6312062677432647,505.9796586036682
