precision,accuracy,recall,duration
0.8151785714285714,0.8,0.7611111111111111,144.03635811805725
