precision,accuracy,recall,duration
0.846410903328481,0.8461538461538461,0.8481514454444956,1001.9213755130768
