precision,accuracy,recall,duration
0.9820596070596073,0.9828571428571429,0.982452071737786,573.5430335998535
