precision,accuracy,recall,duration
0.8623595505617978,0.8369384359400999,0.8571428571428572,142.11162877082825
