precision,accuracy,recall,duration
0.957471264367816,0.9545454545454546,0.9580419580419581,547.1480827331543
