precision,accuracy,recall,duration
0.7938882167103581,0.8125,0.7091300039407886,267.40214014053345
