precision,accuracy,recall,duration
0.7090768755788823,0.6416666666666667,0.7058208519743241,277.3350625038147
