precision,accuracy,recall,duration
0.7860140099909921,0.7519181585677749,0.7626045126045126,189.77835249900818
