precision,accuracy,recall,duration
0.815935010702881,0.8,0.8163339713790903,118.44013953208923
