precision,accuracy,recall,duration
0.8818322573872881,0.8777955271565495,0.8735823865459914,130.44318270683289
