precision,accuracy,recall,duration
0.8407156613038967,0.8312020460358056,0.8363087363087363,873.056453704834
