precision,accuracy,recall,duration
0.8366299709582597,0.8246376811594203,0.8247488026484431,265.85650086402893
