precision,accuracy,recall,duration
0.9706791099938924,0.975594949004371,0.9572036187701188,454.12213706970215
