precision,accuracy,recall,duration
0.9773626373626374,0.9771428571428571,0.977216748768473,329.5263874530792
