precision,accuracy,recall,duration
0.5509246088193457,0.7670807453416149,0.5350705329153604,104.81341648101807
