precision,accuracy,recall,duration
0.8200204813108039,0.82,0.82,1688.9884815216064
