precision,accuracy,recall,duration
0.9606148920886007,0.9624390243902439,0.9475500716141918,164.60535669326782
