precision,accuracy,recall,duration
0.8336577661868447,0.8282051282051283,0.8367291093208391,299.6894464492798
