precision,accuracy,recall,duration
0.7766373725062544,0.776,0.776,805.4499232769012
