precision,accuracy,recall,duration
0.8825075149147213,0.819,0.7517925492301565,1163.704249382019
