precision,accuracy,recall,duration
0.44078678243732183,0.4254545454545455,0.44854979419161134,868.24010181427
