precision,accuracy,recall,duration
0.43787792930924313,0.4163636363636364,0.43088272611897466,1111.17338347435
