precision,accuracy,recall,duration
0.746804207119741,0.8341463414634146,0.7794741532976827,267.95314049720764
