precision,accuracy,recall,duration
0.497612993177109,0.7425,0.5011963629893242,203.53548431396484
