precision,accuracy,recall,duration
0.9289247372096581,0.9287678767876788,0.9285709096192967,384.1374442577362
