precision,accuracy,recall,duration
0.8993981151500753,0.896,0.896,1261.62620139122
