precision,accuracy,recall,duration
0.8688021316033365,0.8797250859106529,0.8477714660257811,388.21970772743225
