precision,accuracy,recall,duration
0.7750030843773483,0.785,0.7921850421850422,835.8299932479858
