precision,accuracy,recall,duration
0.8721143929088088,0.8776041666666666,0.8452631289168312,543.1766238212585
