precision,accuracy,recall,duration
0.6644695543000627,0.8167701863354038,0.58555381400209,263.36751914024353
