precision,accuracy,recall,duration
0.783819795986643,0.7794871794871795,0.7874691761795352,123.00813055038452
