precision,accuracy,recall,duration
0.5140402474541814,0.7525,0.5258809139295166,120.59224915504456
