precision,accuracy,recall,duration
0.7354019376800209,0.7403314917127072,0.72531328320802,128.694317817688
