precision,accuracy,recall,duration
0.8144349845201238,0.812,0.812,269.58162546157837
