precision,accuracy,recall,duration
0.7161864496495185,0.9431111111111111,0.5792079329551534,312.2557077407837
