precision,accuracy,recall,duration
0.887046723740266,0.8,0.9035798084245836,566.7654564380646
