precision,accuracy,recall,duration
0.8795036764705882,0.88,0.857557283638442,680.2027645111084
