precision,accuracy,recall,duration
0.47470293144592485,0.74,0.4847212672038837,193.74009323120117
