precision,accuracy,recall,duration
0.947133118550684,0.9496327387198321,0.9461956015282825,203.30693864822388
