precision,accuracy,recall,duration
0.6875497692815236,0.9344444444444444,0.5946041373569384,1102.7368524074554
