precision,accuracy,recall,duration
0.8225295933418927,0.8102564102564103,0.8121302054493755,431.01866006851196
