precision,accuracy,recall,duration
0.8733385982443134,0.8634185303514377,0.8568521727967136,104.10241436958313
