precision,accuracy,recall,duration
0.9669811320754718,0.954248366013072,0.9529335912314636,649.0400002002716
