precision,accuracy,recall,duration
0.9760610816031116,0.9736585365853658,0.9591049608009569,638.9317517280579
