precision,accuracy,recall,duration
0.8538043607640642,0.8512820512820513,0.8461701293906443,133.8798635005951
