precision,accuracy,recall,duration
0.9570896042677097,0.9568,0.9585324854579512,652.1122961044312
