precision,accuracy,recall,duration
0.6701320980642798,0.7460815047021944,0.6176230182252656,311.4269497394562
