precision,accuracy,recall,duration
0.46754307728251127,0.4036363636363636,0.426715767193202,188.6272840499878
