precision,accuracy,recall,duration
0.971588884589775,0.976930548810102,0.9607450625625661,1675.0649154186249
