precision,accuracy,recall,duration
0.8307855146090442,0.8184143222506394,0.8270462270462271,171.61699724197388
