precision,accuracy,recall,duration
0.45914507268497085,0.75,0.4823504771869027,477.8011164665222
