precision,accuracy,recall,duration
0.9772701333899677,0.9768844221105528,0.9771028935924648,145.52279496192932
