precision,accuracy,recall,duration
0.9584629850132725,0.9568,0.9578651943869334,311.9377658367157
