precision,accuracy,recall,duration
0.8872784406379218,0.8207100591715977,0.9170531234522724,386.9707968235016
