precision,accuracy,recall,duration
0.9209852864999923,0.9116666666666666,0.9116666666666667,599.0345442295074
