precision,accuracy,recall,duration
0.8431819047484765,0.8358974358974359,0.8433642862003236,685.579038143158
