precision,accuracy,recall,duration
0.770497195797646,0.78,0.6839016868871214,201.0765824317932
