{"config": [3, 16, 128, 41, 0, 0], "accuracy": 0.816862649}
{"config": [6, 32, 32, 32, 0, 0], "accuracy": 0.845100441}
{"config": [9, 16, 16, 41, 1, 0], "accuracy": 0.8502123142}
{"config": [6, 16, 128, 41, 1, 1], "accuracy": 0.8629674996000001}
{"config": [6, 32, 64, 64, 0, 0], "accuracy": 0.8233627307}
{"config": [9, 64, 128, 32, 1, 0], "accuracy": 0.8424791769000001}
{"config": [9, 16, 64, 32, 1, 1], "accuracy": 0.8259023355}
{"config": [9, 64, 16, 41, 1, 1], "accuracy": 0.8501633186}
{"config": [9, 32, 128, 64, 1, 1], "accuracy": 0.8335293157}
{"config": [9, 16, 128, 32, 1, 1], "accuracy": 0.8245712886000001}
{"config": [9, 64, 64, 32, 1, 1], "accuracy": 0.8476645435}
{"config": [6, 32, 16, 64, 1, 0], "accuracy": 0.8296831618}
{"config": [9, 16, 128, 64, 1, 0], "accuracy": 0.8220316838}
{"config": [9, 64, 64, 64, 1, 0], "accuracy": 0.8309815450000001}
{"config": [9, 32, 128, 41, 1, 0], "accuracy": 0.8552833578}
{"config": [9, 64, 128, 64, 1, 1], "accuracy": 0.8233708966000001}
{"config": [9, 16, 32, 64, 1, 1], "accuracy": 0.8168953128}
{"config": [3, 64, 32, 64, 1, 1], "accuracy": 0.8156132615}
{"config": [3, 32, 16, 41, 1, 1], "accuracy": 0.8143638739}
{"config": [9, 32, 64, 41, 1, 1], "accuracy": 0.8309978769}
{"config": [9, 64, 32, 32, 1, 0], "accuracy": 0.8399314062000001}
{"config": [9, 32, 16, 32, 1, 1], "accuracy": 0.8181447003000001}
{"config": [9, 16, 32, 32, 1, 1], "accuracy": 0.8310387065}
{"config": [9, 32, 32, 41, 0, 0], "accuracy": 0.8374162992}
{"config": [6, 64, 16, 64, 1, 0], "accuracy": 0.8206679732000001}
{"config": [3, 64, 64, 41, 1, 1], "accuracy": 0.8386330230000001}
{"config": [3, 64, 16, 32, 0, 0], "accuracy": 0.828352115}
{"config": [3, 64, 128, 41, 1, 1], "accuracy": 0.8258288421000001}
{"config": [3, 16, 16, 64, 1, 1], "accuracy": 0.8272088845000001}
{"config": [9, 16, 64, 64, 0, 1], "accuracy": 0.8258533399}
{"config": [9, 64, 128, 41, 1, 1], "accuracy": 0.8412134575}
{"config": [3, 16, 16, 32, 0, 1], "accuracy": 0.823330067}
{"config": [3, 32, 64, 32, 1, 0], "accuracy": 0.8335048179000001}
{"config": [9, 16, 16, 64, 0, 1], "accuracy": 0.8310142087}
{"config": [9, 16, 128, 41, 1, 0], "accuracy": 0.8335129838}
{"config": [3, 16, 64, 64, 1, 1], "accuracy": 0.8027600849000001}
{"config": [3, 32, 128, 32, 0, 1], "accuracy": 0.8182345256}
{"config": [3, 16, 128, 64, 1, 1], "accuracy": 0.8245794545}
{"config": [3, 64, 32, 41, 0, 1], "accuracy": 0.8335293157}
{"config": [3, 64, 64, 64, 0, 1], "accuracy": 0.8028989058}
{"config": [9, 64, 32, 64, 0, 1], "accuracy": 0.8322554303}
{"config": [3, 16, 32, 41, 1, 0], "accuracy": 0.8296749959}
{"config": [3, 64, 64, 32, 1, 1], "accuracy": 0.8220235179000001}
{"config": [3, 32, 32, 64, 0, 1], "accuracy": 0.8360362567}
{"config": [9, 32, 32, 64, 1, 0], "accuracy": 0.8232892373}
{"config": [9, 64, 16, 32, 0, 1], "accuracy": 0.8373836355000001}
{"config": [6, 16, 64, 41, 0, 0], "accuracy": 0.8323125919000001}
{"config": [9, 64, 64, 41, 0, 1], "accuracy": 0.8207251347000001}
{"config": [3, 32, 32, 41, 1, 1], "accuracy": 0.8284337743}
{"config": [3, 64, 128, 64, 1, 0], "accuracy": 0.8207414666}
