{"config": [9, 64, 16, 32, 1, 0], "accuracy": 0.7828833506}
{"config": [3, 64, 16, 41, 1, 0], "accuracy": 0.8125302873}
{"config": [6, 32, 16, 41, 1, 1], "accuracy": 0.7885254413}
{"config": [3, 64, 32, 41, 0, 1], "accuracy": 0.805226722}
{"config": [3, 16, 128, 41, 1, 0], "accuracy": 0.7699896158}
{"config": [3, 64, 16, 41, 1, 1], "accuracy": 0.8070958809000001}
{"config": [6, 64, 16, 64, 1, 0], "accuracy": 0.8033921772}
{"config": [3, 64, 128, 64, 1, 0], "accuracy": 0.6456213223}
{"config": [3, 16, 64, 64, 1, 0], "accuracy": 0.8109380408}
{"config": [6, 16, 64, 32, 1, 0], "accuracy": 0.8069920388}
{"config": [3, 16, 16, 64, 1, 1], "accuracy": 0.8199896158000001}
{"config": [3, 64, 128, 32, 1, 0], "accuracy": 0.7514537902}
{"config": [3, 64, 64, 32, 1, 1], "accuracy": 0.8199896158000001}
{"config": [3, 16, 16, 32, 1, 0], "accuracy": 0.8237971616}
{"config": [3, 64, 64, 64, 0, 1], "accuracy": 0.8032017999000001}
{"config": [3, 32, 64, 32, 1, 0], "accuracy": 0.8088611976000001}
{"config": [9, 16, 128, 32, 1, 0], "accuracy": 0.6625649013}
{"config": [3, 16, 128, 64, 0, 0], "accuracy": 0.7922291450000001}
{"config": [3, 16, 32, 41, 1, 0], "accuracy": 0.8034094843}
{"config": [9, 16, 16, 41, 0, 0], "accuracy": 0.8088092766}
{"config": [9, 64, 64, 41, 1, 0], "accuracy": 0.8088785047}
{"config": [3, 32, 32, 64, 1, 0], "accuracy": 0.7996192454000001}
{"config": [3, 32, 128, 41, 1, 0], "accuracy": 0.7367082035}
{"config": [3, 64, 64, 41, 0, 0], "accuracy": 0.8145032883000001}
{"config": [9, 16, 32, 64, 1, 0], "accuracy": 0.7921079958}
{"config": [3, 64, 32, 64, 1, 1], "accuracy": 0.7867947387}
{"config": [9, 32, 64, 64, 0, 1], "accuracy": 0.7904465213}
{"config": [6, 32, 16, 64, 0, 0], "accuracy": 0.8164243683}
{"config": [9, 16, 32, 32, 0, 0], "accuracy": 0.790290758}
{"config": [9, 16, 64, 41, 0, 1], "accuracy": 0.768155071}
{"config": [3, 64, 32, 32, 1, 0], "accuracy": 0.7661820699}
{"config": [9, 64, 32, 64, 0, 1], "accuracy": 0.7866735895}
{"config": [3, 32, 64, 64, 1, 1], "accuracy": 0.7977500865}
{"config": [9, 64, 64, 32, 0, 1], "accuracy": 0.7866216684}
{"config": [9, 16, 128, 64, 1, 0], "accuracy": 0.7234856352}
{"config": [9, 16, 16, 64, 1, 1], "accuracy": 0.8237625476}
{"config": [9, 64, 64, 64, 1, 0], "accuracy": 0.7774143302000001}
{"config": [9, 64, 16, 41, 1, 0], "accuracy": 0.8182416061000001}
{"config": [3, 32, 32, 32, 0, 0], "accuracy": 0.8385427484}
{"config": [9, 32, 32, 41, 1, 0], "accuracy": 0.7959155417}
{"config": [3, 32, 128, 64, 0, 0], "accuracy": 0.7198165455000001}
{"config": [9, 64, 128, 41, 1, 1], "accuracy": 0.66426099}
{"config": [9, 32, 16, 32, 1, 0], "accuracy": 0.7922118380000001}
{"config": [3, 16, 32, 32, 0, 1], "accuracy": 0.7940290758}
{"config": [9, 32, 64, 32, 1, 0], "accuracy": 0.7995673243}
{"config": [9, 16, 64, 64, 0, 0], "accuracy": 0.7811526480000001}
{"config": [3, 32, 128, 32, 0, 1], "accuracy": 0.7440463828}
{"config": [3, 16, 32, 64, 0, 0], "accuracy": 0.8053478712000001}
{"config": [9, 16, 16, 32, 1, 1], "accuracy": 0.7922118380000001}
{"config": [9, 32, 64, 41, 1, 0], "accuracy": 0.8107303565}
