{"config": [3, 64, 128, 41, 1, 1], "accuracy": 0.6754067151}
{"config": [9, 16, 64, 32, 1, 1], "accuracy": 0.7681204569000001}
{"config": [9, 16, 32, 64, 1, 1], "accuracy": 0.7550190377}
{"config": [9, 32, 32, 32, 1, 0], "accuracy": 0.7328314296}
{"config": [3, 32, 64, 64, 1, 1], "accuracy": 0.7494115611000001}
{"config": [9, 16, 32, 64, 1, 0], "accuracy": 0.744132918}
{"config": [6, 16, 128, 64, 0, 1], "accuracy": 0.6938213915}
{"config": [3, 16, 16, 32, 0, 1], "accuracy": 0.7680858429}
{"config": [3, 64, 16, 64, 0, 1], "accuracy": 0.7420214607000001}
{"config": [3, 16, 128, 32, 0, 0], "accuracy": 0.7366043614000001}
{"config": [3, 64, 64, 32, 0, 1], "accuracy": 0.7476808584}
{"config": [3, 64, 16, 32, 1, 1], "accuracy": 0.7586535133000001}
{"config": [3, 16, 16, 64, 1, 1], "accuracy": 0.7569228107}
{"config": [3, 16, 32, 41, 0, 1], "accuracy": 0.7626514365}
{"config": [9, 64, 64, 64, 1, 0], "accuracy": 0.7494807892}
{"config": [9, 16, 128, 32, 1, 1], "accuracy": 0.6936310142000001}
{"config": [3, 64, 128, 64, 0, 1], "accuracy": 0.6358601592}
{"config": [3, 16, 64, 64, 1, 1], "accuracy": 0.7717203184}
{"config": [9, 64, 16, 32, 0, 1], "accuracy": 0.7327795085000001}
{"config": [3, 64, 32, 64, 1, 1], "accuracy": 0.7643475251}
{"config": [3, 64, 64, 64, 0, 1], "accuracy": 0.7587919695}
{"config": [9, 16, 16, 41, 1, 1], "accuracy": 0.7736933195}
{"config": [3, 16, 32, 32, 1, 1], "accuracy": 0.7681031499000001}
{"config": [3, 32, 16, 41, 1, 1], "accuracy": 0.7533229491}
{"config": [3, 32, 64, 32, 1, 0], "accuracy": 0.7718241606}
{"config": [3, 32, 128, 41, 1, 0], "accuracy": 0.7198511596}
{"config": [3, 64, 32, 41, 0, 1], "accuracy": 0.7605919003}
{"config": [3, 64, 64, 41, 1, 1], "accuracy": 0.7586708204}
{"config": [9, 16, 64, 64, 0, 1], "accuracy": 0.7662859121000001}
{"config": [9, 16, 16, 64, 0, 1], "accuracy": 0.7346486674}
{"config": [9, 32, 64, 41, 1, 1], "accuracy": 0.7234683281000001}
{"config": [3, 32, 32, 64, 0, 1], "accuracy": 0.7569055036}
{"config": [3, 64, 32, 32, 1, 1], "accuracy": 0.7607476636}
{"config": [3, 32, 128, 32, 0, 1], "accuracy": 0.7532537210000001}
{"config": [9, 64, 128, 32, 0, 0], "accuracy": 0.5306507442}
{"config": [9, 64, 32, 64, 0, 1], "accuracy": 0.7179646937}
{"config": [3, 32, 16, 64, 1, 1], "accuracy": 0.7570266528}
{"config": [6, 16, 64, 41, 0, 0], "accuracy": 0.7495500173}
{"config": [9, 16, 16, 32, 1, 1], "accuracy": 0.7625822084}
{"config": [3, 32, 128, 64, 0, 0], "accuracy": 0.6418310834000001}
{"config": [3, 64, 16, 41, 1, 0], "accuracy": 0.7551574939}
{"config": [3, 32, 32, 41, 1, 1], "accuracy": 0.7607476636}
{"config": [3, 16, 128, 41, 0, 1], "accuracy": 0.7440809969000001}
{"config": [9, 64, 64, 32, 1, 1], "accuracy": 0.7421253029}
{"config": [9, 32, 32, 64, 1, 1], "accuracy": 0.7569055036}
{"config": [6, 16, 64, 32, 1, 1], "accuracy": 0.7477154725}
{"config": [9, 16, 32, 32, 1, 1], "accuracy": 0.7366216684}
{"config": [3, 16, 16, 41, 1, 1], "accuracy": 0.7830391139}
{"config": [3, 32, 16, 32, 1, 0], "accuracy": 0.7772585670000001}
{"config": [9, 32, 16, 32, 1, 1], "accuracy": 0.7346832814}
