{"config": [9, 32, 32, 32, 1, 0], "accuracy": 0.9628571429}
{"config": [6, 64, 64, 32, 0, 0], "accuracy": 0.96}
{"config": [6, 64, 32, 32, 0, 0], "accuracy": 0.9685714286}
{"config": [6, 64, 128, 32, 1, 0], "accuracy": 0.9628571429}
{"config": [9, 64, 128, 64, 1, 1], "accuracy": 0.9571428571}
{"config": [9, 32, 32, 32, 1, 1], "accuracy": 0.9657142857000001}
{"config": [3, 16, 16, 64, 1, 1], "accuracy": 0.9714285714}
{"config": [3, 16, 128, 41, 0, 1], "accuracy": 0.9857142857000001}
{"config": [3, 16, 16, 32, 0, 1], "accuracy": 0.9628571429}
{"config": [3, 64, 16, 64, 0, 1], "accuracy": 0.98}
{"config": [9, 16, 128, 32, 1, 1], "accuracy": 0.9742857143}
{"config": [3, 16, 64, 64, 1, 1], "accuracy": 0.9828571429}
{"config": [9, 16, 128, 64, 0, 0], "accuracy": 0.9714285714}
{"config": [3, 16, 128, 64, 1, 1], "accuracy": 0.9714285714}
{"config": [3, 64, 64, 64, 0, 1], "accuracy": 0.9771428571}
{"config": [9, 64, 32, 64, 0, 1], "accuracy": 0.9657142857000001}
{"config": [3, 32, 32, 64, 0, 1], "accuracy": 0.9742857143}
{"config": [6, 16, 64, 32, 1, 1], "accuracy": 0.9542857143000001}
{"config": [9, 64, 16, 32, 0, 1], "accuracy": 0.9771428571}
{"config": [3, 32, 128, 41, 1, 0], "accuracy": 0.9657142857000001}
{"config": [3, 64, 16, 41, 1, 1], "accuracy": 0.9714285714}
{"config": [9, 32, 64, 64, 0, 1], "accuracy": 0.9685714286}
{"config": [9, 16, 32, 64, 1, 1], "accuracy": 0.9628571429}
{"config": [3, 64, 128, 64, 0, 0], "accuracy": 0.9771428571}
{"config": [9, 32, 16, 41, 0, 1], "accuracy": 0.9657142857000001}
{"config": [3, 16, 128, 32, 0, 0], "accuracy": 0.9742857143}
{"config": [3, 16, 32, 41, 0, 1], "accuracy": 0.9742857143}
{"config": [9, 32, 128, 32, 0, 1], "accuracy": 0.9571428571}
{"config": [3, 64, 128, 41, 0, 1], "accuracy": 0.9714285714}
{"config": [3, 32, 128, 64, 0, 0], "accuracy": 0.9685714286}
{"config": [3, 32, 64, 32, 1, 0], "accuracy": 0.9657142857000001}
{"config": [3, 32, 16, 32, 1, 0], "accuracy": 0.9742857143}
{"config": [6, 32, 16, 64, 1, 0], "accuracy": 0.9742857143}
{"config": [9, 64, 64, 64, 1, 0], "accuracy": 0.9714285714}
{"config": [9, 32, 64, 41, 1, 1], "accuracy": 0.9628571429}
{"config": [9, 16, 64, 64, 0, 0], "accuracy": 0.9657142857000001}
{"config": [9, 64, 128, 41, 1, 0], "accuracy": 0.9628571429}
{"config": [3, 64, 16, 32, 0, 0], "accuracy": 0.96}
{"config": [3, 64, 64, 41, 1, 1], "accuracy": 0.9657142857000001}
{"config": [3, 64, 32, 64, 1, 1], "accuracy": 0.98}
{"config": [9, 16, 16, 41, 1, 1], "accuracy": 0.9628571429}
{"config": [6, 64, 16, 64, 1, 0], "accuracy": 0.9628571429}
{"config": [9, 16, 32, 32, 1, 1], "accuracy": 0.96}
{"config": [9, 16, 16, 64, 0, 1], "accuracy": 0.9628571429}
{"config": [9, 64, 64, 41, 0, 1], "accuracy": 0.9657142857000001}
{"config": [3, 32, 32, 41, 1, 1], "accuracy": 0.9685714286}
{"config": [9, 16, 128, 41, 1, 0], "accuracy": 0.9628571429}
{"config": [9, 32, 128, 64, 1, 1], "accuracy": 0.9771428571}
{"config": [3, 16, 32, 64, 0, 0], "accuracy": 0.9657142857000001}
{"config": [6, 16, 64, 41, 0, 0], "accuracy": 0.9628571429}
