{"config": [9, 32, 16, 41, 0, 1], "accuracy": 0.952854195}
{"config": [3, 16, 16, 41, 1, 1], "accuracy": 0.95427861}
{"config": [3, 16, 32, 64, 1, 1], "accuracy": 0.9559021501}
{"config": [6, 32, 16, 32, 0, 0], "accuracy": 0.9508227065}
{"config": [9, 32, 32, 32, 1, 1], "accuracy": 0.9510261648}
{"config": [3, 16, 32, 64, 1, 0], "accuracy": 0.9550907928000001}
{"config": [9, 16, 128, 64, 0, 0], "accuracy": 0.9520442821}
{"config": [3, 64, 128, 64, 1, 0], "accuracy": 0.9550895547}
{"config": [9, 64, 128, 32, 0, 0], "accuracy": 0.9544824811}
{"config": [6, 64, 16, 64, 1, 1], "accuracy": 0.9559023565}
{"config": [3, 16, 128, 32, 0, 0], "accuracy": 0.956715571}
{"config": [3, 64, 64, 64, 0, 1], "accuracy": 0.9554964715}
{"config": [9, 64, 32, 64, 1, 0], "accuracy": 0.9489955016}
{"config": [3, 64, 64, 32, 1, 1], "accuracy": 0.9548854773000001}
{"config": [9, 16, 64, 41, 0, 1], "accuracy": 0.9561054022000001}
{"config": [9, 64, 16, 32, 1, 0], "accuracy": 0.9491985473000001}
{"config": [3, 32, 128, 41, 1, 0], "accuracy": 0.9563100986}
{"config": [9, 16, 128, 32, 1, 1], "accuracy": 0.9467576658}
{"config": [3, 64, 32, 41, 0, 1], "accuracy": 0.9510253394}
{"config": [9, 16, 16, 64, 0, 1], "accuracy": 0.9554962651000001}
{"config": [3, 64, 128, 32, 1, 0], "accuracy": 0.9544800050000001}
{"config": [9, 32, 64, 64, 0, 1], "accuracy": 0.9534666337000001}
{"config": [3, 16, 128, 64, 1, 1], "accuracy": 0.9579361149000001}
{"config": [3, 32, 64, 32, 1, 0], "accuracy": 0.9552932194}
{"config": [3, 32, 16, 64, 1, 1], "accuracy": 0.9567186662}
{"config": [3, 16, 64, 64, 1, 0], "accuracy": 0.9540749453}
{"config": [3, 32, 128, 64, 0, 0], "accuracy": 0.957122075}
{"config": [3, 64, 128, 41, 0, 1], "accuracy": 0.9559025628000001}
{"config": [9, 64, 128, 64, 1, 1], "accuracy": 0.9538712806}
{"config": [3, 16, 32, 32, 0, 1], "accuracy": 0.9528552268}
{"config": [9, 64, 64, 41, 1, 0], "accuracy": 0.9514322562}
{"config": [9, 16, 16, 32, 1, 1], "accuracy": 0.9498068590000001}
{"config": [3, 32, 128, 32, 0, 1], "accuracy": 0.9540759771}
{"config": [3, 64, 16, 32, 1, 1], "accuracy": 0.9532621435}
{"config": [6, 32, 32, 64, 1, 0], "accuracy": 0.9518387603}
{"config": [9, 64, 64, 32, 0, 1], "accuracy": 0.9471660270000001}
{"config": [6, 16, 64, 32, 1, 0], "accuracy": 0.9514320499000001}
{"config": [3, 16, 128, 41, 0, 1], "accuracy": 0.9563078288}
{"config": [3, 64, 32, 64, 1, 1], "accuracy": 0.9575277537}
{"config": [9, 16, 64, 64, 0, 1], "accuracy": 0.9489940572000001}
{"config": [3, 64, 16, 41, 1, 0], "accuracy": 0.9577341009}
{"config": [3, 64, 32, 32, 1, 0], "accuracy": 0.9530586852}
{"config": [9, 32, 128, 64, 1, 1], "accuracy": 0.9554983286000001}
{"config": [3, 32, 32, 41, 1, 0], "accuracy": 0.9550893484}
{"config": [3, 64, 16, 64, 0, 1], "accuracy": 0.9565137634}
{"config": [9, 64, 64, 64, 1, 0], "accuracy": 0.9496015435}
{"config": [6, 16, 32, 41, 0, 0], "accuracy": 0.9546824316}
{"config": [9, 32, 64, 41, 1, 0], "accuracy": 0.9559060707}
{"config": [9, 64, 128, 41, 1, 0], "accuracy": 0.9498045892}
{"config": [3, 16, 16, 64, 1, 1], "accuracy": 0.9544797986}
