{"config": [9, 32, 16, 41, 0, 1], "accuracy": 0.6836363636}
{"config": [9, 16, 32, 64, 1, 1], "accuracy": 0.6654545455}
{"config": [6, 64, 16, 64, 1, 0], "accuracy": 0.6781818182}
{"config": [9, 16, 16, 64, 1, 1], "accuracy": 0.6695454545}
{"config": [9, 64, 16, 32, 0, 1], "accuracy": 0.6759090909000001}
{"config": [6, 64, 16, 64, 1, 1], "accuracy": 0.6777272727}
{"config": [3, 64, 128, 32, 1, 0], "accuracy": 0.6668181818000001}
{"config": [3, 16, 128, 32, 0, 0], "accuracy": 0.6668181818000001}
{"config": [9, 64, 128, 64, 1, 0], "accuracy": 0.6072727273}
{"config": [3, 16, 16, 32, 1, 0], "accuracy": 0.6836363636}
{"config": [3, 64, 64, 32, 0, 0], "accuracy": 0.6740909091}
{"config": [9, 16, 64, 32, 1, 1], "accuracy": 0.6681818182}
{"config": [3, 16, 128, 64, 1, 1], "accuracy": 0.6918181818}
{"config": [3, 32, 64, 64, 1, 1], "accuracy": 0.6718181818}
{"config": [3, 32, 16, 64, 1, 0], "accuracy": 0.6831818182}
{"config": [9, 32, 128, 41, 1, 0], "accuracy": 0.6586363636}
{"config": [3, 64, 16, 41, 1, 0], "accuracy": 0.7040909091}
{"config": [3, 64, 64, 64, 0, 1], "accuracy": 0.6777272727}
{"config": [3, 64, 32, 41, 0, 0], "accuracy": 0.6854545455000001}
{"config": [3, 32, 128, 64, 0, 0], "accuracy": 0.6695454545}
{"config": [9, 16, 64, 64, 0, 0], "accuracy": 0.6531818182}
{"config": [3, 32, 32, 32, 0, 0], "accuracy": 0.6668181818000001}
{"config": [3, 16, 32, 41, 0, 1], "accuracy": 0.6954545455000001}
{"config": [9, 64, 64, 41, 1, 0], "accuracy": 0.6581818182}
{"config": [9, 16, 128, 64, 0, 0], "accuracy": 0.6277272727000001}
{"config": [3, 32, 64, 32, 1, 0], "accuracy": 0.6795454545}
{"config": [3, 16, 64, 64, 1, 1], "accuracy": 0.6845454545}
{"config": [3, 32, 128, 32, 0, 1], "accuracy": 0.6709090909000001}
{"config": [3, 64, 128, 41, 0, 1], "accuracy": 0.6872727273}
{"config": [3, 64, 32, 64, 1, 1], "accuracy": 0.6740909091}
{"config": [9, 16, 32, 32, 1, 0], "accuracy": 0.6659090909000001}
{"config": [3, 16, 128, 41, 1, 0], "accuracy": 0.6977272727}
{"config": [6, 16, 64, 41, 0, 0], "accuracy": 0.6686363636}
{"config": [3, 16, 16, 64, 1, 1], "accuracy": 0.6754545455000001}
{"config": [3, 64, 32, 32, 1, 1], "accuracy": 0.6740909091}
{"config": [3, 64, 128, 64, 1, 0], "accuracy": 0.6654545455}
{"config": [3, 64, 64, 41, 1, 1], "accuracy": 0.6572727273}
{"config": [9, 16, 16, 41, 0, 0], "accuracy": 0.6795454545}
{"config": [3, 32, 32, 64, 0, 1], "accuracy": 0.6886363636}
{"config": [9, 64, 16, 41, 1, 0], "accuracy": 0.6895454545}
{"config": [9, 64, 32, 64, 0, 1], "accuracy": 0.675}
{"config": [9, 32, 64, 41, 1, 1], "accuracy": 0.6531818182}
{"config": [3, 32, 16, 41, 1, 0], "accuracy": 0.6809090909000001}
{"config": [9, 64, 128, 32, 0, 0], "accuracy": 0.6645454545}
{"config": [9, 16, 128, 32, 1, 1], "accuracy": 0.65}
{"config": [9, 64, 64, 64, 1, 0], "accuracy": 0.6695454545}
{"config": [9, 32, 32, 41, 1, 0], "accuracy": 0.6740909091}
{"config": [3, 16, 128, 41, 0, 1], "accuracy": 0.6836363636}
{"config": [3, 16, 32, 64, 0, 0], "accuracy": 0.6727272727}
{"config": [9, 32, 16, 32, 1, 1], "accuracy": 0.6818181818}
