{"config": [9, 64, 128, 32, 1, 0], "accuracy": 0.8069047769000001}
{"config": [6, 64, 128, 41, 0, 0], "accuracy": 0.7923356977}
{"config": [6, 64, 128, 64, 0, 0], "accuracy": 0.7844203126}
{"config": [6, 64, 128, 32, 1, 0], "accuracy": 0.8418241165}
{"config": [9, 64, 128, 64, 1, 1], "accuracy": 0.7867553826}
{"config": [3, 64, 64, 32, 1, 1], "accuracy": 0.8540895110000001}
{"config": [3, 16, 128, 32, 0, 0], "accuracy": 0.8541146193}
{"config": [3, 16, 64, 64, 1, 1], "accuracy": 0.8495825749}
{"config": [6, 16, 64, 32, 1, 1], "accuracy": 0.8394953236}
{"config": [3, 64, 16, 64, 0, 1], "accuracy": 0.8463059444000001}
{"config": [3, 16, 16, 32, 1, 1], "accuracy": 0.8372606867}
{"config": [3, 64, 16, 32, 1, 1], "accuracy": 0.8574602975000001}
{"config": [3, 16, 128, 64, 1, 1], "accuracy": 0.8372041931}
{"config": [3, 32, 128, 41, 1, 0], "accuracy": 0.8597012115}
{"config": [3, 64, 32, 64, 1, 1], "accuracy": 0.8563178708}
{"config": [3, 16, 16, 64, 1, 1], "accuracy": 0.8551879982}
{"config": [3, 32, 128, 32, 0, 1], "accuracy": 0.8440399222}
{"config": [9, 16, 16, 64, 1, 1], "accuracy": 0.8373109033}
{"config": [3, 32, 16, 64, 1, 0], "accuracy": 0.8338522378000001}
{"config": [6, 64, 16, 64, 1, 0], "accuracy": 0.829382964}
{"config": [3, 64, 64, 64, 0, 1], "accuracy": 0.8597074885}
{"config": [9, 16, 128, 32, 1, 1], "accuracy": 0.7565563995}
{"config": [3, 16, 32, 41, 1, 0], "accuracy": 0.8664741699}
{"config": [3, 32, 64, 32, 1, 0], "accuracy": 0.8574351893000001}
{"config": [3, 64, 32, 32, 1, 1], "accuracy": 0.8529721926}
{"config": [3, 16, 32, 64, 1, 1], "accuracy": 0.8551879982}
{"config": [3, 32, 64, 64, 1, 1], "accuracy": 0.8518674283000001}
{"config": [3, 32, 32, 41, 1, 1], "accuracy": 0.8372167472}
{"config": [3, 16, 32, 32, 1, 1], "accuracy": 0.8506622309}
{"config": [3, 64, 16, 41, 1, 0], "accuracy": 0.8507501098}
{"config": [9, 64, 16, 32, 0, 1], "accuracy": 0.8429539891000001}
{"config": [3, 32, 128, 64, 0, 0], "accuracy": 0.8540832339000001}
{"config": [9, 64, 64, 64, 1, 0], "accuracy": 0.8036155922}
{"config": [9, 32, 16, 32, 1, 0], "accuracy": 0.8517983805}
{"config": [9, 16, 16, 41, 1, 1], "accuracy": 0.8361810307}
{"config": [3, 64, 64, 41, 1, 0], "accuracy": 0.8496139602}
{"config": [3, 32, 16, 41, 0, 0], "accuracy": 0.8507187245000001}
{"config": [3, 16, 128, 41, 0, 1], "accuracy": 0.858583893}
{"config": [6, 16, 64, 41, 0, 0], "accuracy": 0.8283472475}
{"config": [9, 16, 32, 32, 0, 0], "accuracy": 0.8383403427}
{"config": [3, 32, 32, 32, 0, 0], "accuracy": 0.8507124474000001}
{"config": [9, 16, 128, 64, 0, 0], "accuracy": 0.7776724625}
{"config": [3, 32, 32, 64, 1, 0], "accuracy": 0.8519364761}
{"config": [9, 16, 64, 64, 0, 0], "accuracy": 0.8372293014000001}
{"config": [9, 64, 64, 32, 1, 0], "accuracy": 0.7577113803000001}
{"config": [3, 64, 32, 41, 0, 0], "accuracy": 0.8417738999000001}
{"config": [9, 32, 32, 64, 0, 1], "accuracy": 0.8439645973000001}
{"config": [9, 64, 32, 64, 0, 1], "accuracy": 0.8361496453}
{"config": [9, 32, 64, 41, 1, 1], "accuracy": 0.8035402674000001}
{"config": [9, 16, 32, 64, 1, 0], "accuracy": 0.8417362375}
