{"config": [3, 64, 32, 64, 1, 1], "accuracy": 0.6058149058}
{"config": [9, 64, 16, 41, 1, 0], "accuracy": 0.5895986896000001}
{"config": [3, 64, 64, 32, 1, 1], "accuracy": 0.5118755119}
{"config": [6, 16, 16, 41, 0, 1], "accuracy": 0.6002129402}
{"config": [3, 64, 128, 64, 1, 0], "accuracy": 0.451957412}
{"config": [6, 16, 16, 41, 1, 1], "accuracy": 0.6166584767000001}
{"config": [3, 16, 64, 64, 1, 0], "accuracy": 0.5930548731}
{"config": [9, 16, 16, 64, 1, 1], "accuracy": 0.5931203931}
{"config": [3, 16, 128, 32, 0, 0], "accuracy": 0.46651924650000004}
{"config": [3, 32, 16, 64, 1, 0], "accuracy": 0.6113022113000001}
{"config": [3, 64, 16, 32, 1, 1], "accuracy": 0.6237674038000001}
{"config": [3, 16, 128, 64, 1, 1], "accuracy": 0.46098280100000005}
{"config": [3, 16, 32, 32, 1, 1], "accuracy": 0.5823587224}
{"config": [3, 64, 16, 64, 0, 1], "accuracy": 0.6093857494}
{"config": [3, 16, 16, 32, 1, 0], "accuracy": 0.593038493}
{"config": [9, 64, 128, 32, 1, 0], "accuracy": 0.5244717445}
{"config": [3, 16, 32, 64, 1, 1], "accuracy": 0.5948566749}
{"config": [9, 32, 16, 32, 1, 1], "accuracy": 0.6021785422}
{"config": [9, 16, 64, 32, 1, 1], "accuracy": 0.4739393939}
{"config": [3, 32, 64, 64, 1, 1], "accuracy": 0.5403439803}
{"config": [3, 32, 16, 41, 1, 1], "accuracy": 0.6092055692}
{"config": [3, 64, 32, 32, 1, 0], "accuracy": 0.5586404586}
{"config": [9, 64, 64, 64, 1, 0], "accuracy": 0.5332841933}
{"config": [9, 32, 32, 64, 1, 1], "accuracy": 0.5336936937}
{"config": [9, 32, 128, 41, 1, 0], "accuracy": 0.4016380016}
{"config": [3, 64, 128, 32, 1, 0], "accuracy": 0.4395413595}
{"config": [3, 16, 16, 64, 1, 1], "accuracy": 0.6113185913}
{"config": [3, 64, 16, 41, 1, 1], "accuracy": 0.632972973}
{"config": [9, 16, 64, 64, 0, 1], "accuracy": 0.5424897625}
{"config": [3, 64, 64, 64, 0, 1], "accuracy": 0.5102211302}
{"config": [3, 32, 32, 41, 1, 0], "accuracy": 0.5875348075}
{"config": [3, 32, 64, 32, 1, 0], "accuracy": 0.5930876331}
{"config": [9, 32, 64, 41, 1, 0], "accuracy": 0.5044717445}
{"config": [9, 32, 32, 32, 1, 1], "accuracy": 0.5678951679}
{"config": [9, 32, 128, 64, 1, 1], "accuracy": 0.5062899263}
{"config": [9, 64, 32, 64, 1, 0], "accuracy": 0.5840131040000001}
{"config": [9, 64, 128, 64, 1, 1], "accuracy": 0.5406224406}
{"config": [9, 16, 16, 32, 1, 1], "accuracy": 0.5860442260000001}
{"config": [9, 16, 128, 64, 0, 0], "accuracy": 0.5208681409}
{"config": [3, 16, 32, 41, 1, 0], "accuracy": 0.5895167895}
{"config": [9, 64, 128, 41, 1, 1], "accuracy": 0.5171171171}
{"config": [3, 32, 16, 32, 1, 0], "accuracy": 0.6022276822}
{"config": [9, 16, 128, 32, 1, 1], "accuracy": 0.44859950860000003}
{"config": [9, 64, 64, 41, 0, 1], "accuracy": 0.50997543}
{"config": [3, 64, 32, 41, 0, 1], "accuracy": 0.5840950041}
{"config": [6, 64, 16, 64, 1, 1], "accuracy": 0.5787223587}
{"config": [6, 16, 64, 41, 0, 0], "accuracy": 0.5604095004}
{"config": [9, 64, 32, 32, 0, 1], "accuracy": 0.5423095823}
{"config": [3, 32, 32, 64, 1, 0], "accuracy": 0.5642096642000001}
{"config": [9, 16, 32, 64, 1, 0], "accuracy": 0.5859623260000001}
