{"config": [9, 64, 64, 32, 0, 1], "accuracy": 0.5685995086}
{"config": [6, 64, 32, 41, 0, 1], "accuracy": 0.6950204750000001}
{"config": [3, 64, 64, 32, 1, 1], "accuracy": 0.6661916462}
{"config": [3, 32, 16, 41, 0, 1], "accuracy": 0.7363800164000001}
{"config": [3, 64, 64, 41, 0, 1], "accuracy": 0.6824078624000001}
{"config": [3, 16, 64, 64, 1, 0], "accuracy": 0.7238165438}
{"config": [3, 16, 128, 64, 1, 1], "accuracy": 0.6661261261}
{"config": [3, 64, 16, 64, 0, 1], "accuracy": 0.7455200655}
{"config": [3, 64, 128, 64, 1, 0], "accuracy": 0.5596723997}
{"config": [3, 64, 16, 32, 0, 0], "accuracy": 0.7274365274}
{"config": [3, 16, 16, 64, 1, 1], "accuracy": 0.7383783784}
{"config": [3, 16, 128, 32, 0, 0], "accuracy": 0.6191973792000001}
{"config": [3, 16, 16, 32, 1, 1], "accuracy": 0.730958231}
{"config": [3, 32, 32, 64, 1, 0], "accuracy": 0.7148894349}
{"config": [3, 16, 32, 41, 0, 1], "accuracy": 0.732956593}
{"config": [3, 64, 16, 41, 1, 1], "accuracy": 0.7221130221000001}
{"config": [3, 32, 64, 32, 1, 0], "accuracy": 0.7147583948}
{"config": [3, 64, 64, 64, 0, 1], "accuracy": 0.667993448}
{"config": [3, 64, 128, 32, 1, 0], "accuracy": 0.627993448}
{"config": [3, 32, 32, 32, 0, 0], "accuracy": 0.7220638821}
{"config": [9, 16, 16, 64, 0, 1], "accuracy": 0.7328091728}
{"config": [6, 16, 64, 32, 1, 0], "accuracy": 0.6116953317}
{"config": [3, 32, 64, 64, 1, 1], "accuracy": 0.6495495495}
{"config": [3, 16, 32, 64, 0, 0], "accuracy": 0.7165929566}
{"config": [3, 64, 32, 64, 1, 1], "accuracy": 0.7346601147}
{"config": [3, 32, 128, 41, 1, 0], "accuracy": 0.5846355446}
{"config": [3, 32, 16, 64, 1, 0], "accuracy": 0.7328419328}
{"config": [9, 16, 16, 41, 1, 0], "accuracy": 0.7311056511}
{"config": [3, 16, 16, 41, 0, 1], "accuracy": 0.7418837019000001}
{"config": [6, 64, 16, 64, 1, 0], "accuracy": 0.7526945127}
{"config": [9, 64, 16, 32, 0, 1], "accuracy": 0.7509254709000001}
{"config": [9, 32, 16, 32, 0, 1], "accuracy": 0.7311056511}
{"config": [9, 64, 32, 64, 0, 1], "accuracy": 0.7146928747}
{"config": [9, 16, 128, 64, 0, 0], "accuracy": 0.6446683047}
{"config": [9, 16, 64, 64, 0, 1], "accuracy": 0.7202293202000001}
{"config": [9, 32, 32, 41, 1, 0], "accuracy": 0.598968059}
{"config": [3, 16, 32, 32, 0, 0], "accuracy": 0.74001638}
{"config": [3, 32, 16, 32, 1, 0], "accuracy": 0.7490745291}
{"config": [3, 32, 128, 64, 0, 0], "accuracy": 0.5813431613}
{"config": [3, 64, 32, 32, 1, 1], "accuracy": 0.7148566749}
{"config": [9, 64, 128, 41, 1, 1], "accuracy": 0.59000819}
{"config": [9, 32, 128, 32, 0, 1], "accuracy": 0.48175266180000004}
{"config": [9, 16, 128, 41, 1, 0], "accuracy": 0.5792956593}
{"config": [9, 64, 16, 41, 1, 0], "accuracy": 0.7293038493}
{"config": [9, 16, 32, 64, 1, 1], "accuracy": 0.7527436527}
{"config": [9, 16, 32, 32, 1, 1], "accuracy": 0.6963308763}
{"config": [6, 32, 64, 41, 0, 1], "accuracy": 0.6315806716}
{"config": [9, 32, 32, 64, 1, 1], "accuracy": 0.6805569206000001}
{"config": [9, 64, 64, 64, 1, 0], "accuracy": 0.6482063882}
{"config": [3, 64, 128, 41, 0, 1], "accuracy": 0.5233579034}
