{"config": [9, 16, 32, 32, 1, 0], "accuracy": 0.9826956925}
{"config": [6, 16, 32, 32, 0, 1], "accuracy": 0.9740589779000001}
{"config": [9, 16, 32, 32, 0, 0], "accuracy": 0.9764088312}
{"config": [6, 32, 32, 32, 0, 1], "accuracy": 0.9732715763}
{"config": [6, 16, 32, 32, 0, 0], "accuracy": 0.9677690289}
{"config": [9, 32, 128, 64, 1, 1], "accuracy": 0.9638289331000001}
{"config": [9, 16, 16, 64, 1, 1], "accuracy": 0.969365447}
{"config": [9, 64, 128, 32, 1, 0], "accuracy": 0.9701312336000001}
{"config": [9, 16, 128, 32, 1, 1], "accuracy": 0.9724810869}
{"config": [9, 64, 16, 32, 1, 0], "accuracy": 0.9685626061}
{"config": [9, 64, 64, 64, 1, 0], "accuracy": 0.9669785394}
{"config": [9, 64, 64, 32, 1, 1], "accuracy": 0.9771900571000001}
{"config": [9, 16, 64, 64, 0, 1], "accuracy": 0.9701188822000001}
{"config": [3, 64, 128, 64, 0, 1], "accuracy": 0.9732684885}
{"config": [6, 64, 16, 64, 1, 1], "accuracy": 0.9677628532}
{"config": [9, 16, 64, 32, 1, 1], "accuracy": 0.9787772117}
{"config": [3, 16, 128, 64, 1, 1], "accuracy": 0.9724903505}
{"config": [3, 32, 128, 32, 0, 1], "accuracy": 0.9764026556000001}
{"config": [9, 16, 16, 32, 1, 1], "accuracy": 0.9732993670000001}
{"config": [3, 64, 32, 41, 0, 1], "accuracy": 0.9795615254000001}
{"config": [3, 64, 128, 41, 1, 1], "accuracy": 0.9740651536}
{"config": [9, 32, 32, 64, 1, 1], "accuracy": 0.9724903505}
{"config": [3, 32, 64, 64, 1, 1], "accuracy": 0.9732808399}
{"config": [9, 32, 64, 41, 1, 1], "accuracy": 0.9614482013000001}
{"config": [3, 64, 32, 64, 1, 1], "accuracy": 0.9764150069}
{"config": [3, 64, 64, 32, 1, 1], "accuracy": 0.9740589779000001}
{"config": [3, 16, 32, 64, 1, 1], "accuracy": 0.9756306932000001}
{"config": [9, 64, 32, 32, 1, 0], "accuracy": 0.9724810869}
{"config": [3, 32, 16, 64, 1, 1], "accuracy": 0.9709093716}
{"config": [3, 16, 128, 41, 1, 0], "accuracy": 0.9740558901}
{"config": [9, 32, 16, 41, 0, 1], "accuracy": 0.9732654006}
{"config": [9, 64, 128, 64, 1, 1], "accuracy": 0.9732561371}
{"config": [9, 32, 128, 41, 1, 0], "accuracy": 0.9653975606}
{"config": [3, 64, 16, 32, 1, 1], "accuracy": 0.9732623128000001}
{"config": [9, 16, 128, 64, 0, 0], "accuracy": 0.9779959858}
{"config": [3, 64, 64, 64, 0, 1], "accuracy": 0.9756214297}
{"config": [3, 16, 64, 64, 1, 0], "accuracy": 0.97012197}
{"config": [6, 16, 32, 41, 1, 1], "accuracy": 0.9685595183000001}
{"config": [3, 64, 64, 41, 1, 0], "accuracy": 0.9724934383}
{"config": [3, 64, 128, 32, 1, 0], "accuracy": 0.9811147136}
{"config": [3, 32, 64, 32, 1, 0], "accuracy": 0.9724841748}
{"config": [9, 64, 32, 64, 0, 1], "accuracy": 0.9661911379}
{"config": [9, 64, 16, 41, 1, 1], "accuracy": 0.9724841748}
{"config": [3, 32, 128, 64, 0, 0], "accuracy": 0.9748340281000001}
{"config": [9, 32, 16, 32, 1, 1], "accuracy": 0.9772178478}
{"config": [3, 16, 128, 32, 0, 0], "accuracy": 0.9693407442}
{"config": [9, 16, 32, 64, 1, 0], "accuracy": 0.9787772117}
{"config": [3, 64, 128, 64, 1, 0], "accuracy": 0.9811239771}
{"config": [3, 64, 16, 41, 1, 0], "accuracy": 0.9763995677}
{"config": [9, 32, 64, 32, 1, 1], "accuracy": 0.9669847151000001}
