{"config": [9, 64, 128, 32, 1, 0], "accuracy": 0.9525280899}
{"config": [6, 64, 128, 41, 0, 0], "accuracy": 0.9478549540000001}
{"config": [6, 64, 128, 64, 0, 0], "accuracy": 0.936618999}
{"config": [6, 64, 128, 32, 1, 0], "accuracy": 0.9479570991}
{"config": [9, 64, 128, 64, 1, 1], "accuracy": 0.9163942799}
{"config": [6, 32, 16, 32, 0, 0], "accuracy": 0.9683350358}
{"config": [6, 16, 64, 64, 0, 0], "accuracy": 0.9321501532}
{"config": [6, 64, 64, 32, 0, 0], "accuracy": 0.9525791624000001}
{"config": [9, 16, 128, 32, 1, 0], "accuracy": 0.9614913177000001}
{"config": [6, 64, 16, 64, 1, 0], "accuracy": 0.9503319714}
{"config": [9, 64, 16, 32, 1, 0], "accuracy": 0.9525280899}
{"config": [9, 16, 32, 32, 0, 0], "accuracy": 0.9660367722000001}
{"config": [6, 16, 16, 64, 0, 0], "accuracy": 0.9503064351}
{"config": [3, 16, 16, 32, 1, 0], "accuracy": 0.9773748723000001}
{"config": [3, 64, 16, 32, 0, 1], "accuracy": 0.9728804903}
{"config": [9, 16, 128, 64, 0, 0], "accuracy": 0.9593207354000001}
{"config": [3, 32, 64, 32, 1, 0], "accuracy": 0.9705822268000001}
{"config": [3, 32, 32, 41, 1, 0], "accuracy": 0.9683094995}
{"config": [9, 32, 128, 32, 0, 0], "accuracy": 0.9546986721}
{"config": [3, 16, 128, 32, 0, 0], "accuracy": 0.9592441267}
{"config": [3, 64, 64, 64, 0, 1], "accuracy": 0.9569969356}
{"config": [3, 64, 32, 41, 0, 0], "accuracy": 0.9706077630000001}
{"config": [6, 16, 64, 32, 1, 0], "accuracy": 0.9570480082}
{"config": [3, 32, 32, 64, 0, 1], "accuracy": 0.9502298264000001}
{"config": [3, 32, 128, 64, 0, 0], "accuracy": 0.9548774259}
{"config": [3, 16, 16, 41, 0, 1], "accuracy": 0.9751532176000001}
{"config": [3, 16, 32, 32, 0, 0], "accuracy": 0.9773237998000001}
{"config": [3, 16, 128, 64, 1, 1], "accuracy": 0.9547242084}
{"config": [9, 64, 32, 64, 0, 1], "accuracy": 0.943360572}
{"config": [3, 64, 32, 32, 1, 1], "accuracy": 0.9706332993000001}
{"config": [9, 32, 64, 64, 0, 1], "accuracy": 0.9410878447000001}
{"config": [3, 32, 16, 64, 1, 1], "accuracy": 0.9614402451}
{"config": [3, 16, 128, 41, 1, 0], "accuracy": 0.9592441267}
{"config": [9, 64, 64, 64, 1, 0], "accuracy": 0.9547752809000001}
{"config": [9, 32, 64, 32, 1, 1], "accuracy": 0.9660878447000001}
{"config": [9, 16, 32, 64, 1, 1], "accuracy": 0.9637385087}
{"config": [3, 64, 16, 41, 1, 1], "accuracy": 0.9615679265}
{"config": [6, 32, 64, 41, 0, 1], "accuracy": 0.9592441267}
{"config": [3, 16, 32, 64, 1, 0], "accuracy": 0.9525025536}
{"config": [3, 64, 64, 41, 1, 0], "accuracy": 0.9682328907000001}
{"config": [3, 64, 32, 64, 1, 1], "accuracy": 0.9615934627}
{"config": [6, 32, 32, 32, 0, 1], "accuracy": 0.9546986721}
{"config": [9, 16, 16, 41, 1, 0], "accuracy": 0.9705311542}
{"config": [9, 32, 32, 64, 1, 0], "accuracy": 0.9412921348000001}
{"config": [6, 16, 32, 41, 1, 1], "accuracy": 0.9638406537}
{"config": [9, 64, 64, 41, 0, 1], "accuracy": 0.9320224719}
{"config": [3, 32, 16, 41, 1, 0], "accuracy": 0.966011236}
{"config": [9, 16, 64, 41, 0, 0], "accuracy": 0.9523748723000001}
{"config": [9, 16, 16, 32, 1, 1], "accuracy": 0.9524004086000001}
{"config": [3, 32, 128, 41, 1, 0], "accuracy": 0.9773748723000001}
