{"config": [6, 64, 64, 64, 0, 1], "accuracy": 0.8400924628}
{"config": [9, 32, 32, 64, 1, 0], "accuracy": 0.8401108704}
{"config": [6, 64, 32, 64, 0, 1], "accuracy": 0.8525239653000001}
{"config": [9, 64, 32, 64, 1, 0], "accuracy": 0.8352116166}
{"config": [9, 16, 32, 64, 1, 1], "accuracy": 0.8337014854}
{"config": [3, 32, 16, 32, 1, 0], "accuracy": 0.8408507144}
{"config": [3, 16, 128, 64, 0, 0], "accuracy": 0.8442405449}
{"config": [3, 64, 128, 32, 1, 0], "accuracy": 0.8446249805}
{"config": [3, 64, 128, 64, 0, 1], "accuracy": 0.8502555825}
{"config": [3, 32, 16, 64, 1, 0], "accuracy": 0.8461181202}
{"config": [3, 16, 128, 32, 0, 0], "accuracy": 0.8382347111}
{"config": [3, 64, 32, 32, 0, 1], "accuracy": 0.843495745}
{"config": [3, 16, 64, 64, 1, 1], "accuracy": 0.8416089659}
{"config": [6, 32, 64, 32, 0, 1], "accuracy": 0.8329566855}
{"config": [9, 32, 128, 32, 0, 1], "accuracy": 0.8476480750000001}
{"config": [9, 64, 16, 32, 0, 1], "accuracy": 0.8329488977}
{"config": [3, 32, 128, 41, 1, 0], "accuracy": 0.8397427184}
{"config": [3, 64, 16, 64, 0, 1], "accuracy": 0.853276553}
{"config": [3, 16, 32, 41, 0, 1], "accuracy": 0.8570430313}
{"config": [9, 64, 128, 41, 1, 1], "accuracy": 0.822787194}
{"config": [9, 16, 16, 32, 1, 1], "accuracy": 0.8401115784000001}
{"config": [3, 64, 64, 32, 0, 1], "accuracy": 0.8363443921}
{"config": [9, 16, 64, 41, 0, 0], "accuracy": 0.8292071988}
{"config": [9, 32, 16, 41, 0, 1], "accuracy": 0.8464954760000001}
{"config": [9, 32, 128, 64, 1, 1], "accuracy": 0.8423742973}
{"config": [6, 16, 16, 64, 0, 0], "accuracy": 0.8453726123}
{"config": [9, 32, 64, 64, 0, 1], "accuracy": 0.8431183892}
{"config": [3, 32, 128, 64, 0, 0], "accuracy": 0.8491369667}
{"config": [3, 64, 16, 41, 1, 0], "accuracy": 0.8468756637}
{"config": [3, 16, 16, 41, 0, 1], "accuracy": 0.8374828314}
{"config": [9, 16, 32, 32, 0, 0], "accuracy": 0.8367047562000001}
{"config": [3, 32, 64, 64, 1, 1], "accuracy": 0.8434822933}
{"config": [9, 16, 128, 41, 1, 0], "accuracy": 0.8344689407}
{"config": [3, 32, 32, 41, 1, 1], "accuracy": 0.8419884457}
{"config": [3, 16, 32, 64, 0, 0], "accuracy": 0.8510216219000001}
{"config": [9, 64, 128, 64, 1, 0], "accuracy": 0.8291894992000001}
{"config": [9, 16, 128, 64, 0, 0], "accuracy": 0.8325715418}
{"config": [6, 16, 64, 32, 1, 1], "accuracy": 0.845755632}
{"config": [9, 64, 64, 41, 0, 1], "accuracy": 0.8363245685}
{"config": [9, 64, 32, 41, 0, 0], "accuracy": 0.8348420486}
{"config": [3, 64, 64, 41, 0, 0], "accuracy": 0.8457464282}
{"config": [3, 16, 32, 32, 0, 1], "accuracy": 0.8468792037}
{"config": [3, 16, 128, 41, 0, 1], "accuracy": 0.8465075117}
{"config": [3, 32, 32, 64, 0, 1], "accuracy": 0.8385964912}
{"config": [9, 64, 128, 32, 0, 0], "accuracy": 0.8291951630000001}
{"config": [3, 64, 32, 64, 1, 1], "accuracy": 0.8525289212}
{"config": [9, 32, 32, 32, 1, 1], "accuracy": 0.8416004701}
{"config": [3, 16, 16, 64, 1, 1], "accuracy": 0.8506421421}
{"config": [9, 32, 64, 41, 1, 1], "accuracy": 0.8261784405}
{"config": [3, 64, 16, 32, 0, 0], "accuracy": 0.841975702}
