{"config": [6, 32, 16, 64, 1, 0], "accuracy": 0.9816874501}
{"config": [6, 64, 64, 32, 1, 1], "accuracy": 0.9680663907}
{"config": [6, 64, 64, 41, 1, 0], "accuracy": 0.9732023144}
{"config": [6, 64, 64, 41, 1, 1], "accuracy": 0.9723089585}
{"config": [6, 64, 64, 64, 0, 0], "accuracy": 0.9787846668}
{"config": [9, 16, 128, 64, 1, 0], "accuracy": 0.9776683460000001}
{"config": [3, 16, 64, 64, 1, 0], "accuracy": 0.9533257682}
{"config": [3, 64, 128, 64, 1, 0], "accuracy": 0.9642692538000001}
{"config": [3, 64, 16, 32, 1, 0], "accuracy": 0.8399256784}
{"config": [9, 32, 128, 32, 0, 0], "accuracy": 0.9685140662}
{"config": [9, 16, 16, 64, 0, 1], "accuracy": 0.9799004888}
{"config": [9, 64, 128, 32, 1, 0], "accuracy": 0.9703005287}
{"config": [9, 32, 64, 32, 1, 0], "accuracy": 0.9718632781000001}
{"config": [9, 32, 64, 64, 0, 1], "accuracy": 0.977889565}
{"config": [9, 64, 32, 64, 1, 0], "accuracy": 0.9819119114}
{"config": [3, 16, 128, 32, 0, 0], "accuracy": 0.9234080706000001}
{"config": [3, 32, 128, 64, 0, 0], "accuracy": 0.9582397247000001}
{"config": [9, 32, 32, 64, 1, 0], "accuracy": 0.9828050180000001}
{"config": [9, 64, 128, 64, 1, 1], "accuracy": 0.9807968376}
{"config": [9, 16, 16, 32, 1, 1], "accuracy": 0.9732015662000001}
{"config": [3, 16, 32, 41, 0, 1], "accuracy": 0.9370258879000001}
{"config": [9, 16, 64, 32, 1, 1], "accuracy": 0.9698536014}
{"config": [3, 64, 16, 64, 0, 1], "accuracy": 0.9673959996}
{"config": [9, 32, 16, 41, 0, 1], "accuracy": 0.9776663508000001}
{"config": [9, 16, 64, 64, 0, 0], "accuracy": 0.9787856644}
{"config": [9, 32, 128, 41, 1, 0], "accuracy": 0.9754337091}
{"config": [9, 32, 32, 32, 1, 0], "accuracy": 0.9743186353000001}
{"config": [3, 64, 128, 41, 0, 1], "accuracy": 0.9452873105}
{"config": [3, 64, 32, 64, 1, 1], "accuracy": 0.9649391460000001}
{"config": [9, 32, 128, 64, 1, 1], "accuracy": 0.97677499}
{"config": [9, 16, 16, 41, 1, 0], "accuracy": 0.9754342079}
{"config": [9, 64, 64, 32, 0, 1], "accuracy": 0.9723114525000001}
{"config": [9, 16, 32, 32, 0, 0], "accuracy": 0.9729795990000001}
{"config": [9, 16, 32, 64, 1, 1], "accuracy": 0.9819101656}
{"config": [9, 16, 128, 32, 1, 1], "accuracy": 0.9678449222000001}
{"config": [9, 64, 64, 64, 1, 0], "accuracy": 0.9796782721}
{"config": [9, 64, 32, 41, 0, 0], "accuracy": 0.9776685954000001}
{"config": [9, 16, 64, 41, 0, 0], "accuracy": 0.9734247805}
{"config": [3, 16, 128, 64, 1, 1], "accuracy": 0.9542188747}
{"config": [3, 16, 32, 64, 0, 0], "accuracy": 0.9557803771000001}
{"config": [9, 64, 128, 41, 1, 0], "accuracy": 0.9758818835}
{"config": [9, 64, 16, 41, 1, 1], "accuracy": 0.9783387370000001}
{"config": [9, 32, 32, 41, 1, 0], "accuracy": 0.9783382382}
{"config": [9, 16, 128, 41, 1, 0], "accuracy": 0.9714148543000001}
{"config": [3, 16, 16, 64, 1, 1], "accuracy": 0.9582414705000001}
{"config": [9, 64, 32, 32, 1, 0], "accuracy": 0.9747645650000001}
{"config": [6, 64, 16, 64, 1, 0], "accuracy": 0.9799012370000001}
{"config": [9, 32, 64, 41, 1, 1], "accuracy": 0.9774458799}
{"config": [3, 32, 32, 64, 0, 1], "accuracy": 0.9613647247}
{"config": [3, 32, 64, 32, 1, 0], "accuracy": 0.9231803671000001}
