{"config": [9, 64, 64, 32, 0, 1], "accuracy": 0.6551282051}
{"config": [6, 64, 32, 41, 0, 1], "accuracy": 0.6937405732}
{"config": [3, 64, 64, 32, 1, 1], "accuracy": 0.7368024133000001}
{"config": [3, 32, 16, 41, 0, 1], "accuracy": 0.7361236802000001}
{"config": [3, 64, 64, 41, 0, 1], "accuracy": 0.7519607843}
{"config": [3, 16, 128, 64, 1, 1], "accuracy": 0.741025641}
{"config": [3, 16, 64, 64, 1, 0], "accuracy": 0.7441930618}
{"config": [3, 64, 128, 64, 1, 0], "accuracy": 0.7406485671}
{"config": [3, 16, 128, 32, 0, 0], "accuracy": 0.8024132730000001}
{"config": [3, 64, 16, 64, 0, 1], "accuracy": 0.7166666667}
{"config": [3, 64, 128, 32, 1, 0], "accuracy": 0.744494721}
{"config": [3, 16, 32, 32, 0, 1], "accuracy": 0.740346908}
{"config": [3, 32, 64, 32, 1, 0], "accuracy": 0.7868024133}
{"config": [3, 32, 128, 32, 0, 1], "accuracy": 0.8100301659}
{"config": [3, 32, 32, 64, 1, 0], "accuracy": 0.7673453997}
{"config": [3, 64, 64, 64, 0, 1], "accuracy": 0.7012066365}
{"config": [3, 16, 16, 64, 1, 1], "accuracy": 0.7560331825000001}
{"config": [3, 32, 128, 41, 1, 0], "accuracy": 0.7787330317000001}
{"config": [9, 16, 128, 32, 1, 1], "accuracy": 0.7252639517}
{"config": [3, 64, 16, 32, 0, 0], "accuracy": 0.7516591252}
{"config": [6, 16, 64, 32, 1, 1], "accuracy": 0.6667420814}
{"config": [3, 32, 64, 64, 1, 1], "accuracy": 0.7178733032}
{"config": [3, 16, 32, 64, 0, 0], "accuracy": 0.7874057315}
{"config": [3, 32, 32, 32, 0, 0], "accuracy": 0.7674962293}
{"config": [3, 32, 128, 64, 0, 0], "accuracy": 0.7323529412}
{"config": [3, 16, 16, 32, 1, 0], "accuracy": 0.7825791855}
{"config": [9, 16, 32, 64, 1, 0], "accuracy": 0.6742835596}
{"config": [3, 16, 128, 41, 0, 1], "accuracy": 0.7132730015000001}
{"config": [3, 16, 32, 41, 1, 0], "accuracy": 0.7790346908}
{"config": [9, 32, 128, 32, 0, 0], "accuracy": 0.7009049774}
{"config": [3, 64, 32, 64, 1, 1], "accuracy": 0.7404977376}
{"config": [9, 64, 16, 32, 1, 0], "accuracy": 0.7289592760000001}
{"config": [3, 64, 16, 41, 1, 0], "accuracy": 0.7822021116000001}
{"config": [3, 32, 16, 32, 1, 0], "accuracy": 0.728280543}
{"config": [3, 64, 128, 41, 1, 1], "accuracy": 0.7831825038}
{"config": [9, 16, 16, 41, 0, 0], "accuracy": 0.7361236802000001}
{"config": [3, 16, 16, 41, 1, 1], "accuracy": 0.752413273}
{"config": [3, 32, 16, 64, 1, 0], "accuracy": 0.7442684766000001}
{"config": [6, 32, 64, 41, 0, 1], "accuracy": 0.7558069382}
{"config": [3, 32, 32, 41, 1, 0], "accuracy": 0.7711161388000001}
{"config": [9, 64, 128, 64, 1, 1], "accuracy": 0.7327300151}
{"config": [9, 16, 128, 64, 1, 0], "accuracy": 0.6549019608000001}
{"config": [9, 64, 32, 64, 1, 0], "accuracy": 0.7245852187}
{"config": [9, 64, 128, 41, 1, 0], "accuracy": 0.6788838612}
{"config": [9, 32, 64, 32, 1, 0], "accuracy": 0.6898944193000001}
{"config": [9, 16, 16, 32, 1, 1], "accuracy": 0.6708144796000001}
{"config": [3, 64, 32, 32, 1, 0], "accuracy": 0.6788838612}
{"config": [6, 16, 64, 41, 0, 0], "accuracy": 0.7634992459000001}
{"config": [9, 16, 64, 64, 0, 0], "accuracy": 0.7243589744000001}
{"config": [9, 64, 64, 64, 1, 0], "accuracy": 0.6628959276}
