precision,accuracy,recall,duration
0.8374717903908171,0.8333333333333334,0.8074121581382565,1664.1456196308136
