precision,accuracy,recall,duration
0.8480058575243345,0.8333333333333334,0.8007467130880939,330.20404601097107
