precision,accuracy,recall,duration
0.7426677422023662,0.8390243902439024,0.7828074866310161,170.38698720932007
