precision,accuracy,recall,duration
0.6383625036830102,0.7670329670329671,0.6216895421056411,308.11147141456604
