precision,accuracy,recall,duration
0.8568475503360728,0.8564102564102564,0.8577853070550225,984.676730632782
