precision,accuracy,recall,duration
0.8458333333333333,0.8,0.7138888888888889,84.01664781570435
