precision,accuracy,recall,duration
0.7518539613657864,0.7539473684210526,0.7137211742723355,143.34516382217407
