precision,accuracy,recall,duration
0.9824540324324024,0.9809045226130654,0.9801795430416883,92.23998975753784
