precision,accuracy,recall,duration
0.45225230468527394,0.6365914786967418,0.42977656107322576,67.38864374160767
