precision,accuracy,recall,duration
0.8971117906897724,0.8933333333333333,0.8933333333333332,263.62739062309265
