precision,accuracy,recall,duration
0.6798629535377599,0.6961325966850829,0.6590036202936183,170.25199675559998
