precision,accuracy,recall,duration
0.8118708452041785,0.825,0.799431044543863,692.8510673046112
