precision,accuracy,recall,duration
0.896684509504042,0.9106529209621993,0.896684509504042,1875.100801229477
