precision,accuracy,recall,duration
0.7420128218755221,0.7416879795396419,0.747504935004935,129.06754779815674
