precision,accuracy,recall,duration
0.9602861774415677,0.9639024390243902,0.9465851030508062,230.9208824634552
