precision,accuracy,recall,duration
0.9348006644518271,0.9380165289256198,0.9277024907459689,644.2751824855804
