precision,accuracy,recall,duration
0.8387982122719725,0.8358974358974359,0.8406997564222913,474.08987402915955
