precision,accuracy,recall,duration
0.9615384615384616,0.9605263157894737,0.9625,258.7377963066101
