precision,accuracy,recall,duration
0.9363493586947038,0.9361936193619362,0.9360069747166522,1093.1585946083069
