precision,accuracy,recall,duration
0.625,0.6111111111111112,0.6111111111111112,423.53323698043823
