precision,accuracy,recall,duration
0.9653055425596468,0.9619512195121951,0.945693028731268,108.04352378845215
