precision,accuracy,recall,duration
0.9394894675041733,0.9266666666666666,0.9266666666666666,3427.00154709816
