precision,accuracy,recall,duration
0.4723487531405011,0.7275,0.4880110084548659,147.07512021064758
