precision,accuracy,recall,duration
0.906223730250537,0.9056666666666666,0.9041087292628133,846.0490696430206
