precision,accuracy,recall,duration
0.9597874307425946,0.9604878048780487,0.9414090826960776,203.88178706169128
