precision,accuracy,recall,duration
0.6536695463599185,0.6132596685082873,0.619558199340857,86.46261143684387
