precision,accuracy,recall,duration
0.9145901047309498,0.9106529209621993,0.8762289709416649,515.8710746765137
