precision,accuracy,recall,duration
0.7489659648768257,0.7644736842105263,0.7189695735002744,203.93726301193237
