precision,accuracy,recall,duration
0.5830742415677407,0.7075,0.5703199363536916,202.76695108413696
