precision,accuracy,recall,duration
0.6198644604823095,0.6132596685082873,0.603215694597024,280.9900760650635
