precision,accuracy,recall,duration
0.9635737572110524,0.9580487804878048,0.9386862862459839,83.92936635017395
