precision,accuracy,recall,duration
0.6269799850054031,0.6252525252525253,0.6252525252525253,308.5311472415924
