precision,accuracy,recall,duration
0.45056785254348786,0.29454545454545455,0.36036282592517177,203.604567527771
