precision,accuracy,recall,duration
0.9306615022404495,0.9132231404958677,0.8802989130434783,293.3862702846527
