precision,accuracy,recall,duration
0.9642177589852009,0.9545454545454546,0.9528169897735115,174.07863473892212
