precision,accuracy,recall,duration
0.9464848813584253,0.9517313746065058,0.9525719876991893,264.4590973854065
