precision,accuracy,recall,duration
0.8845007756332933,0.8710144927536232,0.8716177459324146,190.24102568626404
