precision,accuracy,recall,duration
0.8949035460663368,0.8945686900958466,0.8927864432890429,204.3791253566742
