precision,accuracy,recall,duration
0.7975286638212336,0.7672634271099744,0.7772174147174147,235.16885614395142
