precision,accuracy,recall,duration
0.8560897011938677,0.8461538461538461,0.8536722470987668,489.21778774261475
