precision,accuracy,recall,duration
0.8861546550987546,0.871900826446281,0.8401028922768053,614.3092393875122
