precision,accuracy,recall,duration
0.9598908770810087,0.9585365853658536,0.9393635228965805,165.89995050430298
