precision,accuracy,recall,duration
0.7960526315789473,0.7888888888888889,0.788888888888889,324.22718572616577
