precision,accuracy,recall,duration
0.7555555555555555,0.6333333333333333,0.6333333333333333,478.0275328159332
