precision,accuracy,recall,duration
0.9663090441955354,0.9702439024390244,0.9505295925063867,281.49600529670715
