precision,accuracy,recall,duration
0.7698924731182795,0.7704918032786885,0.7716450216450217,148.96716594696045
