precision,accuracy,recall,duration
0.7641521516393442,0.764,0.764,985.4516952037811
