precision,accuracy,recall,duration
0.9160519110519111,0.9066666666666666,0.9066666666666667,1055.4511804580688
