precision,accuracy,recall,duration
0.8645409317051108,0.87,0.8498263888888888,157.9487464427948
