precision,accuracy,recall,duration
0.7992154368108566,0.8225,0.7078096484280844,70.2832407951355
