precision,accuracy,recall,duration
0.6235955362027358,0.7186813186813187,0.5675876816853598,352.7870616912842
