precision,accuracy,recall,duration
0.6302091220588739,0.735,0.6005249399764168,90.29989194869995
