precision,accuracy,recall,duration
0.9132040097949189,0.9066666666666666,0.9066666666666666,1468.0362520217896
