precision,accuracy,recall,duration
0.9736116770303708,0.9787518212724624,0.9637891107045701,3340.300847530365
