precision,accuracy,recall,duration
0.796535497147149,0.7921052631578948,0.7725911524136196,546.0668110847473
