precision,accuracy,recall,duration
0.9559302196498329,0.9550530429927415,0.9552211486901153,2692.558869600296
