precision,accuracy,recall,duration
0.8953686633468122,0.7751479289940828,0.8913980907651247,641.2306652069092
