precision,accuracy,recall,duration
0.9725274725274726,0.9714285714285714,0.9731409805301431,565.4379708766937
