precision,accuracy,recall,duration
0.8454651751714823,0.8434782608695652,0.8434304854119921,207.73889756202698
