precision,accuracy,recall,duration
0.7603974731964872,0.7825,0.6509008336872392,284.0580005645752
