precision,accuracy,recall,duration
0.9226389399572388,0.9227172717271728,0.9227713600697471,519.1649265289307
