precision,accuracy,recall,duration
0.85133249428926,0.8461538461538461,0.8537114754468186,475.8506317138672
