precision,accuracy,recall,duration
0.8590890522875817,0.8514285714285714,0.864187403153769,140.66866064071655
