precision,accuracy,recall,duration
0.7772486772486773,0.795,0.6786669421392744,318.3820061683655
