precision,accuracy,recall,duration
0.9369597994597995,0.9266666666666666,0.9266666666666666,1585.5940091609955
