precision,accuracy,recall,duration
0.740952380952381,0.6666666666666666,0.6666666666666666,309.4133563041687
