precision,accuracy,recall,duration
0.8376113678593549,0.8414918414918415,0.8246197718631179,1142.502111673355
