precision,accuracy,recall,duration
0.8898809523809523,0.8,0.6916666666666667,106.3573272228241
