precision,accuracy,recall,duration
0.8111111111111111,0.7,0.7,353.6803185939789
