precision,accuracy,recall,duration
0.7550364175364176,0.710997442455243,0.7226898101898103,140.26351118087769
