precision,accuracy,recall,duration
0.5253030303030303,0.782608695652174,0.5109064785788924,149.82290267944336
