precision,accuracy,recall,duration
0.8429479369720597,0.84,0.8530671771032723,263.93892002105713
