precision,accuracy,recall,duration
0.8754578754578755,0.8666666666666667,0.8610468478889532,242.83922719955444
