precision,accuracy,recall,duration
0.8857142857142857,0.88,0.8515625,103.38817000389099
