precision,accuracy,recall,duration
0.9283477211952099,0.9214876033057852,0.8875995984691638,699.1010842323303
