precision,accuracy,recall,duration
0.837484762936489,0.8256410256410256,0.8285275483680166,1225.5933678150177
