precision,accuracy,recall,duration
0.7902290076335878,0.7679558011049724,0.7382205513784461,86.82482194900513
