precision,accuracy,recall,duration
0.8253916111567356,0.8125,0.6779319659179168,141.78283858299255
