precision,accuracy,recall,duration
0.7564102564102564,0.756,0.756,2005.68953871727
