precision,accuracy,recall,duration
0.8817622718628058,0.8799553322166388,0.880194011408076,989.961635351181
