precision,accuracy,recall,duration
0.9661625488146325,0.9663414634146341,0.9513020874407973,272.3293306827545
