precision,accuracy,recall,duration
0.8231074481074482,0.7945205479452054,0.8139933166248955,204.44186758995056
