precision,accuracy,recall,duration
0.5873559899019883,0.5898989898989899,0.5898989898989899,116.13667845726013
