precision,accuracy,recall,duration
0.737995340697041,0.6983333333333334,0.7496352849640148,377.9953122138977
