precision,accuracy,recall,duration
0.9422669617572165,0.9462809917355371,0.9345206725641507,235.75834608078003
