precision,accuracy,recall,duration
0.8889630379682673,0.888,0.888,1228.5680689811707
