precision,accuracy,recall,duration
0.7699615992285458,0.7763157894736842,0.7716549883670584,521.3911693096161
