precision,accuracy,recall,duration
0.40226528438737735,0.6090225563909775,0.3946144309416953,144.56187176704407
