precision,accuracy,recall,duration
0.6945283885016797,0.9366666666666666,0.5791314583108857,188.57488560676575
