precision,accuracy,recall,duration
0.8211998344351286,0.8107416879795396,0.8153740028740029,315.8050949573517
