precision,accuracy,recall,duration
0.9537871581665027,0.952,0.9528256686952338,1545.510660648346
