precision,accuracy,recall,duration
0.9762687027752758,0.9789946576007771,0.9617984485162977,1767.8654508590698
