precision,accuracy,recall,duration
0.6729613256266985,0.7445141065830722,0.5985087712484425,184.93409967422485
