precision,accuracy,recall,duration
0.6183781648055741,0.7582417582417582,0.617032406241849,353.41886377334595
