precision,accuracy,recall,duration
0.8145219266714594,0.808,0.808,739.4140996932983
