precision,accuracy,recall,duration
0.9494638123586544,0.9462809917355371,0.9376341050254093,265.4606714248657
