precision,accuracy,recall,duration
0.9618634370656873,0.956503198294243,0.9566867927481677,306.77111864089966
