precision,accuracy,recall,duration
0.9169002525252525,0.905,0.905,1165.9824359416962
