precision,accuracy,recall,duration
0.9135802469135802,0.8833333333333333,0.8833333333333333,87.62127423286438
