precision,accuracy,recall,duration
0.9733009708737864,0.9640522875816994,0.9658284977433913,502.34617853164673
