precision,accuracy,recall,duration
0.8340548340548339,0.7945205479452054,0.8064327485380118,147.84463930130005
