precision,accuracy,recall,duration
0.8364492161200346,0.8391608391608392,0.8204968161619863,878.7985682487488
