precision,accuracy,recall,duration
0.7580585743230798,0.7733333333333333,0.7671242671242671,203.83814024925232
