precision,accuracy,recall,duration
0.6417252196764391,0.6464088397790055,0.6444250724058723,551.6109709739685
