precision,accuracy,recall,duration
0.6919406150583245,0.703125,0.6831983805668016,143.150648355484
