precision,accuracy,recall,duration
0.5032793695162668,0.7475,0.5099967198763086,137.83061957359314
