precision,accuracy,recall,duration
0.609384669367444,0.7375,0.5971401781528364,360.5796639919281
