precision,accuracy,recall,duration
0.9733570918380534,0.9731343283582089,0.9731594378190449,238.45740485191345
