precision,accuracy,recall,duration
0.8756690901945372,0.8722044728434505,0.8681455805892548,389.8440411090851
