precision,accuracy,recall,duration
0.9412975912975913,0.9283333333333333,0.9283333333333333,1014.1776161193848
