precision,accuracy,recall,duration
0.5186206896551724,0.5185185185185185,0.5185185185185185,121.37482070922852
