precision,accuracy,recall,duration
0.9011387163561078,0.9001597444089456,0.8979716284742281,328.43740010261536
