precision,accuracy,recall,duration
0.746293033354322,0.8390243902439024,0.7837165775401069,175.50379943847656
