precision,accuracy,recall,duration
0.870232038547471,0.8685714285714285,0.877221766475253,129.85914373397827
