precision,accuracy,recall,duration
0.7624184484206447,0.76,0.76,358.305783033371
