precision,accuracy,recall,duration
0.9431818181818182,0.9333333333333333,0.9244505494505495,266.8876965045929
