precision,accuracy,recall,duration
0.9097248379846486,0.9101060859854829,0.910332022832554,1485.8911447525024
