precision,accuracy,recall,duration
0.8600472082377464,0.8606770833333334,0.8211227916325385,245.81388425827026
