precision,accuracy,recall,duration
0.8381398054313123,0.84375,0.8042644098577504,182.69249367713928
