precision,accuracy,recall,duration
0.8529084459473255,0.86328125,0.8318585569731983,1411.1303279399872
