precision,accuracy,recall,duration
0.8865578605181139,0.8865814696485623,0.8850016047243083,145.5855255126953
