precision,accuracy,recall,duration
0.7916666666666666,0.8333333333333334,0.7416666666666666,233.4212806224823
