precision,accuracy,recall,duration
0.6823511629981477,0.7074309428089742,0.6223836289511304,6341.8921909332275
