precision,accuracy,recall,duration
0.8054157955850909,0.8068118369625907,0.8052867475248018,170.9776861667633
