precision,accuracy,recall,duration
0.843389114247771,0.8580729166666666,0.8307498474353058,489.3001141548157
