precision,accuracy,recall,duration
0.868198110133594,0.8865979381443299,0.8703299104216735,147.64137601852417
