precision,accuracy,recall,duration
0.956140350877193,0.956140350877193,0.9574074074074075,264.2014989852905
