precision,accuracy,recall,duration
0.597097097097097,0.609375,0.5981781376518218,264.93587493896484
