precision,accuracy,recall,duration
0.863478601825376,0.8538461538461538,0.8563256204708308,1351.2428584098816
