precision,accuracy,recall,duration
0.9218193971803597,0.9207920792079208,0.9202666376053472,2215.3710219860077
