precision,accuracy,recall,duration
0.748507418781696,0.785,0.666764612482735,85.17257142066956
