precision,accuracy,recall,duration
0.9163504095674638,0.9173553719008265,0.8851621808143548,508.42459511756897
