precision,accuracy,recall,duration
0.685220810409704,0.9328888888888889,0.5895789055223697,1136.2130496501923
