precision,accuracy,recall,duration
0.9058083059463521,0.8986666666666666,0.8986666666666666,1227.8815553188324
