{"config": [3, 32, 16, 41, 0, 0], "accuracy": 0.6090229079}
{"config": [3, 32, 16, 41, 0, 1], "accuracy": 0.6027582983}
{"config": [3, 16, 128, 32, 0, 0], "accuracy": 0.6025946704}
{"config": [3, 32, 128, 64, 0, 0], "accuracy": 0.6025712950000001}
{"config": [6, 16, 16, 32, 1, 1], "accuracy": 0.6003272557}
{"config": [3, 64, 64, 41, 1, 0], "accuracy": 0.5940626461}
{"config": [6, 32, 128, 64, 1, 1], "accuracy": 0.5938990182}
{"config": [3, 16, 128, 41, 0, 0], "accuracy": 0.5918186068}
{"config": [3, 16, 32, 32, 0, 0], "accuracy": 0.5899018233000001}
{"config": [3, 32, 16, 32, 1, 0], "accuracy": 0.5853669939}
{"config": [3, 16, 16, 41, 1, 1], "accuracy": 0.5852968677}
{"config": [3, 64, 32, 32, 1, 1], "accuracy": 0.5851566152000001}
{"config": [3, 16, 16, 32, 1, 0], "accuracy": 0.5830995792}
{"config": [3, 64, 16, 41, 0, 1], "accuracy": 0.5811827957}
{"config": [3, 32, 64, 64, 1, 1], "accuracy": 0.5766012155}
{"config": [3, 16, 16, 32, 0, 1], "accuracy": 0.5745675549}
{"config": [3, 64, 128, 32, 1, 0], "accuracy": 0.5725338943}
{"config": [3, 64, 128, 64, 0, 0], "accuracy": 0.5704067321}
{"config": [3, 32, 16, 41, 1, 0], "accuracy": 0.5701028518}
{"config": [3, 16, 32, 32, 1, 1], "accuracy": 0.570056101}
{"config": [3, 64, 16, 41, 1, 1], "accuracy": 0.5681626928}
{"config": [9, 16, 128, 32, 1, 0], "accuracy": 0.5681626928}
{"config": [6, 16, 16, 32, 1, 0], "accuracy": 0.568115942}
{"config": [3, 16, 16, 64, 1, 1], "accuracy": 0.5659654044}
{"config": [6, 32, 64, 41, 0, 1], "accuracy": 0.5659186536}
{"config": [3, 64, 128, 41, 0, 1], "accuracy": 0.5658719028}
{"config": [3, 64, 64, 41, 0, 0], "accuracy": 0.5658017765000001}
{"config": [3, 32, 128, 32, 0, 1], "accuracy": 0.5657784011}
{"config": [3, 16, 32, 41, 1, 0], "accuracy": 0.5657082749}
{"config": [3, 16, 32, 64, 1, 0], "accuracy": 0.5638616176}
{"config": [6, 32, 16, 32, 0, 0], "accuracy": 0.5638148668}
{"config": [6, 32, 32, 41, 1, 0], "accuracy": 0.5637914914000001}
{"config": [3, 64, 16, 32, 0, 1], "accuracy": 0.5636979897000001}
{"config": [3, 16, 64, 64, 1, 0], "accuracy": 0.563487611}
{"config": [6, 16, 16, 64, 0, 1], "accuracy": 0.5615942029000001}
{"config": [3, 16, 64, 64, 1, 1], "accuracy": 0.5595137915}
{"config": [3, 64, 16, 41, 1, 0], "accuracy": 0.5593735390000001}
{"config": [3, 32, 16, 41, 1, 1], "accuracy": 0.5573398784}
{"config": [6, 16, 16, 41, 0, 1], "accuracy": 0.5572697522}
{"config": [9, 64, 16, 41, 1, 1], "accuracy": 0.5572697522}
{"config": [3, 64, 64, 32, 1, 1], "accuracy": 0.5571061244000001}
{"config": [6, 32, 32, 64, 1, 0], "accuracy": 0.5550490884}
{"config": [6, 16, 64, 64, 0, 1], "accuracy": 0.5550257129}
{"config": [3, 64, 128, 41, 1, 1], "accuracy": 0.5533193081000001}
{"config": [3, 16, 16, 32, 1, 1], "accuracy": 0.553085554}
{"config": [6, 16, 64, 64, 0, 0], "accuracy": 0.5529453015}
{"config": [3, 32, 32, 32, 0, 0], "accuracy": 0.5529219261}
{"config": [6, 16, 128, 64, 1, 0], "accuracy": 0.5529219261}
{"config": [9, 16, 128, 64, 0, 0], "accuracy": 0.5528985507}
{"config": [6, 16, 128, 41, 1, 1], "accuracy": 0.5510752688}
{"config": [3, 64, 128, 64, 0, 1], "accuracy": 0.5508648901000001}
{"config": [3, 64, 16, 32, 1, 1], "accuracy": 0.5507480131}
{"config": [9, 16, 16, 64, 1, 1], "accuracy": 0.5507246377}
{"config": [3, 32, 32, 64, 0, 1], "accuracy": 0.5487377279}
{"config": [6, 16, 32, 41, 0, 0], "accuracy": 0.5487377279}
{"config": [9, 16, 64, 41, 0, 0], "accuracy": 0.5485039738}
{"config": [3, 32, 32, 41, 1, 1], "accuracy": 0.5483169705000001}
{"config": [3, 64, 64, 32, 0, 0], "accuracy": 0.5466105657}
{"config": [6, 64, 64, 41, 0, 0], "accuracy": 0.5465871903}
{"config": [3, 32, 64, 32, 1, 0], "accuracy": 0.5465404395}
{"config": [6, 16, 64, 32, 1, 1], "accuracy": 0.5463534362}
{"config": [3, 16, 128, 41, 0, 1], "accuracy": 0.54628331}
{"config": [3, 16, 16, 41, 0, 1], "accuracy": 0.5443665264}
{"config": [6, 16, 32, 32, 0, 1], "accuracy": 0.5442730248000001}
{"config": [6, 16, 16, 41, 1, 1], "accuracy": 0.5442496494}
{"config": [3, 64, 128, 64, 1, 0], "accuracy": 0.5440860215000001}
{"config": [3, 64, 64, 32, 0, 1], "accuracy": 0.5421224871}
{"config": [6, 32, 128, 41, 1, 0], "accuracy": 0.5399251987}
{"config": [6, 16, 64, 41, 0, 0], "accuracy": 0.5398784479000001}
{"config": [3, 16, 128, 41, 1, 0], "accuracy": 0.5398550725}
{"config": [3, 64, 16, 32, 1, 0], "accuracy": 0.5396914446000001}
{"config": [3, 64, 16, 32, 0, 0], "accuracy": 0.5396680692}
{"config": [3, 32, 32, 41, 1, 0], "accuracy": 0.538055166}
{"config": [3, 32, 128, 41, 1, 0], "accuracy": 0.5377279102}
{"config": [9, 32, 16, 41, 0, 1], "accuracy": 0.5377279102}
{"config": [6, 32, 32, 32, 0, 0], "accuracy": 0.5377279102}
{"config": [6, 16, 128, 32, 0, 1], "accuracy": 0.5377045348}
{"config": [9, 64, 32, 64, 1, 0], "accuracy": 0.5376577840000001}
{"config": [3, 16, 32, 32, 0, 1], "accuracy": 0.5356708742}
{"config": [9, 16, 64, 64, 0, 0], "accuracy": 0.5356708742}
{"config": [3, 16, 128, 64, 0, 0], "accuracy": 0.5355773726}
{"config": [6, 64, 128, 64, 1, 1], "accuracy": 0.5354137447}
{"config": [3, 32, 16, 64, 1, 1], "accuracy": 0.5354137447}
{"config": [6, 64, 16, 32, 1, 0], "accuracy": 0.5336839645}
{"config": [3, 64, 32, 32, 0, 1], "accuracy": 0.5335670874}
{"config": [9, 16, 16, 41, 0, 0], "accuracy": 0.5334034596}
{"config": [9, 32, 128, 64, 1, 1], "accuracy": 0.5315801777}
{"config": [6, 16, 32, 64, 0, 1], "accuracy": 0.5315568022}
{"config": [6, 32, 128, 32, 1, 0], "accuracy": 0.531369799}
{"config": [6, 64, 16, 41, 1, 0], "accuracy": 0.5313464236000001}
{"config": [3, 64, 16, 64, 0, 1], "accuracy": 0.5312996727}
{"config": [6, 64, 64, 32, 0, 0], "accuracy": 0.52942964}
{"config": [9, 32, 128, 32, 0, 0], "accuracy": 0.5271856007}
{"config": [6, 64, 32, 32, 0, 0], "accuracy": 0.5271388499}
{"config": [3, 64, 32, 41, 0, 0], "accuracy": 0.5271154745000001}
{"config": [3, 32, 32, 64, 1, 0], "accuracy": 0.5268115942}
{"config": [6, 32, 64, 64, 0, 0], "accuracy": 0.526741468}
{"config": [6, 16, 64, 32, 1, 0], "accuracy": 0.5266012155}
{"config": [3, 64, 32, 41, 0, 1], "accuracy": 0.5250350631}
{"config": [6, 16, 128, 64, 0, 1], "accuracy": 0.5249415615}
{"config": [9, 32, 16, 32, 1, 1], "accuracy": 0.5249181861000001}
{"config": [3, 64, 64, 41, 0, 1], "accuracy": 0.5248948107}
{"config": [6, 16, 32, 32, 0, 0], "accuracy": 0.5248714353}
{"config": [3, 64, 32, 64, 1, 1], "accuracy": 0.524801309}
{"config": [9, 32, 32, 41, 0, 0], "accuracy": 0.5229079009000001}
{"config": [9, 16, 16, 32, 1, 1], "accuracy": 0.5228845255}
{"config": [9, 16, 32, 64, 1, 1], "accuracy": 0.522744273}
{"config": [3, 16, 128, 64, 1, 1], "accuracy": 0.5226273960000001}
{"config": [9, 32, 32, 64, 1, 1], "accuracy": 0.5224403927}
{"config": [6, 32, 16, 32, 1, 0], "accuracy": 0.5208742403000001}
{"config": [6, 16, 32, 32, 1, 0], "accuracy": 0.5207339878}
{"config": [9, 16, 128, 64, 1, 0], "accuracy": 0.5205937354}
{"config": [6, 64, 128, 32, 1, 0], "accuracy": 0.518630201}
{"config": [6, 64, 16, 41, 1, 1], "accuracy": 0.5184665732}
{"config": [3, 64, 64, 64, 0, 1], "accuracy": 0.5184198223}
{"config": [6, 32, 32, 41, 1, 1], "accuracy": 0.5183029453}
{"config": [6, 32, 32, 32, 1, 1], "accuracy": 0.5182795699}
{"config": [9, 64, 16, 41, 1, 0], "accuracy": 0.5182561945}
{"config": [9, 16, 16, 41, 1, 0], "accuracy": 0.5182094437}
{"config": [9, 32, 16, 32, 1, 0], "accuracy": 0.5181626928}
{"config": [3, 16, 32, 64, 1, 1], "accuracy": 0.5162225339000001}
{"config": [6, 32, 16, 64, 0, 0], "accuracy": 0.5161757831}
{"config": [6, 16, 128, 64, 0, 0], "accuracy": 0.5159887798}
{"config": [6, 64, 64, 64, 0, 1], "accuracy": 0.5143057504}
{"config": [6, 64, 16, 64, 1, 0], "accuracy": 0.5141421225}
{"config": [9, 16, 128, 41, 1, 0], "accuracy": 0.5140953717}
{"config": [9, 16, 32, 32, 1, 0], "accuracy": 0.5118045816}
{"config": [6, 64, 128, 32, 0, 0], "accuracy": 0.5116877045}
{"config": [9, 32, 64, 64, 0, 1], "accuracy": 0.511430575}
{"config": [9, 32, 32, 64, 1, 0], "accuracy": 0.5099111734}
{"config": [9, 16, 32, 32, 1, 1],