{"config": [3, 32, 16, 41, 0, 0], "accuracy": 0.9834769183000001}
{"config": [9, 16, 32, 32, 1, 0], "accuracy": 0.9826956925}
{"config": [3, 64, 32, 32, 0, 0], "accuracy": 0.9819206423000001}
{"config": [9, 32, 64, 32, 1, 0], "accuracy": 0.9819144666}
{"config": [3, 32, 16, 32, 1, 0], "accuracy": 0.9819113787}
{"config": [9, 64, 16, 32, 0, 1], "accuracy": 0.981127065}
{"config": [3, 64, 128, 64, 1, 0], "accuracy": 0.9811239771}
{"config": [3, 64, 128, 32, 1, 0], "accuracy": 0.9811147136}
{"config": [9, 64, 16, 41, 1, 0], "accuracy": 0.9803551027}
{"config": [3, 32, 32, 64, 1, 0], "accuracy": 0.9803520148}
{"config": [9, 64, 32, 32, 0, 1], "accuracy": 0.9803427513}
{"config": [3, 64, 32, 32, 0, 1], "accuracy": 0.9795646132}
{"config": [3, 64, 64, 41, 0, 1], "accuracy": 0.9795646132}
{"config": [6, 64, 16, 32, 1, 0], "accuracy": 0.9795615254000001}
{"config": [3, 32, 32, 32, 0, 0], "accuracy": 0.9795615254000001}
{"config": [3, 64, 32, 41, 0, 1], "accuracy": 0.9795615254000001}
{"config": [6, 64, 64, 41, 0, 0], "accuracy": 0.9795553497}
{"config": [3, 32, 16, 41, 0, 1], "accuracy": 0.9795522618}
{"config": [6, 16, 16, 41, 0, 1], "accuracy": 0.9787833874}
{"config": [9, 16, 32, 64, 1, 0], "accuracy": 0.9787772117}
{"config": [9, 16, 64, 32, 1, 1], "accuracy": 0.9787772117}
{"config": [6, 16, 16, 64, 0, 1], "accuracy": 0.9787741238000001}
{"config": [6, 32, 32, 41, 1, 0], "accuracy": 0.9779990736}
{"config": [9, 16, 128, 64, 0, 0], "accuracy": 0.9779959858}
{"config": [6, 32, 32, 32, 1, 1], "accuracy": 0.9779898101000001}
{"config": [6, 16, 16, 41, 0, 0], "accuracy": 0.9779898101000001}
{"config": [6, 32, 32, 32, 0, 0], "accuracy": 0.9779805465}
{"config": [9, 32, 16, 32, 1, 1], "accuracy": 0.9772178478}
{"config": [6, 32, 64, 32, 0, 1], "accuracy": 0.9772054964}
{"config": [3, 64, 16, 32, 0, 0], "accuracy": 0.9772054964}
{"config": [6, 32, 16, 32, 0, 1], "accuracy": 0.9772024085000001}
{"config": [3, 64, 64, 32, 0, 1], "accuracy": 0.9772024085000001}
{"config": [6, 16, 32, 41, 0, 1], "accuracy": 0.9772024085000001}
{"config": [3, 32, 32, 41, 1, 1], "accuracy": 0.9772024085000001}
{"config": [3, 32, 16, 41, 1, 0], "accuracy": 0.9772024085000001}
{"config": [6, 64, 64, 41, 1, 1], "accuracy": 0.9771993207}
{"config": [6, 32, 128, 64, 1, 1], "accuracy": 0.9771962328}
{"config": [9, 32, 16, 32, 1, 0], "accuracy": 0.9771962328}
{"config": [3, 16, 16, 32, 1, 0], "accuracy": 0.9771931450000001}
{"config": [9, 64, 64, 32, 1, 1], "accuracy": 0.9771900571000001}
{"config": [6, 64, 16, 64, 1, 0], "accuracy": 0.9771900571000001}
{"config": [6, 32, 16, 41, 1, 1], "accuracy": 0.9771869693}
{"config": [6, 64, 128, 32, 0, 0], "accuracy": 0.9764304462000001}
{"config": [6, 16, 128, 64, 0, 1], "accuracy": 0.9764242705}
{"config": [9, 16, 16, 64, 0, 1], "accuracy": 0.9764242705}
{"config": [3, 64, 16, 64, 0, 1], "accuracy": 0.9764211826}
{"config": [9, 32, 128, 32, 0, 1], "accuracy": 0.9764211826}
{"config": [3, 16, 32, 64, 1, 0], "accuracy": 0.9764180948000001}
{"config": [3, 64, 16, 32, 0, 1], "accuracy": 0.9764150069}
{"config": [3, 64, 32, 64, 1, 1], "accuracy": 0.9764150069}
{"config": [9, 16, 32, 32, 0, 0], "accuracy": 0.9764088312}
{"config": [3, 64, 16, 41, 0, 1], "accuracy": 0.9764057434000001}
{"config": [6, 16, 64, 64, 0, 0], "accuracy": 0.9764026556000001}
{"config": [3, 32, 128, 32, 0, 1], "accuracy": 0.9764026556000001}
{"config": [3, 64, 16, 41, 1, 0], "accuracy": 0.9763995677}
{"config": [3, 16, 32, 32, 1, 1], "accuracy": 0.9763995677}
{"config": [6, 64, 64, 32, 1, 1], "accuracy": 0.9756430446000001}
{"config": [6, 16, 16, 41, 1, 1], "accuracy": 0.9756368689}
{"config": [9, 32, 32, 64, 1, 0], "accuracy": 0.9756368689}
{"config": [3, 16, 32, 32, 0, 1], "accuracy": 0.9756337811}
{"config": [3, 16, 32, 64, 1, 1], "accuracy": 0.9756306932000001}
{"config": [3, 16, 16, 64, 1, 1], "accuracy": 0.9756276054}
{"config": [9, 64, 128, 32, 0, 0], "accuracy": 0.9756245175}
{"config": [9, 32, 128, 32, 0, 0], "accuracy": 0.9756245175}
{"config": [6, 16, 64, 41, 0, 0], "accuracy": 0.9756245175}
{"config": [6, 16, 32, 32, 1, 0], "accuracy": 0.9756245175}
{"config": [6, 64, 32, 32, 0, 0], "accuracy": 0.9756214297}
{"config": [3, 64, 64, 64, 0, 1], "accuracy": 0.9756214297}
{"config": [9, 64, 128, 41, 1, 0], "accuracy": 0.9756214297}
{"config": [6, 16, 128, 32, 0, 1], "accuracy": 0.9756183418000001}
{"config": [3, 64, 64, 41, 0, 0], "accuracy": 0.9748587309000001}
{"config": [3, 64, 32, 32, 1, 0], "accuracy": 0.974855643}
{"config": [9, 32, 32, 41, 0, 0], "accuracy": 0.9748494673}
{"config": [6, 32, 16, 32, 0, 0], "accuracy": 0.9748494673}
{"config": [3, 16, 16, 41, 1, 1], "accuracy": 0.9748463795000001}
{"config": [6, 16, 32, 64, 0, 1], "accuracy": 0.9748463795000001}
{"config": [6, 32, 128, 64, 0, 0], "accuracy": 0.9748463795000001}
{"config": [6, 16, 64, 32, 1, 1], "accuracy": 0.9748432916}
{"config": [6, 32, 64, 64, 0, 0], "accuracy": 0.9748432916}
{"config": [9, 32, 16, 32, 0, 1], "accuracy": 0.9748432916}
{"config": [6, 32, 64, 41, 0, 1], "accuracy": 0.9748371159}
{"config": [3, 16, 16, 41, 0, 1], "accuracy": 0.9748371159}
{"config": [3, 32, 128, 64, 0, 0], "accuracy": 0.9748340281000001}
{"config": [6, 16, 16, 32, 1, 1], "accuracy": 0.9748247646}
{"config": [9, 64, 128, 41, 1, 1], "accuracy": 0.9748247646}
{"config": [6, 64, 64, 64, 0, 1], "accuracy": 0.9740651536}
{"config": [3, 64, 128, 41, 1, 1], "accuracy": 0.9740651536}
{"config": [3, 64, 64, 32, 1, 1], "accuracy": 0.9740589779000001}
{"config": [6, 16, 32, 32, 0, 1], "accuracy": 0.9740589779000001}
{"config": [3, 32, 16, 41, 1, 1], "accuracy": 0.9740589779000001}
{"config": [3, 16, 128, 41, 1, 0], "accuracy": 0.9740558901}
{"config": [9, 16, 16, 41, 0, 0], "accuracy": 0.9740497144}
{"config": [9, 64, 128, 64, 1, 0], "accuracy": 0.9740497144}
{"config": [6, 32, 16, 32, 1, 0], "accuracy": 0.9740435387}
{"config": [9, 16, 16, 32, 1, 1], "accuracy": 0.9732993670000001}
{"config": [6, 16, 128, 64, 1, 0], "accuracy": 0.9732808399}
{"config": [3, 32, 64, 64, 1, 1], "accuracy": 0.9732808399}
{"config": [6, 32, 16, 64, 1, 0], "accuracy": 0.9732777520000001}
{"config": [6, 64, 64, 41, 1, 0], "accuracy": 0.9732777520000001}
{"config": [3, 16, 16, 32, 1, 1], "accuracy": 0.9732777520000001}
{"config": [3, 16, 32, 41, 0, 1], "accuracy": 0.9732777520000001}
{"config": [3, 64, 128, 41, 0, 1], "accuracy": 0.9732715763}
{"config": [6, 32, 32, 32, 0, 1], "accuracy": 0.9732715763}
{"config": [3, 64, 16, 32, 1, 0], "accuracy": 0.9732684885}
{"config": [3, 64, 128, 64, 0, 1], "accuracy": 0.9732684885}
{"config": [6, 64, 128, 41, 0, 1], "accuracy": 0.9732654006}
{"config": [9, 32, 16, 41, 0, 1], "accuracy": 0.9732654006}
{"config": [6, 16, 16, 32, 1, 0], "accuracy": 0.9732654006}
{"config": [9, 16, 16, 41, 1, 1], "accuracy": 0.9732654006}
{"config": [3, 64, 16, 32, 1, 1], "accuracy": 0.9732623128000001}
{"config": [9, 64, 128, 64, 1, 1], "accuracy": 0.9732561371}
{"config": [3, 16, 128, 64, 0, 0], "accuracy": 0.9732530493}
{"config": [9, 16, 128, 32, 1, 0], "accuracy": 0.9725057897}
{"config": [9, 32, 64, 41, 1, 0], "accuracy": 0.9724996140000001}
{"config": [9, 32, 32, 41, 1, 0], "accuracy": 0.9724934383}
{"config": [3, 64, 64, 41, 1, 0], "accuracy": 0.9724934383}
{"config": [3, 16, 128, 64, 1, 1], "accuracy": 0.9724903505}
{"config": [9, 32, 32, 64, 1, 1], "accuracy": 0.9724903505}
{"config": [6, 64, 32, 64, 0, 0], "accuracy": 0.9724872626000001}
{"config": [9, 64, 16, 41, 1, 1], "accuracy": 0.9724841748}
{"config": [3, 32, 64, 32, 1, 0], "accuracy": 0.9724841748}
{"config": [9, 64, 32, 32, 1, 0], "accuracy": 0.9724810869}
{"config": [6, 16, 128, 64, 0, 0], "accuracy": 0.9724810869}
{"config": [9, 16, 128, 32, 1, 1], "accuracy": 0.9724810869}
{"config": [9, 32, 32, 32, 1, 1], "accuracy": 0.9724779991}
{"config": [3, 16, 32, 64, 0, 0], "accuracy": 0.9724779991}
{"config": [6, 32, 128, 32, 1, 0], "accuracy": 0.9717183881}
{"config": [3, 16, 32, 41, 1, 0], "accuracy": 0.9717029489000001}
{"config": [9, 32, 32, 32, 1, 0],