{"config": [9, 16, 16, 32, 1, 1], "accuracy": 0.9169669198}
{"config": [9, 64, 32, 32, 1, 0], "accuracy": 0.9113363882000001}
{"config": [6, 16, 16, 64, 0, 0], "accuracy": 0.9080095411}
{"config": [6, 16, 64, 32, 1, 1], "accuracy": 0.9057435189}
{"config": [6, 32, 16, 32, 1, 0], "accuracy": 0.9046324776}
{"config": [6, 64, 16, 64, 1, 0], "accuracy": 0.9046010922000001}
{"config": [6, 16, 16, 64, 1, 0], "accuracy": 0.9045634298}
{"config": [6, 16, 64, 41, 0, 0], "accuracy": 0.9034837738}
{"config": [6, 16, 16, 32, 1, 0], "accuracy": 0.9034398343000001}
{"config": [6, 16, 128, 41, 1, 1], "accuracy": 0.9023601783}
{"config": [6, 16, 16, 41, 1, 1], "accuracy": 0.9023476241}
{"config": [3, 16, 32, 32, 0, 1], "accuracy": 0.9012930764}
{"config": [6, 32, 16, 32, 0, 1], "accuracy": 0.9012428598000001}
{"config": [3, 32, 128, 32, 0, 1], "accuracy": 0.9012114745}
{"config": [6, 64, 128, 32, 0, 0], "accuracy": 0.9001443726}
{"config": [3, 16, 32, 64, 1, 0], "accuracy": 0.9000941560000001}
{"config": [6, 16, 16, 64, 0, 1], "accuracy": 0.9000941560000001}
{"config": [6, 32, 64, 32, 0, 1], "accuracy": 0.8990207771000001}
{"config": [6, 16, 32, 32, 0, 1], "accuracy": 0.8990144999999999}
{"config": [9, 16, 32, 32, 0, 0], "accuracy": 0.8990144999999999}
{"config": [6, 64, 16, 32, 1, 0], "accuracy": 0.8989893918}
{"config": [9, 16, 16, 41, 1, 1], "accuracy": 0.8989768376}
{"config": [9, 16, 16, 41, 1, 0], "accuracy": 0.8978783504000001}
{"config": [3, 32, 32, 32, 0, 0], "accuracy": 0.8978657962000001}
{"config": [3, 64, 16, 32, 1, 0], "accuracy": 0.8978532421000001}
{"config": [6, 16, 16, 41, 0, 0], "accuracy": 0.896761032}
{"config": [6, 64, 64, 32, 0, 0], "accuracy": 0.896761032}
{"config": [6, 64, 32, 32, 0, 0], "accuracy": 0.8967547549}
{"config": [9, 16, 64, 32, 1, 1], "accuracy": 0.8967484778}
{"config": [6, 64, 128, 41, 0, 1], "accuracy": 0.8967359237}
{"config": [6, 16, 32, 64, 0, 1], "accuracy": 0.8967359237}
{"config": [6, 64, 128, 32, 1, 0], "accuracy": 0.8967233695}
{"config": [6, 32, 16, 64, 1, 0], "accuracy": 0.8956248823}
{"config": [3, 64, 128, 41, 1, 1], "accuracy": 0.8956186052}
{"config": [9, 64, 128, 32, 1, 0], "accuracy": 0.8956060511}
{"config": [6, 64, 16, 64, 1, 1], "accuracy": 0.8945326721}
{"config": [6, 16, 128, 64, 0, 0], "accuracy": 0.8945263951}
{"config": [3, 64, 128, 64, 1, 0], "accuracy": 0.8945138409000001}
{"config": [3, 16, 16, 32, 1, 1], "accuracy": 0.8945138409000001}
{"config": [9, 32, 16, 32, 1, 1], "accuracy": 0.8944950097000001}
{"config": [6, 16, 128, 32, 0, 1], "accuracy": 0.8944824556000001}
{"config": [9, 32, 64, 64, 0, 1], "accuracy": 0.8944196849}
{"config": [3, 64, 64, 41, 0, 1], "accuracy": 0.8934216308}
{"config": [3, 32, 16, 41, 1, 1], "accuracy": 0.8934153537}
{"config": [9, 64, 32, 41, 0, 0], "accuracy": 0.8934090766}
{"config": [6, 64, 64, 41, 0, 0], "accuracy": 0.8934027996}
{"config": [6, 16, 32, 32, 0, 0], "accuracy": 0.8933839684}
{"config": [9, 16, 16, 64, 1, 1], "accuracy": 0.8933776913}
{"config": [3, 64, 128, 64, 0, 0], "accuracy": 0.8933714142}
{"config": [3, 16, 128, 32, 0, 0], "accuracy": 0.8933714142}
{"config": [6, 16, 32, 64, 1, 0], "accuracy": 0.8933651372}
{"config": [6, 32, 32, 41, 1, 1], "accuracy": 0.8933588601}
{"config": [3, 32, 32, 41, 1, 1], "accuracy": 0.8933463059000001}
{"config": [9, 64, 16, 41, 1, 0], "accuracy": 0.8933337518000001}
{"config": [6, 32, 16, 41, 1, 1], "accuracy": 0.8933211977000001}
{"config": [3, 64, 64, 64, 0, 1], "accuracy": 0.8922603729}
{"config": [6, 64, 32, 64, 0, 0], "accuracy": 0.8922540958}
{"config": [3, 16, 32, 32, 0, 0], "accuracy": 0.8922478187}
{"config": [9, 32, 64, 41, 1, 0], "accuracy": 0.8922289875}
{"config": [9, 64, 64, 41, 1, 0], "accuracy": 0.8922289875}
{"config": [3, 64, 32, 32, 1, 1], "accuracy": 0.8922289875}
{"config": [9, 64, 128, 41, 1, 1], "accuracy": 0.8911807168}
{"config": [9, 64, 128, 41, 1, 0], "accuracy": 0.8911618856}
{"config": [3, 64, 128, 32, 1, 0], "accuracy": 0.8911493315000001}
{"config": [3, 64, 128, 64, 0, 1], "accuracy": 0.8911493315000001}
{"config": [9, 16, 32, 32, 1, 1], "accuracy": 0.8911430544000001}
{"config": [9, 16, 128, 64, 1, 0], "accuracy": 0.8911367774000001}
{"config": [3, 32, 16, 32, 1, 0], "accuracy": 0.8911305003000001}
{"config": [6, 16, 16, 41, 0, 1], "accuracy": 0.8911305003000001}
{"config": [9, 64, 16, 32, 1, 0], "accuracy": 0.8911305003000001}
{"config": [6, 64, 64, 64, 0, 0], "accuracy": 0.8911116691000001}
{"config": [3, 16, 16, 41, 0, 1], "accuracy": 0.891105392}
{"config": [6, 64, 64, 41, 1, 1], "accuracy": 0.891105392}
{"config": [6, 32, 128, 32, 1, 0], "accuracy": 0.891105392}
{"config": [3, 16, 32, 41, 0, 1], "accuracy": 0.8900320131}
{"config": [6, 16, 16, 32, 1, 1], "accuracy": 0.890025736}
{"config": [9, 32, 32, 32, 1, 1], "accuracy": 0.8900131818}
{"config": [3, 32, 128, 41, 1, 0], "accuracy": 0.8900131818}
{"config": [3, 32, 32, 41, 1, 0], "accuracy": 0.8900131818}
{"config": [3, 64, 16, 41, 0, 1], "accuracy": 0.8900131818}
{"config": [9, 32, 16, 32, 0, 1], "accuracy": 0.8899943506}
{"config": [9, 32, 32, 41, 1, 0], "accuracy": 0.8889711882}
{"config": [6, 32, 32, 32, 1, 1], "accuracy": 0.8889209717000001}
{"config": [9, 16, 32, 32, 1, 0], "accuracy": 0.8889084176000001}
{"config": [3, 32, 16, 41, 1, 0], "accuracy": 0.8889084176000001}
{"config": [3, 16, 32, 32, 1, 1], "accuracy": 0.8888895863}
{"config": [6, 16, 128, 64, 0, 1], "accuracy": 0.8888833093}
{"config": [6, 16, 128, 64, 1, 1], "accuracy": 0.8888707551}
{"config": [6, 64, 128, 64, 0, 1], "accuracy": 0.8888456469}
{"config": [3, 16, 128, 41, 1, 0], "accuracy": 0.8878036533}
{"config": [6, 16, 64, 64, 0, 1], "accuracy": 0.8877659908000001}
{"config": [6, 32, 16, 32, 0, 0], "accuracy": 0.8877659908000001}
{"config": [6, 16, 64, 64, 0, 0], "accuracy": 0.8877597138000001}
{"config": [3, 16, 32, 64, 1, 1], "accuracy": 0.8877597138000001}
{"config": [9, 32, 32, 64, 0, 1], "accuracy": 0.8877471596000001}
{"config": [6, 16, 32, 41, 0, 1], "accuracy": 0.8877283284}
{"config": [6, 16, 32, 41, 0, 0], "accuracy": 0.8866863348}
{"config": [3, 16, 128, 64, 0, 0], "accuracy": 0.8866737807}
{"config": [6, 64, 32, 41, 0, 1], "accuracy": 0.8866737807}
{"config": [3, 64, 16, 32, 0, 1], "accuracy": 0.8866612265}
{"config": [6, 64, 128, 64, 1, 1], "accuracy": 0.8866549495}
{"config": [3, 64, 128, 41, 0, 1], "accuracy": 0.8866549495}
{"config": [3, 64, 64, 32, 1, 1], "accuracy": 0.8866549495}
{"config": [9, 32, 32, 41, 0, 0], "accuracy": 0.8866549495}
{"config": [3, 64, 32, 41, 0, 1], "accuracy": 0.8865984558000001}
{"config": [3, 32, 32, 64, 1, 0], "accuracy": 0.8855501852000001}
{"config": [6, 64, 64, 41, 1, 0], "accuracy": 0.885537631}
{"config": [6, 64, 64, 32, 1, 1], "accuracy": 0.885537631}
{"config": [3, 16, 32, 41, 1, 0], "accuracy": 0.885537631}
{"config": [3, 32, 16, 41, 0, 1], "accuracy": 0.8855250769}
{"config": [6, 32, 128, 64, 1, 1], "accuracy": 0.8855250769}
{"config": [6, 32, 32, 41, 1, 0], "accuracy": 0.8855187998}
{"config": [6, 32, 32, 32, 0, 0], "accuracy": 0.8854999686}
{"config": [6, 32, 128, 64, 0, 0], "accuracy": 0.8854936915}
{"config": [9, 32, 16, 32, 1, 0], "accuracy": 0.8854748603}
{"config": [9, 16, 16, 64, 0, 1], "accuracy": 0.8844328667}
{"config": [3, 64, 16, 32, 1, 1], "accuracy": 0.8844140355000001}
{"config": [9, 16, 16, 41, 0, 0], "accuracy": 0.8843952043000001}
{"config": [9, 16, 128, 32, 1, 0], "accuracy": 0.8843889272000001}
{"config": [3, 32, 64, 32, 1, 0], "accuracy": 0.8843826502000001}
{"config": [6, 64, 16, 41, 1, 1], "accuracy": 0.8843763731000001}
{"config": [6, 16, 128, 64, 1, 0], "accuracy": 0.8843575419}
{"config": [3, 64, 64, 41, 0, 0], "accuracy": 0.8833218254}
{"config": [6, 32, 64, 64, 0, 0], "accuracy": 0.8833218254}
{"config": [3, 64, 16, 32, 0, 0], "accuracy": 0.8833092712}
{"config": [3, 16, 128, 41, 0, 1], "accuracy": 0.88329044}
{"config": [3, 16, 16, 32, 1, 0], "accuracy": 0.8832778859}
{"config": [9, 32, 128, 41, 1, 0], "accuracy": 0.8832778859}
{"config": [3, 64, 32, 32, 0, 0],