{"config": [3, 64, 16, 32, 0, 0], "accuracy": 0.736}
{"config": [9, 64, 16, 32, 1, 0], "accuracy": 0.7346666667}
{"config": [3, 64, 32, 32, 1, 0], "accuracy": 0.7306666667}
{"config": [6, 16, 64, 32, 1, 0], "accuracy": 0.728}
{"config": [9, 16, 32, 32, 0, 0], "accuracy": 0.728}
{"config": [6, 16, 16, 41, 0, 1], "accuracy": 0.7266666667}
{"config": [3, 64, 32, 41, 0, 1], "accuracy": 0.7266666667}
{"config": [3, 16, 32, 41, 1, 0], "accuracy": 0.724}
{"config": [6, 32, 16, 32, 0, 0], "accuracy": 0.7226666667}
{"config": [3, 64, 32, 41, 0, 0], "accuracy": 0.72}
{"config": [6, 32, 32, 32, 0, 0], "accuracy": 0.72}
{"config": [6, 32, 16, 32, 1, 0], "accuracy": 0.7173333333}
{"config": [6, 32, 32, 32, 0, 1], "accuracy": 0.7173333333}
{"config": [3, 32, 32, 32, 0, 0], "accuracy": 0.7146666667}
{"config": [6, 64, 128, 64, 0, 0], "accuracy": 0.7146666667}
{"config": [6, 64, 32, 32, 0, 0], "accuracy": 0.712}
{"config": [3, 64, 128, 41, 0, 1], "accuracy": 0.712}
{"config": [3, 64, 32, 32, 0, 1], "accuracy": 0.7093333333}
{"config": [3, 16, 128, 41, 0, 1], "accuracy": 0.7093333333}
{"config": [6, 64, 64, 41, 1, 0], "accuracy": 0.7066666667}
{"config": [6, 16, 16, 32, 1, 1], "accuracy": 0.7066666667}
{"config": [6, 64, 64, 32, 0, 0], "accuracy": 0.7066666667}
{"config": [6, 16, 64, 32, 1, 1], "accuracy": 0.7066666667}
{"config": [9, 64, 32, 32, 0, 1], "accuracy": 0.7053333333}
{"config": [6, 16, 32, 32, 0, 1], "accuracy": 0.7053333333}
{"config": [3, 16, 16, 32, 0, 1], "accuracy": 0.704}
{"config": [3, 64, 32, 32, 1, 1], "accuracy": 0.704}
{"config": [6, 16, 32, 41, 1, 1], "accuracy": 0.7026666667}
{"config": [6, 64, 16, 32, 1, 0], "accuracy": 0.7026666667}
{"config": [3, 16, 32, 41, 0, 1], "accuracy": 0.7026666667}
{"config": [3, 32, 16, 41, 0, 1], "accuracy": 0.7013333333}
{"config": [9, 32, 16, 32, 1, 1], "accuracy": 0.7013333333}
{"config": [3, 32, 128, 64, 0, 0], "accuracy": 0.7013333333}
{"config": [6, 64, 32, 41, 0, 1], "accuracy": 0.7000000000000001}
{"config": [6, 32, 32, 32, 1, 1], "accuracy": 0.7000000000000001}
{"config": [3, 16, 128, 41, 1, 0], "accuracy": 0.6986666667}
{"config": [3, 64, 128, 64, 0, 1], "accuracy": 0.6973333333}
{"config": [6, 32, 64, 41, 0, 1], "accuracy": 0.6973333333}
{"config": [3, 64, 16, 32, 1, 1], "accuracy": 0.6960000000000001}
{"config": [6, 64, 16, 41, 1, 1], "accuracy": 0.6960000000000001}
{"config": [3, 16, 32, 64, 0, 0], "accuracy": 0.6946666667}
{"config": [9, 32, 64, 32, 1, 1], "accuracy": 0.6946666667}
{"config": [3, 32, 16, 41, 1, 1], "accuracy": 0.6946666667}
{"config": [9, 32, 32, 32, 1, 0], "accuracy": 0.6933333333}
{"config": [9, 64, 32, 32, 1, 0], "accuracy": 0.6933333333}
{"config": [3, 64, 16, 32, 1, 0], "accuracy": 0.6933333333}
{"config": [3, 64, 64, 41, 1, 1], "accuracy": 0.6920000000000001}
{"config": [3, 16, 128, 41, 0, 0], "accuracy": 0.6920000000000001}
{"config": [3, 16, 16, 41, 1, 1], "accuracy": 0.6920000000000001}
{"config": [6, 32, 64, 32, 0, 1], "accuracy": 0.6906666667}
{"config": [6, 16, 32, 32, 1, 0], "accuracy": 0.6906666667}
{"config": [3, 64, 64, 32, 0, 1], "accuracy": 0.6906666667}
{"config": [6, 64, 64, 32, 1, 1], "accuracy": 0.6906666667}
{"config": [3, 16, 32, 32, 0, 0], "accuracy": 0.6906666667}
{"config": [3, 64, 64, 41, 0, 1], "accuracy": 0.6893333333}
{"config": [3, 16, 128, 32, 0, 0], "accuracy": 0.6880000000000001}
{"config": [3, 16, 32, 32, 1, 1], "accuracy": 0.6880000000000001}
{"config": [3, 32, 32, 41, 1, 0], "accuracy": 0.6866666667}
{"config": [3, 64, 128, 64, 0, 0], "accuracy": 0.6866666667}
{"config": [9, 32, 64, 32, 1, 0], "accuracy": 0.6853333333}
{"config": [3, 16, 16, 32, 1, 1], "accuracy": 0.6853333333}
{"config": [3, 32, 64, 32, 1, 0], "accuracy": 0.6853333333}
{"config": [6, 16, 32, 41, 0, 0], "accuracy": 0.6853333333}
{"config": [9, 64, 16, 32, 0, 1], "accuracy": 0.684}
{"config": [3, 64, 64, 41, 1, 0], "accuracy": 0.6826666667}
{"config": [3, 64, 16, 41, 1, 0], "accuracy": 0.6826666667}
{"config": [6, 16, 32, 41, 0, 1], "accuracy": 0.6826666667}
{"config": [6, 16, 32, 64, 1, 0], "accuracy": 0.6826666667}
{"config": [3, 64, 16, 41, 1, 1], "accuracy": 0.6826666667}
{"config": [6, 16, 64, 41, 0, 0], "accuracy": 0.6826666667}
{"config": [9, 64, 64, 32, 1, 1], "accuracy": 0.6826666667}
{"config": [9, 64, 64, 32, 0, 1], "accuracy": 0.6813333333}
{"config": [3, 64, 64, 32, 1, 1], "accuracy": 0.6813333333}
{"config": [3, 64, 16, 41, 0, 1], "accuracy": 0.6813333333}
{"config": [9, 16, 64, 32, 1, 1], "accuracy": 0.6813333333}
{"config": [9, 32, 32, 41, 0, 0], "accuracy": 0.68}
{"config": [3, 64, 64, 32, 0, 0], "accuracy": 0.68}
{"config": [6, 32, 16, 32, 0, 1], "accuracy": 0.68}
{"config": [9, 64, 64, 41, 0, 1], "accuracy": 0.6786666667}
{"config": [6, 32, 32, 41, 1, 0], "accuracy": 0.6773333333}
{"config": [3, 16, 16, 32, 1, 0], "accuracy": 0.6773333333}
{"config": [3, 16, 32, 32, 0, 1], "accuracy": 0.676}
{"config": [6, 64, 64, 41, 1, 1], "accuracy": 0.676}
{"config": [6, 32, 16, 41, 1, 1], "accuracy": 0.6746666667}
{"config": [6, 64, 16, 41, 1, 0], "accuracy": 0.6746666667}
{"config": [3, 64, 16, 32, 0, 1], "accuracy": 0.6746666667}
{"config": [9, 32, 16, 41, 0, 1], "accuracy": 0.6746666667}
{"config": [3, 32, 16, 32, 1, 0], "accuracy": 0.6733333333}
{"config": [3, 32, 64, 64, 1, 1], "accuracy": 0.6733333333}
{"config": [3, 32, 16, 64, 1, 1], "accuracy": 0.672}
{"config": [3, 64, 32, 64, 1, 1], "accuracy": 0.672}
{"config": [9, 16, 32, 32, 1, 0], "accuracy": 0.672}
{"config": [6, 16, 32, 32, 0, 0], "accuracy": 0.6706666667}
{"config": [3, 16, 32, 64, 1, 0], "accuracy": 0.6706666667}
{"config": [9, 64, 16, 41, 1, 1], "accuracy": 0.6706666667}
{"config": [3, 64, 32, 32, 0, 0], "accuracy": 0.6706666667}
{"config": [9, 32, 64, 41, 1, 0], "accuracy": 0.6693333333}
{"config": [6, 16, 16, 41, 1, 1], "accuracy": 0.6693333333}
{"config": [6, 32, 32, 64, 1, 0], "accuracy": 0.668}
{"config": [6, 64, 32, 64, 1, 0], "accuracy": 0.668}
{"config": [9, 64, 32, 41, 0, 0], "accuracy": 0.668}
{"config": [6, 32, 16, 64, 1, 0], "accuracy": 0.668}
{"config": [6, 16, 16, 32, 1, 0], "accuracy": 0.668}
{"config": [6, 16, 128, 32, 0, 1], "accuracy": 0.6666666667000001}
{"config": [6, 32, 32, 41, 1, 1], "accuracy": 0.6666666667000001}
{"config": [9, 64, 16, 41, 1, 0], "accuracy": 0.6666666667000001}
{"config": [6, 16, 64, 64, 0, 1], "accuracy": 0.6666666667000001}
{"config": [9, 16, 64, 41, 0, 1], "accuracy": 0.6653333333}
{"config": [3, 32, 32, 41, 1, 1], "accuracy": 0.6653333333}
{"config": [3, 32, 128, 41, 1, 0], "accuracy": 0.6653333333}
{"config": [3, 32, 16, 41, 1, 0], "accuracy": 0.6653333333}
{"config": [3, 64, 64, 41, 0, 0], "accuracy": 0.6653333333}
{"config": [6, 16, 16, 41, 0, 0], "accuracy": 0.664}
{"config": [3, 32, 32, 64, 0, 1], "accuracy": 0.664}
{"config": [3, 16, 32, 64, 1, 1], "accuracy": 0.664}
{"config": [9, 16, 16, 32, 1, 1], "accuracy": 0.6626666667000001}
{"config": [9, 64, 64, 32, 1, 0], "accuracy": 0.6626666667000001}
{"config": [9, 16, 32, 32, 1, 1], "accuracy": 0.6613333333}
{"config": [9, 16, 16, 41, 1, 1], "accuracy": 0.6613333333}
{"config": [6, 16, 32, 64, 0, 1], "accuracy": 0.6586666667000001}
{"config": [9, 16, 16, 41, 0, 0], "accuracy": 0.6586666667000001}
{"config": [3, 16, 16, 41, 0, 1], "accuracy": 0.6586666667000001}
{"config": [3, 32, 128, 32, 0, 1], "accuracy": 0.656}
{"config": [3, 32, 16, 41, 0, 0], "accuracy": 0.656}
{"config": [3, 64, 128, 41, 1, 1], "accuracy": 0.656}
{"config": [9, 32, 32, 32, 1, 1], "accuracy": 0.6546666667000001}
{"config": [6, 64, 32, 64, 0, 0], "accuracy": 0.6546666667000001}
{"config": [6, 64, 64, 64, 0, 1], "accuracy": 0.6546666667000001}
{"config": [9, 16, 16, 64, 1, 1], "accuracy": 0.6546666667000001}
{"config": [6, 32, 128, 41, 1, 0], "accuracy": 0.6533333333}
{"config": [3, 64, 16, 64, 0, 1], "accuracy": 0.6533333333}
{"config": [6, 16, 64, 64, 0, 0], "accuracy": 0.6533333333}
{"config": [3, 16, 128, 64, 1, 1], "accuracy": 0.6506666667000001}
{"config": [3, 16, 64, 64, 1, 0],