{"config": [9, 16, 16, 41, 1, 0], "accuracy": 0.9019762846}
{"config": [9, 16, 16, 41, 0, 0], "accuracy": 0.8928853755}
{"config": [9, 64, 16, 41, 1, 1], "accuracy": 0.8924901186}
{"config": [9, 16, 16, 32, 1, 1], "accuracy": 0.8924901186}
{"config": [6, 32, 16, 32, 0, 1], "accuracy": 0.8837944664}
{"config": [6, 64, 16, 32, 1, 0], "accuracy": 0.8830039526000001}
{"config": [6, 32, 16, 32, 1, 0], "accuracy": 0.8830039526000001}
{"config": [9, 32, 16, 41, 0, 1], "accuracy": 0.8830039526000001}
{"config": [9, 32, 16, 32, 1, 0], "accuracy": 0.8826086957}
{"config": [6, 64, 16, 41, 1, 1], "accuracy": 0.8743083004000001}
{"config": [6, 16, 16, 64, 1, 0], "accuracy": 0.8739130435}
{"config": [9, 64, 16, 32, 1, 0], "accuracy": 0.8735177866}
{"config": [6, 64, 16, 64, 1, 1], "accuracy": 0.8735177866}
{"config": [6, 64, 128, 64, 1, 1], "accuracy": 0.8735177866}
{"config": [6, 64, 16, 41, 1, 0], "accuracy": 0.8656126482000001}
{"config": [9, 32, 32, 41, 0, 0], "accuracy": 0.8648221344}
{"config": [9, 32, 32, 32, 1, 0], "accuracy": 0.8644268775}
{"config": [9, 16, 16, 41, 1, 1], "accuracy": 0.8553359684}
{"config": [6, 16, 16, 32, 1, 0], "accuracy": 0.8553359684}
{"config": [9, 32, 32, 64, 0, 1], "accuracy": 0.84743083}
{"config": [6, 64, 32, 32, 0, 0], "accuracy": 0.8470355731}
{"config": [9, 16, 16, 64, 0, 1], "accuracy": 0.8458498024000001}
{"config": [9, 16, 32, 64, 1, 1], "accuracy": 0.8391304348}
{"config": [9, 32, 16, 32, 0, 1], "accuracy": 0.8375494071}
{"config": [9, 16, 16, 64, 1, 1], "accuracy": 0.8367588933000001}
{"config": [3, 16, 128, 41, 0, 1], "accuracy": 0.8296442688000001}
{"config": [9, 64, 16, 41, 1, 0], "accuracy": 0.8288537549}
{"config": [9, 64, 32, 64, 0, 1], "accuracy": 0.8213438735}
{"config": [3, 32, 16, 64, 1, 1], "accuracy": 0.8201581028}
{"config": [6, 32, 16, 64, 0, 0], "accuracy": 0.8201581028}
{"config": [9, 64, 32, 41, 0, 0], "accuracy": 0.8197628458}
{"config": [6, 16, 16, 32, 1, 1], "accuracy": 0.8118577075000001}
{"config": [9, 32, 32, 64, 1, 1], "accuracy": 0.8118577075000001}
{"config": [6, 32, 32, 41, 1, 1], "accuracy": 0.8106719368}
{"config": [6, 32, 16, 41, 1, 1], "accuracy": 0.8106719368}
{"config": [9, 64, 32, 32, 0, 1], "accuracy": 0.8106719368}
{"config": [9, 16, 32, 32, 0, 0], "accuracy": 0.8102766798000001}
{"config": [3, 64, 16, 32, 1, 0], "accuracy": 0.8023715415}
{"config": [3, 64, 16, 41, 0, 1], "accuracy": 0.8023715415}
{"config": [3, 64, 16, 41, 1, 1], "accuracy": 0.8019762846}
{"config": [3, 32, 16, 64, 1, 0], "accuracy": 0.8011857708}
{"config": [6, 16, 16, 41, 0, 0], "accuracy": 0.8003952569}
{"config": [6, 64, 32, 64, 1, 0], "accuracy": 0.7936758893}
{"config": [9, 64, 32, 64, 1, 0], "accuracy": 0.7936758893}
{"config": [9, 64, 32, 32, 1, 0], "accuracy": 0.7932806324}
{"config": [6, 64, 64, 41, 0, 0], "accuracy": 0.7932806324}
{"config": [6, 16, 32, 32, 0, 1], "accuracy": 0.7932806324}
{"config": [9, 32, 32, 64, 1, 0], "accuracy": 0.7924901186000001}
{"config": [9, 64, 64, 32, 1, 0], "accuracy": 0.7924901186000001}
{"config": [9, 16, 64, 64, 0, 1], "accuracy": 0.7837944664000001}
{"config": [6, 64, 16, 64, 1, 0], "accuracy": 0.7833992095000001}
{"config": [9, 16, 64, 41, 0, 0], "accuracy": 0.7833992095000001}
{"config": [3, 64, 32, 64, 1, 1], "accuracy": 0.7833992095000001}
{"config": [9, 16, 32, 64, 1, 0], "accuracy": 0.7830039526}
{"config": [9, 32, 16, 32, 1, 1], "accuracy": 0.7830039526}
{"config": [6, 64, 128, 64, 0, 0], "accuracy": 0.7826086957}
{"config": [9, 16, 32, 32, 1, 1], "accuracy": 0.7826086957}
{"config": [6, 16, 32, 64, 0, 1], "accuracy": 0.7754940711}
{"config": [6, 32, 16, 64, 1, 0], "accuracy": 0.7750988142}
{"config": [6, 64, 32, 64, 0, 0], "accuracy": 0.7750988142}
{"config": [9, 32, 32, 32, 1, 1], "accuracy": 0.7747035573000001}
{"config": [6, 64, 64, 32, 1, 1], "accuracy": 0.7747035573000001}
{"config": [6, 32, 32, 32, 0, 1], "accuracy": 0.7739130435}
{"config": [6, 32, 128, 64, 1, 1], "accuracy": 0.7739130435}
{"config": [6, 16, 16, 41, 0, 1], "accuracy": 0.7731225296}
{"config": [6, 16, 16, 41, 1, 1], "accuracy": 0.7664031621}
{"config": [9, 16, 32, 32, 1, 0], "accuracy": 0.7656126482000001}
{"config": [9, 64, 16, 32, 0, 1], "accuracy": 0.7656126482000001}
{"config": [3, 64, 128, 41, 1, 1], "accuracy": 0.7648221344}
{"config": [6, 64, 32, 64, 0, 1], "accuracy": 0.7588932806}
{"config": [3, 32, 16, 41, 1, 1], "accuracy": 0.7584980237000001}
{"config": [6, 16, 32, 64, 1, 0], "accuracy": 0.7581027668}
{"config": [6, 32, 32, 41, 1, 0], "accuracy": 0.7577075099}
{"config": [6, 16, 32, 41, 1, 1], "accuracy": 0.7565217391}
{"config": [9, 32, 64, 32, 1, 1], "accuracy": 0.7565217391}
{"config": [6, 16, 32, 32, 1, 0], "accuracy": 0.7565217391}
{"config": [6, 16, 32, 41, 0, 1], "accuracy": 0.7561264822}
{"config": [3, 64, 16, 32, 1, 1], "accuracy": 0.7557312253}
{"config": [6, 16, 128, 64, 0, 0], "accuracy": 0.7501976285}
{"config": [6, 16, 64, 64, 0, 1], "accuracy": 0.7490118577}
{"config": [6, 64, 64, 41, 1, 1], "accuracy": 0.7486166008}
{"config": [6, 32, 32, 32, 1, 1], "accuracy": 0.7482213439000001}
{"config": [3, 64, 32, 32, 0, 0], "accuracy": 0.7482213439000001}
{"config": [3, 32, 16, 41, 0, 1], "accuracy": 0.7482213439000001}
{"config": [3, 64, 16, 41, 1, 0], "accuracy": 0.74743083}
{"config": [3, 16, 16, 64, 1, 1], "accuracy": 0.74743083}
{"config": [9, 64, 64, 32, 1, 1], "accuracy": 0.74743083}
{"config": [6, 32, 32, 64, 1, 0], "accuracy": 0.7470355731}
{"config": [3, 64, 16, 32, 0, 1], "accuracy": 0.7395256917}
{"config": [6, 32, 64, 32, 0, 1], "accuracy": 0.7391304348000001}
{"config": [9, 32, 64, 32, 1, 0], "accuracy": 0.7391304348000001}
{"config": [3, 32, 16, 41, 0, 0], "accuracy": 0.7387351779}
{"config": [9, 32, 64, 41, 1, 1], "accuracy": 0.7387351779}
{"config": [3, 64, 16, 64, 0, 1], "accuracy": 0.7383399209}
{"config": [3, 32, 32, 64, 0, 1], "accuracy": 0.7383399209}
{"config": [6, 16, 32, 32, 0, 0], "accuracy": 0.7383399209}
{"config": [6, 64, 128, 41, 0, 1], "accuracy": 0.737944664}
{"config": [9, 16, 128, 32, 1, 1], "accuracy": 0.7375494071}
{"config": [9, 16, 128, 64, 1, 0], "accuracy": 0.7367588933}
{"config": [9, 16, 128, 41, 1, 0], "accuracy": 0.7328063241}
{"config": [3, 64, 32, 32, 1, 1], "accuracy": 0.7320158103000001}
{"config": [6, 16, 64, 64, 0, 0], "accuracy": 0.7312252964}
{"config": [3, 64, 32, 41, 0, 1], "accuracy": 0.7308300395}
{"config": [9, 16, 128, 32, 1, 0], "accuracy": 0.7225296443}
{"config": [3, 16, 16, 41, 1, 1], "accuracy": 0.7217391304}
{"config": [6, 16, 16, 64, 0, 0], "accuracy": 0.7213438735000001}
{"config": [9, 32, 64, 64, 0, 1], "accuracy": 0.7209486166}
{"config": [3, 16, 128, 41, 1, 0], "accuracy": 0.7205533597}
{"config": [3, 64, 128, 64, 0, 0], "accuracy": 0.7193675889000001}
{"config": [6, 16, 128, 64, 0, 1], "accuracy": 0.7181818182}
{"config": [9, 32, 128, 32, 0, 1], "accuracy": 0.7122529644000001}
{"config": [3, 16, 16, 41, 0, 1], "accuracy": 0.7114624506}
{"config": [9, 64, 64, 32, 0, 1], "accuracy": 0.7114624506}
{"config": [9, 64, 64, 41, 1, 0], "accuracy": 0.7110671937}
{"config": [3, 32, 128, 64, 0, 0], "accuracy": 0.7043478261}
{"config": [9, 32, 32, 41, 1, 0], "accuracy": 0.7035573123000001}
{"config": [6, 64, 64, 41, 1, 0], "accuracy": 0.7031620553}
{"config": [3, 64, 128, 64, 1, 0], "accuracy": 0.7023715415}
{"config": [3, 32, 16, 32, 1, 0], "accuracy": 0.7023715415}
{"config": [6, 16, 128, 64, 1, 1], "accuracy": 0.7019762846000001}
{"config": [6, 16, 32, 41, 0, 0], "accuracy": 0.7019762846000001}
{"config": [3, 16, 128, 64, 1, 1], "accuracy": 0.7000000000000001}
{"config": [6, 64, 64, 64, 0, 1], "accuracy": 0.6948616601000001}
{"config": [3, 32, 128, 41, 1, 0], "accuracy": 0.6944664032}
{"config": [3, 32, 16, 41, 1, 0], "accuracy": 0.6944664032}
{"config": [3, 16, 32, 64, 1, 1], "accuracy": 0.6940711462}
{"config": [9, 64, 128, 41, 1, 1], "accuracy": 0.6940711462}
{"config": [3, 64, 16, 32, 0, 0], "accuracy": 0.6924901186}
{"config": [9, 16, 64, 32, 1, 1],