{"config": [3, 16, 32, 32, 1, 1], "accuracy": 0.8255656109}
{"config": [3, 32, 128, 32, 0, 1], "accuracy": 0.8100301659}
{"config": [3, 16, 16, 32, 0, 1], "accuracy": 0.8063348416}
{"config": [6, 32, 32, 32, 0, 0], "accuracy": 0.8024886878}
{"config": [3, 16, 128, 32, 0, 0], "accuracy": 0.8024132730000001}
{"config": [3, 16, 128, 64, 0, 0], "accuracy": 0.7950226244}
{"config": [3, 16, 128, 41, 1, 0], "accuracy": 0.7948717949}
{"config": [6, 16, 128, 32, 0, 1], "accuracy": 0.7945701357}
{"config": [6, 16, 64, 64, 0, 0], "accuracy": 0.7942684766}
{"config": [6, 16, 16, 41, 0, 1], "accuracy": 0.7941930618}
{"config": [3, 32, 32, 41, 1, 1], "accuracy": 0.7912518854}
{"config": [6, 16, 32, 41, 0, 1], "accuracy": 0.7907239819}
{"config": [6, 16, 64, 64, 0, 1], "accuracy": 0.7907239819}
{"config": [3, 16, 32, 32, 0, 0], "accuracy": 0.7906485671}
{"config": [3, 16, 32, 64, 0, 0], "accuracy": 0.7874057315}
{"config": [3, 64, 16, 32, 0, 1], "accuracy": 0.7868778281000001}
{"config": [3, 32, 64, 32, 1, 0], "accuracy": 0.7868024133}
{"config": [3, 64, 16, 32, 1, 1], "accuracy": 0.7867269985}
{"config": [3, 64, 128, 41, 1, 1], "accuracy": 0.7831825038}
{"config": [3, 16, 16, 32, 1, 0], "accuracy": 0.7825791855}
{"config": [3, 64, 16, 41, 1, 0], "accuracy": 0.7822021116000001}
{"config": [6, 32, 128, 64, 1, 1], "accuracy": 0.7794117647000001}
{"config": [3, 32, 16, 41, 1, 0], "accuracy": 0.7790346908}
{"config": [6, 16, 128, 64, 1, 0], "accuracy": 0.7790346908}
{"config": [9, 64, 16, 32, 0, 1], "accuracy": 0.7790346908}
{"config": [3, 16, 32, 41, 1, 0], "accuracy": 0.7790346908}
{"config": [3, 16, 32, 41, 0, 1], "accuracy": 0.778959276}
{"config": [3, 32, 128, 41, 1, 0], "accuracy": 0.7787330317000001}
{"config": [6, 16, 32, 32, 1, 0], "accuracy": 0.7753393665}
{"config": [3, 64, 32, 32, 1, 1], "accuracy": 0.7751131222000001}
{"config": [6, 16, 32, 32, 0, 0], "accuracy": 0.7750377074}
{"config": [3, 16, 32, 64, 1, 0], "accuracy": 0.7711915535}
{"config": [3, 64, 16, 41, 0, 1], "accuracy": 0.7711915535}
{"config": [3, 64, 16, 32, 1, 0], "accuracy": 0.7711161388000001}
{"config": [3, 32, 32, 41, 1, 0], "accuracy": 0.7711161388000001}
{"config": [6, 32, 16, 32, 0, 1], "accuracy": 0.767571644}
{"config": [3, 32, 32, 32, 0, 0], "accuracy": 0.7674962293}
{"config": [6, 16, 32, 41, 0, 0], "accuracy": 0.7674208145}
{"config": [6, 64, 64, 41, 1, 1], "accuracy": 0.7674208145}
{"config": [3, 32, 32, 64, 1, 0], "accuracy": 0.7673453997}
{"config": [3, 64, 128, 41, 0, 1], "accuracy": 0.7635746606}
{"config": [6, 16, 64, 41, 0, 0], "accuracy": 0.7634992459000001}
{"config": [9, 16, 64, 41, 0, 1], "accuracy": 0.7601055807}
{"config": [6, 16, 16, 32, 1, 0], "accuracy": 0.7591251885}
{"config": [6, 16, 16, 41, 0, 0], "accuracy": 0.7561840121000001}
{"config": [3, 16, 16, 64, 1, 1], "accuracy": 0.7560331825000001}
{"config": [6, 32, 64, 41, 0, 1], "accuracy": 0.7558069382}
{"config": [6, 32, 16, 64, 1, 0], "accuracy": 0.7558069382}
{"config": [3, 64, 32, 32, 0, 1], "accuracy": 0.7555052790000001}
{"config": [6, 16, 16, 64, 1, 0], "accuracy": 0.7525641026000001}
{"config": [3, 16, 16, 41, 1, 1], "accuracy": 0.752413273}
{"config": [3, 64, 32, 41, 0, 0], "accuracy": 0.7523378582}
{"config": [3, 64, 64, 41, 1, 1], "accuracy": 0.7521116139}
{"config": [3, 64, 64, 41, 0, 1], "accuracy": 0.7519607843}
{"config": [3, 32, 16, 64, 1, 1], "accuracy": 0.7519607843}
{"config": [6, 64, 64, 64, 0, 1], "accuracy": 0.7519607843}
{"config": [3, 64, 16, 32, 0, 0], "accuracy": 0.7516591252}
{"config": [9, 16, 64, 64, 0, 1], "accuracy": 0.7484162896000001}
{"config": [6, 64, 64, 64, 0, 0], "accuracy": 0.74826546}
{"config": [3, 16, 128, 41, 0, 0], "accuracy": 0.7481900452}
{"config": [9, 32, 16, 32, 1, 0], "accuracy": 0.7479638009}
{"config": [3, 16, 16, 41, 0, 1], "accuracy": 0.7478129713}
{"config": [6, 64, 128, 64, 0, 0], "accuracy": 0.7478129713}
{"config": [3, 64, 16, 41, 1, 1], "accuracy": 0.7477375566000001}
{"config": [6, 32, 32, 32, 1, 1], "accuracy": 0.7447209653}
{"config": [3, 64, 128, 32, 1, 0], "accuracy": 0.744494721}
{"config": [3, 32, 16, 64, 1, 0], "accuracy": 0.7442684766000001}
{"config": [3, 16, 64, 64, 1, 0], "accuracy": 0.7441930618}
{"config": [6, 16, 32, 64, 0, 1], "accuracy": 0.7439668175}
{"config": [6, 32, 16, 41, 1, 1], "accuracy": 0.7438914027}
{"config": [6, 32, 64, 32, 0, 1], "accuracy": 0.7411010558000001}
{"config": [3, 16, 128, 64, 1, 1], "accuracy": 0.741025641}
{"config": [9, 16, 32, 32, 1, 0], "accuracy": 0.7408748115}
{"config": [6, 16, 16, 32, 1, 1], "accuracy": 0.7406485671}
{"config": [9, 16, 64, 32, 1, 1], "accuracy": 0.7406485671}
{"config": [3, 64, 128, 64, 1, 0], "accuracy": 0.7406485671}
{"config": [3, 64, 32, 64, 1, 1], "accuracy": 0.7404977376}
{"config": [6, 32, 16, 32, 1, 0], "accuracy": 0.740346908}
{"config": [3, 16, 32, 32, 0, 1], "accuracy": 0.740346908}
{"config": [3, 32, 32, 64, 0, 1], "accuracy": 0.7398944193}
{"config": [6, 64, 128, 32, 1, 0], "accuracy": 0.7368778281}
{"config": [3, 64, 64, 32, 1, 1], "accuracy": 0.7368024133000001}
{"config": [6, 16, 16, 41, 1, 1], "accuracy": 0.736199095}
{"config": [9, 16, 16, 41, 0, 0], "accuracy": 0.7361236802000001}
{"config": [3, 32, 16, 41, 0, 1], "accuracy": 0.7361236802000001}
{"config": [6, 64, 64, 41, 1, 0], "accuracy": 0.7361236802000001}
{"config": [9, 16, 16, 41, 1, 1], "accuracy": 0.7358974359}
{"config": [6, 16, 32, 41, 1, 1], "accuracy": 0.7334087481}
{"config": [3, 32, 16, 41, 0, 0], "accuracy": 0.7331825038}
{"config": [9, 16, 64, 41, 0, 0], "accuracy": 0.7331070890000001}
{"config": [9, 64, 128, 64, 1, 1], "accuracy": 0.7327300151}
{"config": [6, 32, 64, 64, 0, 0], "accuracy": 0.7326546003000001}
{"config": [3, 32, 128, 64, 0, 0], "accuracy": 0.7323529412}
{"config": [9, 16, 32, 32, 0, 0], "accuracy": 0.7322775264}
{"config": [6, 32, 16, 64, 0, 0], "accuracy": 0.7322021116}
{"config": [6, 16, 64, 32, 1, 0], "accuracy": 0.7322021116}
{"config": [3, 16, 32, 64, 1, 1], "accuracy": 0.7321266968}
{"config": [9, 64, 16, 32, 1, 0], "accuracy": 0.7289592760000001}
{"config": [9, 16, 128, 64, 0, 0], "accuracy": 0.7288084465}
{"config": [6, 64, 128, 32, 0, 0], "accuracy": 0.7287330317}
{"config": [6, 16, 128, 64, 0, 0], "accuracy": 0.7285067873000001}
{"config": [3, 32, 16, 32, 1, 0], "accuracy": 0.728280543}
{"config": [6, 16, 16, 64, 0, 1], "accuracy": 0.7280542986}
{"config": [9, 16, 128, 32, 1, 1], "accuracy": 0.7252639517}
{"config": [6, 64, 16, 41, 1, 1], "accuracy": 0.7248114630000001}
{"config": [9, 64, 32, 64, 1, 0], "accuracy": 0.7245852187}
{"config": [9, 32, 128, 41, 1, 0], "accuracy": 0.7245098039}
{"config": [9, 16, 64, 64, 0, 0], "accuracy": 0.7243589744000001}
{"config": [6, 32, 32, 32, 0, 1], "accuracy": 0.7214177979}
{"config": [6, 64, 128, 41, 0, 0], "accuracy": 0.7213423831}
{"config": [3, 64, 64, 32, 0, 0], "accuracy": 0.7211161388}
{"config": [6, 16, 16, 64, 0, 0], "accuracy": 0.7209653092}
{"config": [6, 32, 128, 41, 1, 0], "accuracy": 0.7207390649000001}
{"config": [6, 64, 128, 41, 0, 1], "accuracy": 0.7207390649000001}
{"config": [9, 64, 16, 41, 1, 1], "accuracy": 0.7205128205}
{"config": [9, 32, 128, 64, 1, 1], "accuracy": 0.7182503771000001}
{"config": [3, 32, 64, 64, 1, 1], "accuracy": 0.7178733032}
{"config": [3, 64, 64, 32, 0, 1], "accuracy": 0.7177224736000001}
{"config": [3, 64, 128, 64, 0, 0], "accuracy": 0.7174208145000001}
{"config": [6, 32, 128, 32, 1, 0], "accuracy": 0.7174208145000001}
{"config": [3, 64, 32, 41, 0, 1], "accuracy": 0.7173453997}
{"config": [3, 64, 64, 41, 0, 0], "accuracy": 0.7171191554}
{"config": [6, 64, 16, 32, 1, 0], "accuracy": 0.7168929110000001}
{"config": [3, 16, 64, 64, 1, 1], "accuracy": 0.7168929110000001}
{"config": [3, 64, 128, 64, 0, 1], "accuracy": 0.7167420814000001}
{"config": [3, 64, 16, 64, 0, 1], "accuracy": 0.7166666667}
{"config": [3, 16, 128, 41, 0, 1], "accuracy": 0.7132730015000001}
{"config": [6, 16, 128, 64, 1, 1], "accuracy": 0.7131975867}
{"config": [6, 32, 32, 41, 1, 1],