precision,accuracy,recall,duration
0.9677900620508302,0.9668292682926829,0.9496283345951115,281.47799825668335
