precision,accuracy,recall,duration
0.9219026639239405,0.9214876033057852,0.889939770374553,233.27675867080688
