precision,accuracy,recall,duration
0.9385275127922186,0.9233333333333333,0.9233333333333333,732.6894774436951
