precision,accuracy,recall,duration
0.6499699670683239,0.7538461538461538,0.6127983261320722,353.635427236557
