precision,accuracy,recall,duration
0.7357142857142858,0.7142857142857143,0.7096949891067539,444.31653022766113
