precision,accuracy,recall,duration
0.8598376939539042,0.8622395833333333,0.8259902044041968,257.04030656814575
