precision,accuracy,recall,duration
0.8447376995764093,0.9153846153846154,0.9158805031446541,215.6216263771057
