precision,accuracy,recall,duration
0.9466474058023353,0.9466814773673979,0.9466474058023353,2654.7246725559235
