precision,accuracy,recall,duration
0.6997885835095138,0.6296296296296297,0.6296296296296297,195.86387729644775
