precision,accuracy,recall,duration
0.6705993265993265,0.6629834254143646,0.6739393788075502,180.4576759338379
