precision,accuracy,recall,duration
0.4150841222711794,0.71,0.4496052836346491,160.4852213859558
