precision,accuracy,recall,duration
0.8427181081592846,0.8260869565217391,0.8304699429699429,661.6150665283203
