precision,accuracy,recall,duration
0.43378410425900116,0.73,0.4550692812138695,198.75862431526184
