precision,accuracy,recall,duration
0.4832331347476619,0.7425,0.4952168905405143,325.3494801521301
