precision,accuracy,recall,duration
0.7872340425531915,0.6296296296296297,0.6296296296296297,190.17078804969788
