precision,accuracy,recall,duration
0.9325396825396826,0.8888888888888888,0.8309155383623469,204.13856983184814
