precision,accuracy,recall,duration
0.8398029786512375,0.8123188405797102,0.8130878253012004,505.9863655567169
