precision,accuracy,recall,duration
0.8323430382253911,0.8356643356643356,0.8170896513811902,3986.101631641388
