precision,accuracy,recall,duration
0.7947161036108779,0.792,0.792,1765.7009193897247
