precision,accuracy,recall,duration
0.8939368441764552,0.8929712460063898,0.8906759098786828,139.60985493659973
