precision,accuracy,recall,duration
0.9463890674633187,0.9464847848898216,0.9400079209766099,118.56771659851074
