precision,accuracy,recall,duration
0.4426459606033271,0.40545454545454546,0.4343252915246155,556.5275394916534
