precision,accuracy,recall,duration
0.9539642600390265,0.9379084967320261,0.9101386202450032,467.35954332351685
