precision,accuracy,recall,duration
0.4159361955414587,0.6090225563909775,0.40686002797691906,160.1256742477417
