precision,accuracy,recall,duration
0.7298412698412697,0.6666666666666666,0.6666666666666666,385.31732726097107
