precision,accuracy,recall,duration
0.9322738415907509,0.9323432343234324,0.9323706771287417,504.71443152427673
