precision,accuracy,recall,duration
0.8291241502025816,0.823076923076923,0.8228917501500804,797.9451930522919
