precision,accuracy,recall,duration
0.8461731708611454,0.8458333333333333,0.8031429922875318,272.51995277404785
