precision,accuracy,recall,duration
0.9630824562331411,0.9630709426627794,0.9630649621469696,386.15902614593506
