precision,accuracy,recall,duration
0.7379464285714286,0.7466666666666667,0.7591908189068275,372.59597086906433
