precision,accuracy,recall,duration
0.5882352941176471,0.59375,0.5910931174089069,81.41554284095764
