precision,accuracy,recall,duration
0.7014478504879303,0.8097560975609757,0.7288948306595366,637.5343725681305
