precision,accuracy,recall,duration
0.9917607605783958,0.9980532121998702,0.9982479384495062,922.5695035457611
