precision,accuracy,recall,duration
0.9335697230210457,0.9328932893289329,0.9324887387387387,897.9270703792572
