precision,accuracy,recall,duration
0.9452826147681683,0.9364605543710022,0.9370063669209203,624.6509654521942
