precision,accuracy,recall,duration
0.8019328727932454,0.805,0.6788965026456847,447.82106852531433
