precision,accuracy,recall,duration
0.7908163265306123,0.7904761904761904,0.789760348583878,192.44308423995972
