precision,accuracy,recall,duration
0.9748600792618864,0.973170731707317,0.9623416486743172,686.7376008033752
