precision,accuracy,recall,duration
0.7714809576195715,0.8536585365853658,0.7471657754010695,278.42116498947144
