precision,accuracy,recall,duration
0.9758719541328237,0.9771428571428571,0.976499690785405,438.81044125556946
