precision,accuracy,recall,duration
0.9668312822012735,0.9683860232945092,0.9689413971568694,145.90255045890808
