precision,accuracy,recall,duration
0.7965730749231221,0.7289002557544757,0.7279331779331779,141.70210433006287
