precision,accuracy,recall,duration
0.9597923945733909,0.9580487804878048,0.9353822914817166,226.01848483085632
