precision,accuracy,recall,duration
0.6339983194821904,0.7425,0.6220666581426074,160.2004418373108
