precision,accuracy,recall,duration
0.9099090974677151,0.91,0.8936161000363705,1697.1408338546753
