precision,accuracy,recall,duration
0.7025031148100085,0.9377777777777778,0.5881786098164667,347.553183555603
