precision,accuracy,recall,duration
0.9649749781861814,0.9628997867803838,0.9630806734694379,435.4339716434479
