precision,accuracy,recall,duration
0.7838277250747675,0.7828947368421053,0.7618126821534853,201.0550696849823
