precision,accuracy,recall,duration
0.854939561243909,0.8615384615384616,0.8549020975051188,865.4986717700958
