precision,accuracy,recall,duration
0.7171932105088885,0.7714285714285715,0.6437129017868954,451.03792667388916
