precision,accuracy,recall,duration
0.9102925869444185,0.9066666666666666,0.9066666666666666,413.1612432003021
