precision,accuracy,recall,duration
0.9772544283413849,0.9771428571428571,0.9775259633634017,611.8114986419678
