precision,accuracy,recall,duration
0.9376773226773226,0.9266666666666666,0.9266666666666666,2947.5439360141754
