precision,accuracy,recall,duration
0.39876927006596524,0.5964912280701754,0.40582189485341263,129.781653881073
