precision,accuracy,recall,duration
0.7442109308262311,0.832967032967033,0.7048758680260228,926.083420753479
