precision,accuracy,recall,duration
0.7794526257293692,0.7734806629834254,0.7520676691729323,124.76539874076843
