precision,accuracy,recall,duration
0.9386435734334536,0.9380165289256198,0.9231413514022209,333.81444787979126
