precision,accuracy,recall,duration
0.6715909031698505,0.618925831202046,0.6441179316179315,121.41904354095459
