precision,accuracy,recall,duration
0.9022045335429769,0.8983333333333333,0.8949215362973638,326.02310061454773
