precision,accuracy,recall,duration
0.6624241982070829,0.9333333333333333,0.5819092169809126,1109.29842543602
