precision,accuracy,recall,duration
0.7801613729508197,0.78,0.78,486.6169226169586
