precision,accuracy,recall,duration
0.704666904183766,0.9371111111111111,0.5786972662049079,820.6012165546417
