precision,accuracy,recall,duration
0.6856073863426804,0.7934065934065934,0.6466696885501838,219.17066621780396
