precision,accuracy,recall,duration
0.7068135689156297,0.9446666666666667,0.5911769094864472,180.84200167655945
