precision,accuracy,recall,duration
0.9614185952433039,0.95863539445629,0.958786620814172,625.4060759544373
