precision,accuracy,recall,duration
0.9823419334288899,0.9828571428571429,0.9834072249589491,203.8659543991089
