precision,accuracy,recall,duration
0.9242424242424243,0.9166666666666666,0.9166666666666666,324.5251986980438
