precision,accuracy,recall,duration
0.6334147139629327,0.6308080808080808,0.6308080808080807,448.01010036468506
