precision,accuracy,recall,duration
0.9212956530599012,0.9265477439664218,0.9238514583915758,264.3926956653595
