precision,accuracy,recall,duration
0.7598639455782312,0.7671232876712328,0.7690595536460199,281.7521426677704
