precision,accuracy,recall,duration
0.9967320261437909,0.9966666666666667,0.9966666666666667,398.12613129615784
