precision,accuracy,recall,duration
0.7686707706069986,0.7883333333333333,0.7774995137132854,697.3487911224365
