precision,accuracy,recall,duration
0.7823757659578554,0.725,0.6590846657407726,70.93514657020569
