precision,accuracy,recall,duration
0.6834894605011564,0.7040591362987939,0.6143080192619932,5452.732218742371
