precision,accuracy,recall,duration
0.9611452792553192,0.9611273080660836,0.9611383108935129,275.84519243240356
