precision,accuracy,recall,duration
0.7481092269723749,0.8390243902439024,0.7665329768270945,415.93738317489624
