precision,accuracy,recall,duration
0.7533333333333334,0.8439024390243902,0.8028698752228164,280.7327275276184
