precision,accuracy,recall,duration
0.8511213382881829,0.8461538461538461,0.8536934020297888,1214.0503466129303
