precision,accuracy,recall,duration
0.9612576524828056,0.9611273080660836,0.9611043111655106,100.76798152923584
