precision,accuracy,recall,duration
0.9607774012205027,0.9634146341463414,0.951675656227368,245.17007851600647
