precision,accuracy,recall,duration
0.6422647346795953,0.6243093922651933,0.6210365524817737,413.9109926223755
