precision,accuracy,recall,duration
0.8863588080875836,0.7727810650887574,0.8907411585432661,641.3316187858582
