precision,accuracy,recall,duration
0.5625,0.5625,0.5647773279352226,495.8447365760803
