precision,accuracy,recall,duration
0.9620981451399645,0.9620991253644315,0.9621016365202412,157.05309581756592
