precision,accuracy,recall,duration
0.7965578739881527,0.803461753210497,0.8015741664774908,1047.2619841098785
