precision,accuracy,recall,duration
0.9882943143812709,0.9885714285714285,0.988095238095238,122.46782946586609
