precision,accuracy,recall,duration
0.852626861442651,0.8435897435897436,0.8507785560844242,563.1968655586243
