precision,accuracy,recall,duration
0.7570391136567606,0.7263427109974424,0.7376145251145251,122.09328174591064
