precision,accuracy,recall,duration
0.9252181796336548,0.9246424642464246,0.9242589363557105,985.296059846878
