precision,accuracy,recall,duration
0.49354741508046907,0.4672727272727273,0.4934732326439569,391.00810170173645
