precision,accuracy,recall,duration
0.9610091743119267,0.9444444444444444,0.9203739522888459,185.21168088912964
