precision,accuracy,recall,duration
0.7704514094224324,0.7825,0.6803431164369149,205.56438446044922
