precision,accuracy,recall,duration
0.9599497802887633,0.9504132231404959,0.9422924901185771,279.6577081680298
