precision,accuracy,recall,duration
0.973221415811173,0.976930548810102,0.9586141675878682,1414.2245314121246
