precision,accuracy,recall,duration
0.8507074730112146,0.8342857142857143,0.8511530398322851,263.90127635002136
