precision,accuracy,recall,duration
0.6638880860032361,0.7225705329153606,0.576785513775692,164.62461590766907
