precision,accuracy,recall,duration
0.8274891774891776,0.8082191780821918,0.8138023630504835,268.39456033706665
