precision,accuracy,recall,duration
0.825,0.7333333333333333,0.7333333333333334,222.73790860176086
