precision,accuracy,recall,duration
0.9343396071475496,0.9256198347107438,0.9059633603111864,318.5825266838074
