precision,accuracy,recall,duration
0.5053675369051828,0.5064935064935064,0.5059614496919261,565.7882978916168
