precision,accuracy,recall,duration
0.5236761299997799,0.77,0.500153167966895,280.75892758369446
