precision,accuracy,recall,duration
0.9229508196721312,0.9217970049916805,0.9314868804664723,325.57905530929565
