precision,accuracy,recall,duration
0.6425603290142987,0.745,0.6221788915881743,141.21688795089722
