precision,accuracy,recall,duration
0.9460267763199054,0.9462809917355371,0.9343559821820691,510.9890024662018
