precision,accuracy,recall,duration
0.668002274658025,0.9324444444444444,0.6018236479591781,1617.8811337947845
