precision,accuracy,recall,duration
0.4836140965828477,0.2727272727272727,0.2788856072769988,157.06550550460815
