precision,accuracy,recall,duration
0.7720632081097197,0.7569060773480663,0.7286967418546366,106.26168751716614
