precision,accuracy,recall,duration
0.8987373737373737,0.8833333333333333,0.8775303643724697,506.7825105190277
