precision,accuracy,recall,duration
0.9403314633941495,0.9402943626770341,0.9401789655310782,884.3049871921539
