precision,accuracy,recall,duration
0.9682657930870159,0.9712195121951219,0.9592362706040553,628.3131456375122
