precision,accuracy,recall,duration
0.9802015768935775,0.9798994974874372,0.980335579676099,126.22562885284424
