precision,accuracy,recall,duration
0.9300142228651618,0.929927414852038,0.9301379656496735,1065.2439410686493
