precision,accuracy,recall,duration
0.7984534190640972,0.78,0.6773932639295402,286.78402042388916
