precision,accuracy,recall,duration
0.8706896551724138,0.8502495840266223,0.8688046647230321,138.593843460083
