precision,accuracy,recall,duration
0.845444457944458,0.8286445012787724,0.8309011934011934,291.8485105037689
