precision,accuracy,recall,duration
0.9348185533559124,0.9349525404801786,0.935144999564467,1674.956386566162
