precision,accuracy,recall,duration
0.9825800286669851,0.9828571428571429,0.9834783443157828,575.3035769462585
