precision,accuracy,recall,duration
0.8680684279251722,0.8641025641025641,0.8653285715334847,443.26423931121826
