precision,accuracy,recall,duration
0.7622312965211101,0.78,0.6643764180143782,83.97280669212341
