precision,accuracy,recall,duration
0.5894161841742487,0.715,0.5804877182514313,266.2550914287567
