precision,accuracy,recall,duration
0.8522240157598774,0.8589743589743589,0.8513775771679182,868.0351557731628
