precision,accuracy,recall,duration
0.8065260031357835,0.8065217391304348,0.8060974493316995,676.1475706100464
