precision,accuracy,recall,duration
0.9667486728321625,0.9641791044776119,0.9642516113063799,745.8090119361877
