precision,accuracy,recall,duration
0.7564465721341989,0.8175824175824176,0.7096862202640841,912.1790573596954
