precision,accuracy,recall,duration
0.9636879432624114,0.954248366013072,0.9086879432624113,184.37855529785156
