precision,accuracy,recall,duration
0.8489898119666051,0.8564102564102564,0.848822700999225,1208.7230796813965
