precision,accuracy,recall,duration
0.5942243472981178,0.725,0.5877935472872182,262.61222743988037
