precision,accuracy,recall,duration
0.8826905616887554,0.8705729166666667,0.8277679688728456,541.1137900352478
