precision,accuracy,recall,duration
0.888648918703016,0.8865814696485623,0.8834918800949997,372.3290274143219
