precision,accuracy,recall,duration
0.9413320315030587,0.94140516523188,0.941585409895269,863.209876537323
