precision,accuracy,recall,duration
0.9647684185541614,0.9632,0.9646435965690624,327.71666622161865
