precision,accuracy,recall,duration
0.5900435729847495,0.5911602209944752,0.5691456606411666,451.28868651390076
