precision,accuracy,recall,duration
0.8856617700515321,0.8853333333333333,0.8853333333333334,884.862101316452
