precision,accuracy,recall,duration
0.9656013745704468,0.9706362153344209,0.9710729434670746,505.29813051223755
