precision,accuracy,recall,duration
0.514577702224111,0.7825,0.5023041403984702,385.906480550766
