precision,accuracy,recall,duration
0.5396306902103273,0.815,0.5290426314995048,208.48453307151794
