precision,accuracy,recall,duration
0.7430747684922138,0.7368421052631579,0.6988950097698139,89.0240683555603
