precision,accuracy,recall,duration
0.925848355837207,0.9297520661157025,0.9092414831545267,325.6637644767761
