precision,accuracy,recall,duration
0.9069264069264069,0.9,0.8967611336032388,225.55902647972107
