precision,accuracy,recall,duration
0.9468131372567189,0.9466814773673979,0.9465069619999198,4396.47244811058
