precision,accuracy,recall,duration
0.7763746220642773,0.7416879795396419,0.7485978360978361,124.51814079284668
