precision,accuracy,recall,duration
0.9721841156588016,0.9774162214667315,0.9615902998612417,1962.5511198043823
