precision,accuracy,recall,duration
0.8307040954450043,0.8447916666666667,0.8172281272273146,190.70855927467346
