precision,accuracy,recall,duration
0.9639231868295908,0.9545454545454546,0.93866930171278,281.87699460983276
