precision,accuracy,recall,duration
0.7601529974423966,0.775,0.7703060203060204,356.8905498981476
