precision,accuracy,recall,duration
0.656203288490284,0.452,0.5651552676700324,876.4944069385529
