precision,accuracy,recall,duration
0.9436507936507936,0.9436267703415718,0.9435275470486738,2247.465445995331
