precision,accuracy,recall,duration
0.79549264295027,0.8133333333333334,0.8085975491149582,511.80552434921265
