precision,accuracy,recall,duration
0.5413962750891137,0.5357142857142857,0.5347172851406323,354.72420048713684
