precision,accuracy,recall,duration
0.8411915204678362,0.8414918414918415,0.8207315955838563,686.3129620552063
