precision,accuracy,recall,duration
0.8496677735237376,0.84921875,0.8070857996736992,417.08716464042664
