precision,accuracy,recall,duration
0.7589888760700195,0.76,0.6326163393516446,334.6326003074646
