precision,accuracy,recall,duration
0.7363073244193957,0.7386666666666667,0.7386666666666667,1743.548498392105
