precision,accuracy,recall,duration
0.9347448428258739,0.9342684268426843,0.9339345393780878,539.4857966899872
