precision,accuracy,recall,duration
0.8266666666666665,0.7666666666666667,0.7666666666666667,84.20756340026855
