precision,accuracy,recall,duration
0.8666789266756237,0.8601449275362318,0.8601130339898845,156.6274757385254
