precision,accuracy,recall,duration
0.9714360930818063,0.9775376396308888,0.9628003605083881,2608.7914876937866
