precision,accuracy,recall,duration
0.998892580287929,0.9988888888888889,0.9988962472406181,656.5808236598969
