precision,accuracy,recall,duration
0.7916666666666667,0.7333333333333333,0.7333333333333334,414.81481862068176
