precision,accuracy,recall,duration
0.7797979797979797,0.6333333333333333,0.6333333333333333,433.48308753967285
