precision,accuracy,recall,duration
0.6119618726666006,0.735,0.6009106536532697,87.92244052886963
