precision,accuracy,recall,duration
0.7417338149485968,0.7403314917127072,0.7180451127819549,146.32721090316772
