precision,accuracy,recall,duration
0.8874828921127752,0.8849840255591054,0.881632967456191,375.66707468032837
