precision,accuracy,recall,duration
0.6342366946778711,0.7425,0.6293092670729802,369.4169645309448
