precision,accuracy,recall,duration
0.5017591824227979,0.78,0.5242479145688295,651.0962910652161
