precision,accuracy,recall,duration
0.6706404012204891,0.7492163009404389,0.6253706454156972,357.3971495628357
