precision,accuracy,recall,duration
0.4997001376792724,0.745,0.5165005091446414,75.44704985618591
