precision,accuracy,recall,duration
0.9307653457653458,0.9256198347107438,0.8948459752807579,207.04422855377197
