precision,accuracy,recall,duration
0.7625,0.7333333333333333,0.7333333333333334,259.0170292854309
