precision,accuracy,recall,duration
0.8319629297570476,0.8337595907928389,0.8396128271128271,863.8600850105286
