precision,accuracy,recall,duration
0.4629949107294737,0.7425,0.46999456634521014,126.223797082901
