precision,accuracy,recall,duration
0.6262595009286692,0.6181818181818182,0.618181818181818,113.7225432395935
