precision,accuracy,recall,duration
0.7051865823809691,0.9406666666666667,0.5753098755723578,229.96851301193237
