precision,accuracy,recall,duration
0.735452891244374,0.8292682926829268,0.7603208556149732,699.4745924472809
