precision,accuracy,recall,duration
0.9657925632082459,0.9634146341463414,0.939775848380836,466.08506870269775
