precision,accuracy,recall,duration
0.8342647789369101,0.8228571428571428,0.8385744234800839,136.73836016654968
