precision,accuracy,recall,duration
0.8365409649868342,0.823076923076923,0.8316047339694257,552.8539950847626
