precision,accuracy,recall,duration
0.9065934065934066,0.9,0.8934355118565644,232.29695320129395
