precision,accuracy,recall,duration
0.9112446873102611,0.9132231404958677,0.8763849676893155,281.1885435581207
