precision,accuracy,recall,duration
0.6344993894993894,0.6353591160220995,0.6116162488764606,104.90413856506348
