precision,accuracy,recall,duration
0.9712218427342987,0.971002132196162,0.9709665548019445,458.2487807273865
