precision,accuracy,recall,duration
0.83996948996949,0.8260869565217391,0.8334927459927459,284.8375999927521
