precision,accuracy,recall,duration
0.832907691556244,0.8171428571428572,0.8337435056056878,454.5394859313965
