precision,accuracy,recall,duration
0.8764448761534726,0.868,0.8356050503126137,3506.706029891968
