precision,accuracy,recall,duration
0.9680812699705609,0.9717073170731707,0.9612265367819072,369.29716968536377
