precision,accuracy,recall,duration
0.8111704390445649,0.8132328308207705,0.8114374977834357,939.0019280910492
