precision,accuracy,recall,duration
0.8821537373436757,0.8609375,0.813887677335162,610.9859507083893
