precision,accuracy,recall,duration
0.9300644798671114,0.915,0.9149999999999999,684.7525362968445
