precision,accuracy,recall,duration
0.9647639205400755,0.9663414634146341,0.949437080314387,284.32950019836426
