precision,accuracy,recall,duration
0.6920914289297813,0.7978021978021979,0.6537706517424783,159.024240732193
