precision,accuracy,recall,duration
0.9575213295578628,0.9611752360965372,0.9607445718013232,203.3108775615692
