precision,accuracy,recall,duration
0.9140019721087478,0.8831615120274914,0.8210618308935984,222.60010814666748
