precision,accuracy,recall,duration
0.8919028999674161,0.9072164948453608,0.8941719466899716,134.42144989967346
