precision,accuracy,recall,duration
0.9596649876314622,0.956503198294243,0.9568363271088143,334.0029697418213
