precision,accuracy,recall,duration
0.7487409776902888,0.7493333333333333,0.7493333333333334,847.1031758785248
