precision,accuracy,recall,duration
0.9329864131943801,0.933074146070536,0.9332069339111593,4106.997359275818
