precision,accuracy,recall,duration
0.8431487493865831,0.8384615384615385,0.8456147758060014,627.4811866283417
