precision,accuracy,recall,duration
0.8348820810027706,0.8307692307692308,0.8385856202632468,279.77645087242126
