precision,accuracy,recall,duration
0.8324652777777778,0.8321678321678322,0.8092388565669522,1263.0701274871826
