precision,accuracy,recall,duration
0.6362770562770563,0.6353591160220995,0.6150609208029562,268.0997722148895
