precision,accuracy,recall,duration
0.6459374938588415,0.7100313479623824,0.5765439588909483,281.61418747901917
