precision,accuracy,recall,duration
0.8846153846153846,0.85,0.85,567.1032705307007
