precision,accuracy,recall,duration
0.6831400223350714,0.7105433795876022,0.6182756903024706,2521.6424791812897
