precision,accuracy,recall,duration
0.8367494824016564,0.7808857808857809,0.7235329149296807,503.3017067909241
