precision,accuracy,recall,duration
0.9293317563571851,0.9293179317931793,0.929222972972973,867.4738824367523
