precision,accuracy,recall,duration
0.7580736773774749,0.848780487804878,0.7899286987522283,279.8365135192871
