precision,accuracy,recall,duration
0.9642813943467119,0.9640427599611273,0.9640112879096967,208.17348051071167
