precision,accuracy,recall,duration
0.6553204165507864,0.6574585635359116,0.6567234595026465,367.319944858551
