precision,accuracy,recall,duration
0.827473716759431,0.821917808219178,0.8425647451963242,146.00282454490662
