precision,accuracy,recall,duration
0.95,0.9444444444444444,0.9444444444444444,68.76298689842224
