precision,accuracy,recall,duration
0.622954822954823,0.745,0.6145505689809486,66.91112947463989
