precision,accuracy,recall,duration
0.7012350895467434,0.9351111111111111,0.5656981046738105,565.9631943702698
