precision,accuracy,recall,duration
0.96293669240002,0.9604878048780487,0.9394235286848811,106.62490105628967
