precision,accuracy,recall,duration
0.9420944255808866,0.9412381951731374,0.9331586059081167,354.61165499687195
