precision,accuracy,recall,duration
0.7852486496554293,0.8,0.792006292006292,369.9471786022186
