precision,accuracy,recall,duration
0.8450094621579191,0.8268115942028985,0.8264297834203966,236.5734589099884
