precision,accuracy,recall,duration
0.8537391662391661,0.8312020460358056,0.8413566913566913,519.677699804306
