precision,accuracy,recall,duration
0.835322262915732,0.8256410256410256,0.8323562549810668,131.15148520469666
