precision,accuracy,recall,duration
0.9827998088867654,0.9828571428571429,0.9831691297208539,145.34923791885376
