precision,accuracy,recall,duration
0.36067392610284404,0.5764411027568922,0.3643025805793554,367.9358627796173
