precision,accuracy,recall,duration
0.9094403795768123,0.842603550295858,0.9261241886098908,378.25237226486206
