precision,accuracy,recall,duration
0.7926743216370518,0.792,0.792,601.01331782341
