precision,accuracy,recall,duration
0.6323501673597343,0.6323232323232323,0.6323232323232323,522.2008974552155
