precision,accuracy,recall,duration
0.7930446791719783,0.795,0.655630162720139,475.82139825820923
