precision,accuracy,recall,duration
0.7494360952110313,0.8571428571428571,0.7693607642787209,1132.6000616550446
