precision,accuracy,recall,duration
0.9601218995453705,0.96,0.9393540208268776,75.13130211830139
