precision,accuracy,recall,duration
0.8386715031792166,0.8358974358974359,0.8366760878759504,685.7368500232697
