precision,accuracy,recall,duration
0.9670147183229251,0.968780487804878,0.9512480254883657,242.0574164390564
