precision,accuracy,recall,duration
0.9812531515657114,0.9809045226130654,0.980749676599105,340.3570611476898
