precision,accuracy,recall,duration
0.8484330484330486,0.8171428571428572,0.8293683347005741,211.1846890449524
