precision,accuracy,recall,duration
0.856366639897963,0.8487179487179487,0.8549381247284963,925.3497788906097
