precision,accuracy,recall,duration
0.9636425046336616,0.9545454545454546,0.9455706129619174,263.8906590938568
