precision,accuracy,recall,duration
0.7010084033613445,0.605,0.6817496595992998,166.24130725860596
