precision,accuracy,recall,duration
0.8086477015048444,0.8,0.8148755810773859,385.4276578426361
