precision,accuracy,recall,duration
0.7217560208658844,0.8087912087912088,0.6932478666500339,713.8009657859802
