precision,accuracy,recall,duration
0.9677845552176635,0.9749878581835842,0.9584191600529285,1381.3862810134888
