precision,accuracy,recall,duration
0.8255606207288774,0.823076923076923,0.826091739000281,402.074077129364
