precision,accuracy,recall,duration
0.887226210310567,0.8183431952662722,0.9151481729802657,589.5933933258057
