precision,accuracy,recall,duration
0.6814609970252858,0.7413793103448276,0.6056727877178395,401.8673553466797
