precision,accuracy,recall,duration
0.7322590677930484,0.8292682926829268,0.7752317290552585,444.417551279068
