precision,accuracy,recall,duration
0.7082748948106592,0.7037037037037037,0.7037037037037037,388.5532977581024
