precision,accuracy,recall,duration
0.4678827823748321,0.74,0.48343573104201637,192.4482171535492
