precision,accuracy,recall,duration
0.9679530771846311,0.967930029154519,0.9679212566299469,671.5748066902161
