precision,accuracy,recall,duration
0.49700054164528124,0.755,0.5045290025045768,197.23773002624512
