precision,accuracy,recall,duration
0.8040446468648659,0.8062534896705751,0.8044000006015628,713.0594341754913
