precision,accuracy,recall,duration
0.7718646864686468,0.8634146341463415,0.8171122994652406,1047.164077281952
