precision,accuracy,recall,duration
0.9010482724856265,0.849112426035503,0.9298010903797963,921.1526806354523
