precision,accuracy,recall,duration
0.7662037037037037,0.7555555555555555,0.7555555555555555,264.2042622566223
