precision,accuracy,recall,duration
0.6128320152572713,0.6141414141414141,0.6141414141414141,309.6785788536072
