precision,accuracy,recall,duration
0.9621217273036382,0.9620991253644315,0.9620903032775738,116.38129496574402
