precision,accuracy,recall,duration
0.9748319949842962,0.9738693467336683,0.974248593865756,94.20318055152893
