precision,accuracy,recall,duration
0.7451102418207681,0.7433333333333333,0.7628342628342628,608.755432844162
