precision,accuracy,recall,duration
0.5336246729388188,0.5324675324675324,0.5320311995690745,624.2661378383636
