precision,accuracy,recall,duration
0.6881348594635478,0.7232524964336662,0.6320344438379021,6621.930052757263
