precision,accuracy,recall,duration
0.7917012299974979,0.7605263157894737,0.6933422347391079,83.53203630447388
