precision,accuracy,recall,duration
0.6692411930916881,0.7570532915360502,0.6404834346732232,824.6750290393829
