precision,accuracy,recall,duration
0.6609028207195615,0.7648351648351648,0.6414462351202289,280.672678232193
