precision,accuracy,recall,duration
0.9535398230088495,0.9313725490196079,0.8949871050934881,523.4676067829132
