precision,accuracy,recall,duration
0.8534246575342466,0.8219633943427621,0.8440233236151604,143.1907844543457
