precision,accuracy,recall,duration
0.44355684361405184,0.73,0.4714540819348387,444.1959238052368
