precision,accuracy,recall,duration
0.9676279220277033,0.9707317073170731,0.9550616504311531,274.57076501846313
