precision,accuracy,recall,duration
0.7353318250377074,0.8292682926829268,0.7282263814616755,105.99044132232666
