precision,accuracy,recall,duration
0.9287874759024131,0.930116472545757,0.9373347345582752,84.46177077293396
