precision,accuracy,recall,duration
0.9863247863247864,0.9859525899912204,0.9859649122807017,368.28296542167664
