precision,accuracy,recall,duration
0.5196752444912268,0.4618181818181818,0.49201088519261277,541.0327389240265
