precision,accuracy,recall,duration
0.9649532710280374,0.9509803921568627,0.935525467440361,492.21465158462524
