precision,accuracy,recall,duration
0.8819062041770401,0.7928994082840237,0.8993100033041372,927.1565833091736
