precision,accuracy,recall,duration
0.4875742753263102,0.4581818181818182,0.47134153368676696,446.3889377117157
