precision,accuracy,recall,duration
0.8409149752273258,0.8395833333333333,0.7970188243360313,269.4473571777344
