precision,accuracy,recall,duration
0.8148485959881705,0.8102564102564103,0.8003714304701147,271.6534774303436
