precision,accuracy,recall,duration
0.8606421356421355,0.8082191780821918,0.8071846282372599,374.8309578895569
