precision,accuracy,recall,duration
0.33694191653141226,0.606516290726817,0.3670588171008917,92.022864818573
