precision,accuracy,recall,duration
0.9410122725681798,0.9002132196162047,0.9004990426280207,203.3075807094574
