precision,accuracy,recall,duration
0.9064078072474714,0.906,0.9045632643616339,420.6300709247589
