precision,accuracy,recall,duration
0.6474019088016967,0.609375,0.6406882591093117,64.75903034210205
