precision,accuracy,recall,duration
0.900667696447257,0.901,0.8829777100400076,734.9364798069
