precision,accuracy,recall,duration
0.9631401695505748,0.965742251223491,0.9621954894189092,345.4628167152405
