precision,accuracy,recall,duration
0.8728323699421965,0.8535773710482529,0.8717201166180758,385.60718154907227
