precision,accuracy,recall,duration
0.907231278971254,0.9063333333333333,0.9045398116906874,200.06593465805054
