precision,accuracy,recall,duration
0.5166758457986961,0.7725,0.47122250153180895,365.9978883266449
