precision,accuracy,recall,duration
0.4970846378886114,0.4254545454545455,0.44588981379091674,323.96920895576477
