precision,accuracy,recall,duration
0.9161290322580645,0.913477537437604,0.924198250728863,83.53147888183594
