precision,accuracy,recall,duration
0.87842088337033,0.8753993610223643,0.8716117850953207,180.5632917881012
