precision,accuracy,recall,duration
0.604914182475158,0.7325,0.5995041838923695,93.70466089248657
