precision,accuracy,recall,duration
0.7549865188533589,0.7671052631578947,0.7485422130750383,357.9415850639343
