precision,accuracy,recall,duration
0.7787603090152125,0.7916666666666666,0.7928285428285429,460.65910482406616
