precision,accuracy,recall,duration
0.9427295508974644,0.9427936684254373,0.942799245616147,1103.222817182541
