precision,accuracy,recall,duration
0.7917925459095663,0.7570332480818415,0.7598408723408724,564.4880805015564
