precision,accuracy,recall,duration
0.5018294806495146,0.5064935064935064,0.5047449122011218,1045.8067715168
