precision,accuracy,recall,duration
0.8833154319693539,0.7946745562130177,0.9013051806684969,223.97310876846313
