precision,accuracy,recall,duration
0.7734829215116279,0.7866666666666666,0.787001287001287,145.84706163406372
