precision,accuracy,recall,duration
0.6211338810147152,0.6408839779005525,0.6342915459902128,190.98063731193542
