precision,accuracy,recall,duration
0.7984126984126985,0.7333333333333333,0.7333333333333334,203.81184339523315
