precision,accuracy,recall,duration
0.585161616161616,0.5966850828729282,0.5624978278238291,243.2109341621399
