precision,accuracy,recall,duration
0.9743691343197857,0.9738693467336683,0.9737824353295824,579.5560281276703
