precision,accuracy,recall,duration
0.9286384259663205,0.9284928492849285,0.9283020924149956,1324.3272812366486
