precision,accuracy,recall,duration
0.9716145442616031,0.9712,0.972113115777712,256.18232822418213
