precision,accuracy,recall,duration
0.9610091743119267,0.9444444444444444,0.9252901353965184,610.4521415233612
