precision,accuracy,recall,duration
0.7233082706766918,0.7037037037037037,0.7037037037037037,286.0083312988281
