precision,accuracy,recall,duration
0.8326343326343326,0.8337595907928389,0.8359156234156234,1230.0093834400177
