precision,accuracy,recall,duration
0.8544475146559866,0.8461538461538461,0.8503878308068851,162.83361673355103
