precision,accuracy,recall,duration
0.797542460113227,0.796,0.796,573.4811089038849
