precision,accuracy,recall,duration
0.8354838709677419,0.8360655737704918,0.8376623376623377,208.30245161056519
