precision,accuracy,recall,duration
0.9821428571428572,0.9824561403508771,0.9833333333333334,264.0235629081726
