precision,accuracy,recall,duration
0.5349519117992024,0.5064935064935064,0.5054118634617677,501.6012887954712
