precision,accuracy,recall,duration
0.6200122507277526,0.6242424242424243,0.6242424242424243,245.7605001926422
