precision,accuracy,recall,duration
0.8828391593841032,0.8809904153354633,0.8779292637524874,145.0368208885193
