precision,accuracy,recall,duration
0.9666774659409515,0.9634146341463414,0.9448087119580902,78.37947392463684
