precision,accuracy,recall,duration
0.8510381253035455,0.8508158508158508,0.8311134270924001,1471.8890988826752
