precision,accuracy,recall,duration
0.8706617028941996,0.8626198083067093,0.8566146735990756,446.0362014770508
