precision,accuracy,recall,duration
0.8320850137635234,0.832,0.832,564.1306893825531
