precision,accuracy,recall,duration
0.8863415573092992,0.884,0.881064581508306,407.42802691459656
