precision,accuracy,recall,duration
0.9048076923076923,0.9,0.8981347599768652,154.35697603225708
