precision,accuracy,recall,duration
0.8546045773635428,0.8461538461538461,0.8525546522311719,861.0120096206665
