precision,accuracy,recall,duration
0.9945054945054945,0.9942857142857143,0.9940476190476192,238.42003178596497
