precision,accuracy,recall,duration
0.6736062505641474,0.9402222222222222,0.5822771074867064,197.06738567352295
