precision,accuracy,recall,duration
0.6509803921568628,0.65625,0.6558704453441295,432.94863510131836
