precision,accuracy,recall,duration
0.9476574700676731,0.9248366013071896,0.8798355899419729,186.2694079875946
