precision,accuracy,recall,duration
0.683679674056567,0.9344444444444444,0.5791556283142041,803.7041625976562
