precision,accuracy,recall,duration
0.9727891156462585,0.9714285714285714,0.9731409805301431,445.2442433834076
