precision,accuracy,recall,duration
0.4258770549421326,0.39454545454545453,0.39982984373077785,144.1860625743866
