precision,accuracy,recall,duration
0.9235104669887279,0.9166666666666666,0.9166666666666666,492.65150713920593
