precision,accuracy,recall,duration
0.658974358974359,0.671875,0.6568825910931173,774.8755958080292
