precision,accuracy,recall,duration
0.9651253593574813,0.9645449469570072,0.9646436462308058,4376.994138479233
