precision,accuracy,recall,duration
0.9071603362607333,0.9073482428115016,0.9062738301559792,99.64448070526123
