precision,accuracy,recall,duration
0.9558367079704593,0.949680170575693,0.9500820677121423,324.46233224868774
