precision,accuracy,recall,duration
0.881950649552037,0.8136094674556213,0.9155633603359153,848.4461314678192
