precision,accuracy,recall,duration
0.8497199283967082,0.8461538461538461,0.8468786749500001,985.3115916252136
