precision,accuracy,recall,duration
0.8401959681371446,0.8363171355498721,0.8431093681093681,865.8485195636749
