precision,accuracy,recall,duration
0.7977409180726553,0.7775,0.6778520023415172,205.60003924369812
