precision,accuracy,recall,duration
0.848502532091528,0.8461538461538461,0.8492396790098894,565.4703712463379
