precision,accuracy,recall,duration
0.8309671848924339,0.8358974358974359,0.8283817539692553,391.9072518348694
