precision,accuracy,recall,duration
0.8642522160379303,0.8767123287671232,0.8921470342522975,286.8130488395691
