precision,accuracy,recall,duration
0.944740589036384,0.9394456289978678,0.9397674710461321,265.6541874408722
