precision,accuracy,recall,duration
0.762963686372338,0.79,0.6888839150779166,69.27872085571289
