precision,accuracy,recall,duration
0.8205621485033249,0.8158567774936062,0.8231710856710855,1188.818570613861
