precision,accuracy,recall,duration
0.9667806267806268,0.9657142857142857,0.9663382594417077,265.6697885990143
