precision,accuracy,recall,duration
0.9577061110627738,0.9580487804878048,0.9409803121282775,108.84422135353088
