precision,accuracy,recall,duration
0.8076431764956356,0.7885714285714286,0.806672135630298,207.42043614387512
