precision,accuracy,recall,duration
0.7587290385455523,0.7683333333333333,0.7752395252395252,327.8461329936981
