precision,accuracy,recall,duration
0.6624236858063148,0.7507836990595611,0.6253408058348541,455.0730028152466
