precision,accuracy,recall,duration
0.8414047219579713,0.8358974358974359,0.8421733380350253,139.12793564796448
