precision,accuracy,recall,duration
0.690244990988365,0.9408888888888889,0.5849039149021226,445.1184117794037
