precision,accuracy,recall,duration
0.9792554175260765,0.978894472361809,0.9792074310721622,323.6518723964691
