precision,accuracy,recall,duration
0.8058478806234721,0.8140703517587939,0.812136313840616,1167.2311763763428
