precision,accuracy,recall,duration
0.8222222222222222,0.7333333333333333,0.7333333333333334,273.0932295322418
