precision,accuracy,recall,duration
0.8959715072671883,0.8946666666666667,0.8924549853901028,620.4368894100189
