precision,accuracy,recall,duration
0.7502027474346242,0.8341463414634146,0.7631996434937611,481.3152656555176
