precision,accuracy,recall,duration
0.8494070598025845,0.8202995008319468,0.8416050805704341,407.29001665115356
