precision,accuracy,recall,duration
0.8332296832296832,0.8260869565217391,0.8308568308568308,286.260525226593
