precision,accuracy,recall,duration
0.9564997865847519,0.9585365853658536,0.9415450680465679,76.57098340988159
