precision,accuracy,recall,duration
0.5218832545190599,0.5292207792207793,0.5235982129097353,504.3196108341217
