precision,accuracy,recall,duration
0.8866583988075961,0.8136094674556213,0.9116249536708505,1324.700730085373
