precision,accuracy,recall,duration
0.8343813282575513,0.8356643356643356,0.8148678363644692,2766.5611460208893
