precision,accuracy,recall,duration
0.9276846073842954,0.9171038824763903,0.8985346193271829,99.87455892562866
