precision,accuracy,recall,duration
0.8995992072459589,0.8977635782747604,0.8949945439373516,203.98240399360657
