precision,accuracy,recall,duration
0.8664244454152712,0.8669270833333333,0.8284749068547678,417.45480132102966
