precision,accuracy,recall,duration
0.640981240981241,0.6132596685082873,0.6143635274143613,435.5864841938019
