precision,accuracy,recall,duration
0.8472704514253412,0.8457142857142858,0.8578980949776683,225.77945590019226
