precision,accuracy,recall,duration
0.8603883535418446,0.8666666666666667,0.8612471848993682,1163.1228249073029
