precision,accuracy,recall,duration
0.9627007164252784,0.9697560975609756,0.9558770257056234,652.7356600761414
