precision,accuracy,recall,duration
0.733115468409586,0.7333333333333333,0.733115468409586,165.4910147190094
