precision,accuracy,recall,duration
0.839356963964363,0.8282051282051283,0.8375784435035066,174.87751698493958
