precision,accuracy,recall,duration
0.9465836792115698,0.9402985074626866,0.9407777438911654,1165.7595868110657
