precision,accuracy,recall,duration
0.976263562102495,0.9758793969849247,0.9759189306760284,200.1308135986328
