precision,accuracy,recall,duration
0.8651515151515152,0.7666666666666667,0.6638888888888889,387.98781180381775
