precision,accuracy,recall,duration
0.8426516079403894,0.8405797101449275,0.8401611800871597,433.7099916934967
