precision,accuracy,recall,duration
0.831364768129474,0.8175,0.7083154467438755,70.24279761314392
