precision,accuracy,recall,duration
0.8518774070766928,0.759,0.6689196210533608,566.1399545669556
