precision,accuracy,recall,duration
0.8731073325042972,0.8442028985507246,0.8445324343096724,77.9403817653656
