precision,accuracy,recall,duration
0.9732500450087508,0.9785089849441476,0.9632867948875052,487.08829736709595
