precision,accuracy,recall,duration
0.49810169381892805,0.7375,0.5053541367821921,83.67360234260559
