precision,accuracy,recall,duration
0.6827254936843978,0.6629834254143646,0.6523198092479776,210.6855034828186
