precision,accuracy,recall,duration
0.6273895706592472,0.6353591160220995,0.6009347348447018,244.63555550575256
