precision,accuracy,recall,duration
0.9713501520054919,0.9774162214667315,0.9625171546177057,4407.796504020691
