precision,accuracy,recall,duration
0.9644797955679519,0.9663414634146341,0.9517259099715903,456.8557040691376
