precision,accuracy,recall,duration
0.35156873481615747,0.39454545454545453,0.41696708747058053,204.45934057235718
