precision,accuracy,recall,duration
0.840874279957838,0.8421875,0.7964918196651322,193.6957483291626
