precision,accuracy,recall,duration
0.9481514079070084,0.9480699805609553,0.9479314634244211,4653.20415687561
