precision,accuracy,recall,duration
0.7818216463414633,0.7714285714285715,0.7685185185185185,384.4744896888733
