precision,accuracy,recall,duration
0.4775112634050384,0.75,0.49159856813998654,186.4672327041626
