precision,accuracy,recall,duration
0.6293086813741463,0.7472527472527473,0.6169809886707719,141.19108390808105
