precision,accuracy,recall,duration
0.9601980198019802,0.9477124183006536,0.8837040618955513,204.3051438331604
