precision,accuracy,recall,duration
0.9008577284386159,0.9,0.8981501873310012,409.76260924339294
