precision,accuracy,recall,duration
0.9289235231572693,0.9297520661157025,0.9097512390990651,1045.554298877716
