precision,accuracy,recall,duration
0.8196376947234875,0.8057142857142857,0.8211648892534864,616.6503875255585
