precision,accuracy,recall,duration
0.8416169416169417,0.8069883527454242,0.8299432729902592,376.2407612800598
