precision,accuracy,recall,duration
0.698789807723661,0.9364444444444444,0.5879211413817276,375.8697121143341
