precision,accuracy,recall,duration
0.8085585585585586,0.8032786885245902,0.7965367965367965,258.2980365753174
