precision,accuracy,recall,duration
0.9696969696969697,0.9666666666666667,0.9666666666666667,144.89214992523193
