precision,accuracy,recall,duration
0.7822660903861284,0.8585365853658536,0.7984135472370767,745.428891658783
