precision,accuracy,recall,duration
0.7884615384615385,0.788,0.788,273.2364492416382
