precision,accuracy,recall,duration
0.7180261121091869,0.9428888888888889,0.5970682167588148,260.28248047828674
