precision,accuracy,recall,duration
0.43021423968725014,0.6215538847117794,0.4152614943366168,290.1743724346161
