precision,accuracy,recall,duration
0.9962686567164178,0.9991888384166125,0.9995453718857974,598.8364906311035
