precision,accuracy,recall,duration
0.9669600695100298,0.966958211856171,0.9669635976245523,192.97012400627136
