precision,accuracy,recall,duration
0.8541666666666666,0.85,0.8512145748987855,385.77079725265503
