precision,accuracy,recall,duration
0.8214092456739516,0.8158567774936062,0.8222043722043723,380.0087902545929
