precision,accuracy,recall,duration
0.5348317826539186,0.5162337662337663,0.5087480572735388,263.2200014591217
