precision,accuracy,recall,duration
0.9490629619460859,0.9486320491345617,0.9487672116139176,1167.1310005187988
