precision,accuracy,recall,duration
0.5622710622710623,0.7546583850931677,0.554401776384535,445.5824384689331
