precision,accuracy,recall,duration
0.9154325982261263,0.912,0.9119999999999999,1223.9729013442993
