precision,accuracy,recall,duration
0.8172996594049226,0.816,0.8160000000000001,421.8781929016113
