precision,accuracy,recall,duration
0.8446486902958146,0.8435897435897436,0.8454669044914334,564.3710985183716
