precision,accuracy,recall,duration
0.8881326064105828,0.7976331360946746,0.9031828908832104,325.55225133895874
