precision,accuracy,recall,duration
0.765787026683459,0.7816666666666666,0.7690905190905191,362.7224850654602
