precision,accuracy,recall,duration
0.6148816686722824,0.7857142857142857,0.593521421107628,827.9653208255768
