precision,accuracy,recall,duration
0.7521190306111404,0.755,0.6790927768786658,190.25191235542297
