precision,accuracy,recall,duration
0.954118206422354,0.9380165289256198,0.9165851057155406,143.2807502746582
