precision,accuracy,recall,duration
0.9012718026474792,0.8384615384615385,0.9230295388964037,388.0082652568817
