precision,accuracy,recall,duration
0.5187292119446177,0.4909090909090909,0.499197443065175,687.8748955726624
