precision,accuracy,recall,duration
0.8,0.7666666666666667,0.7666666666666666,225.25434064865112
