precision,accuracy,recall,duration
0.7457497784312459,0.7486842105263158,0.7227113527760546,190.5756356716156
