precision,accuracy,recall,duration
0.9574359924105557,0.9572400388726919,0.9572113423092615,77.17515087127686
