precision,accuracy,recall,duration
0.35937577283165517,0.581453634085213,0.3588359100270055,374.7873718738556
