precision,accuracy,recall,duration
0.6175892106826936,0.6202020202020202,0.6202020202020201,249.49857139587402
