precision,accuracy,recall,duration
0.6640127388535032,0.8198757763975155,0.526907001044932,196.35632467269897
