precision,accuracy,recall,duration
0.7583333333333333,0.7333333333333333,0.6138888888888888,359.95281887054443
