precision,accuracy,recall,duration
0.9201471006876013,0.9132231404958677,0.8809461070330635,252.54768919944763
