precision,accuracy,recall,duration
0.7112330907928591,0.9368888888888889,0.5612714632341476,192.9534695148468
