precision,accuracy,recall,duration
0.5597350167562933,0.5584415584415584,0.5546034511835912,192.4451379776001
