precision,accuracy,recall,duration
0.6611630727660429,0.7304075235109718,0.5761761194394375,119.40378379821777
