precision,accuracy,recall,duration
0.9261559696342306,0.9166666666666666,0.9166666666666666,143.56753826141357
