precision,accuracy,recall,duration
0.8352124066409781,0.8,0.681158056234672,74.61870336532593
