precision,accuracy,recall,duration
0.6691355825846476,0.6629834254143646,0.6432420103864975,146.99812412261963
