precision,accuracy,recall,duration
0.6961875003784644,0.7625,0.6465185236198631,156.2937297821045
