precision,accuracy,recall,duration
0.9434763135866762,0.9433490697028604,0.9431724248625657,4584.450380563736
