precision,accuracy,recall,duration
0.7806349206349207,0.7333333333333333,0.7333333333333334,134.77908897399902
