precision,accuracy,recall,duration
0.9542670376702347,0.9551219512195122,0.9307802717356412,74.59017205238342
