precision,accuracy,recall,duration
0.8904292297056483,0.888,0.888,470.876207113266
