precision,accuracy,recall,duration
0.8481367493654646,0.8461538461538461,0.847628055133944,673.0574944019318
