precision,accuracy,recall,duration
0.7817326349555289,0.7916666666666666,0.7993350493350493,148.03006982803345
