precision,accuracy,recall,duration
0.8982779198635976,0.8946666666666667,0.8913078147426616,460.95965695381165
