precision,accuracy,recall,duration
0.9492098998712497,0.9491807831158011,0.9490851089442638,2365.3756573200226
