precision,accuracy,recall,duration
0.9061117586117586,0.9033333333333333,0.9033333333333334,248.89561200141907
