precision,accuracy,recall,duration
0.8526418944331521,0.8307692307692308,0.8387879713550666,498.0321593284607
