precision,accuracy,recall,duration
0.7553338956085655,0.8390243902439024,0.8135383244206773,286.20855045318604
