precision,accuracy,recall,duration
0.6350234682506156,0.6338383838383839,0.6338383838383838,725.4130423069
