precision,accuracy,recall,duration
0.9700604243332879,0.9628099173553719,0.9567852437417655,301.9017884731293
