precision,accuracy,recall,duration
0.750993640699523,0.7333333333333333,0.7293028322440087,158.54108452796936
