precision,accuracy,recall,duration
0.829646947758403,0.7979539641943734,0.8063372063372063,521.9648001194
