precision,accuracy,recall,duration
0.7117173427325649,0.9393333333333334,0.5683200409409953,188.5052182674408
