precision,accuracy,recall,duration
0.9036712579359638,0.89,0.89,277.763632774353
