precision,accuracy,recall,duration
0.49147149256780603,0.74,0.5045941176761845,106.68333721160889
