precision,accuracy,recall,duration
0.8157077869949156,0.8216783216783217,0.8040164460121857,458.55494499206543
