precision,accuracy,recall,duration
0.8441982581967213,0.844,0.844,1675.516879081726
