precision,accuracy,recall,duration
0.7547115142353237,0.7413333333333333,0.7413333333333334,383.342187166214
