precision,accuracy,recall,duration
0.818035426731079,0.816,0.8160000000000001,245.73750138282776
