precision,accuracy,recall,duration
0.9652046648954737,0.9603411513859275,0.9604950465248127,100.33970189094543
