precision,accuracy,recall,duration
0.9612225734047913,0.9664218258132214,0.9691524555027491,226.81172275543213
