precision,accuracy,recall,duration
0.71669341894061,0.7166666666666667,0.7166666666666667,260.97943472862244
