precision,accuracy,recall,duration
0.6142678347934919,0.725,0.5996902925172968,203.52984952926636
