precision,accuracy,recall,duration
0.8422619047619048,0.81,0.6914075502450557,110.8644769191742
