precision,accuracy,recall,duration
0.9057968507090572,0.7893491124260354,0.8984592041332343,214.30493021011353
