precision,accuracy,recall,duration
0.901524184568104,0.8183431952662722,0.9134019875323346,563.4913730621338
