precision,accuracy,recall,duration
0.5435623210361908,0.5357142857142857,0.5323335670420545,323.40747594833374
