precision,accuracy,recall,duration
0.9194368618917632,0.9160545645330536,0.9023599850899264,247.30040192604065
