precision,accuracy,recall,duration
0.8102031015074493,0.7877237851662404,0.7927515427515427,325.925208568573
