precision,accuracy,recall,duration
0.8363845446385073,0.8256410256410256,0.8338773961843713,327.1111602783203
