precision,accuracy,recall,duration
0.9088788400803903,0.9049586776859504,0.878936884371667,1045.9180958271027
