precision,accuracy,recall,duration
0.6540780141843971,0.8074534161490683,0.6135057471264368,414.2207293510437
