precision,accuracy,recall,duration
0.9505872976716825,0.9496327387198321,0.942558941384773,143.2715983390808
