precision,accuracy,recall,duration
0.9693848648535598,0.968780487804878,0.9513839574651993,282.2586088180542
