precision,accuracy,recall,duration
0.8403324820280332,0.8538461538461538,0.8454453922213077,467.94057059288025
