precision,accuracy,recall,duration
0.5838711338322687,0.5227272727272727,0.5140864315186197,209.829030752182
