precision,accuracy,recall,duration
0.8968074595828766,0.9049586776859504,0.8799109103456929,366.78685212135315
