precision,accuracy,recall,duration
0.7895007720020586,0.788,0.788,203.16753387451172
