precision,accuracy,recall,duration
0.80432761826069,0.8166666666666667,0.7865687609414511,264.9685797691345
