precision,accuracy,recall,duration
0.9236983481051279,0.9173553719008265,0.8881924838446577,196.0665500164032
