precision,accuracy,recall,duration
0.9885531135531137,0.9885714285714285,0.9891215106732348,143.79046750068665
