precision,accuracy,recall,duration
0.6496669926569312,0.6464088397790055,0.6609966543493458,250.88456535339355
