precision,accuracy,recall,duration
0.9567426108374384,0.956140350877193,0.9578703703703704,71.30249381065369
