precision,accuracy,recall,duration
0.8099756352852328,0.8107416879795396,0.8129852504852504,279.5273849964142
