precision,accuracy,recall,duration
0.9557650805294303,0.9552,0.9570153472016826,1549.499345779419
