precision,accuracy,recall,duration
0.4538888965210152,0.7325,0.4804730526259447,187.0456235408783
