precision,accuracy,recall,duration
0.9605549109275817,0.96,0.9612362186253812,168.1145260334015
