precision,accuracy,recall,duration
0.6216615573759973,0.6237373737373737,0.6237373737373737,146.01590871810913
