precision,accuracy,recall,duration
0.7618140243902439,0.7523809523809524,0.7494553376906319,190.4720332622528
