precision,accuracy,recall,duration
0.967221394775993,0.9616204690831557,0.9617190934802662,179.9280149936676
