precision,accuracy,recall,duration
0.9213643989496207,0.9202420242024203,0.9196908602150538,2547.6018726825714
