precision,accuracy,recall,duration
0.7131072969071598,0.9395555555555556,0.5797329152632503,639.3398010730743
