precision,accuracy,recall,duration
0.8000727594432249,0.8,0.6761995492962057,183.58657670021057
