precision,accuracy,recall,duration
0.8042300836418482,0.795,0.6311463869089295,205.1213834285736
