precision,accuracy,recall,duration
0.8290954796957146,0.8193473193473193,0.7871180539649091,447.6435992717743
