precision,accuracy,recall,duration
0.5265655048375998,0.7475,0.5193568287587406,207.08488154411316
