precision,accuracy,recall,duration
0.7731555906528409,0.75,0.6899272675795523,137.5693941116333
