precision,accuracy,recall,duration
0.8341113355819239,0.8260869565217391,0.8237770487770487,294.67996621131897
