precision,accuracy,recall,duration
0.9679276315789473,0.9657594381035997,0.9657894736842105,456.24242901802063
