precision,accuracy,recall,duration
0.8512327762327763,0.8388746803069054,0.8457925707925706,657.3931016921997
