precision,accuracy,recall,duration
0.7117677348057805,0.7868131868131868,0.6601694108952623,1225.9763062000275
