precision,accuracy,recall,duration
0.9632615612003389,0.964390243902439,0.9463020970601429,167.1370530128479
