precision,accuracy,recall,duration
0.9115760825979764,0.9105431309904153,0.9084819308042877,204.92540621757507
