precision,accuracy,recall,duration
0.6463353775853775,0.6464088397790055,0.6296588185359033,141.07879948616028
