precision,accuracy,recall,duration
0.9660435365651036,0.9629268292682926,0.9429333328818519,462.51367926597595
