precision,accuracy,recall,duration
0.6122962530034418,0.725,0.6067958061628947,139.9414885044098
