precision,accuracy,recall,duration
0.9097693351424694,0.91,0.8932291666666667,120.98411059379578
