precision,accuracy,recall,duration
0.4699583787222655,0.42727272727272725,0.4428751273352795,264.0924768447876
