precision,accuracy,recall,duration
0.8600113122171946,0.8831615120274914,0.8824284465807297,226.6285150051117
