precision,accuracy,recall,duration
0.8624137058522121,0.8347826086956521,0.8353185796493601,323.196453332901
