precision,accuracy,recall,duration
0.8510478392741452,0.8487179487179487,0.8527190650339466,1234.1725063323975
