precision,accuracy,recall,duration
0.7952484023912595,0.7975,0.6977334726000407,87.72720122337341
