precision,accuracy,recall,duration
0.8943082287127024,0.8171597633136095,0.9152912039780127,580.7896935939789
