precision,accuracy,recall,duration
0.48468452998716743,0.5454545454545454,0.3804626584730407,102.03820633888245
