precision,accuracy,recall,duration
0.7411647233131549,0.75,0.74927248914356,357.25088906288147
