precision,accuracy,recall,duration
0.9022547677081596,0.8986666666666666,0.8953760713961845,233.62369322776794
