precision,accuracy,recall,duration
0.93125,0.9,0.8846153846153846,199.6946144104004
