precision,accuracy,recall,duration
0.8240157765233753,0.8275058275058275,0.8076583902148518,3840.38374376297
