precision,accuracy,recall,duration
0.6266715436151485,0.6227272727272727,0.6227272727272727,383.6390745639801
