precision,accuracy,recall,duration
0.7242324561403508,0.7238095238095238,0.7227668845315904,384.3948001861572
