precision,accuracy,recall,duration
0.6324279741248271,0.6348484848484849,0.6348484848484848,326.31174492836
