precision,accuracy,recall,duration
0.5531161570784213,0.5422077922077922,0.5369153647309914,466.5703008174896
