precision,accuracy,recall,duration
0.9605887363772367,0.9600781686208822,0.9600898376080222,1647.3474600315094
