precision,accuracy,recall,duration
0.8832990407512596,0.7846153846153846,0.8985314614345229,569.171924829483
