precision,accuracy,recall,duration
0.6562985665287456,0.6547314578005116,0.6683355308355309,173.4472517967224
