precision,accuracy,recall,duration
0.886389058302947,0.8849840255591054,0.8822620193850697,544.9233405590057
