precision,accuracy,recall,duration
0.8998759344577295,0.8035502958579882,0.9034419609210111,221.63224601745605
