precision,accuracy,recall,duration
0.8511013126689374,0.8307692307692308,0.8407344864563555,379.52602791786194
