precision,accuracy,recall,duration
0.9483147161066049,0.9480699805609553,0.9478331527627302,1936.042575120926
