precision,accuracy,recall,duration
0.7970627178610372,0.7894736842105263,0.761518036089441,324.49446201324463
