precision,accuracy,recall,duration
0.6125,0.6111111111111112,0.6111111111111112,167.68748664855957
