precision,accuracy,recall,duration
0.8388888888888889,0.7666666666666667,0.7666666666666667,232.97097969055176
