precision,accuracy,recall,duration
0.9312488906638268,0.9334442595673876,0.9392896693561146,225.15389394760132
