precision,accuracy,recall,duration
0.8846153846153846,0.85,0.85,399.8417663574219
