precision,accuracy,recall,duration
0.7230756291663017,0.7289473684210527,0.6962404113798181,185.90829062461853
