precision,accuracy,recall,duration
0.9543245949701001,0.9512195121951219,0.9276465623847173,146.48975491523743
