precision,accuracy,recall,duration
0.6838316722037652,0.8229813664596274,0.5758881922675027,182.46688747406006
