precision,accuracy,recall,duration
0.8466930591930593,0.8286445012787724,0.8382831132831132,673.0752577781677
