precision,accuracy,recall,duration
0.9251346093993152,0.9116666666666666,0.9116666666666667,965.7734842300415
