precision,accuracy,recall,duration
0.8545432000599326,0.865625,0.8387970035815785,744.8940687179565
