precision,accuracy,recall,duration
0.7628404824666507,0.7626666666666667,0.7626666666666667,256.881299495697
