precision,accuracy,recall,duration
0.8472555166267135,0.84,0.8530671771032723,88.59658336639404
