precision,accuracy,recall,duration
0.5968373409224288,0.71,0.5493642472545426,154.94808745384216
