precision,accuracy,recall,duration
0.9331646594146595,0.9183333333333333,0.9183333333333333,983.2204263210297
