precision,accuracy,recall,duration
0.8428932178932179,0.7945205479452054,0.802046783625731,202.24377179145813
