precision,accuracy,recall,duration
0.7619127825956765,0.7625,0.633810436585823,322.25645637512207
