precision,accuracy,recall,duration
0.5668896321070234,0.7919254658385093,0.5300417972831766,324.2608666419983
