precision,accuracy,recall,duration
0.8908731994057231,0.888,0.888,384.35844683647156
