precision,accuracy,recall,duration
0.8343558911796141,0.8307692307692308,0.8300269040762972,505.5388832092285
