precision,accuracy,recall,duration
0.6125,0.6111111111111112,0.6111111111111112,213.76091885566711
