precision,accuracy,recall,duration
0.7394888036947926,0.832967032967033,0.75647117510972,624.833263874054
