precision,accuracy,recall,duration
0.7225342225342225,0.6983333333333334,0.7389369772417818,275.93302059173584
