precision,accuracy,recall,duration
0.6673662705338334,0.7272727272727273,0.5891068322920571,738.3410370349884
