precision,accuracy,recall,duration
0.7906524307685,0.7855263157894737,0.7331482494396033,206.06286072731018
