precision,accuracy,recall,duration
0.95,0.9444444444444444,0.9444444444444444,111.00175857543945
