precision,accuracy,recall,duration
0.4820997107133091,0.7475,0.4868771627365664,180.07172751426697
