precision,accuracy,recall,duration
0.4372050716428707,0.33454545454545453,0.3402770554783068,170.79771375656128
