precision,accuracy,recall,duration
0.7700919948189172,0.7626666666666667,0.7626666666666667,1285.7986390590668
