precision,accuracy,recall,duration
0.9559031184383051,0.9611752360965372,0.9633421861895444,203.19517922401428
