precision,accuracy,recall,duration
0.8030005241090147,0.796,0.796,744.4773898124695
