precision,accuracy,recall,duration
0.8292682926829268,0.65,0.65,371.10702681541443
