precision,accuracy,recall,duration
0.9700506478611827,0.9757163671685284,0.9584136794172653,849.8936293125153
