precision,accuracy,recall,duration
0.6101412930400953,0.7037617554858934,0.571404010915007,122.6272087097168
