precision,accuracy,recall,duration
0.7872340425531915,0.6296296296296297,0.6296296296296297,189.04430317878723
