precision,accuracy,recall,duration
0.904817793634346,0.9016666666666666,0.8986065092999891,644.7101254463196
