precision,accuracy,recall,duration
0.9315077840004832,0.9256198347107438,0.9018576682978857,188.70162200927734
