precision,accuracy,recall,duration
0.7663170163170163,0.7523809523809524,0.7489106753812635,120.31560611724854
