precision,accuracy,recall,duration
0.868005744562594,0.8666666666666667,0.8677423131787254,302.9780652523041
