precision,accuracy,recall,duration
0.9681879811821448,0.9682926829268292,0.9502515453608972,162.784343957901
