precision,accuracy,recall,duration
0.813953488372093,0.7037037037037037,0.7037037037037037,95.58604407310486
