precision,accuracy,recall,duration
0.981249015954056,0.9809045226130654,0.9813038671308626,264.0934462547302
