precision,accuracy,recall,duration
0.9775622693820077,0.9780233122875183,0.9576149959136093,784.7145698070526
