precision,accuracy,recall,duration
0.6319931061374525,0.6328282828282829,0.632828282828283,731.606862783432
