precision,accuracy,recall,duration
0.8194095828165322,0.8263403263403264,0.8111514499060882,440.6909284591675
