precision,accuracy,recall,duration
0.42785531901561785,0.6115288220551378,0.39375968992248067,387.6940166950226
