precision,accuracy,recall,duration
0.8874540130640438,0.8865814696485623,0.8842467424096541,64.21295404434204
