precision,accuracy,recall,duration
0.4317840813530469,0.7125,0.44957011953037734,447.44386744499207
