precision,accuracy,recall,duration
0.7848691392995191,0.8682926829268293,0.820445632798574,444.2203333377838
