precision,accuracy,recall,duration
0.736111111111111,0.7,0.7,66.40107607841492
