precision,accuracy,recall,duration
0.9762638129872888,0.9758793969849247,0.9763211734787053,367.7767813205719
