precision,accuracy,recall,duration
0.850428402114741,0.8435897435897436,0.8505104964947328,381.35933232307434
