precision,accuracy,recall,duration
0.8513263228788782,0.8457142857142858,0.8608148755810774,203.30807089805603
