precision,accuracy,recall,duration
0.8607142857142857,0.85,0.847888953152111,507.0121524333954
