precision,accuracy,recall,duration
0.8762571219932385,0.863768115942029,0.8642093476815375,79.49644255638123
