precision,accuracy,recall,duration
0.8775824175824176,0.8934707903780069,0.8753550360498144,310.31848335266113
