precision,accuracy,recall,duration
0.9595947961694528,0.9565853658536585,0.9348614391979019,325.68217372894287
