precision,accuracy,recall,duration
0.852488413885773,0.8528645833333334,0.8124519087042571,323.93193316459656
