precision,accuracy,recall,duration
0.9647097744611681,0.9648780487804878,0.9492730227835062,107.07038521766663
