precision,accuracy,recall,duration
0.808872562037119,0.7771428571428571,0.797010299881506,58.093470335006714
