precision,accuracy,recall,duration
0.9776746242263483,0.9771428571428571,0.977216748768473,223.72154712677002
