precision,accuracy,recall,duration
0.9523211645582098,0.9512195121951219,0.9261568335445344,109.44255638122559
