precision,accuracy,recall,duration
0.6903067432013049,0.7492163009404389,0.6211404688155515,327.62081480026245
