precision,accuracy,recall,duration
0.959096764878196,0.9624390243902439,0.9491677611637552,270.38528513908386
