precision,accuracy,recall,duration
0.6138475778338741,0.6132596685082873,0.6225992459802256,175.6807417869568
