precision,accuracy,recall,duration
0.8488226856506962,0.772189349112426,0.8847512337114826,294.04739451408386
