precision,accuracy,recall,duration
0.6947319153942407,0.9368888888888889,0.5702525667394618,593.1559016704559
