precision,accuracy,recall,duration
0.8863736722838172,0.8801916932907349,0.875175556839335,385.7960524559021
