precision,accuracy,recall,duration
0.4514883660367803,0.4290909090909091,0.4402673835396089,299.9905686378479
