precision,accuracy,recall,duration
0.7792838874680308,0.795,0.7987016144718926,83.34653067588806
