precision,accuracy,recall,duration
0.9610091743119267,0.9444444444444444,0.9351225016118634,535.8086421489716
