precision,accuracy,recall,duration
0.9575522810665752,0.9575609756097561,0.936631861255519,107.96555352210999
