precision,accuracy,recall,duration
0.6015037593984962,0.5925925925925926,0.5925925925925926,316.32500290870667
