precision,accuracy,recall,duration
0.7091001158155571,0.789010989010989,0.6425210766357824,653.146910905838
