precision,accuracy,recall,duration
0.8154504225932797,0.821917808219178,0.8513366750208856,185.65498089790344
