precision,accuracy,recall,duration
0.9694523827913802,0.9692982456140351,0.9689814814814814,204.31633520126343
