precision,accuracy,recall,duration
0.8413767366229745,0.8205128205128205,0.8319837599676467,142.7321343421936
