precision,accuracy,recall,duration
0.8544341498676765,0.8640625,0.8344226735955821,623.8369572162628
