precision,accuracy,recall,duration
0.8901728538802561,0.8903333333333333,0.8892227606161307,567.7799146175385
