precision,accuracy,recall,duration
0.7677667909908347,0.7306666666666667,0.7306666666666667,863.6892447471619
