precision,accuracy,recall,duration
0.9360917109318644,0.9297520661157025,0.9080557124035386,263.77831053733826
