precision,accuracy,recall,duration
0.9609708428991317,0.9526652452025587,0.9528296162887382,203.26300835609436
