precision,accuracy,recall,duration
0.7809523809523811,0.7,0.7,141.10194611549377
