precision,accuracy,recall,duration
0.3890976874630589,0.5964912280701754,0.38863920945775293,206.1647012233734
