precision,accuracy,recall,duration
0.8266666666666665,0.8,0.8,98.82622933387756
