precision,accuracy,recall,duration
0.7294176108129596,0.7173333333333334,0.7173333333333334,624.8022394180298
