precision,accuracy,recall,duration
0.8956140127202921,0.8916666666666667,0.8881251756158337,812.7346205711365
