precision,accuracy,recall,duration
0.6756616382812035,0.7384615384615385,0.6009551151634743,227.54182982444763
