precision,accuracy,recall,duration
0.7646269457863661,0.7733333333333333,0.781996281996282,328.58348512649536
