precision,accuracy,recall,duration
0.6691748678628308,0.7382445141065831,0.5998468235529462,582.7883896827698
