precision,accuracy,recall,duration
0.6650908335615254,0.6907015951238491,0.6040222098937001,4761.689292430878
