precision,accuracy,recall,duration
0.6427959534807476,0.6358585858585859,0.6358585858585859,266.09054923057556
