precision,accuracy,recall,duration
0.9610025501472795,0.9682926829268292,0.9523458750345802,171.38295912742615
