precision,accuracy,recall,duration
0.7228423952167653,0.7421052631578947,0.7211911510534768,353.65142607688904
