precision,accuracy,recall,duration
0.8497295270747597,0.8487179487179487,0.8482062583479393,201.3014054298401
