precision,accuracy,recall,duration
0.9006864006864007,0.91,0.9053819444444444,446.0894584655762
