precision,accuracy,recall,duration
0.8587896338815977,0.8358974358974359,0.8466283324330939,337.25369024276733
