precision,accuracy,recall,duration
0.8568809343173093,0.8302828618968386,0.8508316948041675,236.1348135471344
