precision,accuracy,recall,duration
0.6082595462859134,0.7225,0.5960810638025827,149.80181574821472
