precision,accuracy,recall,duration
0.8239102114102114,0.8312020460358056,0.8347687222687223,1191.194146156311
