precision,accuracy,recall,duration
0.8837037037037037,0.885,0.8644633609865082,1107.6421813964844
