precision,accuracy,recall,duration
0.9640417815722866,0.9640427599611273,0.9640452876376989,268.262330532074
