precision,accuracy,recall,duration
0.9190735190735191,0.9083333333333333,0.9083333333333334,1465.7731354236603
