precision,accuracy,recall,duration
0.942345533963001,0.9380165289256198,0.9135548026852375,174.25547742843628
