precision,accuracy,recall,duration
0.8927018598369654,0.888,0.888,564.1491749286652
