precision,accuracy,recall,duration
0.6387419056429232,0.7475,0.635482106579153,161.74986577033997
