precision,accuracy,recall,duration
0.9658223455933379,0.9690048939641109,0.9667616994645714,964.2526185512543
