precision,accuracy,recall,duration
0.9938885634115506,0.9938542581211589,0.993858107483119,204.02893900871277
