precision,accuracy,recall,duration
0.926777487554137,0.9257398101619208,0.9259783692425178,983.7502257823944
