precision,accuracy,recall,duration
0.8866304283673737,0.8775362318840579,0.877844218650738,84.98853325843811
