precision,accuracy,recall,duration
0.958447623396077,0.9477124183006536,0.8886202450032237,230.60991644859314
