precision,accuracy,recall,duration
0.8848778638924071,0.8076923076923077,0.9036988964169728,349.56773495674133
