precision,accuracy,recall,duration
0.7087945070664382,0.9362222222222222,0.5675761056310222,348.7584481239319
