precision,accuracy,recall,duration
0.9801740940290887,0.9798994974874372,0.9801783802721004,254.12927722930908
