precision,accuracy,recall,duration
0.8455758852668346,0.8358974358974359,0.8425197902592448,564.1748023033142
