precision,accuracy,recall,duration
0.6094345781563797,0.6075757575757575,0.6075757575757575,173.44988894462585
