precision,accuracy,recall,duration
0.9019810796741486,0.8218934911242604,0.9149725726681831,214.80637860298157
