precision,accuracy,recall,duration
0.9618741887837333,0.964390243902439,0.9470346360046882,278.18459010124207
