precision,accuracy,recall,duration
0.6851775381863157,0.8021978021978022,0.6790987098213105,454.4651072025299
