precision,accuracy,recall,duration
0.9275477467565074,0.9265676567656765,0.9260643708224354,1825.205468416214
