precision,accuracy,recall,duration
0.9633746956309079,0.9545454545454546,0.93866930171278,473.85032987594604
