precision,accuracy,recall,duration
0.9543041177823786,0.9590766002098636,0.9600829372845028,223.72939038276672
