precision,accuracy,recall,duration
0.7900137245931638,0.784,0.784,625.3734230995178
