precision,accuracy,recall,duration
0.6554955768868812,0.6519337016574586,0.643465694597024,260.65249252319336
