precision,accuracy,recall,duration
0.4138206948398466,0.6090225563909775,0.4009886999475433,376.38685059547424
