precision,accuracy,recall,duration
0.7872215151479107,0.8016666666666666,0.7877520377520377,135.793771982193
