precision,accuracy,recall,duration
0.8944576170717249,0.8825878594249201,0.8758880544322485,332.45971608161926
