precision,accuracy,recall,duration
0.8214285714285714,0.7222222222222222,0.7222222222222222,245.4410798549652
