precision,accuracy,recall,duration
0.7977777777777778,0.7666666666666667,0.7666666666666667,426.9676122665405
