precision,accuracy,recall,duration
0.8232594473195977,0.8082191780821918,0.8266917293233081,592.6037647724152
