precision,accuracy,recall,duration
0.9079520697167757,0.9013333333333333,0.9013333333333332,1379.6815328598022
