precision,accuracy,recall,duration
0.8130952380952381,0.8082191780821918,0.826124835899272,207.797123670578
