precision,accuracy,recall,duration
0.9229691876750701,0.9210526315789473,0.9194444444444444,181.48851203918457
