precision,accuracy,recall,duration
0.5124387106658087,0.461038961038961,0.4608763168377865,323.2612497806549
