precision,accuracy,recall,duration
0.962011485726296,0.9628099173553719,0.9636865549909027,144.04608798027039
