precision,accuracy,recall,duration
0.745679012345679,0.7675,0.6299989669777212,468.17104291915894
