precision,accuracy,recall,duration
0.6406399213405817,0.7868131868131868,0.6430748165663027,323.57353591918945
