precision,accuracy,recall,duration
0.9427571124754224,0.9427936684254373,0.9427571124754224,2634.7476122379303
