precision,accuracy,recall,duration
0.882654727107332,0.8325443786982248,0.9201774857775983,213.50678873062134
