precision,accuracy,recall,duration
0.775686274509804,0.8585365853658536,0.7984135472370767,480.2922508716583
