precision,accuracy,recall,duration
0.6723248322636884,0.9362222222222222,0.5860986902252344,691.9100613594055
