precision,accuracy,recall,duration
0.8994034678473004,0.9090909090909091,0.8795658447832361,299.1237082481384
