precision,accuracy,recall,duration
0.769502124086768,0.7883333333333333,0.7614520521299357,292.35334491729736
