precision,accuracy,recall,duration
0.7448096988733032,0.7775,0.6432453733992937,196.66033482551575
