precision,accuracy,recall,duration
0.8583333333333334,0.8333333333333334,0.8333333333333334,145.41522908210754
