precision,accuracy,recall,duration
0.961502249782584,0.9611273080660836,0.9610873113015095,261.2996962070465
