precision,accuracy,recall,duration
0.7272159800249688,0.7083333333333334,0.7455991052324451,168.60407304763794
