precision,accuracy,recall,duration
0.8896669985617878,0.895,0.8812630977329015,1466.5387604236603
