precision,accuracy,recall,duration
0.6132652411335056,0.6131313131313131,0.6131313131313131,206.08061361312866
