precision,accuracy,recall,duration
0.9243331205831206,0.9183333333333333,0.9183333333333334,3062.7217009067535
