{"dataset": "CinC_ECG_torso", "depth": 6, "nb_filters": 64, "batch_size": 64, "kernel_size": 64, "use_residual": "False", "use_bottleneck": "False", "acc": 0.8268115942028985, "precision": 0.8317569229808448, "recall": 0.8269096543488268, "budget_ran": 1500, "duration": 479.1303598880768}
{"dataset": "CinC_ECG_torso", "depth": 6, "nb_filters": 64, "batch_size": 64, "kernel_size": 64, "use_residual": "True", "use_bottleneck": "True", "acc": 0.8318840579710145, "precision": 0.8366663620129338, "recall": 0.8320371951766432, "budget_ran": 1500, "duration": 489.8953769207001}
{"dataset": "CinC_ECG_torso", "depth": 9, "nb_filters": 64, "batch_size": 64, "kernel_size": 64, "use_residual": "True", "use_bottleneck": "True", "acc": 0.7456521739130435, "precision": 0.7531631872592688, "recall": 0.7456670995738385, "budget_ran": 1500, "duration": 709.3038849830627}
{"dataset": "CinC_ECG_torso", "depth": 9, "nb_filters": 64, "batch_size": 64, "kernel_size": 64, "use_residual": "False", "use_bottleneck": "True", "acc": 0.8202898550724638, "precision": 0.8237866266554791, "recall": 0.820204278071695, "budget_ran": 1500, "duration": 721.5696034431458}
{"dataset": "CinC_ECG_torso", "depth": 6, "nb_filters": 16, "batch_size": 16, "kernel_size": 64, "use_residual": "False", "use_bottleneck": "True", "acc": 0.8173913043478261, "precision": 0.8229943760692287, "recall": 0.8170375398715659, "budget_ran": 1500, "duration": 147.15689611434937}
{"dataset": "CinC_ECG_torso", "depth": 9, "nb_filters": 64, "batch_size": 64, "kernel_size": 64, "use_residual": "True", "use_bottleneck": "False", "acc": 0.7710144927536232, "precision": 0.7845285181644244, "recall": 0.7709530481038444, "budget_ran": 1500, "duration": 741.7582666873932}
{"dataset": "CinC_ECG_torso", "depth": 9, "nb_filters": 64, "batch_size": 64, "kernel_size": 64, "use_residual": "False", "use_bottleneck": "False", "acc": 0.7963768115942029, "precision": 0.8027652415325434, "recall": 0.7966031167833811, "budget_ran": 1500, "duration": 720.5803940296173}
{"dataset": "CinC_ECG_torso", "depth": 6, "nb_filters": 16, "batch_size": 16, "kernel_size": 64, "use_residual": "True", "use_bottleneck": "False", "acc": 0.8188405797101449, "precision": 0.821740723463553, "recall": 0.8187742945058594, "budget_ran": 1500, "duration": 147.46459817886353}
{"dataset": "CinC_ECG_torso", "depth": 6, "nb_filters": 16, "batch_size": 16, "kernel_size": 64, "use_residual": "True", "use_bottleneck": "True", "acc": 0.8231884057971014, "precision": 0.8270736318063574, "recall": 0.8227865730579035, "budget_ran": 1500, "duration": 144.91982221603394}
{"dataset": "CinC_ECG_torso", "depth": 6, "nb_filters": 16, "batch_size": 16, "kernel_size": 64, "use_residual": "False", "use_bottleneck": "False", "acc": 0.8333333333333334, "precision": 0.8352054270593767, "recall": 0.832926908368229, "budget_ran": 1500, "duration": 146.6823971271515}
{"dataset": "CinC_ECG_torso", "depth": 6, "nb_filters": 64, "batch_size": 64, "kernel_size": 64, "use_residual": "True", "use_bottleneck": "False", "acc": 0.8115942028985508, "precision": 0.8184627747241522, "recall": 0.8116367931066946, "budget_ran": 1500, "duration": 490.16670203208923}
{"dataset": "CinC_ECG_torso", "depth": 6, "nb_filters": 64, "batch_size": 64, "kernel_size": 64, "use_residual": "False", "use_bottleneck": "True", "acc": 0.8427536231884057, "precision": 0.843938628532098, "recall": 0.8427096134302037, "budget_ran": 1500, "duration": 495.1954436302185}
{"dataset": "CinC_ECG_torso", "depth": 3, "nb_filters": 64, "batch_size": 64, "kernel_size": 64, "use_residual": "False", "use_bottleneck": "False", "acc": 0.8572463768115942, "precision": 0.8579351972134095, "recall": 0.8572183601565285, "budget_ran": 1500, "duration": 209.59050178527832}
{"dataset": "CinC_ECG_torso", "depth": 3, "nb_filters": 64, "batch_size": 64, "kernel_size": 64, "use_residual": "True", "use_bottleneck": "True", "acc": 0.8797101449275362, "precision": 0.8849701959108625, "recall": 0.879973491848521, "budget_ran": 1500, "duration": 256.7935280799866}
{"dataset": "CinC_ECG_torso", "depth": 3, "nb_filters": 64, "batch_size": 64, "kernel_size": 64, "use_residual": "True", "use_bottleneck": "False", "acc": 0.8826086956521739, "precision": 0.8870705722136922, "recall": 0.8825933363429277, "budget_ran": 1500, "duration": 254.86541604995728}
{"dataset": "CinC_ECG_torso", "depth": 3, "nb_filters": 64, "batch_size": 64, "kernel_size": 64, "use_residual": "False", "use_bottleneck": "True", "acc": 0.868840579710145, "precision": 0.8718750685498905, "recall": 0.8687965884839279, "budget_ran": 1500, "duration": 220.0200960636139}
{"dataset": "CinC_ECG_torso", "depth": 3, "nb_filters": 16, "batch_size": 16, "kernel_size": 64, "use_residual": "False", "use_bottleneck": "True", "acc": 0.8594202898550725, "precision": 0.8631966762138186, "recall": 0.859530358727342, "budget_ran": 1500, "duration": 88.44359469413757}
{"dataset": "CinC_ECG_torso", "depth": 9, "nb_filters": 16, "batch_size": 16, "kernel_size": 64, "use_residual": "False", "use_bottleneck": "True", "acc": 0.7818840579710145, "precision": 0.7825687782830093, "recall": 0.7813431426836835, "budget_ran": 1500, "duration": 204.73794150352478}
{"dataset": "CinC_ECG_torso", "depth": 3, "nb_filters": 16, "batch_size": 16, "kernel_size": 64, "use_residual": "True", "use_bottleneck": "True", "acc": 0.8514492753623188, "precision": 0.8626162576941414, "recall": 0.8515562271546954, "budget_ran": 1500, "duration": 89.42911171913147}
{"dataset": "CinC_ECG_torso", "depth": 9, "nb_filters": 16, "batch_size": 16, "kernel_size": 64, "use_residual": "True", "use_bottleneck": "True", "acc": 0.7913043478260869, "precision": 0.7970671057168754, "recall": 0.791110506968397, "budget_ran": 1500, "duration": 203.950927734375}
{"dataset": "CinC_ECG_torso", "depth": 3, "nb_filters": 16, "batch_size": 16, "kernel_size": 64, "use_residual": "False", "use_bottleneck": "False", "acc": 0.863768115942029, "precision": 0.8663356148898157, "recall": 0.8637990977147096, "budget_ran": 1500, "duration": 88.40439510345459}
{"dataset": "CinC_ECG_torso", "depth": 9, "nb_filters": 16, "batch_size": 16, "kernel_size": 64, "use_residual": "False", "use_bottleneck": "False", "acc": 0.7869565217391304, "precision": 0.7975923419067543, "recall": 0.786607242003263, "budget_ran": 1500, "duration": 204.16960191726685}
{"dataset": "CinC_ECG_torso", "depth": 3, "nb_filters": 16, "batch_size": 16, "kernel_size": 64, "use_residual": "True", "use_bottleneck": "False", "acc": 0.8884057971014493, "precision": 0.8893586380445084, "recall": 0.8882456585118519, "budget_ran": 1500, "duration": 91.01335453987122}
{"dataset": "CinC_ECG_torso", "depth": 9, "nb_filters": 16, "batch_size": 16, "kernel_size": 64, "use_residual": "True", "use_bottleneck": "False", "acc": 0.7862318840579711, "precision": 0.7983698633097995, "recall": 0.7860451557761603, "budget_ran": 1500, "duration": 202.7670373916626}
{"dataset": "CinC_ECG_torso", "depth": 3, "nb_filters": 16, "batch_size": 16, "kernel_size": 32, "use_residual": "True", "use_bottleneck": "True", "acc": 0.8913043478260869, "precision": 0.8969863232611838, "recall": 0.8917063510595477, "budget_ran": 1500, "duration": 84.8982527256012}
{"dataset": "CinC_ECG_torso", "depth": 3, "nb_filters": 16, "batch_size": 16, "kernel_size": 41, "use_residual": "True", "use_bottleneck": "True", "acc": 0.8927536231884058, "precision": 0.8944970007554268, "recall": 0.8928680767283486, "budget_ran": 1500, "duration": 88.85676050186157}
{"dataset": "CinC_ECG_torso", "depth": 6, "nb_filters": 16, "batch_size": 16, "kernel_size": 32, "use_residual": "True", "use_bottleneck": "True", "acc": 0.8456521739130435, "precision": 0.8482863909805942, "recall": 0.8455714337603844, "budget_ran": 1500, "duration": 135.8013792037964}
{"dataset": "CinC_ECG_torso", "depth": 6, "nb_filters": 16, "batch_size": 16, "kernel_size": 41, "use_residual": "True", "use_bottleneck": "True", "acc": 0.8260869565217391, "precision": 0.83087999824657,