{"dataset": "CBF", "depth": 6, "nb_filters": 16, "batch_size": 128, "kernel_size": 32, "use_residual": "True", "use_bottleneck": "True", "acc": 0.9955555555555555, "precision": 0.9956427015250545, "recall": 0.9955555555555556, "budget_ran": 1500, "duration": 324.34818959236145}
{"dataset": "CBF", "depth": 6, "nb_filters": 32, "batch_size": 128, "kernel_size": 32, "use_residual": "True", "use_bottleneck": "True", "acc": 1.0, "precision": 1.0, "recall": 1.0, "budget_ran": 1500, "duration": 345.2974145412445}
{"dataset": "CBF", "depth": 9, "nb_filters": 16, "batch_size": 128, "kernel_size": 32, "use_residual": "True", "use_bottleneck": "True", "acc": 1.0, "precision": 1.0, "recall": 1.0, "budget_ran": 1500, "duration": 453.6023895740509}
{"dataset": "CBF", "depth": 3, "nb_filters": 16, "batch_size": 64, "kernel_size": 41, "use_residual": "False", "use_bottleneck": "False", "acc": 0.9988888888888889, "precision": 0.9988998899889988, "recall": 0.9988888888888888, "budget_ran": 1500, "duration": 194.76017713546753}
{"dataset": "CBF", "depth": 3, "nb_filters": 32, "batch_size": 128, "kernel_size": 32, "use_residual": "True", "use_bottleneck": "False", "acc": 0.9966666666666667, "precision": 0.9966921903420759, "recall": 0.9966666666666667, "budget_ran": 1500, "duration": 204.1711585521698}
{"dataset": "CBF", "depth": 3, "nb_filters": 16, "batch_size": 16, "kernel_size": 32, "use_residual": "True", "use_bottleneck": "True", "acc": 1.0, "precision": 1.0, "recall": 1.0, "budget_ran": 1500, "duration": 71.87675952911377}
{"dataset": "CBF", "depth": 3, "nb_filters": 16, "batch_size": 16, "kernel_size": 41, "use_residual": "True", "use_bottleneck": "True", "acc": 0.9988888888888889, "precision": 0.9988998899889988, "recall": 0.9988888888888888, "budget_ran": 1500, "duration": 70.97145628929138}
{"dataset": "CBF", "depth": 3, "nb_filters": 16, "batch_size": 16, "kernel_size": 64, "use_residual": "True", "use_bottleneck": "True", "acc": 0.9988888888888889, "precision": 0.9988998899889988, "recall": 0.9988888888888888, "budget_ran": 1500, "duration": 73.38976812362671}
{"dataset": "CBF", "depth": 6, "nb_filters": 16, "batch_size": 16, "kernel_size": 32, "use_residual": "True", "use_bottleneck": "True", "acc": 0.9988888888888889, "precision": 0.9988998899889988, "recall": 0.9988888888888888, "budget_ran": 1500, "duration": 108.10370373725891}
{"dataset": "CBF", "depth": 6, "nb_filters": 16, "batch_size": 16, "kernel_size": 41, "use_residual": "True", "use_bottleneck": "True", "acc": 1.0, "precision": 1.0, "recall": 1.0, "budget_ran": 1500, "duration": 109.08550572395325}
{"dataset": "CBF", "depth": 6, "nb_filters": 16, "batch_size": 16, "kernel_size": 64, "use_residual": "True", "use_bottleneck": "True", "acc": 1.0, "precision": 1.0, "recall": 1.0, "budget_ran": 1500, "duration": 110.63123226165771}
{"dataset": "CBF", "depth": 9, "nb_filters": 16, "batch_size": 16, "kernel_size": 32, "use_residual": "True", "use_bottleneck": "True", "acc": 1.0, "precision": 1.0, "recall": 1.0, "budget_ran": 1500, "duration": 153.0564248561859}
{"dataset": "CBF", "depth": 9, "nb_filters": 16, "batch_size": 16, "kernel_size": 41, "use_residual": "True", "use_bottleneck": "True", "acc": 1.0, "precision": 1.0, "recall": 1.0, "budget_ran": 1500, "duration": 168.67050337791443}
{"dataset": "CBF", "depth": 9, "nb_filters": 16, "batch_size": 16, "kernel_size": 64, "use_residual": "True", "use_bottleneck": "True", "acc": 0.9988888888888889, "precision": 0.9988998899889988, "recall": 0.9988888888888888, "budget_ran": 1500, "duration": 153.8166663646698}
{"dataset": "CBF", "depth": 3, "nb_filters": 16, "batch_size": 32, "kernel_size": 32, "use_residual": "True", "use_bottleneck": "True", "acc": 0.9977777777777778, "precision": 0.9978070175438596, "recall": 0.9977777777777778, "budget_ran": 1500, "duration": 188.91365361213684}
{"dataset": "CBF", "depth": 3, "nb_filters": 16, "batch_size": 32, "kernel_size": 41, "use_residual": "True", "use_bottleneck": "True", "acc": 0.9966666666666667, "precision": 0.9967213114754099, "recall": 0.9966666666666667, "budget_ran": 1500, "duration": 193.44194889068604}
{"dataset": "CBF", "depth": 3, "nb_filters": 16, "batch_size": 32, "kernel_size": 64, "use_residual": "True", "use_bottleneck": "True", "acc": 0.9988888888888889, "precision": 0.9988998899889988, "recall": 0.9988888888888888, "budget_ran": 1500, "duration": 196.57914924621582}
{"dataset": "CBF", "depth": 6, "nb_filters": 16, "batch_size": 32, "kernel_size": 32, "use_residual": "True", "use_bottleneck": "True", "acc": 0.9988888888888889, "precision": 0.9988998899889988, "recall": 0.9988888888888888, "budget_ran": 1500, "duration": 329.9385612010956}
{"dataset": "CBF", "depth": 6, "nb_filters": 16, "batch_size": 32, "kernel_size": 41, "use_residual": "True", "use_bottleneck": "True", "acc": 1.0, "precision": 1.0, "recall": 1.0, "budget_ran": 1500, "duration": 328.9477608203888}
{"dataset": "CBF", "depth": 6, "nb_filters": 16, "batch_size": 32, "kernel_size": 64, "use_residual": "True", "use_bottleneck": "True", "acc": 0.9988888888888889, "precision": 0.9988998899889988, "recall": 0.9988888888888888, "budget_ran": 1500, "duration": 349.33306884765625}
{"dataset": "CBF", "depth": 9, "nb_filters": 16, "batch_size": 32, "kernel_size": 32, "use_residual": "True", "use_bottleneck": "True", "acc": 1.0, "precision": 1.0, "recall": 1.0, "budget_ran": 1500, "duration": 452.30557322502136}
{"dataset": "CBF", "depth": 9, "nb_filters": 16, "batch_size": 32, "kernel_size": 41, "use_residual": "True", "use_bottleneck": "True", "acc": 0.9988888888888889, "precision": 0.9988998899889988, "recall": 0.9988888888888888, "budget_ran": 1500, "duration": 471.8461365699768}
{"dataset": "CBF", "depth": 9, "nb_filters": 16, "batch_size": 32, "kernel_size": 64, "use_residual": "True", "use_bottleneck": "True", "acc": 0.9988888888888889, "precision": 0.9988998899889988, "recall": 0.9988888888888888, "budget_ran": 1500, "duration": 492.83181047439575}
{"dataset": "CBF", "depth": 3, "nb_filters": 16, "batch_size": 64, "kernel_size": 32, "use_residual": "True", "use_bottleneck": "True", "acc": 0.9988888888888889, "precision": 0.9988998899889988, "recall": 0.9988888888888888, "budget_ran": 1500, "duration": 195.06003499031067}
{"dataset": "CBF", "depth": 3, "nb_filters": 16, "batch_size": 64, "kernel_size": 41, "use_residual": "True", "use_bottleneck": "True", "acc": 0.9988888888888889, "precision": 0.9988998899889988, "recall": 0.9988888888888888, "budget_ran": 1500, "duration": 193.0603334903717}
{"dataset": "CBF", "depth": 3, "nb_filters": 16, "batch_size": 64, "kernel_size": 64, "use_residual": "True", "use_bottleneck": "True", "acc": 0.9988888888888889, "precision": 0.9988998899889988, "recall": 0.9988888888888888, "budget_ran": 1500, "duration": 206.29991841316223}
{"dataset": "CBF", "depth": 6, "nb_filters": 16, "batch_size": 64, "kernel_size": 32, "use_residual": "True", "use_bottleneck": "True", "acc": 0.9966666666666667, "precision": 0.9967213114754099, "recall": 0.9966666666666667, "budget_ran": 1500, "duration": 333.6852533817291}
{"dataset": "CBF", "depth": 6, "nb_filters": 16, "batch_size": 64, "kernel_size": 41, "use_residual": "True", "use_bottleneck": "True", "acc": 0.9977777777777778, "precision": 0.9978070175438596, "recall": 0.9977777777777778, "budget_ran": 1500, "duration": 328.1730034351349}
{"dataset": "CBF", "depth": 6, "nb_filters": 16, "batch_size": 64, "kernel_size": 64, "use_residual": "True", "use_bottleneck": "True", "acc": 1.0, "precision": 1.0, "recall": 1.0, "budget_ran": 1500, "duration": 348.67068314552307}
{"dataset": "CBF", "depth": 9, "nb_filters": 16, "batch_size": 64, "kernel_size": 32, "use_residual": "True", "use_bottleneck": "True", "acc": 0.9988888888888889, "precision": 0.9988998899889988, "recall": 0.9988888888888888, "budget_ran": 1500, "duration": 451.8550372123718}
{"dataset": "CBF", "depth": 9, "nb_filters": 16, "batch_size": 64, "kernel_size": 41, "use_residual": "True",