{"dataset": "Car", "depth": 6, "nb_filters": 16, "batch_size": 32, "kernel_size": 32, "use_residual": "False", "use_bottleneck": "True", "acc": 0.9, "precision": 0.9101010101010101, "recall": 0.8906882591093117, "budget_ran": 1500, "duration": 106.12545800209045}
{"dataset": "Car", "depth": 6, "nb_filters": 16, "batch_size": 16, "kernel_size": 32, "use_residual": "True", "use_bottleneck": "False", "acc": 0.9166666666666666, "precision": 0.9208333333333334, "recall": 0.9159919028340081, "budget_ran": 1500, "duration": 171.44280529022217}
{"dataset": "Car", "depth": 6, "nb_filters": 16, "batch_size": 16, "kernel_size": 32, "use_residual": "True", "use_bottleneck": "True", "acc": 0.8833333333333333, "precision": 0.8875, "recall": 0.8836032388663968, "budget_ran": 1500, "duration": 170.47401189804077}
{"dataset": "Car", "depth": 6, "nb_filters": 16, "batch_size": 32, "kernel_size": 32, "use_residual": "False", "use_bottleneck": "False", "acc": 0.8333333333333334, "precision": 0.8347826086956521, "recall": 0.8212116830537883, "budget_ran": 1500, "duration": 108.11482000350952}
{"dataset": "Car", "depth": 6, "nb_filters": 16, "batch_size": 64, "kernel_size": 32, "use_residual": "False", "use_bottleneck": "True", "acc": 0.8666666666666667, "precision": 0.8709595959595959, "recall": 0.8582995951417004, "budget_ran": 1500, "duration": 305.22386479377747}
{"dataset": "Car", "depth": 6, "nb_filters": 16, "batch_size": 32, "kernel_size": 32, "use_residual": "True", "use_bottleneck": "False", "acc": 0.9, "precision": 0.9090909090909092, "recall": 0.8920618854829381, "budget_ran": 1500, "duration": 107.87689733505249}
{"dataset": "Car", "depth": 6, "nb_filters": 16, "batch_size": 64, "kernel_size": 32, "use_residual": "True", "use_bottleneck": "True", "acc": 0.8666666666666667, "precision": 0.8722943722943723, "recall": 0.8643724696356275, "budget_ran": 1500, "duration": 298.8584451675415}
{"dataset": "Car", "depth": 6, "nb_filters": 16, "batch_size": 64, "kernel_size": 32, "use_residual": "False", "use_bottleneck": "False", "acc": 0.9, "precision": 0.9069264069264069, "recall": 0.8967611336032388, "budget_ran": 1500, "duration": 303.669659614563}
{"dataset": "Car", "depth": 6, "nb_filters": 16, "batch_size": 16, "kernel_size": 32, "use_residual": "False", "use_bottleneck": "True", "acc": 0.8833333333333333, "precision": 0.8898809523809523, "recall": 0.878903990746096, "budget_ran": 1500, "duration": 169.43473839759827}
{"dataset": "Car", "depth": 6, "nb_filters": 16, "batch_size": 32, "kernel_size": 32, "use_residual": "True", "use_bottleneck": "True", "acc": 0.8833333333333333, "precision": 0.8931818181818181, "recall": 0.8775303643724697, "budget_ran": 1500, "duration": 106.9384081363678}
{"dataset": "Car", "depth": 6, "nb_filters": 16, "batch_size": 16, "kernel_size": 32, "use_residual": "False", "use_bottleneck": "False", "acc": 0.9, "precision": 0.9069264069264069, "recall": 0.8967611336032388, "budget_ran": 1500, "duration": 171.00962448120117}
{"dataset": "Car", "depth": 6, "nb_filters": 16, "batch_size": 64, "kernel_size": 32, "use_residual": "True", "use_bottleneck": "False", "acc": 0.8666666666666667, "precision": 0.8730769230769231, "recall": 0.865746096009254, "budget_ran": 1500, "duration": 310.23016142845154}
{"dataset": "Car", "depth": 3, "nb_filters": 16, "batch_size": 16, "kernel_size": 32, "use_residual": "True", "use_bottleneck": "True", "acc": 0.9166666666666666, "precision": 0.9479166666666666, "recall": 0.9038461538461539, "budget_ran": 1500, "duration": 108.72252035140991}
{"dataset": "Car", "depth": 3, "nb_filters": 16, "batch_size": 16, "kernel_size": 41, "use_residual": "True", "use_bottleneck": "True", "acc": 0.9333333333333333, "precision": 0.9565217391304348, "recall": 0.9230769230769231, "budget_ran": 1500, "duration": 109.93833422660828}
{"dataset": "Car", "depth": 3, "nb_filters": 16, "batch_size": 16, "kernel_size": 64, "use_residual": "True", "use_bottleneck": "True", "acc": 0.9166666666666666, "precision": 0.9295454545454546, "recall": 0.9099190283400809, "budget_ran": 1500, "duration": 111.8671498298645}
{"dataset": "Car", "depth": 6, "nb_filters": 16, "batch_size": 16, "kernel_size": 41, "use_residual": "True", "use_bottleneck": "True", "acc": 0.9333333333333333, "precision": 0.9415584415584416, "recall": 0.9291497975708501, "budget_ran": 1500, "duration": 168.81498003005981}
{"dataset": "Car", "depth": 6, "nb_filters": 16, "batch_size": 16, "kernel_size": 64, "use_residual": "True", "use_bottleneck": "True", "acc": 0.9166666666666666, "precision": 0.9208333333333334, "recall": 0.9159919028340081, "budget_ran": 1500, "duration": 176.09555912017822}
{"dataset": "Car", "depth": 9, "nb_filters": 16, "batch_size": 16, "kernel_size": 32, "use_residual": "True", "use_bottleneck": "True", "acc": 0.9166666666666666, "precision": 0.9208333333333334, "recall": 0.9159919028340081, "budget_ran": 1500, "duration": 233.7490429878235}
{"dataset": "Car", "depth": 9, "nb_filters": 16, "batch_size": 16, "kernel_size": 41, "use_residual": "True", "use_bottleneck": "True", "acc": 0.8666666666666667, "precision": 0.8704453441295548, "recall": 0.8704453441295548, "budget_ran": 1500, "duration": 230.89444303512573}
{"dataset": "Car", "depth": 9, "nb_filters": 16, "batch_size": 16, "kernel_size": 64, "use_residual": "True", "use_bottleneck": "True", "acc": 0.95, "precision": 0.9659090909090909, "recall": 0.9423076923076923, "budget_ran": 1500, "duration": 241.16627025604248}
{"dataset": "Car", "depth": 3, "nb_filters": 16, "batch_size": 32, "kernel_size": 32, "use_residual": "True", "use_bottleneck": "True", "acc": 0.8666666666666667, "precision": 0.8704453441295548, "recall": 0.8704453441295548, "budget_ran": 1500, "duration": 75.61531615257263}
{"dataset": "Car", "depth": 3, "nb_filters": 16, "batch_size": 32, "kernel_size": 41, "use_residual": "True", "use_bottleneck": "True", "acc": 0.9333333333333333, "precision": 0.9415584415584416, "recall": 0.9291497975708501, "budget_ran": 1500, "duration": 74.75440287590027}
{"dataset": "Car", "depth": 3, "nb_filters": 16, "batch_size": 32, "kernel_size": 64, "use_residual": "True", "use_bottleneck": "True", "acc": 0.9333333333333333, "precision": 0.9352226720647774, "recall": 0.9352226720647774, "budget_ran": 1500, "duration": 72.79413223266602}
{"dataset": "Car", "depth": 6, "nb_filters": 16, "batch_size": 32, "kernel_size": 41, "use_residual": "True", "use_bottleneck": "True", "acc": 0.8666666666666667, "precision": 0.8730769230769231, "recall": 0.865746096009254, "budget_ran": 1500, "duration": 108.12320351600647}
{"dataset": "Car", "depth": 6, "nb_filters": 16, "batch_size": 32, "kernel_size": 64, "use_residual": "True", "use_bottleneck": "True", "acc": 0.9166666666666666, "precision": 0.9226190476190477, "recall": 0.9112926547137074, "budget_ran": 1500, "duration": 108.35311698913574}
{"dataset": "Car", "depth": 9, "nb_filters": 16, "batch_size": 32, "kernel_size": 32, "use_residual": "True", "use_bottleneck": "True", "acc": 0.9166666666666666, "precision": 0.9208333333333334, "recall": 0.9159919028340081, "budget_ran": 1500, "duration": 146.31405782699585}
{"dataset": "Car", "depth": 9, "nb_filters": 16, "batch_size": 32, "kernel_size": 41, "use_residual": "True", "use_bottleneck": "True", "acc": 0.9333333333333333, "precision": 0.9565217391304348, "recall": 0.9230769230769231, "budget_ran": 1500, "duration": 141.50345659255981}
{"dataset": "Car", "depth": 9, "nb_filters": 16, "batch_size": 32, "kernel_size": 64, "use_residual": "True", "use_bottleneck": "True", "acc": 0.8666666666666667, "precision": 0.8754578754578755, "recall": 0.8610468478889532, "budget_ran": 1500, "duration": 151.6531744003296}
{"dataset": "Car", "depth": 3, "nb_filters": 16, "batch_size": 64, "kernel_size": 32, "use_residual": "True", "use_bottleneck": "True", "acc": 0.8166666666666667, "precision": 0.8270676691729324, "recall": 0.8201995373048004, "budget_ran": 1500, "duration": 171.57708358764648}
{"dataset": "Car",