{"dataset": "ECG200", "depth": 6, "nb_filters": 64, "batch_size": 16, "kernel_size": 64, "use_residual": "False", "use_bottleneck": "True", "acc": 0.86, "precision": 0.861904761904762, "recall": 0.8298611111111112, "budget_ran": 1500, "duration": 286.2849295139313}
{"dataset": "ECG200", "depth": 3, "nb_filters": 32, "batch_size": 16, "kernel_size": 32, "use_residual": "True", "use_bottleneck": "False", "acc": 0.9, "precision": 0.9095238095238095, "recall": 0.8732638888888888, "budget_ran": 1500, "duration": 174.85743260383606}
{"dataset": "ECG200", "depth": 3, "nb_filters": 64, "batch_size": 16, "kernel_size": 41, "use_residual": "False", "use_bottleneck": "True", "acc": 0.88, "precision": 0.8857142857142857, "recall": 0.8515625, "budget_ran": 1500, "duration": 176.27496314048767}
{"dataset": "ECG200", "depth": 3, "nb_filters": 64, "batch_size": 16, "kernel_size": 64, "use_residual": "False", "use_bottleneck": "False", "acc": 0.87, "precision": 0.8778533268576979, "recall": 0.8376736111111112, "budget_ran": 1500, "duration": 176.7584776878357}
{"dataset": "ECG200", "depth": 6, "nb_filters": 64, "batch_size": 16, "kernel_size": 64, "use_residual": "False", "use_bottleneck": "False", "acc": 0.93, "precision": 0.9263736263736264, "recall": 0.9210069444444444, "budget_ran": 1500, "duration": 288.4940505027771}
{"dataset": "ECG200", "depth": 3, "nb_filters": 64, "batch_size": 16, "kernel_size": 64, "use_residual": "True", "use_bottleneck": "True", "acc": 0.85, "precision": 0.8622526636225266, "recall": 0.8098958333333333, "budget_ran": 1500, "duration": 176.80607557296753}
{"dataset": "ECG200", "depth": 3, "nb_filters": 64, "batch_size": 16, "kernel_size": 64, "use_residual": "False", "use_bottleneck": "True", "acc": 0.86, "precision": 0.8700396825396826, "recall": 0.8237847222222222, "budget_ran": 1500, "duration": 173.25117588043213}
{"dataset": "ECG200", "depth": 6, "nb_filters": 64, "batch_size": 16, "kernel_size": 64, "use_residual": "True", "use_bottleneck": "True", "acc": 0.91, "precision": 0.9043956043956044, "recall": 0.8993055555555556, "budget_ran": 1500, "duration": 285.06138801574707}
{"dataset": "ECG200", "depth": 9, "nb_filters": 64, "batch_size": 16, "kernel_size": 64, "use_residual": "False", "use_bottleneck": "True", "acc": 0.93, "precision": 0.9323835368611488, "recall": 0.9149305555555556, "budget_ran": 1500, "duration": 386.60712122917175}
{"dataset": "ECG200", "depth": 6, "nb_filters": 64, "batch_size": 16, "kernel_size": 41, "use_residual": "False", "use_bottleneck": "True", "acc": 0.91, "precision": 0.9097693351424694, "recall": 0.8932291666666667, "budget_ran": 1500, "duration": 290.9870402812958}
{"dataset": "ECG200", "depth": 3, "nb_filters": 64, "batch_size": 16, "kernel_size": 41, "use_residual": "True", "use_bottleneck": "False", "acc": 0.87, "precision": 0.8778533268576979, "recall": 0.8376736111111112, "budget_ran": 1500, "duration": 176.1839623451233}
{"dataset": "ECG200", "depth": 9, "nb_filters": 64, "batch_size": 16, "kernel_size": 64, "use_residual": "True", "use_bottleneck": "True", "acc": 0.87, "precision": 0.8778533268576979, "recall": 0.8376736111111112, "budget_ran": 1500, "duration": 385.63162994384766}
{"dataset": "ECG200", "depth": 6, "nb_filters": 64, "batch_size": 16, "kernel_size": 41, "use_residual": "True", "use_bottleneck": "True", "acc": 0.91, "precision": 0.9097693351424694, "recall": 0.8932291666666667, "budget_ran": 1500, "duration": 285.0201790332794}
{"dataset": "ECG200", "depth": 6, "nb_filters": 64, "batch_size": 16, "kernel_size": 41, "use_residual": "False", "use_bottleneck": "False", "acc": 0.92, "precision": 0.9246323529411764, "recall": 0.9010416666666667, "budget_ran": 1500, "duration": 280.92658257484436}
{"dataset": "ECG200", "depth": 6, "nb_filters": 64, "batch_size": 16, "kernel_size": 41, "use_residual": "True", "use_bottleneck": "False", "acc": 0.89, "precision": 0.8936418887330528, "recall": 0.8654513888888888, "budget_ran": 1500, "duration": 285.3465633392334}
{"dataset": "ECG200", "depth": 6, "nb_filters": 32, "batch_size": 16, "kernel_size": 32, "use_residual": "True", "use_bottleneck": "False", "acc": 0.93, "precision": 0.9323835368611488, "recall": 0.9149305555555556, "budget_ran": 1500, "duration": 278.2099196910858}
{"dataset": "ECG200", "depth": 6, "nb_filters": 32, "batch_size": 16, "kernel_size": 32, "use_residual": "True", "use_bottleneck": "True", "acc": 0.92, "precision": 0.9180035650623886, "recall": 0.9071180555555556, "budget_ran": 1500, "duration": 275.2276690006256}
{"dataset": "ECG200", "depth": 6, "nb_filters": 32, "batch_size": 16, "kernel_size": 32, "use_residual": "False", "use_bottleneck": "False", "acc": 0.91, "precision": 0.9097693351424694, "recall": 0.8932291666666667, "budget_ran": 1500, "duration": 275.60587978363037}
{"dataset": "ECG200", "depth": 3, "nb_filters": 64, "batch_size": 16, "kernel_size": 64, "use_residual": "True", "use_bottleneck": "False", "acc": 0.86, "precision": 0.8700396825396826, "recall": 0.8237847222222222, "budget_ran": 1500, "duration": 174.8820378780365}
{"dataset": "ECG200", "depth": 6, "nb_filters": 32, "batch_size": 16, "kernel_size": 32, "use_residual": "False", "use_bottleneck": "True", "acc": 0.92, "precision": 0.9246323529411764, "recall": 0.9010416666666667, "budget_ran": 1500, "duration": 274.9260506629944}
{"dataset": "ECG200", "depth": 9, "nb_filters": 64, "batch_size": 16, "kernel_size": 64, "use_residual": "False", "use_bottleneck": "False", "acc": 0.91, "precision": 0.9097693351424694, "recall": 0.8932291666666667, "budget_ran": 1500, "duration": 393.05193161964417}
{"dataset": "ECG200", "depth": 9, "nb_filters": 64, "batch_size": 16, "kernel_size": 64, "use_residual": "True", "use_bottleneck": "False", "acc": 0.91, "precision": 0.9097693351424694, "recall": 0.8932291666666667, "budget_ran": 1500, "duration": 387.96636867523193}
{"dataset": "ECG200", "depth": 9, "nb_filters": 64, "batch_size": 16, "kernel_size": 41, "use_residual": "False", "use_bottleneck": "True", "acc": 0.91, "precision": 0.9097693351424694, "recall": 0.8932291666666667, "budget_ran": 1500, "duration": 387.5248034000397}
{"dataset": "ECG200", "depth": 9, "nb_filters": 64, "batch_size": 16, "kernel_size": 41, "use_residual": "True", "use_bottleneck": "True", "acc": 0.92, "precision": 0.9246323529411764, "recall": 0.9010416666666667, "budget_ran": 1500, "duration": 384.83936834335327}
{"dataset": "ECG200", "depth": 9, "nb_filters": 64, "batch_size": 16, "kernel_size": 41, "use_residual": "False", "use_bottleneck": "False", "acc": 0.93, "precision": 0.9263736263736264, "recall": 0.9210069444444444, "budget_ran": 1500, "duration": 384.2783954143524}
{"dataset": "ECG200", "depth": 9, "nb_filters": 64, "batch_size": 16, "kernel_size": 41, "use_residual": "True", "use_bottleneck": "False", "acc": 0.92, "precision": 0.9180035650623886, "recall": 0.9071180555555556, "budget_ran": 1500, "duration": 383.1857030391693}
{"dataset": "ECG200", "depth": 9, "nb_filters": 32, "batch_size": 16, "kernel_size": 32, "use_residual": "True", "use_bottleneck": "False", "acc": 0.91, "precision": 0.9097693351424694, "recall": 0.8932291666666667, "budget_ran": 1500, "duration": 372.1319012641907}
{"dataset": "ECG200", "depth": 9, "nb_filters": 32, "batch_size": 16, "kernel_size": 32, "use_residual": "True", "use_bottleneck": "True", "acc": 0.92, "precision": 0.9180035650623886, "recall": 0.9071180555555556, "budget_ran": 1500, "duration": 371.2580568790436}
{"dataset": "ECG200", "depth": 9, "nb_filters": 32, "batch_size": 16, "kernel_size": 32, "use_residual": "False", "use_bottleneck": "False", "acc": 0.92, "precision": 0.9180035650623886, "recall": 0.9071180555555556, "budget_ran": 1500, "duration": 371.63028359413147}
{"dataset": "ECG200", "depth": 9, "nb_filters": 32, "batch_size": 16, "kernel_size": 32, "use_residual": "False", "use_bottleneck": "True", "acc": 0.92, "precision": 0.9180035650623886, "recall": 0.9071180555555556, "budget_ran": 1500,