precision,accuracy,recall,duration
0.6830869417958484,0.9351111111111111,0.5755310487745395,473.54950523376465
