precision,accuracy,recall,duration
0.9033232309525511,0.7911242603550296,0.899456710164838,685.3281812667847
