precision,accuracy,recall,duration
0.9645608628659477,0.9649122807017544,0.9652777777777778,211.69648361206055
