precision,accuracy,recall,duration
0.8512893113560521,0.8514285714285714,0.8568954516452466,325.44814682006836
