precision,accuracy,recall,duration
0.9113503041469659,0.911,0.8943997990959317,1165.1823828220367
