precision,accuracy,recall,duration
0.9477705812916879,0.9477922799222438,0.9477448738012118,308.78961277008057
