precision,accuracy,recall,duration
0.9389179416216056,0.9389058594834768,0.938810641627543,3713.445808649063
