precision,accuracy,recall,duration
0.7308693180434501,0.9402222222222222,0.5922593013934285,193.42308235168457
