precision,accuracy,recall,duration
0.7711383366723172,0.8536585365853658,0.7783511586452763,378.00039052963257
