precision,accuracy,recall,duration
0.9632336655592469,0.9509803921568627,0.935525467440361,370.279244184494
