precision,accuracy,recall,duration
0.7842911141008393,0.784,0.784,203.19122314453125
