precision,accuracy,recall,duration
0.8291411702402414,0.8132992327365729,0.8234287859287858,187.90878629684448
