precision,accuracy,recall,duration
0.9367844698855152,0.9333333333333333,0.9333333333333333,386.64564299583435
