precision,accuracy,recall,duration
0.8151238805406154,0.8283333333333334,0.8041480256759386,118.33344340324402
