precision,accuracy,recall,duration
0.8951121335658243,0.8933333333333333,0.8908280401027271,855.1883580684662
