precision,accuracy,recall,duration
0.8292974117950771,0.8205128205128205,0.8265649247945754,377.28656911849976
