precision,accuracy,recall,duration
0.8136258363355635,0.812,0.812,1140.3386642932892
