precision,accuracy,recall,duration
0.8255489443957836,0.8286713286713286,0.8086089605570571,819.169126033783
