precision,accuracy,recall,duration
0.8428571428571429,0.9153846153846154,0.9481132075471699,75.75576305389404
