precision,accuracy,recall,duration
0.8834750433002676,0.8793929712460063,0.8751896784132486,507.82059693336487
