precision,accuracy,recall,duration
0.7299438328850093,0.680306905370844,0.6916872166872167,264.99069929122925
