precision,accuracy,recall,duration
0.8949385286922431,0.8929712460063898,0.8900468579498042,263.875447511673
