precision,accuracy,recall,duration
0.7672913877733155,0.7816666666666666,0.7783855283855283,331.5692820549011
