precision,accuracy,recall,duration
0.7213955268043503,0.7912087912087912,0.6667051888771703,1103.1136379241943
