precision,accuracy,recall,duration
0.7720174091141834,0.772,0.772,361.32097148895264
