precision,accuracy,recall,duration
0.9640509542590325,0.9640427599611273,0.9640509542590325,82.97607088088989
