precision,accuracy,recall,duration
0.8324652777777778,0.7,0.5862328755260743,323.6695146560669
