precision,accuracy,recall,duration
0.9540024800220446,0.9590766002098636,0.960602460162147,152.1507728099823
