precision,accuracy,recall,duration
0.9060300085796333,0.9090909090909091,0.8779158040027606,327.76916432380676
