precision,accuracy,recall,duration
0.8008607393402657,0.8166666666666667,0.7940575763470141,745.9979176521301
