precision,accuracy,recall,duration
0.7571428571428571,0.734375,0.6912955465587045,121.11083364486694
