precision,accuracy,recall,duration
0.7424242424242424,0.7,0.7,203.9231071472168
