precision,accuracy,recall,duration
0.7776369844888782,0.7513157894736842,0.6998175118511003,143.3343141078949
