precision,accuracy,recall,duration
0.4088050314465409,0.8074534161490683,0.49242424242424243,146.33885526657104
