precision,accuracy,recall,duration
0.6212761763981276,0.6077348066298343,0.5988619794267451,157.17193937301636
