precision,accuracy,recall,duration
0.7739376989376989,0.7953964194373402,0.7978875478875479,241.07978224754333
