precision,accuracy,recall,duration
0.4615314306618117,0.7575,0.4870810869641109,145.469806432724
