precision,accuracy,recall,duration
0.7048979994599156,0.7429467084639498,0.6094823832383883,235.01479816436768
