precision,accuracy,recall,duration
0.9095834253821241,0.904,0.9039999999999999,988.1080093383789
