precision,accuracy,recall,duration
0.9037159372419488,0.9033546325878594,0.9016894537518454,421.798672914505
