precision,accuracy,recall,duration
0.7774633123689728,0.78,0.6545623237644862,335.7874755859375
