precision,accuracy,recall,duration
0.8142988128282248,0.7979539641943734,0.8065637065637066,325.54616022109985
