precision,accuracy,recall,duration
0.845899084356127,0.8457142857142858,0.8535229240725549,197.1996569633484
