precision,accuracy,recall,duration
0.8680226004229801,0.8589743589743589,0.8596541006280383,359.42402839660645
