precision,accuracy,recall,duration
0.6687779433681073,0.6666666666666666,0.6644880174291938,203.2606725692749
