precision,accuracy,recall,duration
0.9271703342502292,0.9173553719008265,0.8938107785933873,165.04066681861877
