precision,accuracy,recall,duration
0.6168841287392367,0.6171717171717171,0.6171717171717171,309.27565360069275
