precision,accuracy,recall,duration
0.8615705931495405,0.8493150684931506,0.8530671917889964,198.80553555488586
