precision,accuracy,recall,duration
0.6385660838477437,0.7575,0.6396766540226456,56.637535095214844
