precision,accuracy,recall,duration
0.6310663728031313,0.7450549450549451,0.6111394999565278,443.24735403060913
