precision,accuracy,recall,duration
0.9224867724867725,0.9209621993127147,0.8925333187677518,224.62629389762878
