precision,accuracy,recall,duration
0.9046848013205355,0.9036850921273032,0.9041225799161466,902.9034383296967
