precision,accuracy,recall,duration
0.8392857142857142,0.7,0.5638888888888889,98.15768504142761
