precision,accuracy,recall,duration
0.8226875661086187,0.8081841432225064,0.814532577032577,413.925420999527
