precision,accuracy,recall,duration
0.7553559651956112,0.7573333333333333,0.7573333333333334,1285.9628744125366
