precision,accuracy,recall,duration
0.5079600645167104,0.7775,0.5168194167891769,628.3587205410004
