precision,accuracy,recall,duration
0.8982726423902895,0.896,0.896,386.07134675979614
