precision,accuracy,recall,duration
0.9682562877062143,0.9580487804878048,0.9344358771990706,226.33035707473755
