precision,accuracy,recall,duration
0.8455667789001122,0.84,0.8501503964998633,385.43813467025757
