precision,accuracy,recall,duration
0.8534165928432448,0.8589743589743589,0.8527871133054222,856.4601681232452
