precision,accuracy,recall,duration
0.9644829633432551,0.9634146341463414,0.9429093629712397,282.64925026893616
