precision,accuracy,recall,duration
0.7788342510778162,0.765,0.6155821845742991,201.8714075088501
