precision,accuracy,recall,duration
0.7083333333333333,0.6851851851851852,0.6851851851851851,292.00368452072144
