precision,accuracy,recall,duration
0.2286748596809932,0.32858649789029537,0.1936345285345561,144.06436467170715
