precision,accuracy,recall,duration
0.792209611881743,0.8066666666666666,0.7982267982267982,195.63059210777283
