precision,accuracy,recall,duration
0.8413201189579338,0.8520833333333333,0.8232523139907104,319.3597369194031
