precision,accuracy,recall,duration
0.8338226719973347,0.8228571428571428,0.8400328137817884,506.9973976612091
