precision,accuracy,recall,duration
0.9557996516717016,0.9556097560975609,0.9227370230627192,354.5621416568756
