precision,accuracy,recall,duration
0.625,0.8333333333333334,0.7291666666666666,144.16537356376648
