precision,accuracy,recall,duration
0.8423150202561968,0.8286445012787724,0.8371304746304746,471.3252122402191
