precision,accuracy,recall,duration
0.854772145290721,0.8487179487179487,0.855023562778955,778.2095692157745
