precision,accuracy,recall,duration
0.9734228279591887,0.9728643216080402,0.9729367276668949,507.46134996414185
