precision,accuracy,recall,duration
0.6445698306633525,0.9351111111111111,0.5729333123823664,867.3745782375336
