precision,accuracy,recall,duration
0.9866642958748222,0.9866666666666667,0.9866642958748222,505.6164288520813
