precision,accuracy,recall,duration
0.9790731459143096,0.9788732394366197,0.9587450791585078,384.2700972557068
