precision,accuracy,recall,duration
0.8625494904351246,0.8671875,0.8347871081470694,325.8303966522217
