precision,accuracy,recall,duration
0.7711538461538461,0.7523809523809524,0.7559912854030502,160.76740264892578
