precision,accuracy,recall,duration
0.7020202020202021,0.6,0.6,83.77676224708557
