precision,accuracy,recall,duration
0.9375755452289362,0.9372937293729373,0.937044100552165,558.4551448822021
