precision,accuracy,recall,duration
0.9616706939428413,0.9653658536585366,0.9531055571307085,255.16673946380615
