precision,accuracy,recall,duration
0.8824635777406258,0.8865979381443299,0.8498743718592965,405.50462198257446
