precision,accuracy,recall,duration
0.9439345555778865,0.9421487603305785,0.9379791705878663,175.65207624435425
