precision,accuracy,recall,duration
0.6629962209045968,0.6816236545195176,0.5927812380948855,2135.418850183487
