precision,accuracy,recall,duration
0.6436558664219049,0.7575,0.6138174998934492,70.84073686599731
