precision,accuracy,recall,duration
0.8500489168413697,0.8342857142857143,0.8482362592288761,248.55251502990723
