precision,accuracy,recall,duration
0.958416935362124,0.953170731707317,0.9276707385422237,274.3008723258972
