precision,accuracy,recall,duration
0.9612040626629486,0.9611273080660836,0.9611099777868444,407.4389297962189
