precision,accuracy,recall,duration
0.8961476943607045,0.896,0.894655516001199,643.028443813324
