precision,accuracy,recall,duration
0.928162335907412,0.9276677667766776,0.927317640220866,1623.0677409172058
