precision,accuracy,recall,duration
0.6651805278116645,0.7413793103448276,0.6116280858004195,333.2700436115265
