precision,accuracy,recall,duration
0.8638786976946197,0.8697916666666666,0.8358059875411211,541.8577816486359
