precision,accuracy,recall,duration
0.92739121989122,0.9166666666666666,0.9166666666666666,1156.775223016739
