precision,accuracy,recall,duration
0.9526320381247113,0.9504,0.9514567673263326,836.5663404464722
