precision,accuracy,recall,duration
0.6740249978724193,0.9377777777777778,0.5894109877619818,377.4574751853943
