precision,accuracy,recall,duration
0.9191517279017278,0.915,0.9149999999999999,585.3249497413635
