precision,accuracy,recall,duration
0.7747252747252746,0.75,0.75,385.8736181259155
