precision,accuracy,recall,duration
0.9684630011239794,0.9757163671685284,0.9602569881279086,2785.7848150730133
