precision,accuracy,recall,duration
0.6468253968253967,0.65625,0.6497975708502024,446.03733563423157
