precision,accuracy,recall,duration
0.9503385405087619,0.9502915856706471,0.9501825769431403,776.1348578929901
