precision,accuracy,recall,duration
0.8956921008607407,0.8963333333333333,0.8960182278625772,146.14876914024353
