precision,accuracy,recall,duration
0.8080788681902566,0.808,0.808,444.5797667503357
