precision,accuracy,recall,duration
0.9392367104766646,0.9391835601221883,0.9390534087717186,2425.510927915573
