precision,accuracy,recall,duration
0.6226078015962092,0.735,0.6124216852064953,146.18241095542908
