precision,accuracy,recall,duration
0.9599335883701208,0.96,0.9612251470636564,790.4564518928528
