precision,accuracy,recall,duration
0.6086121632996633,0.72,0.588863316711418,366.22292923927307
