precision,accuracy,recall,duration
0.8571428571428572,0.8,0.8,66.13312792778015
