precision,accuracy,recall,duration
0.9702479338842975,0.9683933274802459,0.968421052631579,445.28999972343445
