precision,accuracy,recall,duration
0.7533477535244867,0.7631578947368421,0.7287634339850947,359.1041774749756
