precision,accuracy,recall,duration
0.7916666666666667,0.7,0.7,520.9563341140747
