precision,accuracy,recall,duration
0.9658439528163343,0.964110929853181,0.9558561064367337,384.7388548851013
