precision,accuracy,recall,duration
0.9599090763295395,0.9569296375266525,0.9571385536182192,189.70567274093628
