precision,accuracy,recall,duration
0.8043739640378297,0.7945205479452054,0.8167919799498746,445.61267256736755
