precision,accuracy,recall,duration
0.8427242321458862,0.8333333333333334,0.827441142030425,305.9932339191437
