precision,accuracy,recall,duration
0.5899680403760755,0.72,0.5794179488272315,275.4559087753296
