precision,accuracy,recall,duration
0.8758120632876469,0.8749302065884981,0.8751180769488807,383.79092669487
