precision,accuracy,recall,duration
0.9579971261191556,0.9411764705882353,0.9226305609284333,600.3775153160095
