precision,accuracy,recall,duration
0.8961088658243485,0.899,0.8832028611510417,1258.6288676261902
