precision,accuracy,recall,duration
0.7018430095648612,0.9355555555555556,0.5638162276561377,629.0225026607513
