precision,accuracy,recall,duration
0.826048951048951,0.8275058275058275,0.8054365751981309,511.1266553401947
