precision,accuracy,recall,duration
0.7356258292790799,0.8341463414634146,0.7478342245989306,278.0882251262665
