precision,accuracy,recall,duration
0.9650261807796054,0.9650145772594753,0.9650086132644272,149.833655834198
