precision,accuracy,recall,duration
0.8681310624859012,0.8519134775374376,0.8688216150247474,381.0924847126007
