precision,accuracy,recall,duration
0.6464192983129324,0.6574585635359116,0.6093631529012284,88.45909476280212
