precision,accuracy,recall,duration
0.6463216752641572,0.7335423197492164,0.5936279015161794,164.97993803024292
