precision,accuracy,recall,duration
0.9614450101863934,0.9629268292682926,0.9470881296761358,266.0363702774048
