precision,accuracy,recall,duration
0.9256572594072594,0.9183333333333333,0.9183333333333333,1104.4832575321198
