precision,accuracy,recall,duration
0.8052154195011337,0.7808219178082192,0.800501253132832,197.0951850414276
