precision,accuracy,recall,duration
0.8842644424540976,0.8969072164948454,0.8749453790692594,708.1128032207489
