precision,accuracy,recall,duration
0.699528277780709,0.9402222222222222,0.5746606508118909,307.2053463459015
