precision,accuracy,recall,duration
0.7712649149403351,0.7723684210526316,0.7306200529491409,264.79935812950134
