precision,accuracy,recall,duration
0.583910087096761,0.7075,0.5796282089531034,208.83221793174744
