precision,accuracy,recall,duration
0.8759555422966226,0.7958579881656804,0.9038827287478629,567.2615749835968
