precision,accuracy,recall,duration
0.6147225935828877,0.72,0.580326471465712,144.5746500492096
