precision,accuracy,recall,duration
0.832322412541113,0.8333333333333334,0.8118557881716982,1561.9883279800415
