precision,accuracy,recall,duration
0.5039241622574956,0.7575,0.4912925893522679,79.80284357070923
