precision,accuracy,recall,duration
0.7558441854259813,0.7775,0.6809518343797466,337.65016889572144
