precision,accuracy,recall,duration
0.7262573653944622,0.8241758241758241,0.7097359915626168,1000.6124217510223
