precision,accuracy,recall,duration
0.951430527973672,0.940724946695096,0.9410445736721519,288.03158926963806
