precision,accuracy,recall,duration
0.7447339111907414,0.7666666666666667,0.7457693055825715,277.13238859176636
