precision,accuracy,recall,duration
0.9086966900889494,0.904,0.9039999999999999,718.146238565445
