precision,accuracy,recall,duration
0.8610613449688785,0.8713541666666667,0.8393464621454281,994.2229745388031
