precision,accuracy,recall,duration
0.9716161734875022,0.977294803302574,0.9614560875037288,805.980991601944
