precision,accuracy,recall,duration
0.9830220713073006,0.9824407374890255,0.9824561403508771,385.7718734741211
