precision,accuracy,recall,duration
0.9415584415584416,0.9333333333333333,0.9291497975708501,513.3442177772522
