precision,accuracy,recall,duration
0.8406272401433692,0.8438228438228438,0.8265209125475286,1968.765667438507
