precision,accuracy,recall,duration
0.8026881720430108,0.8032786885245902,0.8046536796536796,508.0285427570343
