precision,accuracy,recall,duration
0.8505434782608696,0.8169717138103162,0.8396501457725947,138.03552508354187
