precision,accuracy,recall,duration
0.765224358974359,0.77,0.783998283998284,193.87526082992554
