precision,accuracy,recall,duration
0.7853536866291672,0.7753623188405797,0.7748327636601116,504.5174882411957
