precision,accuracy,recall,duration
0.8363048913452139,0.8282051282051283,0.8316314518306723,377.6238639354706
