precision,accuracy,recall,duration
0.7525819488100584,0.752,0.752,1266.4657609462738
