precision,accuracy,recall,duration
0.50231681298158,0.47454545454545455,0.4899213572766063,408.09055972099304
