precision,accuracy,recall,duration
0.8428309026149563,0.853125,0.8238053198341041,321.68502259254456
