precision,accuracy,recall,duration
0.8130279056749646,0.8056265984654731,0.8174441174441174,181.18447923660278
