precision,accuracy,recall,duration
0.8464285714285714,0.8,0.7138888888888889,109.32460570335388
