precision,accuracy,recall,duration
0.8006927962024504,0.8,0.8,1133.935010433197
