precision,accuracy,recall,duration
0.8885542168674698,0.8768718801996672,0.892128279883382,350.34090924263
