precision,accuracy,recall,duration
0.6160714285714285,0.735,0.5996164173379364,130.30580496788025
