precision,accuracy,recall,duration
0.8464181286549708,0.8461538461538461,0.8256447844610381,860.1866700649261
