precision,accuracy,recall,duration
0.6812462622250094,0.9388888888888889,0.5815223905055743,345.828510761261
