precision,accuracy,recall,duration
0.8295125670125669,0.8286445012787724,0.8298449673449673,1226.8860058784485
