precision,accuracy,recall,duration
0.9252314814814815,0.9256198347107438,0.898124098124098,310.54599261283875
