precision,accuracy,recall,duration
0.8754578754578755,0.8666666666666667,0.8610468478889532,266.7522461414337
