precision,accuracy,recall,duration
0.6714334344789782,0.7241379310344828,0.5907795349704446,549.2604870796204
