precision,accuracy,recall,duration
0.4689889761550084,0.7525,0.48494752219141374,170.0500853061676
