precision,accuracy,recall,duration
0.409864940128098,0.6140350877192983,0.39973740067222324,389.0832109451294
