precision,accuracy,recall,duration
0.6668070138658374,0.6519337016574586,0.6560713572355937,121.44590640068054
