precision,accuracy,recall,duration
0.9055450799200798,0.8983333333333333,0.8983333333333334,1405.7991743087769
