precision,accuracy,recall,duration
0.944815233436479,0.9447375728964177,0.9445969262870672,2087.986249446869
