precision,accuracy,recall,duration
0.9312128032614828,0.9306930693069307,0.9303382011043302,263.8425133228302
