precision,accuracy,recall,duration
0.6136143462870036,0.6132596685082873,0.6230024717866772,89.54468560218811
