precision,accuracy,recall,duration
0.95,0.9248366013071896,0.8749194068343005,264.28759145736694
