precision,accuracy,recall,duration
0.7779150197628458,0.7777777777777778,0.7777777777777778,209.72020387649536
