precision,accuracy,recall,duration
0.8938593442243077,0.891,0.8679705225237708,925.0150442123413
