precision,accuracy,recall,duration
0.9722805284603038,0.9722222222222222,0.9722222222222222,537.250803232193
