precision,accuracy,recall,duration
0.7933566433566434,0.7666666666666667,0.6638888888888889,466.38691091537476
