precision,accuracy,recall,duration
0.8823529411764706,0.8666666666666667,0.8731925968768074,557.4106602668762
