precision,accuracy,recall,duration
0.8336425479282622,0.821917808219178,0.83859649122807,122.50740766525269
