precision,accuracy,recall,duration
0.9445672142043531,0.9444598722577062,0.9442979816219252,1823.2331614494324
