precision,accuracy,recall,duration
0.8260957792207794,0.8228571428571428,0.8327408622732659,203.72898364067078
