precision,accuracy,recall,duration
0.5572916666666666,0.6,0.5347222222222222,144.16517972946167
