precision,accuracy,recall,duration
0.771831955922865,0.7679558011049724,0.7473057644110276,285.0829677581787
