precision,accuracy,recall,duration
0.969047619047619,0.9575163398692811,0.9555931656995487,464.72207713127136
