precision,accuracy,recall,duration
0.939883959802343,0.944386149003148,0.9429829466032988,82.25573134422302
