precision,accuracy,recall,duration
0.8384503131712134,0.8427083333333333,0.8020303768360245,189.2429609298706
