precision,accuracy,recall,duration
0.8242697045328624,0.8388746803069054,0.8414316914316913,164.37781262397766
