precision,accuracy,recall,duration
0.8350120371114952,0.8384615384615385,0.8320515148877017,1231.6947674751282
