precision,accuracy,recall,duration
0.9229107868342754,0.9221672167216721,0.9217251525719268,778.8966760635376
