precision,accuracy,recall,duration
0.6112266112266113,0.8012422360248447,0.5559038662486939,416.12534165382385
