precision,accuracy,recall,duration
0.9821263482280431,0.9824561403508771,0.9828703703703703,203.08008122444153
