precision,accuracy,recall,duration
0.9324811573512801,0.9321608040201005,0.9323012664967372,1568.8233284950256
