precision,accuracy,recall,duration
0.9674389593383116,0.9747450218552696,0.958278927266503,690.1921970844269
