precision,accuracy,recall,duration
0.8558317310832435,0.8543478260869565,0.8543391086411681,206.52883076667786
