precision,accuracy,recall,duration
0.8302243271458764,0.8285714285714286,0.837571780147662,263.8947904109955
