precision,accuracy,recall,duration
0.9451607216313099,0.9248366013071896,0.8749194068343005,204.17518138885498
