precision,accuracy,recall,duration
0.6126493630356292,0.7375,0.6069712597138758,92.63359832763672
