precision,accuracy,recall,duration
0.9552206387071983,0.9575609756097561,0.9379774967769903,450.8395264148712
