precision,accuracy,recall,duration
0.77674109229497,0.7916666666666666,0.7751680251680251,373.2287449836731
