precision,accuracy,recall,duration
0.8916047972587093,0.9003436426116839,0.8745357220887044,675.5919647216797
