precision,accuracy,recall,duration
0.796474358974359,0.796,0.796,563.2247869968414
