precision,accuracy,recall,duration
0.7862137102903176,0.8634146341463415,0.7859269162210339,717.6709470748901
