precision,accuracy,recall,duration
0.9611387316866769,0.9611273080660836,0.9611213110295118,117.58317255973816
