precision,accuracy,recall,duration
0.8525432570312016,0.8342857142857143,0.8540698204356941,264.22863960266113
