precision,accuracy,recall,duration
0.8743743743743745,0.872,0.872,508.78516268730164
