precision,accuracy,recall,duration
0.6040069155159994,0.6132596685082873,0.5921030909817238,407.6107642650604
