precision,accuracy,recall,duration
0.9057478126608337,0.904,0.904,386.18065643310547
