precision,accuracy,recall,duration
0.6431063305283159,0.6353591160220995,0.6207850044941576,665.9154360294342
