precision,accuracy,recall,duration
0.7788369295595462,0.7692307692307693,0.771912365219369,139.51615810394287
