precision,accuracy,recall,duration
0.8340391215391215,0.8260869565217391,0.8344147969147969,1210.0725202560425
