precision,accuracy,recall,duration
0.7014717657837508,0.7758241758241758,0.6367696146474785,429.184317111969
