precision,accuracy,recall,duration
0.8080302815570672,0.8197368421052632,0.7845163483366911,457.3901090621948
