precision,accuracy,recall,duration
0.8342408111533587,0.8,0.663388542635125,121.84325909614563
