precision,accuracy,recall,duration
0.7125523816385096,0.7625,0.6286460903932755,471.2182900905609
