precision,accuracy,recall,duration
0.581140350877193,0.8012422360248447,0.5289968652037618,273.03715801239014
