precision,accuracy,recall,duration
0.7654417155425219,0.78,0.7761332761332762,465.3818008899689
