precision,accuracy,recall,duration
0.7238575834034202,0.7237569060773481,0.700125313283208,197.02861857414246
