precision,accuracy,recall,duration
0.8584600477531367,0.8564102564102564,0.8568517746464649,504.64708709716797
