precision,accuracy,recall,duration
0.9306798756798756,0.92,0.92,3145.87961435318
