precision,accuracy,recall,duration
0.9170172978027116,0.91,0.8871527777777778,145.72507309913635
