precision,accuracy,recall,duration
0.9558520893404615,0.9552,0.9569716388971047,647.59712266922
