precision,accuracy,recall,duration
0.7607760403739555,0.848780487804878,0.8062032085561497,467.84406757354736
