precision,accuracy,recall,duration
0.9533968142107677,0.952,0.9533795063919287,807.5892071723938
