precision,accuracy,recall,duration
0.6258361919709339,0.6297979797979798,0.6297979797979797,423.0008592605591
