precision,accuracy,recall,duration
0.6269271968205951,0.6277777777777778,0.6277777777777778,206.37450861930847
