precision,accuracy,recall,duration
0.9569696574894934,0.9536,0.9551690821256039,1517.2281470298767
