precision,accuracy,recall,duration
0.7557603636521816,0.7493333333333333,0.7493333333333334,924.8583180904388
