precision,accuracy,recall,duration
0.7767920832436961,0.7916666666666666,0.7971941256564871,298.4612362384796
