precision,accuracy,recall,duration
0.927799601122167,0.915138592750533,0.9159276003992631,505.6348867416382
