precision,accuracy,recall,duration
0.7763153504821005,0.7716666666666666,0.8020569928029566,70.63260507583618
