precision,accuracy,recall,duration
0.6116945427381477,0.6116161616161616,0.6116161616161616,167.1510317325592
