precision,accuracy,recall,duration
0.7143670539619602,0.9393333333333334,0.5795078217136818,356.30201053619385
