precision,accuracy,recall,duration
0.45944887383525446,0.7225,0.48035523987146256,448.07613801956177
