precision,accuracy,recall,duration
0.8573529411764705,0.8333333333333334,0.8333333333333333,288.2365560531616
