precision,accuracy,recall,duration
0.8333516081871346,0.8344988344988346,0.8133618122680837,1659.54949593544
