precision,accuracy,recall,duration
0.9023346595600931,0.896,0.8712915014115242,1107.077390909195
