precision,accuracy,recall,duration
0.9529934816141711,0.9545454545454546,0.9545099676893155,129.89936757087708
