precision,accuracy,recall,duration
0.752889294403893,0.755,0.6169025400870035,343.2175807952881
