precision,accuracy,recall,duration
0.6452635508943421,0.6298342541436464,0.6438503695196245,617.1432824134827
