precision,accuracy,recall,duration
0.8258206255931264,0.8153846153846154,0.8152158041706478,369.7693786621094
