precision,accuracy,recall,duration
0.7078891196022737,0.9391111111111111,0.5937638199205355,267.6837389469147
