precision,accuracy,recall,duration
0.8052390881289964,0.8125,0.6812376372102277,327.4374613761902
