precision,accuracy,recall,duration
0.9771118815826566,0.9758793969849247,0.9754899816815211,128.20601177215576
