precision,accuracy,recall,duration
0.7004169173094663,0.9393333333333334,0.5655239785036521,656.4444589614868
