precision,accuracy,recall,duration
0.8259867803985452,0.8158567774936062,0.8183518433518433,665.2198302745819
