precision,accuracy,recall,duration
0.8970747562296858,0.8969072164948454,0.8603342800961329,253.62581706047058
