precision,accuracy,recall,duration
0.9722702640378186,0.9628099173553719,0.9528169897735116,165.26852297782898
