precision,accuracy,recall,duration
0.9094185689524382,0.9066666666666666,0.9066666666666666,566.1344213485718
