precision,accuracy,recall,duration
0.9019227958622855,0.9003333333333333,0.8980311371061012,431.4078392982483
