precision,accuracy,recall,duration
0.828139139436446,0.8114285714285714,0.8245374168261782,61.05641555786133
