precision,accuracy,recall,duration
0.6912234198028764,0.7335423197492164,0.5835542241348797,329.2602035999298
