precision,accuracy,recall,duration
0.3831571575479198,0.6165413533834586,0.39703637728041036,70.5656418800354
