precision,accuracy,recall,duration
0.9640984176402134,0.9640427599611273,0.9640282877736978,236.52169179916382
