precision,accuracy,recall,duration
0.8612165042099011,0.8457142857142858,0.8637316561844864,70.56224536895752
