precision,accuracy,recall,duration
0.9358286158286158,0.9233333333333333,0.9233333333333333,463.25569009780884
