precision,accuracy,recall,duration
0.5377968030141943,0.5324675324675324,0.5301419662354505,867.281920671463
