precision,accuracy,recall,duration
0.6998953287905796,0.9424444444444444,0.5697497406839902,263.96352529525757
