precision,accuracy,recall,duration
0.9004059836380389,0.899,0.8967865820345393,358.5222098827362
