precision,accuracy,recall,duration
0.9699302522405429,0.9698736637512148,0.9698592411260709,79.1612241268158
