precision,accuracy,recall,duration
0.8911630526612222,0.89,0.8878122499777759,481.64364194869995
