precision,accuracy,recall,duration
0.965400081859709,0.9657142857142857,0.9666474740366365,505.44197845458984
