precision,accuracy,recall,duration
0.7651031138115656,0.7802631578947369,0.7589437572449185,633.1151230335236
