precision,accuracy,recall,duration
0.9559669906437647,0.9513859275053305,0.9517935685147031,144.68666815757751
