precision,accuracy,recall,duration
0.6156263736263736,0.6243093922651933,0.6098887196644363,388.2369153499603
