precision,accuracy,recall,duration
0.575337422639537,0.5551948051948052,0.5526584603283988,599.9916107654572
