precision,accuracy,recall,duration
0.8551140543224353,0.8567708333333334,0.818715881404886,306.88671255111694
