precision,accuracy,recall,duration
0.8567284303104885,0.8435897435897436,0.852320836777559,488.64134788513184
