precision,accuracy,recall,duration
0.6601829568230287,0.9357777777777778,0.5892293486555857,507.7156114578247
