precision,accuracy,recall,duration
0.8815643079254453,0.7656804733727811,0.8859012031446832,211.29524731636047
