precision,accuracy,recall,duration
0.8705246933909447,0.865814696485623,0.8610873611913473,568.0881128311157
