precision,accuracy,recall,duration
0.9600322597481971,0.9609756097560975,0.9450339826167671,387.06588912010193
