precision,accuracy,recall,duration
0.926394610575292,0.9262926292629263,0.9261261261261262,1775.914034128189
