precision,accuracy,recall,duration
0.632038827253717,0.6348484848484849,0.6348484848484848,526.5857975482941
