precision,accuracy,recall,duration
0.7851680483259431,0.784,0.784,624.2388603687286
