precision,accuracy,recall,duration
0.9206067461949814,0.9116666666666666,0.9116666666666668,731.0754058361053
