precision,accuracy,recall,duration
0.8467604788595333,0.8384057971014492,0.8384415712454754,265.6168417930603
