precision,accuracy,recall,duration
0.6507393656533679,0.755,0.6226278253704414,83.36737990379333
