precision,accuracy,recall,duration
0.9727033244932821,0.976930548810102,0.9594665255777474,1186.0923011302948
