precision,accuracy,recall,duration
0.9651460724567672,0.9594882729211087,0.9595717719535141,963.2158360481262
