precision,accuracy,recall,duration
0.8970354808590102,0.8966942148760331,0.8768262987012988,677.3929455280304
