precision,accuracy,recall,duration
0.9669562585392012,0.968780487804878,0.9537327061339277,156.64362502098083
