precision,accuracy,recall,duration
0.9734836975575551,0.9738988580750407,0.9695547365737199,385.64887142181396
