precision,accuracy,recall,duration
0.8486920061981588,0.84,0.8501503964998633,85.7587342262268
