precision,accuracy,recall,duration
0.9242766551603769,0.9240924092409241,0.9238738738738739,563.6461679935455
