precision,accuracy,recall,duration
0.9698126430888854,0.9688442211055276,0.9686079226615032,264.1045801639557
