precision,accuracy,recall,duration
0.830830455095161,0.8312020460358056,0.8343007218007218,887.7094070911407
