precision,accuracy,recall,duration
0.8435822866552288,0.8497395833333333,0.8113678514133064,179.4568328857422
