precision,accuracy,recall,duration
0.9663934426229508,0.9640035118525022,0.9640350877192982,507.0548484325409
