precision,accuracy,recall,duration
0.9012252361768059,0.8993610223642172,0.8966018358046087,181.51599836349487
