precision,accuracy,recall,duration
0.8068080195837548,0.8153846153846154,0.806378419108115,200.63414573669434
