precision,accuracy,recall,duration
0.8150656814449918,0.8028985507246377,0.8032435792231243,1018.1805160045624
