precision,accuracy,recall,duration
0.784268372886268,0.7916666666666666,0.8100320949231667,160.38330745697021
