precision,accuracy,recall,duration
0.7433574879227054,0.7238095238095238,0.7194989106753813,203.20497012138367
