precision,accuracy,recall,duration
0.4864354501963387,0.44545454545454544,0.4669172879734382,444.19906067848206
