precision,accuracy,recall,duration
0.9089026915113871,0.9,0.9,113.82058119773865
