precision,accuracy,recall,duration
0.777872624725994,0.7736842105263158,0.7327298956898411,264.915647983551
