precision,accuracy,recall,duration
0.9611504197768357,0.9658536585365853,0.9508231609700479,613.5279531478882
