precision,accuracy,recall,duration
0.8879663313625578,0.8826666666666667,0.8826666666666667,204.21528029441833
