precision,accuracy,recall,duration
0.8674864264471855,0.855072463768116,0.8551707722426445,204.79227876663208
