precision,accuracy,recall,duration
0.9939236111111112,0.9938542581211589,0.993859649122807,306.1461102962494
