precision,accuracy,recall,duration
0.798481005546223,0.7902813299232737,0.7996113496113496,205.27863669395447
