precision,accuracy,recall,duration
0.7763133016887084,0.77,0.6853249620268662,86.18214678764343
