precision,accuracy,recall,duration
0.8452380952380952,0.84,0.8020833333333333,52.387826919555664
