precision,accuracy,recall,duration
0.9715711598064539,0.976930548810102,0.9606064698316811,2087.4456417560577
