precision,accuracy,recall,duration
0.8367399174771952,0.8356643356643356,0.8126460213477484,447.11356258392334
