precision,accuracy,recall,duration
0.9543835534247013,0.9507537688442211,0.9513193415905672,122.95552706718445
