precision,accuracy,recall,duration
0.7916666666666667,0.7333333333333333,0.7333333333333333,459.9331781864166
