precision,accuracy,recall,duration
0.9134641110713124,0.9066666666666666,0.9066666666666666,663.8726696968079
