precision,accuracy,recall,duration
0.9775054612779311,0.9783875667799903,0.9586777030831266,2065.7305450439453
