precision,accuracy,recall,duration
0.9374156154303214,0.9266666666666666,0.9266666666666666,2125.8023200035095
