precision,accuracy,recall,duration
0.9664276346316097,0.9663414634146341,0.9469607349340606,369.3119869232178
