precision,accuracy,recall,duration
0.7693181432882379,0.7816666666666666,0.783962533962534,143.9227364063263
