precision,accuracy,recall,duration
0.7841269841269841,0.7775,0.6957244355681048,461.96565079689026
