precision,accuracy,recall,duration
0.7381952070279698,0.736,0.736,2245.7766852378845
