precision,accuracy,recall,duration
0.8519862875579753,0.8514285714285714,0.86127062255036,204.0841519832611
