precision,accuracy,recall,duration
0.6956278723139983,0.6944444444444444,0.6944444444444444,210.2928876876831
