precision,accuracy,recall,duration
0.516425481339882,0.5194805194805194,0.5208562916713918,263.2005763053894
