precision,accuracy,recall,duration
0.9730534134981903,0.971002132196162,0.9710852070213172,143.3235273361206
