precision,accuracy,recall,duration
0.9794676283723803,0.978894472361809,0.9789648614177539,90.66468119621277
