precision,accuracy,recall,duration
0.8305982905982906,0.8228571428571428,0.8385744234800839,263.92656230926514
