precision,accuracy,recall,duration
0.7916666666666666,0.7592592592592593,0.7592592592592593,239.71957564353943
