precision,accuracy,recall,duration
0.8772667197700239,0.883,0.867078577737751,662.9525771141052
