precision,accuracy,recall,duration
0.8633820976632532,0.8589743589743589,0.860815372072774,716.1439740657806
