precision,accuracy,recall,duration
0.8146465168642588,0.8128205128205128,0.8159278305826961,1525.8986485004425
