precision,accuracy,recall,duration
0.8904403866809882,0.9072164948453608,0.8970941664845968,804.2233519554138
