precision,accuracy,recall,duration
0.8289520713536097,0.8179487179487179,0.8268951266848324,385.88039469718933
