precision,accuracy,recall,duration
0.7975284420131528,0.7920289855072464,0.7922365993362585,686.0407412052155
