precision,accuracy,recall,duration
0.6395641235856621,0.7425,0.6233608944579409,204.6917908191681
