precision,accuracy,recall,duration
0.768821985094851,0.768,0.7680000000000001,523.5327439308167
