precision,accuracy,recall,duration
0.8244348244348245,0.8057142857142857,0.8240816698568955,123.00163197517395
