precision,accuracy,recall,duration
0.8140936981071593,0.8296875,0.7991386479903158,188.45560121536255
