precision,accuracy,recall,duration
0.8314480963629522,0.831002331002331,0.8077328324705666,249.12128067016602
