precision,accuracy,recall,duration
0.7941353836876225,0.81,0.7846236140828633,507.4898488521576
