precision,accuracy,recall,duration
0.8927715341340645,0.8929712460063898,0.8916823929648887,84.36539816856384
