precision,accuracy,recall,duration
0.8809346287874587,0.8760869565217392,0.8762872353910508,344.94733023643494
