precision,accuracy,recall,duration
0.5470789274071582,0.5292207792207793,0.5266333967945196,190.58972144126892
