precision,accuracy,recall,duration
0.8681350347806842,0.8765625,0.8517407774966852,758.4334800243378
