precision,accuracy,recall,duration
0.8367121507472385,0.8114285714285714,0.8303709780329961,70.41700434684753
