precision,accuracy,recall,duration
0.7779411764705882,0.7592592592592593,0.7592592592592593,253.4693238735199
