precision,accuracy,recall,duration
0.9866642958748222,0.9866666666666667,0.9866642958748222,446.04406476020813
