precision,accuracy,recall,duration
0.7251172184995714,0.7391304347826086,0.7387104637104637,144.32840180397034
