precision,accuracy,recall,duration
0.5093501717378482,0.5162337662337663,0.5116232906187939,625.7440104484558
