precision,accuracy,recall,duration
0.9501022258464775,0.9497361843932242,0.9494442438104409,1287.6309928894043
