precision,accuracy,recall,duration
0.7577989365174583,0.7513157894736842,0.7156895675138601,106.43786430358887
