precision,accuracy,recall,duration
0.6454849303449539,0.9335555555555556,0.592901287529349,1603.07887840271
