precision,accuracy,recall,duration
0.7688280087780088,0.7789473684210526,0.7551318534979123,303.5475106239319
