precision,accuracy,recall,duration
0.5473420204567745,0.5422077922077922,0.5398340322787,1164.6015202999115
