precision,accuracy,recall,duration
0.9769810934407207,0.9771428571428571,0.9780670889045273,325.61662316322327
