precision,accuracy,recall,duration
0.4868192616672252,0.43636363636363634,0.45854837019068145,388.02144861221313
