precision,accuracy,recall,duration
0.8281279491607719,0.8179487179487179,0.8228743727801776,296.07573890686035
