precision,accuracy,recall,duration
0.8454845248091215,0.8384615384615385,0.8450986110741504,294.8180146217346
