precision,accuracy,recall,duration
0.9139329805996472,0.9140893470790378,0.8845859733449858,746.5748155117035
