precision,accuracy,recall,duration
0.9251466635928485,0.9246424642464246,0.9242843650101715,911.6851873397827
