precision,accuracy,recall,duration
0.4859197785013361,0.785,0.4978447500480736,462.49486780166626
