precision,accuracy,recall,duration
0.9685762581955125,0.9692682926829268,0.9542527567841654,280.82376766204834
