precision,accuracy,recall,duration
0.7884584548950155,0.781578947368421,0.7533659454219019,624.7548804283142
