precision,accuracy,recall,duration
0.9934640522875817,0.9933333333333333,0.9933333333333335,510.0336117744446
