precision,accuracy,recall,duration
0.8985074626865672,0.9106529209621993,0.8937622897094166,1292.2271766662598
