precision,accuracy,recall,duration
0.761624649859944,0.7671232876712328,0.7738214584079246,189.99944710731506
