precision,accuracy,recall,duration
0.8958636474780636,0.8966666666666666,0.8970463482851183,146.88157534599304
