precision,accuracy,recall,duration
0.7909090909090909,0.7,0.7,168.63839602470398
