precision,accuracy,recall,duration
0.757028412200826,0.722,0.7683887840108072,498.4596383571625
