precision,accuracy,recall,duration
0.8996190903345528,0.8076923076923077,0.9104916976478098,136.33800792694092
