precision,accuracy,recall,duration
0.9405257628427964,0.9402943626770341,0.9400525661089041,1298.0047488212585
