precision,accuracy,recall,duration
0.9482758620689655,0.9215686274509803,0.8820921985815602,196.00124716758728
