precision,accuracy,recall,duration
0.6128737291833266,0.7053291536050157,0.5749987688995108,303.7094211578369
