precision,accuracy,recall,duration
0.853530366030366,0.8439897698209718,0.8463307713307712,509.45035314559937
