precision,accuracy,recall,duration
0.9417867493903207,0.9416828658705915,0.9415192006741302,2185.7622208595276
