precision,accuracy,recall,duration
0.8990384615384616,0.8333333333333334,0.7416666666666666,207.78741025924683
