precision,accuracy,recall,duration
0.6503076062639821,0.8136645962732919,0.5702063740856844,264.8009204864502
