precision,accuracy,recall,duration
0.956696750151749,0.9604878048780487,0.9427200319226874,265.82961320877075
