precision,accuracy,recall,duration
0.866567121002605,0.8615384615384616,0.8619959288619933,1045.8201141357422
