precision,accuracy,recall,duration
0.9172185439832499,0.905,0.9049999999999999,503.3098406791687
