precision,accuracy,recall,duration
0.842065859193141,0.8461538461538461,0.8387458139363099,503.9166057109833
