precision,accuracy,recall,duration
0.6345938120339988,0.7100313479623824,0.5939177592658696,361.4492919445038
