precision,accuracy,recall,duration
0.9130116959064326,0.9,0.9,324.49484944343567
