precision,accuracy,recall,duration
0.9115882959632959,0.9016666666666666,0.9016666666666667,643.1790027618408
