precision,accuracy,recall,duration
0.8642513245487797,0.855072463768116,0.8550947243886112,143.28761768341064
