precision,accuracy,recall,duration
0.8215984284532672,0.8114285714285714,0.8274541974295871,106.5298810005188
