precision,accuracy,recall,duration
0.795800831565956,0.81,0.6994658892217517,82.56692147254944
