precision,accuracy,recall,duration
0.7791600433109868,0.7875,0.6976068317206708,86.55814981460571
