precision,accuracy,recall,duration
0.7887961927697028,0.79,0.675764149535714,148.45540690422058
