precision,accuracy,recall,duration
0.8580447330447329,0.8356164383561644,0.8413116123642439,263.8735234737396
