precision,accuracy,recall,duration
0.7779310344827586,0.7675,0.5889868347049574,320.7515251636505
