precision,accuracy,recall,duration
0.961162698163284,0.96,0.9613953794078017,800.3012895584106
