precision,accuracy,recall,duration
0.9520722536984685,0.9517029592406476,0.9518473267330909,2062.7074704170227
