precision,accuracy,recall,duration
0.6427072434003722,0.7476489028213166,0.6108608707639348,412.86685729026794
