precision,accuracy,recall,duration
0.7714285714285715,0.78,0.7956623225053492,67.09005165100098
