precision,accuracy,recall,duration
0.7913495687468289,0.7875,0.6647559580516434,196.10340476036072
