precision,accuracy,recall,duration
0.9530022307025791,0.9462809917355371,0.930732793776272,244.39183712005615
