precision,accuracy,recall,duration
0.5866573902288188,0.7175,0.5873197516657432,88.68994092941284
