precision,accuracy,recall,duration
0.9292532930032931,0.9183333333333333,0.9183333333333332,2905.414996623993
