precision,accuracy,recall,duration
0.9475765336844556,0.9475145792835323,0.9473897516151037,1020.4940466880798
