precision,accuracy,recall,duration
0.840604478104478,0.8337595907928389,0.8393660393660394,325.8494052886963
