precision,accuracy,recall,duration
0.9792716686259791,0.978894472361809,0.9793405860295051,392.1715610027313
