precision,accuracy,recall,duration
0.8551226551226552,0.821917808219178,0.8258563074352548,84.83208060264587
