precision,accuracy,recall,duration
0.5814876338132152,0.474025974025974,0.472056600399522,503.4217674732208
