precision,accuracy,recall,duration
0.8924692365645405,0.8889776357827476,0.885210860774119,327.2623908519745
