precision,accuracy,recall,duration
0.6553252105577605,0.7241379310344828,0.5979969463060101,445.3779423236847
