precision,accuracy,recall,duration
0.9744381206373802,0.9781447304516756,0.9615848192255786,1885.772275686264
