precision,accuracy,recall,duration
0.8213371361156889,0.824009324009324,0.802584864171515,304.9491591453552
