precision,accuracy,recall,duration
0.7084009965124693,0.9417777777777778,0.5506740454405912,144.50194931030273
