precision,accuracy,recall,duration
0.7996657235116654,0.7947368421052632,0.7690537911794408,444.5653600692749
