precision,accuracy,recall,duration
0.813766891891892,0.7828571428571428,0.8091331692644245,140.03468680381775
