precision,accuracy,recall,duration
0.98,0.98,0.9800853485064012,221.79595375061035
