precision,accuracy,recall,duration
0.7266666666666666,0.7266666666666667,0.7480062244699475,679.992094039917
