precision,accuracy,recall,duration
0.9457847948655524,0.9452819653824679,0.9454640101667648,2547.385546207428
