precision,accuracy,recall,duration
0.8938031784288349,0.894,0.892979878501763,309.34201073646545
