precision,accuracy,recall,duration
0.7380204241948154,0.7238095238095238,0.7200435729847494,384.3992688655853
