precision,accuracy,recall,duration
0.907329076500351,0.9041533546325878,0.9007946594775018,264.42988657951355
