precision,accuracy,recall,duration
0.7598133899074337,0.795,0.6754641904740041,192.6794981956482
