precision,accuracy,recall,duration
0.5740909090909091,0.7950310559006211,0.531935736677116,98.66577219963074
