precision,accuracy,recall,duration
0.9440578865578865,0.9266666666666666,0.9266666666666666,2004.6699969768524
