precision,accuracy,recall,duration
0.5263878516305701,0.7981366459627329,0.5069226750261233,109.10490345954895
