precision,accuracy,recall,duration
0.13267774128120904,0.18727272727272729,0.18483247655889,223.72082543373108
