precision,accuracy,recall,duration
0.678733550440447,0.7272727272727273,0.5907356257552158,145.8725962638855
