precision,accuracy,recall,duration
0.906866075609224,0.9013333333333333,0.9013333333333332,808.1014697551727
