precision,accuracy,recall,duration
0.9599404322939894,0.9584,0.9586350272996236,266.0573308467865
