precision,accuracy,recall,duration
0.9615584477202581,0.9648780487804878,0.9453586040113148,161.76864099502563
