precision,accuracy,recall,duration
0.906320483732159,0.9066666666666666,0.9059981211060191,596.8398945331573
