precision,accuracy,recall,duration
0.3707660828223864,0.5839598997493735,0.36624923500611994,226.79719400405884
