precision,accuracy,recall,duration
0.8828578797461257,0.870216306156406,0.8858171175446923,359.47933554649353
