precision,accuracy,recall,duration
0.8945203225275629,0.8913738019169329,0.8878105141536684,363.4303514957428
