precision,accuracy,recall,duration
0.8353969041469043,0.8435897435897436,0.8345434152391089,453.3110830783844
