precision,accuracy,recall,duration
0.9582994592668648,0.9551219512195122,0.9323725731233301,165.68091440200806
