precision,accuracy,recall,duration
0.8372234247234248,0.8358974358974359,0.8358535850551081,220.44333410263062
