precision,accuracy,recall,duration
0.6535688171678141,0.6957593048891194,0.6159679197073953,1359.907366991043
