precision,accuracy,recall,duration
0.6630213903743315,0.6685082872928176,0.6563809547588135,117.72645139694214
