precision,accuracy,recall,duration
0.771691922092532,0.7828947368421053,0.7564557547316602,336.7972071170807
