precision,accuracy,recall,duration
0.6295487121574078,0.6298342541436464,0.5893167132727454,88.97900104522705
