precision,accuracy,recall,duration
0.8125,0.7666666666666667,0.7083333333333333,207.64305567741394
