precision,accuracy,recall,duration
0.8847287522128647,0.8017751479289941,0.9058951763422085,650.3842644691467
