precision,accuracy,recall,duration
0.8027777777777778,0.7333333333333333,0.7333333333333334,204.00295495986938
