precision,accuracy,recall,duration
0.8904699201702672,0.8005917159763314,0.9046580526738212,386.30115485191345
