precision,accuracy,recall,duration
0.7889060092449922,0.788,0.788,512.6154093742371
