precision,accuracy,recall,duration
0.7615384615384616,0.8,0.736111111111111,484.5836088657379
