precision,accuracy,recall,duration
0.8121593291404612,0.8205128205128205,0.8069540519492417,240.48046922683716
