precision,accuracy,recall,duration
0.9259565893795974,0.9254675467546755,0.9251162452775357,1771.9395542144775
