precision,accuracy,recall,duration
0.8936545240893068,0.8722222222222222,0.8722222222222222,371.830890417099
