precision,accuracy,recall,duration
0.8999999999999999,0.87,0.8255208333333333,203.50695657730103
