precision,accuracy,recall,duration
0.9829725882876214,0.9829145728643216,0.9832378521106461,207.10815334320068
