precision,accuracy,recall,duration
0.8366272036748493,0.8282051282051283,0.8336549136247603,398.6519157886505
