precision,accuracy,recall,duration
0.9966996699669967,0.9966666666666667,0.9966887417218543,130.6391716003418
