precision,accuracy,recall,duration
0.955595937004939,0.9580272822665268,0.955595937004939,177.1746277809143
