precision,accuracy,recall,duration
0.9085969723224626,0.8986666666666666,0.8986666666666666,748.172031879425
