precision,accuracy,recall,duration
0.8418314418314419,0.8184143222506394,0.8237882612882612,1220.790952205658
