precision,accuracy,recall,duration
0.802206519389182,0.80306905370844,0.8046026796026796,894.5793881416321
