precision,accuracy,recall,duration
0.8546907838567797,0.8512820512820513,0.8576420224909014,559.9607307910919
