precision,accuracy,recall,duration
0.816080916714679,0.816,0.8160000000000001,395.2551226615906
