precision,accuracy,recall,duration
0.6697725988700565,0.9371111111111111,0.5848823072728788,666.3399271965027
