precision,accuracy,recall,duration
0.9320254417556496,0.9132231404958677,0.8815389924085576,664.5871481895447
