precision,accuracy,recall,duration
0.8937543412827044,0.8940188877229801,0.8803466592116298,439.36358404159546
