precision,accuracy,recall,duration
0.8463205780037464,0.8496503496503497,0.8334955792752761,3880.1334393024445
