precision,accuracy,recall,duration
0.8926614345242627,0.8881789137380192,0.8839668784902754,229.82044553756714
