precision,accuracy,recall,duration
0.8531278727095156,0.8487179487179487,0.8532588895459406,427.4703390598297
