precision,accuracy,recall,duration
0.8936479773364718,0.894,0.8931710736096699,238.50270056724548
