precision,accuracy,recall,duration
0.9777542211473155,0.9788732394366197,0.9600236161433265,1165.7368540763855
