precision,accuracy,recall,duration
0.6868091378039793,0.6857142857142857,0.6840958605664488,288.4101917743683
