precision,accuracy,recall,duration
0.8659987440658682,0.8692708333333333,0.8365308651197519,1372.8176865577698
