precision,accuracy,recall,duration
0.8166816009557945,0.8025,0.6792523214306211,274.9812853336334
