precision,accuracy,recall,duration
0.6365826538176427,0.8012422360248447,0.5962643678160919,527.1872112751007
