precision,accuracy,recall,duration
0.8935238117671787,0.891,0.8880764834037733,285.34414052963257
