precision,accuracy,recall,duration
0.7905570926977655,0.82,0.7162238061897165,186.53799200057983
