precision,accuracy,recall,duration
0.8142857142857143,0.7945205479452054,0.8187552213868002,567.5547280311584
