precision,accuracy,recall,duration
0.7713804713804714,0.7833333333333333,0.7939603190040848,162.39030814170837
