precision,accuracy,recall,duration
0.8883170819790538,0.8900343642611683,0.8523869346733668,413.223539352417
