precision,accuracy,recall,duration
0.6832651266694971,0.9362222222222222,0.5596283424098935,638.330563545227
