precision,accuracy,recall,duration
0.8818534067219828,0.88,0.88,144.2256374359131
