precision,accuracy,recall,duration
0.6436319874250909,0.7425,0.6406832033414313,145.8344328403473
