precision,accuracy,recall,duration
0.9125696381287026,0.7934911242603551,0.902224719602129,349.80933904647827
