precision,accuracy,recall,duration
0.5036875351785838,0.5097402597402597,0.5079041616144875,444.4740219116211
