precision,accuracy,recall,duration
0.6680821042345632,0.7670329670329671,0.6264420559316844,323.2485692501068
