precision,accuracy,recall,duration
0.8491979767462267,0.8512820512820513,0.8464823999500256,135.84083366394043
