precision,accuracy,recall,duration
0.8407894736842105,0.8625429553264605,0.8819641686694342,232.73920273780823
