precision,accuracy,recall,duration
0.8381774938081481,0.8282051282051283,0.8369527985086668,123.91492009162903
