precision,accuracy,recall,duration
0.8183333333333334,0.8,0.8,110.81180167198181
