precision,accuracy,recall,duration
0.7671084243974269,0.824390243902439,0.709982174688057,240.7748727798462
