precision,accuracy,recall,duration
0.7096518053455952,0.9397777777777778,0.5948932887312335,205.28343677520752
