precision,accuracy,recall,duration
0.8445447540867819,0.8487179487179487,0.840998441244818,1249.6753690242767
