precision,accuracy,recall,duration
0.9580679978413384,0.9411764705882353,0.9127981947130883,325.48695611953735
