precision,accuracy,recall,duration
0.7148865121649453,0.9382222222222222,0.5760100234253093,568.8223583698273
