precision,accuracy,recall,duration
0.8827623512441399,0.875,0.8446760421898544,2245.183175086975
