precision,accuracy,recall,duration
0.7966783729193556,0.7960526315789473,0.769008644794141,322.95516300201416
