precision,accuracy,recall,duration
0.9955847953216374,0.9955555555555555,0.9955555555555556,263.71439838409424
