precision,accuracy,recall,duration
0.9735326959313281,0.9728643216080402,0.9729047698001465,522.7253930568695
