precision,accuracy,recall,duration
0.890625,0.7666666666666667,0.6416666666666666,163.6219825744629
