precision,accuracy,recall,duration
0.8380715625875371,0.8369565217391305,0.8367169068782574,420.3188533782959
