precision,accuracy,recall,duration
0.6083333333333334,0.625,0.6052631578947368,404.77188181877136
