precision,accuracy,recall,duration
0.9643404498611917,0.968780487804878,0.954287053714611,457.79281759262085
