precision,accuracy,recall,duration
0.9253685203685202,0.9133333333333333,0.9133333333333334,503.2477927207947
