precision,accuracy,recall,duration
0.8207323072598215,0.8057142857142857,0.8240816698568955,78.66686773300171
