precision,accuracy,recall,duration
0.6226528361759213,0.6252525252525253,0.6252525252525253,320.6839771270752
