precision,accuracy,recall,duration
0.8355875633283807,0.8455729166666667,0.8076709109571936,270.9121265411377
