precision,accuracy,recall,duration
0.9538239538239539,0.95,0.9500000000000001,264.5719048976898
