precision,accuracy,recall,duration
0.6835621461871462,0.778021978021978,0.6467728066395249,324.6424901485443
