precision,accuracy,recall,duration
0.8641025641025641,0.8666666666666667,0.8610468478889532,206.88266229629517
