precision,accuracy,recall,duration
0.895452092218608,0.894751535455053,0.8950777391611804,515.8568663597107
