precision,accuracy,recall,duration
0.9159113804457834,0.9132231404958677,0.8871572871572871,242.80535435676575
