precision,accuracy,recall,duration
0.49490930451973,0.7725,0.48634856733652726,115.15397143363953
