precision,accuracy,recall,duration
0.6458384879167263,0.7582417582417582,0.6079407309752511,504.4174611568451
