precision,accuracy,recall,duration
0.8832658887006712,0.8493150684931506,0.8488304093567252,85.20193433761597
