precision,accuracy,recall,duration
0.7405035133305545,0.7333333333333333,0.7333333333333334,984.5032827854156
