precision,accuracy,recall,duration
0.7863181433614871,0.7468030690537084,0.7627185877185877,143.4960117340088
