precision,accuracy,recall,duration
0.8428471971195504,0.8358974358974359,0.842872823530526,555.2821853160858
