precision,accuracy,recall,duration
0.9378393487721104,0.937239655651208,0.9368343966935516,2064.5322530269623
