precision,accuracy,recall,duration
0.9549542943305598,0.9544946957007259,0.9546438032550434,3147.260740041733
