precision,accuracy,recall,duration
0.9313921636154947,0.9304857621440537,0.930810927179116,2021.9784669876099
