precision,accuracy,recall,duration
0.954012364136869,0.9556097560975609,0.9347859616286146,166.3534927368164
