precision,accuracy,recall,duration
0.7974851694144194,0.815,0.7981180704143163,300.3677852153778
