precision,accuracy,recall,duration
0.6378479607610679,0.7425,0.618706758158235,267.70469903945923
