precision,accuracy,recall,duration
0.9344346587340444,0.9341150195421553,0.9342866326065604,1403.9289247989655
