precision,accuracy,recall,duration
0.852800282095024,0.8282051282051283,0.8215340274590835,143.78174662590027
