precision,accuracy,recall,duration
0.6944405906906894,0.9346666666666666,0.5726490672833089,182.85452270507812
