precision,accuracy,recall,duration
0.5074484009676707,0.5162337662337663,0.514148317079128,1945.498943567276
