precision,accuracy,recall,duration
0.6662789900462792,0.7516483516483516,0.6090705483542945,247.47257328033447
