precision,accuracy,recall,duration
0.8410001482437208,0.7953964194373402,0.8009307134307135,288.54904294013977
