precision,accuracy,recall,duration
0.8141593002357274,0.8065217391304348,0.8059381706262105,325.36950516700745
