precision,accuracy,recall,duration
0.8277777777777778,0.7666666666666667,0.7666666666666667,459.7721104621887
