precision,accuracy,recall,duration
0.9281000115738667,0.9271177117711771,0.9266147195582679,860.6874475479126
