precision,accuracy,recall,duration
0.49307289700087953,0.4672727272727273,0.4879723632893408,688.51420545578
