precision,accuracy,recall,duration
0.6038993322229121,0.5941558441558441,0.5892908248791111,1089.187926530838
