precision,accuracy,recall,duration
0.8902560083594566,0.8853333333333333,0.8853333333333334,200.61299014091492
