precision,accuracy,recall,duration
0.9574720826582438,0.9462809917355371,0.9318354350963046,175.4617154598236
