precision,accuracy,recall,duration
0.7005931293783281,0.9406666666666667,0.5667753665773306,129.81148028373718
