precision,accuracy,recall,duration
0.936420662193858,0.9361936193619362,0.9359688317349608,653.085348367691
