precision,accuracy,recall,duration
0.9516408386579788,0.9454157782515992,0.945876514838071,384.67730736732483
