precision,accuracy,recall,duration
0.9671888375278206,0.9586776859504132,0.9531620553359684,291.60361886024475
