precision,accuracy,recall,duration
0.9057491270306027,0.9036666666666666,0.901142524785006,285.8921158313751
