precision,accuracy,recall,duration
0.815,0.8111111111111111,0.8111111111111111,264.29162406921387
