precision,accuracy,recall,duration
0.7010869565217391,0.6857142857142857,0.6813725490196079,194.58421850204468
