precision,accuracy,recall,duration
0.9515582916506349,0.9517543859649122,0.9527777777777777,145.91441130638123
