precision,accuracy,recall,duration
0.48914803368499127,0.4527272727272727,0.475022369125309,528.9960103034973
