precision,accuracy,recall,duration
0.8894565483587352,0.7775147928994083,0.89321376293696,634.0354225635529
