precision,accuracy,recall,duration
0.9119164978430478,0.9117161716171617,0.9114719558267945,521.221437215805
