precision,accuracy,recall,duration
0.675,0.6875,0.6700404858299596,504.78059482574463
