precision,accuracy,recall,duration
0.7051733253576976,0.942,0.5748155224138883,203.28013348579407
