precision,accuracy,recall,duration
0.9695652173913043,0.9692982456140351,0.9708333333333333,226.05190634727478
