precision,accuracy,recall,duration
0.6580063626723224,0.671875,0.6508097165991903,205.452965259552
