precision,accuracy,recall,duration
0.9646658483478239,0.95863539445629,0.9587672824411917,118.15150308609009
