precision,accuracy,recall,duration
0.8188348524232527,0.8205128205128205,0.8206091402826542,1506.4333415031433
