precision,accuracy,recall,duration
0.7142857142857142,0.7037037037037037,0.7037037037037037,159.18247079849243
