precision,accuracy,recall,duration
0.6330049261083743,0.640625,0.6366396761133604,263.2282495498657
