precision,accuracy,recall,duration
0.7285714285714286,0.7333333333333333,0.7333333333333334,142.96720099449158
