precision,accuracy,recall,duration
0.8345232471900993,0.8307692307692308,0.8324732865434749,924.389235496521
