precision,accuracy,recall,duration
0.9826515313771687,0.9828571428571429,0.9826280041797284,320.5793151855469
