precision,accuracy,recall,duration
0.8469488941965669,0.841025641025641,0.8462949381441333,1215.9356384277344
