precision,accuracy,recall,duration
0.8946628173810053,0.892,0.869351737993384,733.2557291984558
