precision,accuracy,recall,duration
0.7855394985918094,0.8,0.7947947947947948,507.0909934043884
