precision,accuracy,recall,duration
0.9733864494623988,0.9728643216080402,0.9729660956038999,567.4369177818298
