precision,accuracy,recall,duration
0.7388440878013434,0.7934210526315789,0.7489151228003632,564.8327124118805
