precision,accuracy,recall,duration
0.9391026689419585,0.9391835601221883,0.9392219413346174,1255.2378084659576
