precision,accuracy,recall,duration
0.613673777203189,0.6187845303867403,0.5837609857185659,165.0261833667755
