precision,accuracy,recall,duration
0.9148601581431451,0.9148520379676158,0.9152019441066975,1103.9921090602875
