precision,accuracy,recall,duration
0.8126909393301441,0.81640625,0.7789803652481165,116.8846185207367
