precision,accuracy,recall,duration
0.8420133321360921,0.855,0.8463300368901436,863.6484220027924
