precision,accuracy,recall,duration
0.8999695848885595,0.8997766610831938,0.8998909631754364,983.9103922843933
