precision,accuracy,recall,duration
0.6660284394190321,0.7068965517241379,0.562169566229057,297.32891631126404
