precision,accuracy,recall,duration
0.9098421254671255,0.8983333333333333,0.8983333333333334,925.8024532794952
