precision,accuracy,recall,duration
0.912675338354132,0.9132231404958677,0.8829841505113243,274.2230930328369
