precision,accuracy,recall,duration
0.9549494949494949,0.9421487603305785,0.9238314825271349,146.50204253196716
