precision,accuracy,recall,duration
0.7266533882783882,0.8,0.6824961419385568,864.8926949501038
