precision,accuracy,recall,duration
0.6690960049066657,0.9348888888888889,0.5752396093378609,599.3963260650635
