precision,accuracy,recall,duration
0.8417607585963678,0.823076923076923,0.8327902677846243,204.35129284858704
