precision,accuracy,recall,duration
0.7995136469221835,0.7771428571428571,0.7984686901832103,63.92588567733765
