precision,accuracy,recall,duration
0.8956389347646574,0.895367412140575,0.8936529944155593,147.3817915916443
