precision,accuracy,recall,duration
0.9255357387710329,0.9214876033057852,0.8912227868749607,739.6465005874634
