precision,accuracy,recall,duration
0.7487761002072455,0.7466666666666667,0.7466666666666667,985.8934412002563
