precision,accuracy,recall,duration
0.9700061654592674,0.9762020398251579,0.9601112747058199,1287.5344676971436
