precision,accuracy,recall,duration
0.8690541279387644,0.8333333333333334,0.8333333333333334,414.2585959434509
