precision,accuracy,recall,duration
0.8609140966154506,0.8614583333333333,0.8242047521730397,593.7977299690247
