precision,accuracy,recall,duration
0.8479312165672556,0.8358974358974359,0.8443219650848225,540.139909029007
