precision,accuracy,recall,duration
0.6865273757690331,0.9386666666666666,0.5697448252488331,192.49074983596802
