precision,accuracy,recall,duration
0.930595238095238,0.9297520661157025,0.9050254093732355,220.50385236740112
