precision,accuracy,recall,duration
0.7609266875571223,0.72,0.7487011211375444,82.69082427024841
