precision,accuracy,recall,duration
0.8322970696069169,0.8282051282051283,0.8306628684584378,212.955721616745
