precision,accuracy,recall,duration
0.8766723373041383,0.8726968174204355,0.8730465481587747,386.46991443634033
