precision,accuracy,recall,duration
0.6394926708292225,0.6358585858585859,0.6358585858585858,312.56187081336975
