precision,accuracy,recall,duration
0.9146643851790909,0.9016666666666666,0.9016666666666667,291.220490694046
