precision,accuracy,recall,duration
0.883269118344312,0.883,0.8605058972271775,2245.1420912742615
