precision,accuracy,recall,duration
0.7948441075514875,0.7775,0.6690732259755365,70.62671995162964
