precision,accuracy,recall,duration
0.8149076528467628,0.8057142857142857,0.8211648892534864,627.3528513908386
