precision,accuracy,recall,duration
0.7461863738708815,0.8390243902439024,0.7832620320855616,1039.466418504715
