precision,accuracy,recall,duration
0.7943072318072317,0.7902813299232737,0.7958767208767209,654.6731822490692
