precision,accuracy,recall,duration
0.7477620497995638,0.8241758241758241,0.7202688973565133,443.3175721168518
