precision,accuracy,recall,duration
0.23935169415267132,0.30010548523206754,0.20165299605901787,1103.6137325763702
