precision,accuracy,recall,duration
0.9708691308691308,0.9714285714285714,0.9722906403940887,180.16049480438232
