precision,accuracy,recall,duration
0.8422045012802458,0.8384615384615385,0.8432673565547236,647.2221033573151
