precision,accuracy,recall,duration
0.6348885525335786,0.6333333333333333,0.6333333333333333,382.73410296440125
