precision,accuracy,recall,duration
0.9611634332915122,0.9570731707317073,0.9357800055628893,281.79550194740295
