precision,accuracy,recall,duration
0.7805973062658598,0.776,0.776,1344.834550857544
