precision,accuracy,recall,duration
0.41328649739465684,0.6090225563909775,0.40759454352936614,64.0247106552124
