precision,accuracy,recall,duration
0.5233594376717823,0.525974025974026,0.5249617251992522,1214.585696697235
