precision,accuracy,recall,duration
0.964221070715286,0.9629268292682926,0.944855944104681,261.4537343978882
