precision,accuracy,recall,duration
0.7617355957446607,0.7539473684210526,0.7384612543070694,362.9412314891815
