precision,accuracy,recall,duration
0.9416666666666667,0.9084967320261438,0.8517891682785299,204.13273525238037
