precision,accuracy,recall,duration
0.839329805633121,0.8453125,0.809642018858125,190.2095115184784
