precision,accuracy,recall,duration
0.9101010101010101,0.9,0.8906882591093117,204.23701357841492
