precision,accuracy,recall,duration
0.5352372408638841,0.512987012987013,0.5107310993978094,379.80676341056824
