precision,accuracy,recall,duration
0.9623926273658739,0.96,0.9611214630779849,795.9644663333893
