precision,accuracy,recall,duration
0.8480682085031291,0.8512820512820513,0.8430346396794434,383.14622831344604
