precision,accuracy,recall,duration
0.7225274725274725,0.7222222222222222,0.7222222222222222,192.7241017818451
