precision,accuracy,recall,duration
0.9749828038133406,0.9738693467336683,0.9738542644831716,731.3048267364502
