precision,accuracy,recall,duration
0.7986480266485875,0.8169270833333333,0.7835708343950936,117.63517236709595
