precision,accuracy,recall,duration
0.9447330400555685,0.9447375728964177,0.9446671481882749,1549.2366342544556
