precision,accuracy,recall,duration
0.7054455769756204,0.9382222222222222,0.5967591943308992,501.9360044002533
