precision,accuracy,recall,duration
0.8889798413850363,0.888,0.8879999999999999,221.91617345809937
