precision,accuracy,recall,duration
0.7333333333333333,0.7,0.7,117.33912062644958
