precision,accuracy,recall,duration
0.7392063492063491,0.8341463414634146,0.7641087344028521,182.81872630119324
