precision,accuracy,recall,duration
0.7767770614755825,0.815,0.7182795205246223,183.75336074829102
