precision,accuracy,recall,duration
0.2569444444444445,0.5333333333333333,0.47916666666666663,95.65951204299927
