precision,accuracy,recall,duration
0.8524809981422958,0.8564102564102564,0.8497258454198376,660.1507568359375
