precision,accuracy,recall,duration
0.8086538578686387,0.825,0.8079896907216495,678.3088264465332
