precision,accuracy,recall,duration
0.5107701685287892,0.795,0.5162571791696045,274.7933099269867
