precision,accuracy,recall,duration
0.7538461538461538,0.7037037037037037,0.7037037037037037,107.7997658252716
