precision,accuracy,recall,duration
0.9664527052914632,0.964390243902439,0.9487061192147916,287.51339745521545
