precision,accuracy,recall,duration
0.6710792014049093,0.9382222222222222,0.5767454415513547,256.13741302490234
