precision,accuracy,recall,duration
0.6242226653015035,0.735,0.6170758215062012,92.88014388084412
