precision,accuracy,recall,duration
0.44861233123773075,0.7075,0.4568678353646785,192.72388005256653
