precision,accuracy,recall,duration
0.8641433990024353,0.8557971014492753,0.8561504915794366,341.15093660354614
