precision,accuracy,recall,duration
0.8033258574548525,0.8014492753623188,0.8008983157390667,364.5984148979187
