precision,accuracy,recall,duration
0.3770003067674715,0.5864661654135338,0.3754076810242661,373.0235435962677
