precision,accuracy,recall,duration
0.7728680533558583,0.7883333333333333,0.7771700271700273,205.29942870140076
