precision,accuracy,recall,duration
0.9515873015873016,0.95,0.9499999999999998,324.8288254737854
