precision,accuracy,recall,duration
0.39834564284677937,0.6040100250626567,0.38028093489537795,276.0182089805603
