precision,accuracy,recall,duration
0.9362765702486957,0.9338842975206612,0.9158949745906266,573.0880243778229
