precision,accuracy,recall,duration
0.4692976038046461,0.735,0.48410878785468636,183.2630500793457
