precision,accuracy,recall,duration
0.7711856456963525,0.8536585365853658,0.7788057040998217,289.9853005409241
