precision,accuracy,recall,duration
0.9683941467455771,0.9762020398251579,0.9618159906855782,1692.7615826129913
