precision,accuracy,recall,duration
0.8883770445655355,0.8877721943048577,0.8879919179212836,1283.7755081653595
