precision,accuracy,recall,duration
0.9241071428571428,0.9222222222222223,0.9222222222222223,362.4180009365082
