precision,accuracy,recall,duration
0.48818507551904133,0.7375,0.4850293252522017,77.17613577842712
