precision,accuracy,recall,duration
0.6875,0.6875,0.645748987854251,207.47348356246948
