precision,accuracy,recall,duration
0.48139393939393943,0.775,0.49380225639413905,274.7231478691101
