precision,accuracy,recall,duration
0.9672816594252035,0.9702439024390244,0.957043557680352,282.42693567276
