precision,accuracy,recall,duration
0.9552552190235593,0.9552,0.9566748825133918,177.51685619354248
