precision,accuracy,recall,duration
0.6770878872716092,0.7382445141065831,0.6214313484192047,328.1724307537079
