precision,accuracy,recall,duration
0.7142857142857142,0.6666666666666666,0.6666666666666666,175.19414830207825
