precision,accuracy,recall,duration
0.7299095161414001,0.8097560975609757,0.7917201426024955,163.15917992591858
