precision,accuracy,recall,duration
0.553968253968254,0.8105590062111802,0.5077716823406478,257.2618291378021
