precision,accuracy,recall,duration
0.9813329331154702,0.9809045226130654,0.9808642267856144,567.270143032074
