precision,accuracy,recall,duration
0.9625233926451937,0.9594882729211087,0.9597600992863498,385.01188492774963
