precision,accuracy,recall,duration
0.89375,0.8888888888888888,0.8888888888888888,262.3612880706787
