precision,accuracy,recall,duration
0.6378996865203762,0.6077348066298343,0.6296781683811046,147.68745851516724
