precision,accuracy,recall,duration
0.7031423036741572,0.9391111111111111,0.5896854371177307,430.11071157455444
