precision,accuracy,recall,duration
0.9129961505758268,0.8621301775147929,0.934549945016671,563.5964918136597
