precision,accuracy,recall,duration
0.8936882199925678,0.9008264462809917,0.8659435974653366,266.2548475265503
