precision,accuracy,recall,duration
0.8408653159643835,0.85625,0.8339856312288219,1012.6219458580017
