precision,accuracy,recall,duration
0.9546296296296297,0.9379084967320261,0.9101386202450032,626.7574334144592
