precision,accuracy,recall,duration
0.8351440521653289,0.8228571428571428,0.8400328137817884,105.65201592445374
