precision,accuracy,recall,duration
0.8864396898396494,0.885,0.8825715831356981,273.91021275520325
