precision,accuracy,recall,duration
0.752366771856527,0.7533333333333333,0.7761135965765416,277.27468252182007
