precision,accuracy,recall,duration
0.754306751875521,0.7513812154696132,0.7293859649122807,214.25220370292664
