precision,accuracy,recall,duration
0.6780960648148149,0.755,0.6333674295699613,87.576420545578
