precision,accuracy,recall,duration
0.8463279357388754,0.8285714285714286,0.849238902561298,406.0434048175812
