precision,accuracy,recall,duration
0.9694523827913802,0.9692982456140351,0.9689814814814814,124.95194411277771
