precision,accuracy,recall,duration
0.8916857062376764,0.8889776357827476,0.8855882919314462,567.936354637146
