precision,accuracy,recall,duration
0.8224789915966386,0.8228438228438228,0.7988570250584085,658.6426675319672
