precision,accuracy,recall,duration
0.7428850525717534,0.848780487804878,0.774108734402852,688.369122505188
