precision,accuracy,recall,duration
0.7564102564102564,0.756,0.756,370.4537878036499
