precision,accuracy,recall,duration
0.6906341584437468,0.9397777777777778,0.5916761337931483,434.4265606403351
