precision,accuracy,recall,duration
0.8928902298141522,0.8926666666666667,0.8912095368834572,822.2118690013885
