precision,accuracy,recall,duration
0.9618942235271525,0.956503198294243,0.9567113669627847,385.03585839271545
