precision,accuracy,recall,duration
0.705155272538889,0.9442222222222222,0.586757745856016,418.1681342124939
