precision,accuracy,recall,duration
0.9285714285714286,0.9692307692307692,0.9811320754716981,76.49234938621521
