precision,accuracy,recall,duration
0.47419400478028645,0.7375,0.47876888625150277,205.59446501731873
