precision,accuracy,recall,duration
0.8673204388379672,0.8589743589743589,0.8660505556449737,765.8069183826447
