precision,accuracy,recall,duration
0.6858552631578947,0.6857142857142857,0.684640522875817,445.4580864906311
