precision,accuracy,recall,duration
0.9444358527002565,0.9444598722577062,0.9444103366638579,890.1497340202332
