precision,accuracy,recall,duration
0.98234193342889,0.9828571428571429,0.9826280041797284,417.0332396030426
