precision,accuracy,recall,duration
0.5908405172413793,0.7888198757763976,0.5550548589341693,263.30192279815674
