precision,accuracy,recall,duration
0.5872648049118637,0.6366459627329193,0.6438740856844305,263.19428038597107
