precision,accuracy,recall,duration
0.4758987845662374,0.7275,0.47496917460906607,446.48106813430786
