precision,accuracy,recall,duration
0.8890016731734522,0.8801996672212978,0.8940832146812213,362.31562209129333
