precision,accuracy,recall,duration
0.9711688983686522,0.9697228144989339,0.9698136575065129,535.1539409160614
