precision,accuracy,recall,duration
0.8540529391546526,0.8538461538461538,0.8457652165249314,761.6060600280762
