precision,accuracy,recall,duration
0.9382081280788176,0.9421487603305785,0.9271096053704748,445.6759400367737
