precision,accuracy,recall,duration
0.813416116047695,0.7808219178082192,0.7981203007518797,506.061683177948
