precision,accuracy,recall,duration
0.6288949526438383,0.6323232323232323,0.6323232323232323,517.9104111194611
