precision,accuracy,recall,duration
0.9265592600676634,0.9338929695697796,0.9370771596309757,355.2985272407532
