precision,accuracy,recall,duration
0.8421750663129973,0.8019966722129783,0.8265306122448979,203.20571303367615
