precision,accuracy,recall,duration
0.643347346348299,0.6243093922651933,0.6022761160491361,120.3367121219635
