precision,accuracy,recall,duration
0.8350618046177201,0.8384615384615385,0.8291266275295981,459.7112669944763
