precision,accuracy,recall,duration
0.9180856180856182,0.9090909090909091,0.8827247631595457,710.2303175926208
