precision,accuracy,recall,duration
0.8329275538744693,0.8114285714285714,0.8347461489381095,107.23150277137756
