precision,accuracy,recall,duration
0.9047619047619048,0.8666666666666667,0.8666666666666667,143.36187291145325
