precision,accuracy,recall,duration
0.7722348505014619,0.7697368421052632,0.7498836862680811,332.7769248485565
