precision,accuracy,recall,duration
0.9348311410811411,0.925,0.9250000000000002,3385.7708406448364
