precision,accuracy,recall,duration
0.8448717948717949,0.7,0.5638888888888889,144.00612044334412
