precision,accuracy,recall,duration
0.6806249204083415,0.7460815047021944,0.6141697214686431,309.00955414772034
