precision,accuracy,recall,duration
0.807324016563147,0.804,0.804,513.7765288352966
