precision,accuracy,recall,duration
0.9010482669690301,0.8951747088186356,0.9076830067575203,52.6707980632782
