precision,accuracy,recall,duration
0.9444484232947967,0.9444598722577062,0.9443962922836162,511.8655159473419
