precision,accuracy,recall,duration
0.9222993551267968,0.9014925373134328,0.9024711021848009,338.80013489723206
