precision,accuracy,recall,duration
0.4521320976860504,0.7225,0.4899821819745059,205.72340297698975
