precision,accuracy,recall,duration
0.8845961571900539,0.8823333333333333,0.8794132901149002,697.7783677577972
