precision,accuracy,recall,duration
0.708502024291498,0.71875,0.708502024291498,168.35070776939392
