precision,accuracy,recall,duration
0.9208333333333334,0.9166666666666666,0.9159919028340081,190.91400861740112
