precision,accuracy,recall,duration
0.7025346008230096,0.9393333333333334,0.5724050170524223,326.18703174591064
