precision,accuracy,recall,duration
0.7433811342124207,0.755,0.6332250572944763,201.60538578033447
