precision,accuracy,recall,duration
0.7571428571428571,0.7333333333333333,0.7287581699346405,444.723872423172
