precision,accuracy,recall,duration
0.7846558470716531,0.784,0.784,925.7009296417236
