precision,accuracy,recall,duration
0.8592940187701359,0.8166666666666667,0.8166666666666667,458.73402070999146
