precision,accuracy,recall,duration
0.5996113250606191,0.725,0.5868850246487377,267.34522342681885
