precision,accuracy,recall,duration
0.9048911836553408,0.9001663893510815,0.9120561846000859,83.60988020896912
