precision,accuracy,recall,duration
0.9758688109474848,0.9791160757649344,0.9625823301685047,1934.1246666908264
