precision,accuracy,recall,duration
0.575,0.59375,0.5728744939271255,444.14215326309204
