precision,accuracy,recall,duration
0.47123556872790956,0.745,0.4922819758158959,197.17506527900696
