precision,accuracy,recall,duration
0.8446220840514381,0.8358974358974359,0.8463239753885405,387.18381524086
