precision,accuracy,recall,duration
0.5332931160763453,0.512987012987013,0.5118175868902128,503.1842634677887
