precision,accuracy,recall,duration
0.9132719812866872,0.9,0.9,438.0028266906738
