precision,accuracy,recall,duration
0.6761586802827966,0.6666666666666666,0.6628540305010893,83.06869292259216
