precision,accuracy,recall,duration
0.840487956432229,0.8286445012787724,0.8277813777813778,529.8626008033752
