precision,accuracy,recall,duration
0.8402734169247416,0.8384615384615385,0.8400654338589871,965.1177189350128
