precision,accuracy,recall,duration
0.8228021978021978,0.7808857808857809,0.7274210912089423,249.23605155944824
