precision,accuracy,recall,duration
0.959706467554299,0.9592406476828588,0.9593568791369493,1164.9218173027039
