precision,accuracy,recall,duration
0.9687119736853882,0.9650319829424308,0.965176270550259,264.2144522666931
