precision,accuracy,recall,duration
0.9568671566486631,0.9552,0.9566899996713663,267.3054084777832
