precision,accuracy,recall,duration
0.7924242424242424,0.7333333333333333,0.7333333333333334,59.15153169631958
