precision,accuracy,recall,duration
0.9632824221874984,0.9668292682926829,0.9551135084284693,639.7219474315643
