precision,accuracy,recall,duration
0.7492296159191701,0.775,0.6715964785418317,155.0828139781952
