precision,accuracy,recall,duration
0.8439355857908687,0.8384615384615385,0.8412497755114958,461.5565993785858
