precision,accuracy,recall,duration
0.7960189452124935,0.796,0.796,1284.3886919021606
