precision,accuracy,recall,duration
0.3647936819763655,0.606516290726817,0.36947552991004645,62.92805504798889
