precision,accuracy,recall,duration
0.9230729918229919,0.915,0.9149999999999999,983.656614780426
