precision,accuracy,recall,duration
0.9034337803016171,0.8986666666666666,0.8986666666666667,1269.8726692199707
