precision,accuracy,recall,duration
0.9768812156001228,0.9761194029850746,0.9762269988927272,685.470422744751
