precision,accuracy,recall,duration
0.9623870607919688,0.9650582362728786,0.9684272380048364,105.3153429031372
