precision,accuracy,recall,duration
0.9763025960722809,0.9758793969849247,0.9759988612506151,264.17028737068176
