precision,accuracy,recall,duration
0.9763242760415993,0.9758793969849247,0.9761214410426912,507.1302721500397
