precision,accuracy,recall,duration
0.49583065098243545,0.75,0.4816938465355883,133.2381443977356
