precision,accuracy,recall,duration
0.9740428922694223,0.9768091306459447,0.9575531004738913,849.3209540843964
