precision,accuracy,recall,duration
0.7945238095238096,0.7666666666666667,0.7666666666666667,151.0023422241211
