precision,accuracy,recall,duration
0.8253926664708865,0.8256410256410256,0.8268562460296126,404.5475935935974
