precision,accuracy,recall,duration
0.5095699482217977,0.512987012987013,0.5106770065511135,858.364814043045
