precision,accuracy,recall,duration
0.902834008097166,0.9,0.902834008097166,184.77077746391296
