precision,accuracy,recall,duration
0.9469006534228901,0.938592750533049,0.9391658657146238,624.717447757721
