precision,accuracy,recall,duration
0.9360666648166648,0.9266666666666666,0.9266666666666666,2305.7183866500854
