precision,accuracy,recall,duration
0.7725714285714285,0.7866666666666666,0.7842127842127842,336.93645334243774
