precision,accuracy,recall,duration
0.9078771280072205,0.904,0.904,1168.2841300964355
