precision,accuracy,recall,duration
0.882687594818532,0.8900343642611683,0.8582313742626174,438.4319489002228
