precision,accuracy,recall,duration
0.9785762706119613,0.9778894472361809,0.9782790149042397,547.0480408668518
