precision,accuracy,recall,duration
0.6552676872905154,0.38166666666666665,0.5208373857226221,430.5600426197052
