precision,accuracy,recall,duration
0.9609365066007614,0.96,0.9611364159190247,1085.523639202118
