precision,accuracy,recall,duration
0.942310248488869,0.9419605665093029,0.9416636571566149,383.7192199230194
