precision,accuracy,recall,duration
0.5804147513213799,0.5911602209944752,0.5834730600219713,124.99902248382568
