precision,accuracy,recall,duration
0.626959151959152,0.74,0.6291970336274133,83.35602378845215
