precision,accuracy,recall,duration
0.8333333333333334,0.7666666666666667,0.7666666666666668,474.8192603588104
