precision,accuracy,recall,duration
0.758179207931897,0.7683333333333333,0.7743100243100243,207.06852769851685
