precision,accuracy,recall,duration
0.7116844438651746,0.7912087912087912,0.6661662999882814,426.72599244117737
