precision,accuracy,recall,duration
0.9583131903976435,0.9541463414634146,0.9357535385734793,121.3274335861206
