precision,accuracy,recall,duration
0.8810599217103281,0.88,0.88,306.78565073013306
