precision,accuracy,recall,duration
0.9551443849267558,0.9569779643231899,0.9537065511135961,133.72325229644775
