precision,accuracy,recall,duration
0.8360702850960203,0.8358974358974359,0.8299833635813673,302.5763065814972
