precision,accuracy,recall,duration
0.7352569659251372,0.9386666666666666,0.5785110446772035,144.13844752311707
