precision,accuracy,recall,duration
0.6202870595683225,0.7275,0.5929456307093438,226.68696331977844
