precision,accuracy,recall,duration
0.7969196906743252,0.815,0.8066767165921027,280.5922694206238
