precision,accuracy,recall,duration
0.9475157266233074,0.9248366013071896,0.8896679561573179,352.3040089607239
