precision,accuracy,recall,duration
0.8933566433566434,0.8333333333333334,0.7638888888888888,515.9834187030792
