precision,accuracy,recall,duration
0.807851520608751,0.7897435897435897,0.7953892354651163,203.56658601760864
