precision,accuracy,recall,duration
0.8416666666666668,0.85,0.8451417004048583,101.20393514633179
