precision,accuracy,recall,duration
0.951726205865673,0.9521951219512195,0.9345862195708564,76.72817516326904
