precision,accuracy,recall,duration
0.782139421498467,0.7986842105263158,0.784619657436267,642.3417999744415
