precision,accuracy,recall,duration
0.7693545716231742,0.7868421052631579,0.7586918132525652,312.13618564605713
