precision,accuracy,recall,duration
0.6844778083515639,0.9377777777777778,0.5576896317768086,247.09439396858215
