precision,accuracy,recall,duration
0.8831069313827934,0.8773333333333333,0.8773333333333334,204.15179324150085
