precision,accuracy,recall,duration
0.8382880033733925,0.8342857142857143,0.8511530398322851,264.19506454467773
