precision,accuracy,recall,duration
0.8635154931815938,0.8682291666666667,0.8378511995223836,1021.9601292610168
