precision,accuracy,recall,duration
0.7293841015771595,0.9448888888888889,0.5817680965966165,188.18949508666992
