precision,accuracy,recall,duration
0.8734047511410435,0.8586956521739131,0.8594571166158519,143.02521753311157
