precision,accuracy,recall,duration
0.801244259729598,0.8025,0.7018774223415937,66.91597080230713
