precision,accuracy,recall,duration
0.9718051294550683,0.9712,0.9718069933287324,626.1929686069489
