precision,accuracy,recall,duration
0.8398457381974539,0.8461538461538461,0.8393510494997097,851.5053527355194
