precision,accuracy,recall,duration
0.7414981489922291,0.7383333333333333,0.7588660088660089,191.24416875839233
