precision,accuracy,recall,duration
0.8332369669790265,0.8502604166666666,0.8233678251269673,1021.9965090751648
