precision,accuracy,recall,duration
0.9603942177471589,0.950682056663169,0.9371750069890971,97.45646142959595
