precision,accuracy,recall,duration
0.8093582887700533,0.7771428571428571,0.7940935192780968,75.7812671661377
