precision,accuracy,recall,duration
0.891141543338021,0.8818635607321131,0.8960211991773454,266.323246717453
