precision,accuracy,recall,duration
0.8911002907959694,0.8914285714285715,0.8965454379728376,79.2054386138916
