precision,accuracy,recall,duration
0.8933110793940482,0.8913738019169329,0.888439566082547,66.19708847999573
