precision,accuracy,recall,duration
0.7335526315789473,0.7575,0.6360719901748103,271.94258427619934
