precision,accuracy,recall,duration
0.9281261995496742,0.9214876033057852,0.8941987812911726,292.93017649650574
