precision,accuracy,recall,duration
0.8433578296375309,0.8512820512820513,0.8444182583182864,511.3412911891937
