precision,accuracy,recall,duration
0.6634687093818834,0.725705329153605,0.5800122806981993,354.3138439655304
