precision,accuracy,recall,duration
0.3740106732348112,0.5964912280701754,0.3788565405762469,90.58319687843323
