precision,accuracy,recall,duration
0.8966192605142767,0.8963333333333333,0.894871057215136,575.2055447101593
