precision,accuracy,recall,duration
0.40961927412231675,0.6090225563909775,0.4027270453264946,287.108115196228
