precision,accuracy,recall,duration
0.8098958333333333,0.8266666666666667,0.8124878428321338,291.9177210330963
