precision,accuracy,recall,duration
0.8975021774293891,0.8933333333333333,0.8933333333333334,1046.0779531002045
