precision,accuracy,recall,duration
0.7663324979114452,0.7583333333333333,0.7906778836802179,94.2537636756897
