precision,accuracy,recall,duration
0.8344594594594594,0.8095238095238095,0.8055555555555556,143.0715639591217
