precision,accuracy,recall,duration
0.5311714732841494,0.5194805194805194,0.5171603318154988,192.43886280059814
