precision,accuracy,recall,duration
0.8857142857142857,0.8833333333333333,0.8775303643724697,145.94426941871643
