precision,accuracy,recall,duration
0.8337619741651182,0.8384615384615385,0.8305477071073714,894.6790997982025
