precision,accuracy,recall,duration
0.47193801557725773,0.75,0.4826922003002032,122.53117871284485
