{"dataset": "SonyAIBORobotSurfaceII", "depth": 6, "nb_filters": 16, "batch_size": 128, "kernel_size": 64, "use_residual": "False", "use_bottleneck": "False", "acc": 0.9559286463798531, "precision": 0.9568011661034916, "recall": 0.9497390737116764, "budget_ran": 1500, "duration": 386.06396079063416}
{"dataset": "SonyAIBORobotSurfaceII", "depth": 3, "nb_filters": 32, "batch_size": 64, "kernel_size": 32, "use_residual": "True", "use_bottleneck": "False", "acc": 0.9695697796432319, "precision": 0.9671497584541062, "recall": 0.9685863386450471, "budget_ran": 1500, "duration": 204.09579730033875}
{"dataset": "SonyAIBORobotSurfaceII", "depth": 9, "nb_filters": 16, "batch_size": 128, "kernel_size": 64, "use_residual": "False", "use_bottleneck": "False", "acc": 0.9045120671563484, "precision": 0.9041622684963055, "recall": 0.8924867207156835, "budget_ran": 1500, "duration": 507.6778075695038}
{"dataset": "SonyAIBORobotSurfaceII", "depth": 3, "nb_filters": 32, "batch_size": 64, "kernel_size": 64, "use_residual": "False", "use_bottleneck": "False", "acc": 0.9517313746065058, "precision": 0.9493579866461223, "recall": 0.9484158046780355, "budget_ran": 1500, "duration": 264.1800706386566}
{"dataset": "SonyAIBORobotSurfaceII", "depth": 9, "nb_filters": 16, "batch_size": 32, "kernel_size": 64, "use_residual": "False", "use_bottleneck": "True", "acc": 0.9475341028331584, "precision": 0.9449082504552458, "recall": 0.9439753983785295, "budget_ran": 1500, "duration": 502.6041691303253}
{"dataset": "SonyAIBORobotSurfaceII", "depth": 6, "nb_filters": 64, "batch_size": 128, "kernel_size": 64, "use_residual": "True", "use_bottleneck": "True", "acc": 0.9433368310598111, "precision": 0.9365735929552044, "recall": 0.946288789488398, "budget_ran": 1500, "duration": 506.57124972343445}
{"dataset": "SonyAIBORobotSurfaceII", "depth": 3, "nb_filters": 64, "batch_size": 32, "kernel_size": 41, "use_residual": "True", "use_bottleneck": "False", "acc": 0.9517313746065058, "precision": 0.9464848813584253, "recall": 0.9525719876991893, "budget_ran": 1500, "duration": 264.4590973854065}
{"dataset": "SonyAIBORobotSurfaceII", "depth": 6, "nb_filters": 32, "batch_size": 64, "kernel_size": 41, "use_residual": "False", "use_bottleneck": "False", "acc": 0.9611752360965372, "precision": 0.9556330550673697, "recall": 0.9638617090671885, "budget_ran": 1500, "duration": 361.4541344642639}
{"dataset": "SonyAIBORobotSurfaceII", "depth": 6, "nb_filters": 64, "batch_size": 16, "kernel_size": 32, "use_residual": "True", "use_bottleneck": "True", "acc": 0.9475341028331584, "precision": 0.9409173366879979, "recall": 0.9507291957879043, "budget_ran": 1500, "duration": 146.0546371936798}
{"dataset": "SonyAIBORobotSurfaceII", "depth": 6, "nb_filters": 32, "batch_size": 16, "kernel_size": 64, "use_residual": "True", "use_bottleneck": "False", "acc": 0.9307450157397692, "precision": 0.9254021447721179, "recall": 0.928811387568726, "budget_ran": 1500, "duration": 109.36508703231812}
