precision,accuracy,recall,duration
0.7048213858753802,0.9402222222222222,0.5814256897805279,428.5916223526001
