precision,accuracy,recall,duration
0.9475859788359788,0.9545454545454546,0.9580419580419581,506.20892810821533
