precision,accuracy,recall,duration
0.8783134554204497,0.8746376811594203,0.8746797487655844,306.01787757873535
