precision,accuracy,recall,duration
0.7103289053830253,0.7476489028213166,0.6158808835169196,576.7787930965424
