precision,accuracy,recall,duration
0.9655354018040431,0.9658536585365853,0.9519165568446122,233.8012251853943
