precision,accuracy,recall,duration
0.8210135886402022,0.8171428571428572,0.8308267250022787,447.3739354610443
