precision,accuracy,recall,duration
0.8583333333333334,0.8302828618968386,0.8513119533527697,177.57808780670166
