precision,accuracy,recall,duration
0.9426723234862769,0.9215686274509803,0.8820921985815602,567.6322088241577
