precision,accuracy,recall,duration
0.7648571428571429,0.7569060773480663,0.7323308270676692,75.37261462211609
