precision,accuracy,recall,duration
0.7889060092449922,0.788,0.788,986.0042977333069
