{"dataset": "SonyAIBORobotSurface", "depth": 9, "nb_filters": 64, "batch_size": 32, "kernel_size": 32, "use_residual": "False", "use_bottleneck": "True", "acc": 0.9284525790349417, "precision": 0.9281102571485526, "recall": 0.9368375257079575, "budget_ran": 1500, "duration": 488.2963535785675}
{"dataset": "SonyAIBORobotSurface", "depth": 6, "nb_filters": 32, "batch_size": 128, "kernel_size": 64, "use_residual": "True", "use_bottleneck": "False", "acc": 0.8402662229617305, "precision": 0.8644067796610169, "recall": 0.8600583090379008, "budget_ran": 1500, "duration": 386.62350940704346}
{"dataset": "SonyAIBORobotSurface", "depth": 3, "nb_filters": 16, "batch_size": 16, "kernel_size": 64, "use_residual": "False", "use_bottleneck": "True", "acc": 0.8801996672212978, "precision": 0.8909090909090909, "recall": 0.8950437317784257, "budget_ran": 1500, "duration": 80.81312584877014}
{"dataset": "SonyAIBORobotSurface", "depth": 3, "nb_filters": 32, "batch_size": 64, "kernel_size": 32, "use_residual": "False", "use_bottleneck": "False", "acc": 0.8618968386023295, "precision": 0.8782991202346041, "recall": 0.8790087463556852, "budget_ran": 1500, "duration": 204.09088015556335}
{"dataset": "SonyAIBORobotSurface", "depth": 6, "nb_filters": 64, "batch_size": 128, "kernel_size": 32, "use_residual": "True", "use_bottleneck": "False", "acc": 0.9034941763727121, "precision": 0.9082278481012658, "recall": 0.9154518950437318, "budget_ran": 1500, "duration": 385.8109784126282}
{"dataset": "SonyAIBORobotSurface", "depth": 3, "nb_filters": 32, "batch_size": 64, "kernel_size": 32, "use_residual": "False", "use_bottleneck": "True", "acc": 0.870216306156406, "precision": 0.8839285714285714, "recall": 0.8862973760932944, "budget_ran": 1500, "duration": 204.24512147903442}
{"dataset": "SonyAIBORobotSurface", "depth": 6, "nb_filters": 32, "batch_size": 16, "kernel_size": 41, "use_residual": "False", "use_bottleneck": "True", "acc": 0.9650582362728786, "precision": 0.9623870607919688, "recall": 0.9684272380048364, "budget_ran": 1500, "duration": 105.3153429031372}
{"dataset": "SonyAIBORobotSurface", "depth": 9, "nb_filters": 32, "batch_size": 32, "kernel_size": 32, "use_residual": "False", "use_bottleneck": "True", "acc": 0.8968386023294509, "precision": 0.903125, "recall": 0.9096209912536444, "budget_ran": 1500, "duration": 508.04686737060547}
{"dataset": "SonyAIBORobotSurface", "depth": 6, "nb_filters": 32, "batch_size": 128, "kernel_size": 32, "use_residual": "True", "use_bottleneck": "False", "acc": 0.9151414309484193, "precision": 0.9174757281553398, "recall": 0.9256559766763848, "budget_ran": 1500, "duration": 386.331693649292}
{"dataset": "SonyAIBORobotSurface", "depth": 3, "nb_filters": 64, "batch_size": 16, "kernel_size": 41, "use_residual": "False", "use_bottleneck": "False", "acc": 0.9317803660565723, "precision": 0.9314381270903009, "recall": 0.9402332361516035, "budget_ran": 1500, "duration": 64.79851651191711}
