precision,accuracy,recall,duration
0.961390974869325,0.967373572593801,0.9685348724010847,323.2019257545471
