precision,accuracy,recall,duration
0.8033419417744042,0.8128205128205128,0.8052406300931709,1171.806369304657
