precision,accuracy,recall,duration
0.8143599740090969,0.7885714285714286,0.806672135630298,78.51161551475525
