precision,accuracy,recall,duration
0.8693181818181818,0.8333333333333334,0.7638888888888888,601.9397356510162
