precision,accuracy,recall,duration
0.7558560641084914,0.8536585365853658,0.7620766488413547,987.1743025779724
