precision,accuracy,recall,duration
0.7985423277048694,0.7960526315789473,0.7582599249504723,451.4707250595093
