precision,accuracy,recall,duration
0.8310928961748635,0.8228571428571428,0.8371160331783795,506.8603472709656
