precision,accuracy,recall,duration
0.7887305615199427,0.784,0.784,1164.3340301513672
