precision,accuracy,recall,duration
0.7530364372469636,0.752,0.752,263.5154745578766
