precision,accuracy,recall,duration
0.865979381443299,0.8865979381443299,0.8761743500109243,131.74201273918152
