precision,accuracy,recall,duration
0.6189612108330776,0.6207070707070707,0.6207070707070707,411.88053703308105
