precision,accuracy,recall,duration
0.8287657890599067,0.8235294117647058,0.8291497916497917,382.93712878227234
