precision,accuracy,recall,duration
0.8323403164840797,0.832,0.832,592.3187637329102
