precision,accuracy,recall,duration
0.9784826974267968,0.9771428571428571,0.9782430213464696,214.98860788345337
