precision,accuracy,recall,duration
0.7666666666666667,0.6666666666666666,0.6666666666666666,214.7441999912262
