precision,accuracy,recall,duration
0.6381470040945163,0.7053291536050157,0.5561642243324212,196.7651448249817
