precision,accuracy,recall,duration
0.6215385435848871,0.700626959247649,0.5447673675712802,200.53527164459229
