precision,accuracy,recall,duration
0.8247482198986464,0.824,0.8240000000000001,563.2046327590942
