precision,accuracy,recall,duration
0.8721458701398305,0.872,0.872,132.65190243721008
