precision,accuracy,recall,duration
0.5207013419492271,0.49818181818181817,0.5316570831322376,455.35114455223083
