precision,accuracy,recall,duration
0.8983908706058629,0.896,0.896,415.19222927093506
