precision,accuracy,recall,duration
0.869617963845018,0.855072463768116,0.8559711316148995,168.05727291107178
