precision,accuracy,recall,duration
0.9369270578996789,0.9369619550124966,0.9369146502949319,2187.271249771118
