precision,accuracy,recall,duration
0.9517543859649122,0.9281045751633987,0.8972437137330754,197.25285267829895
