precision,accuracy,recall,duration
0.5035191529017741,0.7825,0.4900079192280096,177.940083026886
