precision,accuracy,recall,duration
0.6595207400452597,0.6464088397790055,0.6456255617696993,271.38179993629456
