precision,accuracy,recall,duration
0.8168978890836271,0.8,0.8163339713790903,555.588864326477
