precision,accuracy,recall,duration
0.7800788307979251,0.7875,0.6564917798208663,180.15932488441467
