precision,accuracy,recall,duration
0.8469141991200816,0.8005115089514067,0.8053882303882304,283.97467589378357
