precision,accuracy,recall,duration
0.35344827586206895,0.43333333333333335,0.3125,96.34056663513184
