precision,accuracy,recall,duration
0.9678817012144117,0.9754735308402137,0.9603298448389529,3507.645658969879
