precision,accuracy,recall,duration
0.7569444444444444,0.6666666666666666,0.5583333333333333,266.0689694881439
