precision,accuracy,recall,duration
0.9506629139958311,0.949748743718593,0.9499412536981937,3258.6688125133514
