precision,accuracy,recall,duration
0.7826428120545768,0.7621483375959079,0.7732463482463483,623.2506206035614
