precision,accuracy,recall,duration
0.5825238747006354,0.6849529780564263,0.5283557109503785,316.0482277870178
