precision,accuracy,recall,duration
0.3803993816744582,0.5964912280701754,0.37185609372267886,113.90073990821838
