precision,accuracy,recall,duration
0.5492266544456242,0.551948051948052,0.5483925147058396,563.3008878231049
