precision,accuracy,recall,duration
0.9716242803390907,0.9712,0.9719950696037654,568.4634602069855
