precision,accuracy,recall,duration
0.9469249452919908,0.9456,0.9469789539044198,197.78399348258972
