precision,accuracy,recall,duration
0.9302843452843453,0.9183333333333333,0.9183333333333334,3385.698926925659
