precision,accuracy,recall,duration
0.9185558979626777,0.9173553719008265,0.8911255411255411,624.7722880840302
