precision,accuracy,recall,duration
0.9333333333333333,0.92,0.8949652777777778,205.85835886001587
