precision,accuracy,recall,duration
0.9378941589811155,0.9338842975206612,0.9106891900370161,507.97697734832764
