precision,accuracy,recall,duration
0.6662318901755521,0.6464088397790055,0.6225682612603615,166.28610372543335
