precision,accuracy,recall,duration
0.8348159776731205,0.7975,0.6634356025389392,220.61890602111816
