precision,accuracy,recall,duration
0.8326839826839827,0.8356164383561644,0.8588554720133669,208.33358526229858
