precision,accuracy,recall,duration
0.6976608187134503,0.703125,0.6710526315789473,83.17507910728455
