precision,accuracy,recall,duration
0.8441585066585067,0.8209718670076727,0.8252644127644129,474.2870442867279
