precision,accuracy,recall,duration
0.6818202896442194,0.9348888888888889,0.5683582820621675,428.3481707572937
