precision,accuracy,recall,duration
0.9498446059137434,0.9556097560975609,0.9396921648392248,152.25193047523499
