precision,accuracy,recall,duration
0.9627923231748199,0.9648780487804878,0.947270727912347,83.87695407867432
