precision,accuracy,recall,duration
0.9523052464228935,0.9473222124670764,0.9473684210526316,507.76031613349915
