precision,accuracy,recall,duration
0.7632850241545893,0.7733333333333333,0.7862283602411982,169.14206099510193
