precision,accuracy,recall,duration
0.7182478868942974,0.9391111111111111,0.5805814519967379,273.28948640823364
