precision,accuracy,recall,duration
0.8969979296066253,0.9037800687285223,0.8770482849027748,790.024712562561
