precision,accuracy,recall,duration
0.808080808080808,0.7945205479452054,0.8231411862990811,110.72202610969543
