precision,accuracy,recall,duration
0.7276735293919954,0.8065934065934066,0.6742262934863555,801.4955694675446
