precision,accuracy,recall,duration
0.9606429694000185,0.9643231899265478,0.964334637964775,84.84107232093811
