precision,accuracy,recall,duration
0.7970250178841509,0.7416879795396419,0.7583511458511457,348.19535875320435
