precision,accuracy,recall,duration
0.9761789285865881,0.9758793969849247,0.9759189306760284,507.8278167247772
