precision,accuracy,recall,duration
0.9499312599055248,0.9497361843932242,0.9495285100918903,1497.8995337486267
