precision,accuracy,recall,duration
0.42349084339719867,0.72,0.4510970708529907,133.86605048179626
