precision,accuracy,recall,duration
0.3762435739587551,0.6215538847117794,0.39010237560956657,83.3652069568634
