precision,accuracy,recall,duration
0.8708204113981904,0.7869822485207101,0.8963683628695207,225.695481300354
