precision,accuracy,recall,duration
0.7846056222554161,0.795,0.801980551980552,195.6852126121521
