precision,accuracy,recall,duration
0.9676275771993657,0.9690048939641109,0.964733560484899,388.3145499229431
