precision,accuracy,recall,duration
0.7283783783783784,0.7348066298342542,0.7223684210526315,489.1720087528229
