precision,accuracy,recall,duration
0.6364928058813507,0.7626373626373626,0.5907701183577344,685.9060518741608
