precision,accuracy,recall,duration
0.9497346645080051,0.9313725490196079,0.8900709219858156,264.2908983230591
