precision,accuracy,recall,duration
0.6115196078431372,0.7,0.5416666666666666,105.25501561164856
