precision,accuracy,recall,duration
0.6992955742873356,0.9368888888888889,0.5966405880897658,777.6230461597443
