precision,accuracy,recall,duration
0.9630285091884278,0.96,0.9390116832780356,104.7278528213501
