precision,accuracy,recall,duration
0.9547380211934416,0.9560975609756097,0.9365547158802858,273.8798363208771
