precision,accuracy,recall,duration
0.6278110084904549,0.6282828282828283,0.6282828282828282,255.91388297080994
