precision,accuracy,recall,duration
0.9481018981018982,0.9281045751633987,0.882495164410058,214.4658966064453
