precision,accuracy,recall,duration
0.9181165348812408,0.9033333333333333,0.9033333333333334,316.8751530647278
