precision,accuracy,recall,duration
0.5629546427043218,0.7142857142857143,0.576867816091954,925.834890127182
