precision,accuracy,recall,duration
0.9021369596891695,0.89,0.859375,107.97658967971802
