precision,accuracy,recall,duration
0.7119538762826478,0.9382222222222222,0.5686088737166737,328.92935967445374
