precision,accuracy,recall,duration
0.7044123325813466,0.8,0.7687789661319074,229.50220155715942
