precision,accuracy,recall,duration
0.9650158399046164,0.9648,0.9653613640259603,567.8325321674347
