precision,accuracy,recall,duration
0.7225528021485832,0.75,0.7129802746399253,358.02937722206116
