precision,accuracy,recall,duration
0.8392954150369404,0.8342857142857143,0.8482362592288761,332.5188732147217
