precision,accuracy,recall,duration
0.8385450954575377,0.8285714285714286,0.8434053413544801,94.06606674194336
