precision,accuracy,recall,duration
0.949122664122354,0.9437100213219616,0.9441781869352457,250.00211119651794
