precision,accuracy,recall,duration
0.9369619226390862,0.9463414634146341,0.9298633437396753,147.8631501197815
