precision,accuracy,recall,duration
0.8534280868933215,0.8514285714285714,0.86127062255036,203.7258882522583
