precision,accuracy,recall,duration
0.89530555495963,0.806508875739645,0.9052212706072836,138.13193941116333
