precision,accuracy,recall,duration
0.7520634920634921,0.7,0.7,126.89801692962646
