precision,accuracy,recall,duration
0.8908485019236898,0.889,0.8664031244046485,2073.3132584095
