precision,accuracy,recall,duration
0.9206749342275657,0.9116666666666666,0.9116666666666667,820.7830300331116
