precision,accuracy,recall,duration
0.6122615075584412,0.7375,0.5980487007913168,132.43882870674133
