precision,accuracy,recall,duration
0.5833333333333333,0.4,0.4125,235.79733967781067
