precision,accuracy,recall,duration
0.8428319583979963,0.8342857142857143,0.8438610883237626,79.36604380607605
