precision,accuracy,recall,duration
0.8367517290722633,0.8286713286713286,0.7991662467359935,853.6494374275208
