precision,accuracy,recall,duration
0.8896560269104636,0.884185303514377,0.8795083124719173,502.5261387825012
