precision,accuracy,recall,duration
0.8358993753466112,0.8461538461538461,0.8379920723789159,456.77216053009033
