precision,accuracy,recall,duration
0.8808709905279871,0.806508875739645,0.9036071460701819,221.06900310516357
