precision,accuracy,recall,duration
0.8831675643172568,0.8088757396449704,0.9078229474070723,389.70974922180176
