precision,accuracy,recall,duration
0.7257869249394673,0.7292817679558011,0.7103383458646617,170.28444409370422
