precision,accuracy,recall,duration
0.46723551643858513,0.7675,0.4766867128587173,459.71340823173523
