precision,accuracy,recall,duration
0.7840727226169899,0.784,0.784,544.1937177181244
