precision,accuracy,recall,duration
0.9382697044334976,0.9385964912280702,0.9393518518518519,437.6463072299957
