precision,accuracy,recall,duration
0.9070292604334494,0.9049520766773163,0.9021644521471212,143.30511212348938
