precision,accuracy,recall,duration
0.941246984010142,0.9256198347107438,0.8850790513833994,109.24703669548035
