precision,accuracy,recall,duration
0.7280447390223694,0.7047619047619048,0.6998910675381264,192.18509221076965
