precision,accuracy,recall,duration
0.6152101517163108,0.670846394984326,0.5268878182805534,212.41047048568726
