precision,accuracy,recall,duration
0.3624501987608255,0.5839598997493735,0.36517911785277146,162.95190715789795
