precision,accuracy,recall,duration
0.7742081447963801,0.7866666666666666,0.7888602888602889,195.28321242332458
