precision,accuracy,recall,duration
0.6753246753246753,0.6875,0.6639676113360324,127.88457345962524
