precision,accuracy,recall,duration
0.832807187955318,0.8344988344988346,0.813917266022264,1455.5127530097961
