precision,accuracy,recall,duration
0.9015555528016336,0.8986666666666666,0.8986666666666667,881.3225469589233
