precision,accuracy,recall,duration
0.8630826565802647,0.8797250859106529,0.8565381254096569,349.02830505371094
