precision,accuracy,recall,duration
0.905558924215889,0.814792899408284,0.9135973695077737,238.84007120132446
