precision,accuracy,recall,duration
0.7161293910164878,0.810989010989011,0.6873214480394048,1375.7045698165894
