precision,accuracy,recall,duration
0.945603100214179,0.9444444444444444,0.9446347125602542,1023.9259552955627
