precision,accuracy,recall,duration
0.969047619047619,0.9575163398692811,0.9506769825918762,567.3019285202026
