precision,accuracy,recall,duration
0.8523639169472502,0.8512820512820513,0.843150919761294,776.5207493305206
