precision,accuracy,recall,duration
0.39297414517703994,0.5964912280701754,0.38825112684812807,265.8833873271942
