precision,accuracy,recall,duration
0.7392857142857143,0.7,0.7,672.3279962539673
