precision,accuracy,recall,duration
0.9242979474229472,0.9133333333333333,0.9133333333333336,422.61705207824707
