precision,accuracy,recall,duration
0.3611994467969279,0.5789473684210527,0.36350789765110453,202.41872644424438
