precision,accuracy,recall,duration
0.9764268279043306,0.9791160757649344,0.9620816544069801,2131.7371191978455
