precision,accuracy,recall,duration
0.7927265500794913,0.7714285714285715,0.7674291938997821,209.85140705108643
