precision,accuracy,recall,duration
0.919226652976653,0.91,0.9100000000000001,1059.574584722519
