precision,accuracy,recall,duration
0.8448733635133104,0.841025641025641,0.8416251976376995,547.9255568981171
