precision,accuracy,recall,duration
0.8935730211817168,0.8851913477537438,0.8989366510723891,324.44341349601746
