precision,accuracy,recall,duration
0.8212664378105555,0.8282051282051283,0.8187266643100622,278.4935848712921
