precision,accuracy,recall,duration
0.900114609238251,0.8993333333333333,0.8975279097952202,537.5864584445953
