precision,accuracy,recall,duration
0.6360418967234673,0.7516483516483516,0.6050958444376401,449.70866084098816
