precision,accuracy,recall,duration
0.7023631827665864,0.9355555555555556,0.5883687218198648,194.24867415428162
