precision,accuracy,recall,duration
0.9563587115814155,0.9421487603305785,0.9169301712779974,168.02969098091125
