precision,accuracy,recall,duration
0.8215847282170053,0.8057142857142857,0.822623279555191,60.5364408493042
