precision,accuracy,recall,duration
0.39605105044548733,0.5964912280701754,0.3959657258456218,169.511372089386
