precision,accuracy,recall,duration
0.856947782390212,0.8762886597938144,0.856947782390212,144.23866248130798
