precision,accuracy,recall,duration
0.863982683982684,0.8514285714285714,0.8685625740588826,82.71594834327698
