precision,accuracy,recall,duration
0.9712163615935995,0.9698492462311558,0.9700822399392811,147.59151220321655
