precision,accuracy,recall,duration
0.712713636820503,0.7875,0.6239496650329611,452.8083164691925
