precision,accuracy,recall,duration
0.8314385918870074,0.8356643356643356,0.8182005588895507,1924.3869955539703
