precision,accuracy,recall,duration
0.8311688311688312,0.8148148148148148,0.8148148148148149,95.96630883216858
