precision,accuracy,recall,duration
0.7166666666666667,0.6666666666666666,0.6666666666666666,506.7357416152954
