precision,accuracy,recall,duration
0.9591833265333878,0.9591836734693877,0.9591833265333878,1035.6297554969788
