precision,accuracy,recall,duration
0.7280583829460342,0.728,0.728,625.593302488327
