precision,accuracy,recall,duration
0.6206310842129037,0.6849529780564263,0.5482838701664633,200.47116494178772
