precision,accuracy,recall,duration
0.6814858780948214,0.7140448709635585,0.6225905059140938,4702.134007930756
