precision,accuracy,recall,duration
0.9669579310032186,0.966958211856171,0.9669579310032186,532.2719120979309
