precision,accuracy,recall,duration
0.8715155128580107,0.8569051580698835,0.873194792867313,331.43357515335083
