precision,accuracy,recall,duration
0.8507196663976325,0.8514285714285714,0.8583538419469511,59.43248915672302
