precision,accuracy,recall,duration
0.4047789296473507,0.6015037593984962,0.39522689961337454,155.15081119537354
