precision,accuracy,recall,duration
0.3987330979502585,0.6115288220551378,0.4015395683977386,144.88416743278503
