precision,accuracy,recall,duration
0.8154710368996083,0.821917808219178,0.8390142021720968,265.9964256286621
