precision,accuracy,recall,duration
0.8518061968498153,0.7715976331360946,0.8890360382311239,344.9525444507599
