precision,accuracy,recall,duration
0.776387569070496,0.7916666666666666,0.7807450307450308,364.46304869651794
