precision,accuracy,recall,duration
0.9831922735649444,0.9828571428571429,0.9840194698569082,566.8050239086151
