precision,accuracy,recall,duration
0.6231884057971014,0.7888198757763976,0.6021421107628004,445.7224838733673
