precision,accuracy,recall,duration
0.7273035230352303,0.7525,0.6199465124020064,207.6729118824005
