precision,accuracy,recall,duration
0.7084165736840554,0.9355555555555556,0.5964324846211267,265.55224084854126
