precision,accuracy,recall,duration
0.8665671802317764,0.8356164383561644,0.83734335839599,86.60539245605469
