precision,accuracy,recall,duration
0.9024842820730671,0.896,0.896,927.9945747852325
