precision,accuracy,recall,duration
0.9746106979111339,0.9766877124817873,0.9566947220550995,924.0503084659576
