precision,accuracy,recall,duration
0.9594145304697752,0.9604878048780487,0.9418654941317779,108.33130407333374
