precision,accuracy,recall,duration
0.7755102040816326,0.5925925925925926,0.5925925925925926,65.42901587486267
