precision,accuracy,recall,duration
0.8450491307634165,0.8342857142857143,0.8482362592288761,128.4975335597992
