precision,accuracy,recall,duration
0.8257575757575758,0.7666666666666667,0.7666666666666667,243.1655251979828
