precision,accuracy,recall,duration
0.6200224519555134,0.7100313479623824,0.5523313384301427,725.5790660381317
