precision,accuracy,recall,duration
0.5487272727272727,0.538961038961039,0.5373152592531207,850.7466096878052
