precision,accuracy,recall,duration
0.8824212271973466,0.8969072164948454,0.8778675988638847,221.69298553466797
