precision,accuracy,recall,duration
0.5790117943349122,0.5746753246753247,0.570409388257427,475.31063890457153
