precision,accuracy,recall,duration
0.7984584034584035,0.7800511508951407,0.7833286458286457,327.5790009498596
