precision,accuracy,recall,duration
0.8380112434422778,0.8333333333333334,0.8352322047462276,285.46311712265015
