precision,accuracy,recall,duration
0.6785714285714286,0.6875,0.6821862348178138,133.64407539367676
