precision,accuracy,recall,duration
0.9030338164251207,0.9013333333333333,0.9013333333333334,880.8036432266235
