precision,accuracy,recall,duration
0.46284023665199864,0.735,0.4814361937127547,436.66437911987305
