precision,accuracy,recall,duration
0.9627369992292686,0.96,0.9403512156448463,163.01080513000488
