precision,accuracy,recall,duration
0.693798449612403,0.703125,0.6771255060728745,123.65299129486084
