precision,accuracy,recall,duration
0.9602783356013745,0.9570731707317073,0.937437610569922,113.68488693237305
