precision,accuracy,recall,duration
0.6444529422268462,0.7084639498432602,0.5985077245447694,161.04718780517578
