precision,accuracy,recall,duration
0.765575378075378,0.731457800511509,0.7379213504213505,325.511257648468
