precision,accuracy,recall,duration
0.6399131685183076,0.6667098949552587,0.5802609938708975,2766.2377977371216
