precision,accuracy,recall,duration
0.8985310628742516,0.8976666666666666,0.8957810208478609,296.1838712692261
