precision,accuracy,recall,duration
0.9265788133184106,0.926017601760176,0.9256411653589073,793.9542803764343
