precision,accuracy,recall,duration
0.6232453641419399,0.7325,0.6186435380528207,162.67443466186523
