precision,accuracy,recall,duration
0.8148102815177478,0.824390243902439,0.659795008912656,231.94442510604858
