precision,accuracy,recall,duration
0.8421482460916232,0.844988344988345,0.8274714828897338,555.6759538650513
