precision,accuracy,recall,duration
0.3530892222404239,0.5839598997493735,0.35914737182102546,163.8820972442627
