precision,accuracy,recall,duration
0.7774502579218865,0.7714285714285715,0.7734204793028323,143.27557802200317
