precision,accuracy,recall,duration
0.9736449990687279,0.9728643216080402,0.9728062344547266,194.3714075088501
