precision,accuracy,recall,duration
0.7446030918199744,0.756578947368421,0.7341386500900671,132.04016423225403
