precision,accuracy,recall,duration
0.835732822540781,0.8344988344988346,0.8111399972513629,1651.4997880458832
