precision,accuracy,recall,duration
0.8385898181253438,0.8515625,0.8185780956927139,424.23312735557556
