precision,accuracy,recall,duration
0.9715486054382076,0.9712,0.9722095698182655,411.9615466594696
