precision,accuracy,recall,duration
0.8567796317796318,0.8516624040920716,0.8591398466398468,477.2616126537323
