precision,accuracy,recall,duration
0.8456567903731419,0.8457142857142858,0.8535229240725549,203.89566111564636
