precision,accuracy,recall,duration
0.7312782154554306,0.8292682926829268,0.7594117647058823,1023.739405632019
