precision,accuracy,recall,duration
0.8228466490825038,0.8057142857142857,0.8240816698568955,446.9793963432312
