precision,accuracy,recall,duration
0.8390353124873249,0.8056265984654731,0.8142667017667018,189.3131422996521
