precision,accuracy,recall,duration
0.7297064851412678,0.8146341463414634,0.7634135472370766,116.43828749656677
