precision,accuracy,recall,duration
0.9089210549881391,0.9078726968174204,0.9082432731914777,1016.427253484726
