precision,accuracy,recall,duration
0.9345837694051979,0.9345434543454345,0.934432214472537,1105.0690491199493
