precision,accuracy,recall,duration
0.8636340406704218,0.7828402366863906,0.8936137669504343,160.49722385406494
