precision,accuracy,recall,duration
0.6188008796758797,0.7296703296703296,0.5678355982338955,263.24382400512695
