precision,accuracy,recall,duration
0.9576114493137218,0.9572400388726919,0.9572000090665941,446.52424597740173
