precision,accuracy,recall,duration
0.7748786717752235,0.8585365853658536,0.7825935828877006,167.96756052970886
