precision,accuracy,recall,duration
0.9612513248210993,0.9590243902439024,0.9384915736560406,228.12268137931824
