precision,accuracy,recall,duration
0.6248391248391248,0.7732919254658385,0.6330329153605015,445.7078194618225
