precision,accuracy,recall,duration
0.6858575461251735,0.7804878048780488,0.7048039215686274,113.02087140083313
