precision,accuracy,recall,duration
0.9498298483759973,0.9494655004859086,0.9494254045967632,246.7038176059723
