precision,accuracy,recall,duration
0.6668132702920837,0.7604395604395604,0.6131871269425448,455.4582505226135
