precision,accuracy,recall,duration
0.9457985963944135,0.9360341151385928,0.9366317714712962,925.8780314922333
