precision,accuracy,recall,duration
0.8474319398587103,0.8564102564102564,0.8471693046913903,880.6181380748749
