precision,accuracy,recall,duration
0.8443572090630913,0.8333333333333334,0.8411623452269105,537.9776117801666
