precision,accuracy,recall,duration
0.917094017094017,0.9166666666666666,0.9220647773279352,146.40067219734192
