precision,accuracy,recall,duration
0.7722629755063894,0.78,0.6876190366875949,193.4249291419983
