precision,accuracy,recall,duration
0.9283518092543396,0.9214876033057852,0.9020923520923522,82.17344832420349
