precision,accuracy,recall,duration
0.9820708464058064,0.9819095477386934,0.982301522522631,505.7238664627075
