precision,accuracy,recall,duration
0.7853426335569192,0.81,0.6602095122221839,145.92085552215576
