precision,accuracy,recall,duration
0.5191639204729845,0.7975,0.5218319469515107,161.49740719795227
