precision,accuracy,recall,duration
0.8888231958203121,0.8893333333333333,0.888671734528273,407.87783885002136
