precision,accuracy,recall,duration
0.6666666666666666,0.6666666666666666,0.6655773420479303,264.32567715644836
