precision,accuracy,recall,duration
0.682634002046679,0.9351111111111111,0.583717270302244,1136.1377184391022
