precision,accuracy,recall,duration
0.9426670109384536,0.944386149003148,0.9393462864597895,101.00117421150208
