precision,accuracy,recall,duration
0.9258909523044297,0.9249174917491749,0.9244133246149375,1200.156674861908
