precision,accuracy,recall,duration
0.9669242320004556,0.9653658536585366,0.9481783734481457,282.1266131401062
