precision,accuracy,recall,duration
0.8980307880639378,0.8963333333333333,0.8939150816756017,458.58876371383667
