precision,accuracy,recall,duration
0.9325948396712751,0.9318816303740927,0.9320664617784087,1343.1887640953064
