precision,accuracy,recall,duration
0.6422443255436104,0.7274725274725274,0.5991134814789614,136.65408420562744
