precision,accuracy,recall,duration
0.7301136363636364,0.7222222222222222,0.7222222222222222,110.28443789482117
