precision,accuracy,recall,duration
0.7687312687312687,0.8585365853658536,0.8128698752228164,282.7432165145874
