precision,accuracy,recall,duration
0.5839001889126466,0.7021943573667712,0.5518936077208203,312.47970938682556
