precision,accuracy,recall,duration
0.9241667129167129,0.9133333333333333,0.9133333333333334,969.3368632793427
