precision,accuracy,recall,duration
0.7838557993730407,0.7975,0.7028978187925882,86.32247304916382
