precision,accuracy,recall,duration
0.8330223455543256,0.8333333333333334,0.8268148264296644,298.5510573387146
