precision,accuracy,recall,duration
0.8697920026768403,0.878125,0.8486218537649785,543.3217551708221
