precision,accuracy,recall,duration
0.8611801242236025,0.8366666666666667,0.7827757245672049,164.23346590995789
