precision,accuracy,recall,duration
0.7258852258852259,0.7055555555555556,0.7055555555555555,264.4543282985687
