precision,accuracy,recall,duration
0.9652316074231114,0.9634146341463414,0.943649457540323,165.50900983810425
