precision,accuracy,recall,duration
0.8481336244002794,0.841025641025641,0.8480069291864533,567.3998744487762
