precision,accuracy,recall,duration
0.7245358090185676,0.7292817679558011,0.712155388471178,273.85685753822327
