precision,accuracy,recall,duration
0.9157711973953515,0.9093333333333333,0.9093333333333332,573.9094786643982
