precision,accuracy,recall,duration
0.7618749720720318,0.77,0.7793507793507793,209.3250012397766
