precision,accuracy,recall,duration
0.8532757415780478,0.8514285714285714,0.864187403153769,214.97083950042725
