precision,accuracy,recall,duration
0.48992148438946703,0.4967532467532468,0.4941345580688027,925.4485673904419
