precision,accuracy,recall,duration
0.6711528735361146,0.9353333333333333,0.5889451035565282,447.6318998336792
