precision,accuracy,recall,duration
0.9777123037992604,0.9771428571428571,0.977216748768473,265.648686170578
