precision,accuracy,recall,duration
0.9947536060286508,0.9947322212467077,0.9947353004655752,325.58510160446167
