precision,accuracy,recall,duration
0.931222804972805,0.9216666666666666,0.9216666666666667,1525.9101479053497
