precision,accuracy,recall,duration
0.46542759090485203,0.7325,0.48666590077173,174.66586828231812
