precision,accuracy,recall,duration
0.9592938014259861,0.9584,0.9595905221992178,181.82580518722534
