precision,accuracy,recall,duration
0.9103594814429009,0.9066666666666666,0.9066666666666666,482.67503690719604
