precision,accuracy,recall,duration
0.8337662337662337,0.7333333333333333,0.7333333333333334,183.24936151504517
