precision,accuracy,recall,duration
0.9732449536536019,0.9722675367047309,0.9662575620610527,871.3746945858002
