precision,accuracy,recall,duration
0.4958370489269366,0.7875,0.509608491011435,266.06644773483276
