precision,accuracy,recall,duration
0.9265613900243395,0.9173553719008265,0.8958670556496643,266.4780960083008
