precision,accuracy,recall,duration
0.9712875116601826,0.9714285714285714,0.9731409805301431,267.1510765552521
