precision,accuracy,recall,duration
0.8419507811920086,0.85078125,0.8191970904074536,191.116548538208
