precision,accuracy,recall,duration
0.6970001699432694,0.9368888888888889,0.5796613560541402,636.3977284431458
