precision,accuracy,recall,duration
0.8080788681902566,0.808,0.808,1866.7689864635468
