precision,accuracy,recall,duration
0.7740384615384616,0.8,0.6916666666666667,349.65638756752014
