precision,accuracy,recall,duration
0.9020403830669694,0.9009584664536742,0.8987123692149689,263.698689699173
