precision,accuracy,recall,duration
0.8946028882782591,0.7976331360946746,0.9048184444975774,935.3631699085236
