precision,accuracy,recall,duration
0.640434227330779,0.755,0.6246934890394806,93.29635977745056
