precision,accuracy,recall,duration
0.7845810042477727,0.7975,0.6960806369538851,207.92423605918884
