precision,accuracy,recall,duration
0.9366558904058905,0.9216666666666666,0.9216666666666667,2004.6194190979004
