precision,accuracy,recall,duration
0.9530990173847317,0.9462809917355371,0.9294927144111926,146.76125073432922
