precision,accuracy,recall,duration
0.8403485168812865,0.84,0.84,564.6313951015472
