precision,accuracy,recall,duration
0.9304471257284663,0.9304180418041804,0.9303109561174077,1659.4651846885681
