precision,accuracy,recall,duration
0.7944762050601466,0.8025,0.7185086984301887,87.2405788898468
