precision,accuracy,recall,duration
0.9801533094668616,0.9798994974874372,0.9800051660270116,392.6832163333893
