precision,accuracy,recall,duration
0.5887299965951651,0.7608695652173914,0.5850966562173459,772.9107069969177
