precision,accuracy,recall,duration
0.6065493646138808,0.609375,0.6103238866396761,263.3192069530487
