precision,accuracy,recall,duration
0.5365419774137681,0.785,0.5104271084686115,377.493852853775
