precision,accuracy,recall,duration
0.9753448870487104,0.9771733851384167,0.95733727065859,1078.5014865398407
