precision,accuracy,recall,duration
0.7399187920220751,0.6163682864450127,0.6110808485808485,174.37696290016174
