precision,accuracy,recall,duration
0.6264250544907575,0.6262626262626263,0.6262626262626262,181.5141417980194
