precision,accuracy,recall,duration
0.865865916526252,0.87109375,0.8373786837530138,609.1607539653778
