precision,accuracy,recall,duration
0.7422290995256988,0.7825,0.6554476621175427,84.57606387138367
