precision,accuracy,recall,duration
0.788058856819468,0.8066666666666666,0.7970239253063607,325.5056827068329
