precision,accuracy,recall,duration
0.8529287683699448,0.8465473145780051,0.8481242856242857,521.9967095851898
