precision,accuracy,recall,duration
0.5139988647827761,0.7525,0.5180439739016599,138.6071264743805
