precision,accuracy,recall,duration
0.9620524346794685,0.964390243902439,0.9500513876332642,470.95498967170715
