precision,accuracy,recall,duration
0.9543662981162981,0.934640522875817,0.9025628626692457,264.0783426761627
