precision,accuracy,recall,duration
0.8378281714620146,0.8426573426573427,0.8272367034678638,1933.6198933124542
