precision,accuracy,recall,duration
0.9693417194044297,0.9688442211055276,0.9691541997731686,203.63931822776794
