precision,accuracy,recall,duration
0.6392116444265452,0.7084639498432602,0.5566377073930187,137.16210389137268
