precision,accuracy,recall,duration
0.8634500467734979,0.8669270833333333,0.8327050971124293,1056.024169921875
