precision,accuracy,recall,duration
0.753015873015873,0.8292682926829268,0.8073262032085561,407.8566358089447
