precision,accuracy,recall,duration
0.5882919551315046,0.7084639498432602,0.5589174342288199,435.75356221199036
