precision,accuracy,recall,duration
0.7431409928854998,0.8341463414634146,0.7948395721925134,280.5581874847412
