precision,accuracy,recall,duration
0.8862915749159888,0.871,0.8349685654410364,2065.423152923584
