precision,accuracy,recall,duration
0.9028495776068591,0.8944444444444445,0.8944444444444444,552.6669681072235
