precision,accuracy,recall,duration
0.9238251513308605,0.923785594639866,0.9241412684757945,1587.1394248008728
