precision,accuracy,recall,duration
0.8969827230743856,0.896964856230032,0.895511907054368,67.23465371131897
