precision,accuracy,recall,duration
0.9175671812464264,0.9173553719008265,0.8935943283769371,619.2977976799011
