precision,accuracy,recall,duration
0.8162357603534073,0.7851662404092071,0.7943329943329943,472.1141576766968
