precision,accuracy,recall,duration
0.9731265373003438,0.9728643216080402,0.9733043508576488,92.54127049446106
