precision,accuracy,recall,duration
0.9636510869560406,0.9632,0.9640602048366024,357.38967847824097
