precision,accuracy,recall,duration
0.7541816247839384,0.73,0.6119907104515073,451.81123876571655
