precision,accuracy,recall,duration
0.8366634264679361,0.8333333333333334,0.834455002237526,778.6597917079926
