precision,accuracy,recall,duration
0.8964191972204097,0.8953333333333333,0.8932684580337906,190.44857168197632
