precision,accuracy,recall,duration
0.894552938031199,0.8906666666666667,0.8906666666666667,545.7535696029663
