precision,accuracy,recall,duration
0.7198067632850241,0.71875,0.6842105263157895,83.13265943527222
