precision,accuracy,recall,duration
0.8627939236821758,0.8419301164725458,0.8605555178882184,384.5925738811493
