precision,accuracy,recall,duration
0.9933333333333333,0.9933333333333333,0.9933333333333333,206.89866828918457
