precision,accuracy,recall,duration
0.7646118521118522,0.731457800511509,0.7390596640596641,274.99946570396423
