precision,accuracy,recall,duration
0.8811697092630155,0.8934707903780069,0.8695105964605637,133.64355206489563
