precision,accuracy,recall,duration
0.47045398636183133,0.4527272727272727,0.468367556279945,296.28915667533875
