precision,accuracy,recall,duration
0.40348887075736234,0.6040100250626567,0.39796290629674963,163.75070524215698
