precision,accuracy,recall,duration
0.687984689675244,0.9351111111111111,0.5593474103326831,330.653617143631
