precision,accuracy,recall,duration
0.9234167061792655,0.9232673267326733,0.9230674222609707,1797.7252445220947
