precision,accuracy,recall,duration
0.8352911339979573,0.8333333333333334,0.8254299392720846,458.714821100235
