precision,accuracy,recall,duration
0.4813793666435943,0.73,0.5087079459011276,82.02875399589539
