precision,accuracy,recall,duration
0.8910714285714286,0.8833333333333333,0.8802776171197224,171.98526120185852
