precision,accuracy,recall,duration
0.9141836437498019,0.9049586776859504,0.8811939268461008,325.4925513267517
