precision,accuracy,recall,duration
0.9518129353667124,0.9595121951219512,0.937058400584451,366.1550705432892
