precision,accuracy,recall,duration
0.7867344688740006,0.81,0.7175441617024206,84.60380220413208
