precision,accuracy,recall,duration
0.9772544283413849,0.9771428571428571,0.9775259633634017,119.16223359107971
