precision,accuracy,recall,duration
0.5272022898369777,0.538961038961039,0.5387569985403201,1203.2072236537933
