precision,accuracy,recall,duration
0.7466666666666667,0.6333333333333333,0.6333333333333333,278.98377656936646
