precision,accuracy,recall,duration
0.9473893938153335,0.9421487603305785,0.9274546709329318,280.26085138320923
