precision,accuracy,recall,duration
0.8452707294086726,0.85546875,0.819909368839272,521.5317871570587
