precision,accuracy,recall,duration
0.9120772946859903,0.9,0.8859890109890111,102.32075524330139
