precision,accuracy,recall,duration
0.8828432405317281,0.88671875,0.8540427014456226,1428.9959239959717
