precision,accuracy,recall,duration
0.970924301163028,0.9708454810495627,0.9708282333741329,120.26713252067566
