precision,accuracy,recall,duration
0.9259531991490755,0.9257425742574258,0.9255122057541412,503.5957930088043
