precision,accuracy,recall,duration
0.900974025974026,0.8333333333333334,0.7416666666666666,178.968323469162
