precision,accuracy,recall,duration
0.7859477124183006,0.7868852459016393,0.7840909090909092,113.79191398620605
