precision,accuracy,recall,duration
0.9454366065021803,0.9380165289256198,0.9238314825271347,439.9711880683899
