precision,accuracy,recall,duration
0.9032966894718596,0.8118343195266272,0.9121950508481371,524.4915716648102
