precision,accuracy,recall,duration
0.6132079199739459,0.6136363636363636,0.6136363636363636,383.9042766094208
