precision,accuracy,recall,duration
0.8238580408093373,0.8358974358974359,0.8278611733768467,480.21137976646423
