precision,accuracy,recall,duration
0.8397753040610184,0.821917808219178,0.8381787802840436,127.39836597442627
