precision,accuracy,recall,duration
0.8805076097161272,0.8773333333333333,0.8773333333333334,360.7903881072998
