precision,accuracy,recall,duration
0.6849582049522366,0.9364444444444444,0.5787900764542607,1068.0414278507233
