precision,accuracy,recall,duration
0.787109375,0.8,0.8013013013013013,326.14403438568115
