precision,accuracy,recall,duration
0.6345854283742481,0.7525,0.6093246103794626,83.31785535812378
