precision,accuracy,recall,duration
0.974503925137889,0.9788732394366197,0.9633585513362584,3267.1458871364594
