precision,accuracy,recall,duration
0.7447201067755358,0.755,0.76001001001001,375.2268376350403
