precision,accuracy,recall,duration
0.6250554961514276,0.7225705329153606,0.567056469368976,535.5547754764557
