precision,accuracy,recall,duration
0.8650883687604489,0.872852233676976,0.8339796810137645,387.2808392047882
