precision,accuracy,recall,duration
0.9600641066653828,0.9573560767590619,0.9575659350511547,684.1360282897949
