precision,accuracy,recall,duration
0.8981692991291429,0.8177514792899409,0.9151484822097062,628.7168109416962
