precision,accuracy,recall,duration
0.9499343185550081,0.9380165289256198,0.9277997364953886,263.76359367370605
