precision,accuracy,recall,duration
0.9733285917496444,0.9733333333333334,0.9733285917496444,400.19459795951843
