precision,accuracy,recall,duration
0.986842105263158,0.9866666666666667,0.986842105263158,205.45914673805237
