precision,accuracy,recall,duration
0.8990071656738324,0.896,0.896,537.6905376911163
