precision,accuracy,recall,duration
0.9593781753520757,0.9570731707317073,0.9380064340193854,83.67881560325623
