precision,accuracy,recall,duration
0.7519662200604648,0.7416666666666667,0.7745817934254036,297.4719934463501
