precision,accuracy,recall,duration
0.98612080299272,0.985929648241206,0.9858736266296023,63.90632605552673
