precision,accuracy,recall,duration
0.6520058643209383,0.7525,0.6187699782636491,91.62506985664368
