precision,accuracy,recall,duration
0.8726596320346319,0.8685714285714285,0.877221766475253,133.23431611061096
