precision,accuracy,recall,duration
0.8983842622642567,0.8963333333333333,0.8937238865676949,616.137859582901
