precision,accuracy,recall,duration
0.6098531199709306,0.6126262626262626,0.6126262626262626,303.193922996521
