precision,accuracy,recall,duration
0.6249309521587825,0.6277777777777778,0.6277777777777778,175.70020055770874
