precision,accuracy,recall,duration
0.8536287510690111,0.8435897435897436,0.8516270589332433,1231.257074356079
