precision,accuracy,recall,duration
0.7862836191387124,0.8634146341463415,0.817566844919786,177.10212469100952
