precision,accuracy,recall,duration
0.8585544889892717,0.8457142857142858,0.8651900464861909,62.76273584365845
