precision,accuracy,recall,duration
0.8244262295081968,0.8171428571428572,0.8322851153039833,507.08844113349915
