precision,accuracy,recall,duration
0.7428620571035432,0.8439024390243902,0.7549554367201425,274.4233775138855
