precision,accuracy,recall,duration
0.9828571428571429,0.9828571428571429,0.9831691297208539,564.324700832367
