precision,accuracy,recall,duration
0.9019624145972934,0.9013333333333333,0.9013333333333334,375.6684000492096
