precision,accuracy,recall,duration
0.7435869378104315,0.7552631578947369,0.6893079573386582,185.28610706329346
