precision,accuracy,recall,duration
0.9525296457380766,0.9380165289256198,0.9198632285588806,94.76722049713135
