precision,accuracy,recall,duration
0.9053032199223694,0.9053601340033501,0.9056343085245365,1295.4892129898071
