precision,accuracy,recall,duration
0.5921429480813791,0.71,0.5862116239753371,191.31360507011414
