precision,accuracy,recall,duration
0.6470477624860319,0.7846153846153846,0.6466961149102016,565.9534056186676
