precision,accuracy,recall,duration
0.8950507054673721,0.8933333333333333,0.8933333333333334,307.108989238739
