precision,accuracy,recall,duration
0.9346130799520629,0.9380165289256198,0.9234864169646778,586.250364780426
