precision,accuracy,recall,duration
0.9679631637784207,0.9667377398720682,0.966780466675203,206.6831033229828
