precision,accuracy,recall,duration
0.9025033429477616,0.8986666666666666,0.8986666666666667,928.7012541294098
