precision,accuracy,recall,duration
0.7724637681159421,0.7883333333333333,0.7914073137521883,171.58844089508057
