precision,accuracy,recall,duration
0.97205709545863,0.9755301794453507,0.9748800500660594,1105.6990451812744
