precision,accuracy,recall,duration
0.8333952540747842,0.8368298368298368,0.8185956754775756,1044.5855090618134
