precision,accuracy,recall,duration
0.5972481794161242,0.7608695652173914,0.5985501567398119,805.4076476097107
