precision,accuracy,recall,duration
0.9753980447592122,0.9768091306459447,0.9562000667224878,564.3426160812378
