precision,accuracy,recall,duration
0.8856168040525583,0.8833865814696485,0.8801514859747095,491.6753089427948
