precision,accuracy,recall,duration
0.8643202208419599,0.8356164383561644,0.83734335839599,687.7665205001831
