precision,accuracy,recall,duration
0.9295724896416092,0.9293179317931793,0.9290704010462075,1950.8876957893372
