precision,accuracy,recall,duration
0.7706031916343512,0.7592105263157894,0.709566516580707,190.27980017662048
