precision,accuracy,recall,duration
0.8650913104555489,0.878,0.8780979926912486,884.9179108142853
