precision,accuracy,recall,duration
0.9650521384313133,0.9650145772594753,0.9650029466430935,116.0729284286499
