precision,accuracy,recall,duration
0.8528545182956948,0.8439897698209718,0.8531348156348155,523.9939730167389
