precision,accuracy,recall,duration
0.9268085373232432,0.9166666666666666,0.9166666666666666,1043.4479699134827
