precision,accuracy,recall,duration
0.866144848564032,0.8557971014492753,0.8560272501721621,804.4926149845123
