precision,accuracy,recall,duration
0.8749450172066087,0.8724176437744277,0.872702526293944,683.901937007904
