precision,accuracy,recall,duration
0.835376150479156,0.8346354166666666,0.7902208845657132,204.5047688484192
