precision,accuracy,recall,duration
0.6933610521329485,0.7912087912087912,0.6452928862503166,443.33939909935
