precision,accuracy,recall,duration
0.7890306036373451,0.8016666666666666,0.8124148998249368,696.7710795402527
