precision,accuracy,recall,duration
0.8763894824280047,0.8796875,0.8489544558997064,533.6441950798035
