precision,accuracy,recall,duration
0.5100946372239747,0.8105590062111802,0.5010449320794148,99.1178526878357
