precision,accuracy,recall,duration
0.7774289024289025,0.7468030690537084,0.7494961494961495,178.77070546150208
