precision,accuracy,recall,duration
0.6599672936306371,0.93,0.569559962995977,1581.9557437896729
