precision,accuracy,recall,duration
0.4992103640964442,0.7425,0.5158632165544117,187.12995314598083
