precision,accuracy,recall,duration
0.6185182349442561,0.7210031347962382,0.5779652443478375,442.71193623542786
