precision,accuracy,recall,duration
0.7859276146040852,0.7979539641943734,0.799598487098487,143.9523901939392
