precision,accuracy,recall,duration
0.8887962962962963,0.8865979381443299,0.844029932270046,264.3379809856415
