precision,accuracy,recall,duration
0.875,0.9384615384615385,0.9622641509433962,127.65596032142639
