precision,accuracy,recall,duration
0.8182056466933959,0.8190104166666666,0.7670706891978805,248.89559030532837
