precision,accuracy,recall,duration
0.7756424496150524,0.7485714285714286,0.7743141008112296,83.95212721824646
