precision,accuracy,recall,duration
0.8811374906499544,0.8859375,0.8578981267904976,1027.5106344223022
