precision,accuracy,recall,duration
0.7609523809523809,0.6666666666666666,0.6666666666666667,339.91184997558594
