precision,accuracy,recall,duration
0.7902097902097901,0.785,0.6714143605400794,85.53456544876099
