precision,accuracy,recall,duration
0.9789583788376715,0.9782515991471216,0.978248672486461,445.6351947784424
