precision,accuracy,recall,duration
0.7538562355076117,0.765,0.7755057381832329,159.18009185791016
