precision,accuracy,recall,duration
0.9600771017904886,0.9584,0.9595262742778271,477.0013062953949
