precision,accuracy,recall,duration
0.6702983248635423,0.6795580110497238,0.6637420103864976,160.1524841785431
