precision,accuracy,recall,duration
0.9667131839496828,0.9673170731707317,0.9504611557701769,276.19782066345215
