precision,accuracy,recall,duration
0.9213730441671618,0.9214876033057852,0.9002478198130373,326.1795530319214
