precision,accuracy,recall,duration
0.7429315374580717,0.7725,0.6438540913421255,324.53378200531006
