precision,accuracy,recall,duration
0.9645736833207945,0.9634146341463414,0.9468466681103267,109.41605591773987
