precision,accuracy,recall,duration
0.7626583656644494,0.848780487804878,0.7908377896613191,645.9629683494568
