precision,accuracy,recall,duration
0.9660092938909668,0.9659863945578231,0.9659776055124891,144.42694449424744
