precision,accuracy,recall,duration
0.9580745341614907,0.9542857142857143,0.9542575650950036,102.26318335533142
