precision,accuracy,recall,duration
0.8653280230113951,0.873,0.8574490379119832,1706.9565513134003
