precision,accuracy,recall,duration
0.894696781322156,0.7958579881656804,0.8934006812186145,144.05692267417908
