precision,accuracy,recall,duration
0.9229029839556155,0.91,0.9099999999999999,563.2974255084991
