precision,accuracy,recall,duration
0.807324016563147,0.804,0.804,1165.5323388576508
