precision,accuracy,recall,duration
0.3434743576984956,0.5639097744360902,0.3449756173379184,380.0735216140747
