precision,accuracy,recall,duration
0.8287035064840081,0.8256410256410256,0.83073363470582,416.211727142334
