precision,accuracy,recall,duration
0.7699852023275737,0.775,0.7950058354405758,293.59890699386597
