precision,accuracy,recall,duration
0.825770891639393,0.8307692307692308,0.8221887415115635,352.43917894363403
