precision,accuracy,recall,duration
0.8937360897106661,0.8966942148760331,0.8594547964113182,644.9166417121887
