precision,accuracy,recall,duration
0.9021929824561404,0.9,0.902834008097166,506.7796745300293
