precision,accuracy,recall,duration
0.7979953318936369,0.7771428571428571,0.7984686901832102,162.81182503700256
