precision,accuracy,recall,duration
0.977216748768473,0.9771428571428571,0.9766756232273474,327.16585063934326
