precision,accuracy,recall,duration
0.8391430676394599,0.8461538461538461,0.8388064388618194,474.9370665550232
