precision,accuracy,recall,duration
0.9707787691250198,0.976930548810102,0.9612457383240905,803.9244422912598
