precision,accuracy,recall,duration
0.9689015821206763,0.9689018464528668,0.9689015821206763,273.0431365966797
