precision,accuracy,recall,duration
0.953125,0.9318181818181818,0.9388111888111889,223.72111749649048
