precision,accuracy,recall,duration
0.9748818631863186,0.9673202614379085,0.9586557059961316,499.8041024208069
