precision,accuracy,recall,duration
0.8338137009189641,0.821917808219178,0.8262740183792816,117.5324342250824
