precision,accuracy,recall,duration
0.9771062271062271,0.9771428571428571,0.977216748768473,207.12110877037048
