precision,accuracy,recall,duration
0.941407867494824,0.9256198347107438,0.8984691636865549,166.82128238677979
