precision,accuracy,recall,duration
0.9771062271062271,0.9771428571428571,0.977216748768473,340.9996075630188
