precision,accuracy,recall,duration
0.47489328183934854,0.7425,0.4991853717075527,140.22636365890503
