precision,accuracy,recall,duration
0.8035810986630659,0.79,0.6822725724932949,136.0661437511444
