precision,accuracy,recall,duration
0.921128719727387,0.9202420242024203,0.9197544318512061,2560.3645401000977
