precision,accuracy,recall,duration
0.6228494623655914,0.8136645962732919,0.5298458725182863,257.1783320903778
