precision,accuracy,recall,duration
0.6918522427279007,0.9357777777777778,0.5842602820659665,1080.371081352234
