precision,accuracy,recall,duration
0.7029351962856657,0.7934065934065934,0.6679996826530882,679.8331236839294
