precision,accuracy,recall,duration
0.8183521792217444,0.79,0.6986980093278086,136.5913803577423
