precision,accuracy,recall,duration
0.9674896079092236,0.9586776859504132,0.9486009159922203,203.44403386116028
