precision,accuracy,recall,duration
0.6454939096850861,0.7675,0.4961550778172705,472.4633119106293
