precision,accuracy,recall,duration
0.7330168823608436,0.72,0.748033748033748,91.0138041973114
