precision,accuracy,recall,duration
0.7186523437989204,0.7934065934065934,0.7051836202497194,505.7692642211914
