precision,accuracy,recall,duration
0.5213744588744589,0.7,0.6180555555555556,144.2303068637848
