precision,accuracy,recall,duration
0.77,0.5740740740740741,0.5740740740740741,95.97191500663757
