precision,accuracy,recall,duration
0.597038301956117,0.7362637362637363,0.5837704179377554,352.05169677734375
