precision,accuracy,recall,duration
0.7929701651919716,0.8075,0.7045743756910726,85.71445751190186
