precision,accuracy,recall,duration
0.8833478513356562,0.88,0.88,362.70897793769836
