precision,accuracy,recall,duration
0.7846111918604651,0.8,0.8047072553977825,162.31251978874207
