precision,accuracy,recall,duration
0.7754629629629629,0.7825,0.6278640542681037,205.0523600578308
