precision,accuracy,recall,duration
0.8259532538695424,0.823076923076923,0.8244083961606085,379.69953870773315
