precision,accuracy,recall,duration
0.9253332604895105,0.9246424642464246,0.9242207933740192,518.9925873279572
