precision,accuracy,recall,duration
0.9513153902634142,0.9505862646566164,0.9507403533172033,1825.7219784259796
