precision,accuracy,recall,duration
0.7326301667495126,0.9422222222222222,0.5752726151237235,185.37719058990479
