precision,accuracy,recall,duration
0.8333333333333333,0.75,0.75,107.25952816009521
