precision,accuracy,recall,duration
0.8204693034238488,0.8088578088578089,0.7735638370974391,1670.281990289688
