precision,accuracy,recall,duration
0.7920072377862356,0.7828571428571428,0.8003828274541975,566.7891442775726
