precision,accuracy,recall,duration
0.8452860596293311,0.8285714285714286,0.840488560751071,507.01208233833313
