precision,accuracy,recall,duration
0.4681391869988361,0.7275,0.49952984737067707,154.09610772132874
