precision,accuracy,recall,duration
0.7683006535947712,0.775,0.692877502687771,454.747859954834
