precision,accuracy,recall,duration
0.8718820861678005,0.863013698630137,0.8774436090225565,84.04444932937622
