precision,accuracy,recall,duration
0.8926120464925104,0.888,0.8879999999999999,285.5823061466217
