precision,accuracy,recall,duration
0.9703774486383182,0.9714285714285714,0.9715735824110209,438.3039860725403
