precision,accuracy,recall,duration
0.7827438349537083,0.8585365853658536,0.8445098039215685,234.9709072113037
