precision,accuracy,recall,duration
0.9787234042553192,0.9777777777777777,0.9777777777777779,72.04108548164368
