precision,accuracy,recall,duration
0.7165879410947485,0.7182320441988951,0.6953634085213033,407.97934770584106
