precision,accuracy,recall,duration
0.9578994946919475,0.9611752360965372,0.960225048923679,267.06302428245544
