precision,accuracy,recall,duration
0.8945830969937607,0.9037800687285223,0.8799705046974,396.72121715545654
