precision,accuracy,recall,duration
0.8479454783386235,0.8487179487179487,0.8502296563663768,381.62466073036194
