precision,accuracy,recall,duration
0.8993581342205196,0.8993333333333333,0.8981492938959175,535.241500377655
