precision,accuracy,recall,duration
0.836207771126833,0.8256410256410256,0.8321062050497693,1405.5798633098602
