precision,accuracy,recall,duration
0.3718470725772216,0.581453634085213,0.3728133196363001,212.08173370361328
