precision,accuracy,recall,duration
0.9238244479390463,0.9234608985024958,0.932464347865392,83.703688621521
