precision,accuracy,recall,duration
0.7909090909090909,0.7,0.7,194.30577898025513
