precision,accuracy,recall,duration
0.9535188750681991,0.9488272921108742,0.9492277389507295,444.7759122848511
