precision,accuracy,recall,duration
0.9324735232946795,0.932068206820682,0.9317585730892183,807.054425239563
