precision,accuracy,recall,duration
0.9681267798797457,0.9697560975609756,0.9505051221773023,368.60225772857666
