precision,accuracy,recall,duration
0.9134648178972203,0.9090909090909091,0.888095238095238,212.87078976631165
