precision,accuracy,recall,duration
0.8241620200138243,0.8076923076923077,0.8177881601641704,446.9708185195923
