precision,accuracy,recall,duration
0.7237925663127575,0.6930946291560103,0.6912527787527787,127.99675369262695
