precision,accuracy,recall,duration
0.9828571428571429,0.9828571428571429,0.9841954022988506,209.26172947883606
