precision,accuracy,recall,duration
0.8691219159202296,0.8507246376811595,0.8512873910597256,253.20116448402405
