precision,accuracy,recall,duration
0.8786764705882353,0.88,0.8576388888888888,67.85105037689209
