precision,accuracy,recall,duration
0.5727878787878787,0.7025,0.5594929605478128,112.12685585021973
