precision,accuracy,recall,duration
0.9546446124763706,0.9543245869776482,0.9542873657010744,156.18066334724426
