precision,accuracy,recall,duration
0.9589322581515723,0.9551219512195122,0.9360896706949066,80.03886890411377
