precision,accuracy,recall,duration
0.9644885980999993,0.9590618336886994,0.9591862525189523,210.7490839958191
