precision,accuracy,recall,duration
0.8312914783110512,0.8344988344988346,0.8155836272848046,1988.0221681594849
