precision,accuracy,recall,duration
0.915055320629313,0.914572864321608,0.9148700066370332,739.4416706562042
