precision,accuracy,recall,duration
0.6656631286692045,0.9377777777777778,0.5861444678577965,1558.681842803955
