precision,accuracy,recall,duration
0.868727335391616,0.8755208333333333,0.8469956589430386,1378.7554864883423
