precision,accuracy,recall,duration
0.916017316017316,0.9033333333333333,0.9033333333333334,630.9466836452484
