precision,accuracy,recall,duration
0.8679607815662248,0.8538461538461538,0.8613306526580263,481.221150636673
