precision,accuracy,recall,duration
0.8470724435579378,0.8598958333333333,0.8297300481812933,728.0310072898865
