precision,accuracy,recall,duration
0.9005477752738539,0.8993333333333333,0.89724111713336,853.1089611053467
