precision,accuracy,recall,duration
0.8555306889005379,0.8521739130434782,0.8520723651779553,83.52410650253296
