precision,accuracy,recall,duration
0.45795034371060556,0.7275,0.49601994423006274,77.31828260421753
