precision,accuracy,recall,duration
0.5931164159581426,0.7763975155279503,0.5743861024033438,865.7404055595398
