precision,accuracy,recall,duration
0.6407805055707926,0.7525,0.6313010555626589,66.81907296180725
