precision,accuracy,recall,duration
0.7671522556390977,0.7458563535911602,0.7137218045112782,172.56285762786865
