precision,accuracy,recall,duration
0.8029683819157504,0.7714285714285715,0.7950961626105187,115.04180717468262
