precision,accuracy,recall,duration
0.9459734000513963,0.9297520661157025,0.8973937747035573,162.2150592803955
