precision,accuracy,recall,duration
0.7803952951686147,0.7925,0.6789198412971699,198.42098736763
