precision,accuracy,recall,duration
0.8968676951846657,0.892,0.8675591887632277,2242.9220287799835
