precision,accuracy,recall,duration
0.9147795037539073,0.8443786982248521,0.9283308759034382,564.6395318508148
