precision,accuracy,recall,duration
0.9913793103448276,0.99,0.9868421052631579,510.69073009490967
