precision,accuracy,recall,duration
0.9641454792523833,0.9658536585365853,0.9534750726885388,634.8357620239258
