precision,accuracy,recall,duration
0.9669580039645829,0.9624733475479744,0.9626295060304924,323.27597761154175
