precision,accuracy,recall,duration
0.8772960795987459,0.8739130434782608,0.8739736393631223,203.17226219177246
