precision,accuracy,recall,duration
0.7938808373590982,0.792,0.792,578.5586333274841
