precision,accuracy,recall,duration
0.899386216472237,0.8977635782747604,0.8951203543231272,126.87442445755005
