precision,accuracy,recall,duration
0.8374347302438698,0.8333333333333334,0.8357263270688319,892.62158203125
