precision,accuracy,recall,duration
0.6443973738341653,0.719435736677116,0.5851616926897166,202.87027645111084
