precision,accuracy,recall,duration
0.6829789316398348,0.9408888888888889,0.5788014890261117,249.3615243434906
