precision,accuracy,recall,duration
0.5190722897906722,0.76,0.5102759017425739,121.20289993286133
