precision,accuracy,recall,duration
0.9594617583015786,0.9591836734693877,0.9591493268053854,378.74573278427124
