precision,accuracy,recall,duration
0.977405484317362,0.976930548810102,0.954917149364297,699.401487827301
