precision,accuracy,recall,duration
0.6862440094922844,0.9404444444444444,0.5894894290066375,173.13703846931458
