precision,accuracy,recall,duration
0.8939869668246445,0.8969072164948454,0.8632564998907581,404.1426260471344
