precision,accuracy,recall,duration
0.8989468081109009,0.8986599664991625,0.8989044031410719,891.76904296875
