precision,accuracy,recall,duration
0.9805743243243243,0.9798068481123793,0.9798245614035088,325.6614422798157
