precision,accuracy,recall,duration
0.7777777777777778,0.7333333333333333,0.7333333333333334,325.2507207393646
