precision,accuracy,recall,duration
0.9432773109243697,0.9117647058823529,0.874113475177305,333.3101146221161
