precision,accuracy,recall,duration
0.9768474279343845,0.9771428571428571,0.9783051841426226,88.35335230827332
