precision,accuracy,recall,duration
0.9430031306026093,0.9424902289223898,0.942647060065715,2004.9986996650696
