precision,accuracy,recall,duration
0.7902476780185759,0.788,0.788,170.97038412094116
