precision,accuracy,recall,duration
0.8663260160724664,0.8589743589743589,0.8536500815472204,171.18511271476746
