precision,accuracy,recall,duration
0.5353773584905661,0.8136645962732919,0.5029388714733543,254.89982509613037
