precision,accuracy,recall,duration
0.6887335061819024,0.9373333333333334,0.5708752891473011,681.729513168335
