precision,accuracy,recall,duration
0.9004806245266069,0.806508875739645,0.9101508584163398,543.7972233295441
