precision,accuracy,recall,duration
0.9341799082782898,0.9380165289256198,0.9260744086831044,325.6986310482025
