precision,accuracy,recall,duration
0.7116966340705432,0.7475,0.632536758376089,507.90752363204956
