precision,accuracy,recall,duration
0.7976882990065665,0.7542857142857143,0.7806034089873303,54.86599040031433
