precision,accuracy,recall,duration
0.9605801979404576,0.9504132231404959,0.9350461133069828,319.002103805542
