precision,accuracy,recall,duration
0.98306229378564,0.9829145728643216,0.9833816984187297,263.88492155075073
