precision,accuracy,recall,duration
0.7526939655172413,0.7540983606557377,0.7537878787878788,508.3149766921997
