precision,accuracy,recall,duration
0.8202380952380953,0.8171428571428572,0.8249931637954608,325.6351492404938
