precision,accuracy,recall,duration
0.6301764459735247,0.6297979797979798,0.6297979797979799,285.33451986312866
