precision,accuracy,recall,duration
0.9632358597554345,0.9586776859504132,0.9524719242110548,131.53976583480835
