precision,accuracy,recall,duration
0.9651177554904263,0.9657142857142857,0.9656212014586399,440.72585701942444
