precision,accuracy,recall,duration
0.609267003124249,0.6022099447513812,0.5773593078997303,397.5725598335266
