precision,accuracy,recall,duration
0.7902857142857143,0.8066666666666666,0.808792063800817,509.621107339859
