precision,accuracy,recall,duration
0.9269737147095638,0.9317943336831059,0.9291422048271363,434.7140004634857
