precision,accuracy,recall,duration
0.9539485678863789,0.9601259181532005,0.9640504146864225,233.55964398384094
