precision,accuracy,recall,duration
0.8336728870008742,0.8114285714285714,0.833287758636405,225.74198508262634
