precision,accuracy,recall,duration
0.7043168164328851,0.9388888888888889,0.5676378546815913,113.2758436203003
