precision,accuracy,recall,duration
0.8500036750036751,0.8414322250639387,0.8486829611829612,206.10199308395386
