precision,accuracy,recall,duration
0.8841125018976369,0.8005917159763314,0.9028643316214,221.7989695072174
