precision,accuracy,recall,duration
0.6529090276018981,0.932,0.5742235190310636,1168.4110028743744
