precision,accuracy,recall,duration
0.9315217391304348,0.9166666666666666,0.9052197802197803,203.71217274665833
