precision,accuracy,recall,duration
0.7635937195352731,0.7783333333333333,0.7738810238810239,205.26300430297852
