precision,accuracy,recall,duration
0.827013758801111,0.824,0.8240000000000001,1932.7548608779907
