precision,accuracy,recall,duration
0.7807973299996559,0.795,0.7917560417560418,608.2860195636749
