precision,accuracy,recall,duration
0.90625,0.8833333333333333,0.8714574898785424,71.19402241706848
