precision,accuracy,recall,duration
0.7747276688453159,0.8585365853658536,0.7821390374331552,687.919680595398
