precision,accuracy,recall,duration
0.8373355102711417,0.8285714285714286,0.8419469510527756,312.57775807380676
