precision,accuracy,recall,duration
0.8208920532393815,0.7687188019966722,0.7964155761972562,445.83864426612854
