precision,accuracy,recall,duration
0.44468227389996756,0.74,0.4667531475312892,468.8312795162201
