precision,accuracy,recall,duration
0.8254560658856986,0.8153846153846154,0.8212578308015233,655.3274943828583
