precision,accuracy,recall,duration
0.9588822883953233,0.9582118561710399,0.9581576680719888,188.12142896652222
