precision,accuracy,recall,duration
0.9662805807181385,0.9674711437565582,0.9648075668623614,203.17764043807983
