precision,accuracy,recall,duration
0.768552036199095,0.7833333333333333,0.7886111651429684,169.74663972854614
