precision,accuracy,recall,duration
0.6875,0.6666666666666666,0.6666666666666667,264.47598218917847
