precision,accuracy,recall,duration
0.9041454761709458,0.9049520766773163,0.9048064702484113,454.67991852760315
