precision,accuracy,recall,duration
0.9650219349969338,0.9545454545454546,0.9350461133069828,138.33675956726074
