precision,accuracy,recall,duration
0.855122420241131,0.86171875,0.8332240954598569,591.1844840049744
