precision,accuracy,recall,duration
0.845661394448003,0.8384615384615385,0.839877896455773,205.85643863677979
