precision,accuracy,recall,duration
0.7033239438233246,0.9395555555555556,0.5820157485762736,304.3948962688446
