precision,accuracy,recall,duration
0.9404932641405495,0.9380165289256198,0.9167497960976222,264.65904355049133
