precision,accuracy,recall,duration
0.960232865020589,0.9556503198294243,0.9558778525699478,203.34636116027832
