precision,accuracy,recall,duration
0.9669640740031413,0.9585365853658536,0.9373707123540271,83.77046966552734
