precision,accuracy,recall,duration
0.8791666666666667,0.7666666666666667,0.6416666666666666,67.35578036308289
