precision,accuracy,recall,duration
0.9626490783339333,0.9629268292682926,0.9467170479975907,365.15671133995056
