precision,accuracy,recall,duration
0.974247391264198,0.9771615008156607,0.9761490855990543,625.2736463546753
