precision,accuracy,recall,duration
0.8227777777777778,0.819672131147541,0.8143939393939394,386.2716181278229
