precision,accuracy,recall,duration
0.7648571428571429,0.7569060773480663,0.7323308270676692,85.66890025138855
