precision,accuracy,recall,duration
0.8121945747996169,0.8082191780821918,0.8203425229741018,558.3181343078613
