precision,accuracy,recall,duration
0.8404329004329004,0.8285714285714286,0.8448637316561843,76.04099082946777
