precision,accuracy,recall,duration
0.817016317016317,0.8,0.8192507519824993,174.45756840705872
