precision,accuracy,recall,duration
0.7299044205495818,0.7975,0.6618856865198245,327.23571276664734
