precision,accuracy,recall,duration
0.7422339794955105,0.8439024390243902,0.7707754010695188,745.729029417038
