precision,accuracy,recall,duration
0.932713998963999,0.925,0.925,3559.387197971344
