precision,accuracy,recall,duration
0.7176191257595486,0.743421052631579,0.7338508882685209,186.81438946723938
