precision,accuracy,recall,duration
0.5091857222794322,0.79,0.513092451645497,288.1539535522461
