precision,accuracy,recall,duration
0.7959028738331495,0.7921052631578948,0.7914285416512647,338.8121373653412
