precision,accuracy,recall,duration
0.9131944444444444,0.92,0.9131944444444444,457.33182883262634
