precision,accuracy,recall,duration
0.42018849161987387,0.606516290726817,0.39638513677604864,145.94803094863892
