precision,accuracy,recall,duration
0.863095238095238,0.85,0.8431897050318102,686.966334104538
