precision,accuracy,recall,duration
0.5582609428522392,0.5097402597402597,0.5087008321193565,182.7173628807068
