precision,accuracy,recall,duration
0.9600726073598119,0.9624390243902439,0.9442766414818481,275.39822363853455
