precision,accuracy,recall,duration
0.520563873988893,0.655,0.49297404423986696,121.64199733734131
