precision,accuracy,recall,duration
0.8560965277586794,0.8512820512820513,0.8576752028174086,567.6865079402924
