precision,accuracy,recall,duration
0.5646149319436311,0.5194805194805194,0.5118556327072993,465.13688111305237
