precision,accuracy,recall,duration
0.7203282828282829,0.6952380952380952,0.6900871459694988,143.05493092536926
