precision,accuracy,recall,duration
0.955904883503411,0.9560975609756097,0.9384269815044021,143.70848107337952
