precision,accuracy,recall,duration
0.7000325070987288,0.9395555555555556,0.5676277937865117,332.6902348995209
