precision,accuracy,recall,duration
0.9258538236935195,0.9049586776859504,0.8742383069828722,211.2001519203186
