precision,accuracy,recall,duration
0.41979068888770815,0.6090225563909775,0.3977663150123371,203.98433303833008
