precision,accuracy,recall,duration
0.7077019977951655,0.9377777777777778,0.5671416156382011,131.2491409778595
