precision,accuracy,recall,duration
0.9625186515876759,0.9619512195121951,0.9473779239764764,108.82513689994812
