precision,accuracy,recall,duration
0.8137254901960785,0.8057142857142857,0.8167897183483731,470.1576302051544
