precision,accuracy,recall,duration
0.9454619418722036,0.9447375728964177,0.9443019943019944,870.4400861263275
