precision,accuracy,recall,duration
0.7939717048627939,0.78,0.62821987305304,330.00107502937317
