precision,accuracy,recall,duration
0.9571458633958635,0.9411764705882353,0.9177143778207608,197.56109476089478
