precision,accuracy,recall,duration
0.9735676885464359,0.9728643216080402,0.97283800432057,91.60212063789368
