precision,accuracy,recall,duration
0.92513357619915,0.9173553719008265,0.8836313445009097,865.6679227352142
