precision,accuracy,recall,duration
0.9272678927825986,0.9166666666666666,0.9166666666666666,497.9965081214905
