precision,accuracy,recall,duration
0.8189393450035527,0.816,0.8160000000000001,1284.5095884799957
