precision,accuracy,recall,duration
0.6764460912413375,0.7626373626373626,0.625242326026227,248.5254442691803
