precision,accuracy,recall,duration
0.9549317469493851,0.9536,0.9545753154138248,301.77993154525757
