precision,accuracy,recall,duration
0.7648809523809523,0.7766666666666666,0.7799942799942801,203.84390878677368
