precision,accuracy,recall,duration
0.6268251168950052,0.6257575757575757,0.6257575757575757,174.92315363883972
