precision,accuracy,recall,duration
0.7519285714285715,0.7458563535911602,0.7209899749373434,171.05132246017456
