precision,accuracy,recall,duration
0.8274668142315201,0.8286445012787724,0.833924183924184,882.9553761482239
