precision,accuracy,recall,duration
0.5126639241619285,0.5032467532467533,0.5029818979328955,873.2335574626923
