precision,accuracy,recall,duration
0.7045454545454546,0.7047619047619048,0.7042483660130718,227.26466298103333
