precision,accuracy,recall,duration
0.6253747873688043,0.7068965517241379,0.559490337014918,228.93936491012573
