precision,accuracy,recall,duration
0.9312857033630793,0.9306930693069307,0.9303127724498692,1759.4410831928253
