precision,accuracy,recall,duration
0.8333130480189304,0.8005115089514067,0.807969432969433,272.89651584625244
