precision,accuracy,recall,duration
0.6295722420773971,0.7272727272727273,0.5846054823614875,470.3088595867157
