precision,accuracy,recall,duration
0.8461030874286384,0.841025641025641,0.8465442038108564,144.06711220741272
