precision,accuracy,recall,duration
0.9493211788535802,0.9516539440203562,0.9489020005975514,14485.79777097702
