precision,accuracy,recall,duration
0.6151931765261937,0.7318681318681318,0.5839299173650566,143.10499572753906
