precision,accuracy,recall,duration
0.9048076923076923,0.9,0.8981347599768652,205.73413276672363
