precision,accuracy,recall,duration
0.8867919866529794,0.772189349112426,0.8880729652336845,325.60495805740356
