precision,accuracy,recall,duration
0.8299963549963549,0.8260869565217391,0.8349037599037598,472.5125687122345
