precision,accuracy,recall,duration
0.9708837086292882,0.9708454810495627,0.9708338999954667,56.85011601448059
