precision,accuracy,recall,duration
0.8429264178789794,0.8342857142857143,0.8453194786254672,127.68998074531555
