precision,accuracy,recall,duration
0.6921622666036032,0.9431111111111111,0.5806954614013307,143.9804904460907
