precision,accuracy,recall,duration
0.8325605157487932,0.8014492753623188,0.80220448340609,625.5943417549133
