precision,accuracy,recall,duration
0.9834656084656085,0.9828571428571429,0.9840194698569082,387.3847951889038
