precision,accuracy,recall,duration
0.9617257633090502,0.9507317073170731,0.923867275073376,107.10191559791565
