precision,accuracy,recall,duration
0.7534879675918913,0.7825,0.6801372771828335,447.36874079704285
