precision,accuracy,recall,duration
0.9259259259259259,0.9166666666666666,0.9166666666666666,307.64972829818726
