precision,accuracy,recall,duration
0.9408736879844721,0.9405720633157456,0.9402953332530797,1474.9896512031555
