precision,accuracy,recall,duration
0.6789881620427156,0.9375555555555556,0.5626162390110255,355.4367504119873
