precision,accuracy,recall,duration
0.9025513836703367,0.9008264462809917,0.8703243616287094,994.9361717700958
