precision,accuracy,recall,duration
0.7961705942622951,0.796,0.796,535.9188990592957
