precision,accuracy,recall,duration
0.5737157645740095,0.5454545454545454,0.5458136443731082,384.37759256362915
