precision,accuracy,recall,duration
0.7574632062769859,0.7733333333333333,0.7643357643357643,203.18558359146118
