precision,accuracy,recall,duration
0.8913963662442155,0.892,0.8915432348872105,419.130343914032
