precision,accuracy,recall,duration
0.956306409636696,0.9526829268292683,0.9312410282883876,170.60112118721008
