{"dataset": "Cricket_Y", "depth": 3, "nb_filters": 32, "batch_size": 16, "kernel_size": 64, "use_residual": false, "use_bottleneck": true, "acc": 0.8589743589743589, "precision": 0.862438020148799, "recall": 0.8601422606311618, "budget_ran": 1500}
{"dataset": "Cricket_Y", "depth": 6, "nb_filters": 16, "batch_size": 16, "kernel_size": 64, "use_residual": true, "use_bottleneck": false, "acc": 0.841025641025641, "precision": 0.8426008587253309, "recall": 0.8421527521052933, "budget_ran": 1500}
{"dataset": "Cricket_Y", "depth": 6, "nb_filters": 64, "batch_size": 64, "kernel_size": 32, "use_residual": true, "use_bottleneck": false, "acc": 0.8538461538461538, "precision": 0.8539880959621237, "recall": 0.8529554581128429, "budget_ran": 1500}
{"dataset": "Cricket_Y", "depth": 6, "nb_filters": 16, "batch_size": 64, "kernel_size": 32, "use_residual": true, "use_bottleneck": false, "acc": 0.8487179487179487, "precision": 0.8558376244583141, "recall": 0.8527650220187475, "budget_ran": 1500}
{"dataset": "Cricket_Y", "depth": 9, "nb_filters": 64, "batch_size": 32, "kernel_size": 32, "use_residual": false, "use_bottleneck": true, "acc": 0.841025641025641, "precision": 0.8440654143301694, "recall": 0.8435833782512896, "budget_ran": 1500}
{"dataset": "Cricket_Y", "depth": 9, "nb_filters": 64, "batch_size": 16, "kernel_size": 64, "use_residual": true, "use_bottleneck": false, "acc": 0.8666666666666667, "precision": 0.8678356127117288, "recall": 0.8677549942042148, "budget_ran": 1500}
{"dataset": "Cricket_Y", "depth": 3, "nb_filters": 64, "batch_size": 64, "kernel_size": 32, "use_residual": false, "use_bottleneck": true, "acc": 0.823076923076923, "precision": 0.8250940634005149, "recall": 0.8257235337904013, "budget_ran": 1500}
{"dataset": "Cricket_Y", "depth": 9, "nb_filters": 16, "batch_size": 128, "kernel_size": 32, "use_residual": false, "use_bottleneck": true, "acc": 0.7897435897435897, "precision": 0.7955804209463921, "recall": 0.7931065837312771, "budget_ran": 1500}
{"dataset": "Cricket_Y", "depth": 6, "nb_filters": 32, "batch_size": 16, "kernel_size": 64, "use_residual": false, "use_bottleneck": true, "acc": 0.8512820512820513, "precision": 0.8530071337587515, "recall": 0.8517990639337684, "budget_ran": 1500}
{"dataset": "Cricket_Y", "depth": 9, "nb_filters": 32, "batch_size": 64, "kernel_size": 41, "use_residual": true, "use_bottleneck": false, "acc": 0.8, "precision": 0.8216578055623472, "recall": 0.79900439262772, "budget_ran": 1500}
{"dataset": "Cricket_Y", "depth": 6, "nb_filters": 64, "batch_size": 32, "kernel_size": 41, "use_residual": false, "use_bottleneck": false, "acc": 0.8589743589743589, "precision": 0.8584575337955319, "recall": 0.8608973008750334, "budget_ran": 1500}
{"dataset": "Cricket_Y", "depth": 3, "nb_filters": 16, "batch_size": 16, "kernel_size": 41, "use_residual": true, "use_bottleneck": true, "acc": 0.841025641025641, "precision": 0.8465133242795719, "recall": 0.8435991968095653, "budget_ran": 1500}
{"dataset": "Cricket_Y", "depth": 3, "nb_filters": 16, "batch_size": 16, "kernel_size": 32, "use_residual": false, "use_bottleneck": false, "acc": 0.8179487179487179, "precision": 0.8369988105439271, "recall": 0.8225811511268595, "budget_ran": 1500}
{"dataset": "Cricket_Y", "depth": 6, "nb_filters": 64, "batch_size": 64, "kernel_size": 41, "use_residual": true, "use_bottleneck": false, "acc": 0.8487179487179487, "precision": 0.8541802353788439, "recall": 0.8488388678189027, "budget_ran": 1500}
{"dataset": "Cricket_Y", "depth": 6, "nb_filters": 32, "batch_size": 16, "kernel_size": 32, "use_residual": false, "use_bottleneck": true, "acc": 0.8333333333333334, "precision": 0.8361848333761569, "recall": 0.835406895966934, "budget_ran": 1500}
{"dataset": "Cricket_Y", "depth": 6, "nb_filters": 16, "batch_size": 32, "kernel_size": 32, "use_residual": false, "use_bottleneck": false, "acc": 0.8358974358974359, "precision": 0.8384114752409267, "recall": 0.8379601940287219, "budget_ran": 1500}
{"dataset": "Cricket_Y", "depth": 6, "nb_filters": 64, "batch_size": 32, "kernel_size": 64, "use_residual": true, "use_bottleneck": false, "acc": 0.8461538461538461, "precision": 0.8528787213251161, "recall": 0.8476885410759035, "budget_ran": 1500}
{"dataset": "Cricket_Y", "depth": 9, "nb_filters": 32, "batch_size": 32, "kernel_size": 32, "use_residual": true, "use_bottleneck": false, "acc": 0.8307692307692308, "precision": 0.8319724719580428, "recall": 0.8322401238689966, "budget_ran": 1500}
{"dataset": "Cricket_Y", "depth": 3, "nb_filters": 64, "batch_size": 32, "kernel_size": 64, "use_residual": true, "use_bottleneck": false, "acc": 0.8487179487179487, "precision": 0.8527191429426552, "recall": 0.8492353478975666, "budget_ran": 1500}
{"dataset": "Cricket_Y", "depth": 9, "nb_filters": 32, "batch_size": 128, "kernel_size": 41, "use_residual": false, "use_bottleneck": false, "acc": 0.8256410256410256, "precision": 0.8364097298092642, "recall": 0.8263228228677993, "budget_ran": 1500}
{"dataset": "Cricket_Y", "depth": 3, "nb_filters": 64, "batch_size": 64, "kernel_size": 41, "use_residual": false, "use_bottleneck": false, "acc": 0.8512820512820513, "precision": 0.8556573945060788, "recall": 0.85068598924323, "budget_ran": 1500}
{"dataset": "Cricket_Y", "depth": 3, "nb_filters": 64, "batch_size": 64, "kernel_size": 41, "use_residual": false, "use_bottleneck": false, "acc": 0.8461538461538461, "precision": 0.8491026236045212, "recall": 0.8474267615598056, "budget_ran": 1500}
{"dataset": "Cricket_Y", "depth": 6, "nb_filters": 64, "batch_size": 32, "kernel_size": 32, "use_residual": true, "use_bottleneck": false, "acc": 0.8256410256410256, "precision": 0.8265773367010724, "recall": 0.8276775815989117, "budget_ran": 1500}
{"dataset": "Cricket_Y", "depth": 3, "nb_filters": 32, "batch_size": 128, "kernel_size": 32, "use_residual": false, "use_bottleneck": true, "acc": 0.8256410256410256, "precision": 0.8392839294696784, "recall": 0.8298168997762704, "budget_ran": 1500}
{"dataset": "Cricket_Y", "depth": 3, "nb_filters": 64, "batch_size": 16, "kernel_size": 64, "use_residual": false, "use_bottleneck": true, "acc": 0.8564102564102564, "precision": 0.859795453062703, "recall": 0.8589784057496344, "budget_ran": 1500}
{"dataset": "Cricket_Y", "depth": 6, "nb_filters": 64, "batch_size": 32, "kernel_size": 64, "use_residual": false, "use_bottleneck": false, "acc": 0.8538461538461538, "precision": 0.8553520088237144, "recall": 0.8552475646782843, "budget_ran": 1500}
{"dataset": "Cricket_Y", "depth": 3, "nb_filters": 16, "batch_size": 128, "kernel_size": 32, "use_residual": false, "use_bottleneck": false, "acc": 0.8307692307692308, "precision": 0.8347910654724889, "recall": 0.8319060391038856, "budget_ran": 1500}
{"dataset": "Cricket_Y", "depth": 9, "nb_filters": 32, "batch_size": 128, "kernel_size": 41, "use_residual": false, "use_bottleneck": false, "acc": 0.8333333333333334, "precision": 0.8462961184665478, "recall": 0.8329476676123074, "budget_ran": 1500}
{"dataset": "Cricket_Y", "depth": 6, "nb_filters": 16, "batch_size": 64, "kernel_size": 32, "use_residual": true, "use_bottleneck": true, "acc": 0.8435897435897436, "precision": 0.8471114565125272, "recall": 0.8459593241548681, "budget_ran": 1500}
{"dataset": "Cricket_Y", "depth": 3, "nb_filters": 16, "batch_size": 128, "kernel_size": 32, "use_residual": true, "use_bottleneck": true, "acc": 0.7589743589743589, "precision": 0.7912309728206468, "recall": 0.7634282736681031, "budget_ran": 1500}
{"dataset": "Cricket_Y", "depth": 6, "nb_filters": 64, "batch_size": 128, "kernel_size": 41, "use_residual": true, "use_bottleneck": true, "acc": 0.8538461538461538, "precision": 0.8562520133282793, "recall": 0.8553606982087566, "budget_ran": 1500}
{"dataset": "Cricket_Y", "depth": 9, "nb_filters": 16, "batch_size": 64, "kernel_size": 41, "use_residual": true, "use_bottleneck": true, "acc": 0.8179487179487179, "precision": 0.8270388683658574, "recall": 0.8206041167636567, "budget_ran": 1500}
{"dataset": "Cricket_Y", "depth": 9,