{"dataset": "Earthquakes", "depth": 9, "nb_filters": 64, "batch_size": 64, "kernel_size": 64, "use_residual": true, "use_bottleneck": true, "acc": 0.7515527950310559, "precision": 0.5923570736434108, "recall": 0.5995950888192267, "budget_ran": 1500}
{"dataset": "Earthquakes", "depth": 6, "nb_filters": 16, "batch_size": 128, "kernel_size": 64, "use_residual": false, "use_bottleneck": false, "acc": 0.8012422360248447, "precision": 0.5102564102564102, "recall": 0.5020898641588297, "budget_ran": 1500}
{"dataset": "Earthquakes", "depth": 3, "nb_filters": 64, "batch_size": 16, "kernel_size": 32, "use_residual": true, "use_bottleneck": true, "acc": 0.8074534161490683, "precision": 0.6277964205816555, "recall": 0.5596917450365726, "budget_ran": 1500}
{"dataset": "Earthquakes", "depth": 6, "nb_filters": 32, "batch_size": 64, "kernel_size": 64, "use_residual": true, "use_bottleneck": true, "acc": 0.7981366459627329, "precision": 0.5263878516305701, "recall": 0.5069226750261233, "budget_ran": 1500}
{"dataset": "Earthquakes", "depth": 9, "nb_filters": 16, "batch_size": 64, "kernel_size": 32, "use_residual": false, "use_bottleneck": false, "acc": 0.8012422360248447, "precision": 0.6052852348993288, "recall": 0.5491771159874609, "budget_ran": 1500}
{"dataset": "Earthquakes", "depth": 6, "nb_filters": 32, "batch_size": 128, "kernel_size": 32, "use_residual": true, "use_bottleneck": true, "acc": 0.8136645962732919, "precision": 0.5999203821656052, "recall": 0.5163923719958203, "budget_ran": 1500}
{"dataset": "Earthquakes", "depth": 9, "nb_filters": 64, "batch_size": 16, "kernel_size": 64, "use_residual": false, "use_bottleneck": true, "acc": 0.7577639751552795, "precision": 0.6058830492424243, "recall": 0.6168364681295716, "budget_ran": 1500}
{"dataset": "Earthquakes", "depth": 3, "nb_filters": 64, "batch_size": 32, "kernel_size": 32, "use_residual": true, "use_bottleneck": true, "acc": 0.6956521739130435, "precision": 0.5717391304347826, "recall": 0.5991379310344828, "budget_ran": 1500}
{"dataset": "Earthquakes", "depth": 6, "nb_filters": 64, "batch_size": 128, "kernel_size": 41, "use_residual": false, "use_bottleneck": false, "acc": 0.8229813664596274, "precision": 0.7132492113564668, "recall": 0.5220741901776385, "budget_ran": 1500}
{"dataset": "Earthquakes", "depth": 6, "nb_filters": 32, "batch_size": 128, "kernel_size": 64, "use_residual": false, "use_bottleneck": false, "acc": 0.7670807453416149, "precision": 0.5954618783755348, "recall": 0.5888845350052246, "budget_ran": 1500}
{"dataset": "Earthquakes", "depth": 6, "nb_filters": 16, "batch_size": 64, "kernel_size": 41, "use_residual": true, "use_bottleneck": false, "acc": 0.7857142857142857, "precision": 0.5634023854362837, "recall": 0.5329806687565308, "budget_ran": 1500}
{"dataset": "Earthquakes", "depth": 6, "nb_filters": 16, "batch_size": 64, "kernel_size": 64, "use_residual": false, "use_bottleneck": true, "acc": 0.8074534161490683, "precision": 0.6321465696465697, "recall": 0.5664184952978056, "budget_ran": 1500}
{"dataset": "Earthquakes", "depth": 9, "nb_filters": 64, "batch_size": 128, "kernel_size": 64, "use_residual": false, "use_bottleneck": true, "acc": 0.8012422360248447, "precision": 0.6294934640522876, "recall": 0.5828108672936259, "budget_ran": 1500}
{"dataset": "Earthquakes", "depth": 3, "nb_filters": 16, "batch_size": 64, "kernel_size": 41, "use_residual": true, "use_bottleneck": true, "acc": 0.8136645962732919, "precision": 0.639985380116959, "recall": 0.5500261233019854, "budget_ran": 1500}
{"dataset": "Earthquakes", "depth": 6, "nb_filters": 64, "batch_size": 32, "kernel_size": 41, "use_residual": true, "use_bottleneck": true, "acc": 0.7919254658385093, "precision": 0.6022334067316766, "recall": 0.5636755485893417, "budget_ran": 1500}
{"dataset": "Earthquakes", "depth": 3, "nb_filters": 64, "batch_size": 16, "kernel_size": 41, "use_residual": true, "use_bottleneck": true, "acc": 0.7608695652173914, "precision": 0.5632170076213397, "recall": 0.5514629049111808, "budget_ran": 1500}
{"dataset": "Earthquakes", "depth": 3, "nb_filters": 16, "batch_size": 16, "kernel_size": 32, "use_residual": false, "use_bottleneck": false, "acc": 0.7981366459627329, "precision": 0.5903010033444815, "recall": 0.5405564263322884, "budget_ran": 1500}
{"dataset": "Earthquakes", "depth": 3, "nb_filters": 32, "batch_size": 16, "kernel_size": 64, "use_residual": true, "use_bottleneck": false, "acc": 0.7888198757763976, "precision": 0.5222953216374269, "recall": 0.5079676071055381, "budget_ran": 1500}
{"dataset": "Earthquakes", "depth": 3, "nb_filters": 64, "batch_size": 64, "kernel_size": 64, "use_residual": true, "use_bottleneck": true, "acc": 0.8105590062111802, "precision": 0.6222757955641273, "recall": 0.5414054336468129, "budget_ran": 1500}
{"dataset": "Earthquakes", "depth": 6, "nb_filters": 16, "batch_size": 16, "kernel_size": 64, "use_residual": true, "use_bottleneck": true, "acc": 0.7453416149068323, "precision": 0.5273054283845651, "recall": 0.5218129571577848, "budget_ran": 1500}
{"dataset": "Earthquakes", "depth": 9, "nb_filters": 32, "batch_size": 128, "kernel_size": 41, "use_residual": false, "use_bottleneck": true, "acc": 0.8167701863354038, "precision": 0.650271444082519, "recall": 0.5451933124346917, "budget_ran": 1500}
{"dataset": "Earthquakes", "depth": 6, "nb_filters": 16, "batch_size": 64, "kernel_size": 64, "use_residual": false, "use_bottleneck": false, "acc": 0.7919254658385093, "precision": 0.6022334067316766, "recall": 0.5636755485893417, "budget_ran": 1500}
{"dataset": "Earthquakes", "depth": 3, "nb_filters": 64, "batch_size": 32, "kernel_size": 41, "use_residual": false, "use_bottleneck": false, "acc": 0.8167701863354038, "precision": 0.577324973876698, "recall": 0.5048328108672936, "budget_ran": 1500}
{"dataset": "Earthquakes", "depth": 3, "nb_filters": 32, "batch_size": 64, "kernel_size": 41, "use_residual": false, "use_bottleneck": false, "acc": 0.8043478260869565, "precision": 0.6074197120708749, "recall": 0.5443443051201672, "budget_ran": 1500}
{"dataset": "Earthquakes", "depth": 3, "nb_filters": 64, "batch_size": 128, "kernel_size": 41, "use_residual": false, "use_bottleneck": true, "acc": 0.8105590062111802, "precision": 0.6153094462540717, "recall": 0.53467868338558, "budget_ran": 1500}
{"dataset": "Earthquakes", "depth": 9, "nb_filters": 64, "batch_size": 32, "kernel_size": 32, "use_residual": true, "use_bottleneck": true, "acc": 0.7298136645962733, "precision": 0.5824831309041836, "recall": 0.599791013584117, "budget_ran": 1500}
{"dataset": "Earthquakes", "depth": 9, "nb_filters": 64, "batch_size": 64, "kernel_size": 64, "use_residual": true, "use_bottleneck": false, "acc": 0.7763975155279503, "precision": 0.5978260869565217, "recall": 0.5811128526645768, "budget_ran": 1500}
{"dataset": "Earthquakes", "depth": 9, "nb_filters": 32, "batch_size": 64, "kernel_size": 41, "use_residual": false, "use_bottleneck": false, "acc": 0.7981366459627329, "precision": 0.5975084175084175, "recall": 0.5472831765935214, "budget_ran": 1500}
{"dataset": "Earthquakes", "depth": 9, "nb_filters": 16, "batch_size": 64, "kernel_size": 32, "use_residual": true, "use_bottleneck": false, "acc": 0.7888198757763976, "precision": 0.5773809523809524, "recall": 0.5416013584117032, "budget_ran": 1500}
{"dataset": "Earthquakes", "depth": 9, "nb_filters": 32, "batch_size": 32, "kernel_size": 32, "use_residual": false, "use_bottleneck": true, "acc": 0.7950310559006211, "precision": 0.641985294117647, "recall": 0.6261102403343782, "budget_ran": 1500}
{"dataset": "Earthquakes", "depth": 3, "nb_filters": 16, "batch_size": 32, "kernel_size": 41, "use_residual": true, "use_bottleneck": false, "acc": 0.8105590062111802, "precision": 0.6065471745083396, "recall": 0.527951933124347, "budget_ran": 1500}
{"dataset": "Earthquakes", "depth": 3, "nb_filters": 32, "batch_size": 64, "kernel_size": 64, "use_residual": false, "use_bottleneck": false, "acc": 0.7919254658385093, "precision": 0.5564784053156147,