{"dataset": "Car", "depth": 9, "nb_filters": 16, "batch_size": 32, "kernel_size": 41, "use_residual": true, "use_bottleneck": true, "acc": 0.8833333333333333, "precision": 0.8890977443609023, "recall": 0.8849768652400232, "budget_ran": 1500}
{"dataset": "Car", "depth": 9, "nb_filters": 64, "batch_size": 32, "kernel_size": 64, "use_residual": false, "use_bottleneck": true, "acc": 0.9, "precision": 0.9048076923076923, "recall": 0.8981347599768652, "budget_ran": 1500}
{"dataset": "Car", "depth": 3, "nb_filters": 16, "batch_size": 16, "kernel_size": 32, "use_residual": true, "use_bottleneck": false, "acc": 0.9, "precision": 0.9090909090909092, "recall": 0.8920618854829381, "budget_ran": 1500}
{"dataset": "Car", "depth": 3, "nb_filters": 64, "batch_size": 16, "kernel_size": 41, "use_residual": true, "use_bottleneck": false, "acc": 0.9166666666666666, "precision": 0.9479166666666666, "recall": 0.9038461538461539, "budget_ran": 1500}
{"dataset": "Car", "depth": 3, "nb_filters": 16, "batch_size": 16, "kernel_size": 64, "use_residual": true, "use_bottleneck": false, "acc": 0.9, "precision": 0.9048076923076923, "recall": 0.8981347599768652, "budget_ran": 1500}
{"dataset": "Car", "depth": 3, "nb_filters": 16, "batch_size": 128, "kernel_size": 64, "use_residual": true, "use_bottleneck": true, "acc": 0.9333333333333333, "precision": 0.9415584415584416, "recall": 0.9291497975708501, "budget_ran": 1500}
{"dataset": "Car", "depth": 3, "nb_filters": 64, "batch_size": 32, "kernel_size": 32, "use_residual": true, "use_bottleneck": true, "acc": 0.9333333333333333, "precision": 0.9565217391304348, "recall": 0.9230769230769231, "budget_ran": 1500}
{"dataset": "Car", "depth": 9, "nb_filters": 32, "batch_size": 32, "kernel_size": 64, "use_residual": false, "use_bottleneck": false, "acc": 0.8666666666666667, "precision": 0.8732142857142857, "recall": 0.8624204742625795, "budget_ran": 1500}
{"dataset": "Car", "depth": 6, "nb_filters": 16, "batch_size": 64, "kernel_size": 64, "use_residual": true, "use_bottleneck": false, "acc": 0.9, "precision": 0.9069264069264069, "recall": 0.8967611336032388, "budget_ran": 1500}
{"dataset": "Car", "depth": 3, "nb_filters": 64, "batch_size": 32, "kernel_size": 64, "use_residual": true, "use_bottleneck": false, "acc": 0.9333333333333333, "precision": 0.9415584415584416, "recall": 0.9291497975708501, "budget_ran": 1500}
{"dataset": "Car", "depth": 9, "nb_filters": 16, "batch_size": 32, "kernel_size": 41, "use_residual": true, "use_bottleneck": false, "acc": 0.9166666666666666, "precision": 0.9208333333333334, "recall": 0.9159919028340081, "budget_ran": 1500}
{"dataset": "Car", "depth": 6, "nb_filters": 64, "batch_size": 32, "kernel_size": 41, "use_residual": false, "use_bottleneck": false, "acc": 0.9166666666666666, "precision": 0.9295454545454546, "recall": 0.9099190283400809, "budget_ran": 1500}
{"dataset": "Car", "depth": 9, "nb_filters": 64, "batch_size": 16, "kernel_size": 32, "use_residual": false, "use_bottleneck": false, "acc": 0.9166666666666666, "precision": 0.9226190476190477, "recall": 0.9112926547137074, "budget_ran": 1500}
{"dataset": "Car", "depth": 3, "nb_filters": 64, "batch_size": 128, "kernel_size": 41, "use_residual": false, "use_bottleneck": false, "acc": 0.9166666666666666, "precision": 0.9295454545454546, "recall": 0.9099190283400809, "budget_ran": 1500}
{"dataset": "Car", "depth": 3, "nb_filters": 16, "batch_size": 128, "kernel_size": 41, "use_residual": false, "use_bottleneck": true, "acc": 0.8666666666666667, "precision": 0.8730769230769231, "recall": 0.865746096009254, "budget_ran": 1500}
{"dataset": "Car", "depth": 3, "nb_filters": 32, "batch_size": 128, "kernel_size": 32, "use_residual": true, "use_bottleneck": false, "acc": 0.8833333333333333, "precision": 0.8931818181818181, "recall": 0.8775303643724697, "budget_ran": 1500}
{"dataset": "Car", "depth": 3, "nb_filters": 64, "batch_size": 128, "kernel_size": 41, "use_residual": true, "use_bottleneck": true, "acc": 0.9166666666666666, "precision": 0.9208333333333334, "recall": 0.9159919028340081, "budget_ran": 1500}
{"dataset": "Car", "depth": 9, "nb_filters": 16, "batch_size": 64, "kernel_size": 64, "use_residual": true, "use_bottleneck": true, "acc": 0.9166666666666666, "precision": 0.9208333333333334, "recall": 0.9159919028340081, "budget_ran": 1500}
{"dataset": "Car", "depth": 6, "nb_filters": 64, "batch_size": 128, "kernel_size": 64, "use_residual": true, "use_bottleneck": true, "acc": 0.8833333333333333, "precision": 0.8898809523809523, "recall": 0.878903990746096, "budget_ran": 1500}
{"dataset": "Car", "depth": 9, "nb_filters": 16, "batch_size": 32, "kernel_size": 41, "use_residual": true, "use_bottleneck": false, "acc": 0.9, "precision": 0.9069264069264069, "recall": 0.8967611336032388, "budget_ran": 1500}
{"dataset": "Car", "depth": 9, "nb_filters": 16, "batch_size": 32, "kernel_size": 64, "use_residual": false, "use_bottleneck": false, "acc": 0.8833333333333333, "precision": 0.8898809523809523, "recall": 0.878903990746096, "budget_ran": 1500}
{"dataset": "Car", "depth": 9, "nb_filters": 32, "batch_size": 32, "kernel_size": 32, "use_residual": true, "use_bottleneck": false, "acc": 0.9166666666666666, "precision": 0.9295454545454546, "recall": 0.9099190283400809, "budget_ran": 1500}
{"dataset": "Car", "depth": 9, "nb_filters": 64, "batch_size": 128, "kernel_size": 32, "use_residual": false, "use_bottleneck": false, "acc": 0.9, "precision": 0.9101010101010101, "recall": 0.8906882591093117, "budget_ran": 1500}
{"dataset": "Car", "depth": 3, "nb_filters": 16, "batch_size": 64, "kernel_size": 64, "use_residual": true, "use_bottleneck": true, "acc": 0.9, "precision": 0.9048076923076923, "recall": 0.8981347599768652, "budget_ran": 1500}
{"dataset": "Car", "depth": 6, "nb_filters": 64, "batch_size": 128, "kernel_size": 32, "use_residual": true, "use_bottleneck": false, "acc": 0.8666666666666667, "precision": 0.875, "recall": 0.8596732215153268, "budget_ran": 1500}
{"dataset": "Car", "depth": 6, "nb_filters": 32, "batch_size": 128, "kernel_size": 64, "use_residual": true, "use_bottleneck": true, "acc": 0.8833333333333333, "precision": 0.8890977443609023, "recall": 0.8849768652400232, "budget_ran": 1500}
{"dataset": "Car", "depth": 9, "nb_filters": 32, "batch_size": 64, "kernel_size": 41, "use_residual": true, "use_bottleneck": true, "acc": 0.8833333333333333, "precision": 0.8898809523809523, "recall": 0.878903990746096, "budget_ran": 1500}
{"dataset": "Car", "depth": 6, "nb_filters": 32, "batch_size": 32, "kernel_size": 64, "use_residual": true, "use_bottleneck": true, "acc": 0.9, "precision": 0.9069264069264069, "recall": 0.8967611336032388, "budget_ran": 1500}
{"dataset": "Car", "depth": 3, "nb_filters": 64, "batch_size": 16, "kernel_size": 64, "use_residual": true, "use_bottleneck": false, "acc": 0.9333333333333333, "precision": 0.9415584415584416, "recall": 0.9291497975708501, "budget_ran": 1500}
{"dataset": "Car", "depth": 9, "nb_filters": 16, "batch_size": 128, "kernel_size": 41, "use_residual": true, "use_bottleneck": false, "acc": 0.9, "precision": 0.9069264069264069, "recall": 0.8967611336032388, "budget_ran": 1500}
{"dataset": "Car", "depth": 6, "nb_filters": 32, "batch_size": 128, "kernel_size": 64, "use_residual": false, "use_bottleneck": false, "acc": 0.8666666666666667, "precision": 0.8754578754578755, "recall": 0.8610468478889532, "budget_ran": 1500}
{"dataset": "Car", "depth": 6, "nb_filters": 64, "batch_size": 16, "kernel_size": 41, "use_residual": true, "use_bottleneck": true, "acc": 0.9166666666666666, "precision": 0.9208333333333334, "recall": 0.9159919028340081, "budget_ran": 1500}
{"dataset": "Car", "depth": 6, "nb_filters": 16, "batch_size": 32, "kernel_size": 32, "use_residual": false, "use_bottleneck": false, "acc": 0.8833333333333333, "precision": 0.8878787878787879, "recall": 0.8836032388663968, "budget_ran": 1500}
{"dataset": "Car", "depth": 9, "nb_filters": 64, "batch_size": 16, "kernel_size": 32, "use_residual": true,