{"dataset": "ECG5000", "depth": 6, "nb_filters": 16, "batch_size": 128, "kernel_size": 41, "use_residual": true, "use_bottleneck": false, "acc": 0.9402222222222222, "precision": 0.6968002216528955, "recall": 0.5751576106313604, "budget_ran": 1500}
{"dataset": "ECG5000", "depth": 6, "nb_filters": 64, "batch_size": 32, "kernel_size": 64, "use_residual": false, "use_bottleneck": false, "acc": 0.9368888888888889, "precision": 0.7051146316131031, "recall": 0.5908031228729582, "budget_ran": 1500}
{"dataset": "ECG5000", "depth": 3, "nb_filters": 16, "batch_size": 128, "kernel_size": 41, "use_residual": false, "use_bottleneck": true, "acc": 0.9373333333333334, "precision": 0.6991661013577142, "recall": 0.5860585488039091, "budget_ran": 1500}
{"dataset": "ECG5000", "depth": 3, "nb_filters": 64, "batch_size": 64, "kernel_size": 41, "use_residual": false, "use_bottleneck": false, "acc": 0.9382222222222222, "precision": 0.7129453190257847, "recall": 0.5714944333815225, "budget_ran": 1500}
{"dataset": "ECG5000", "depth": 3, "nb_filters": 64, "batch_size": 16, "kernel_size": 41, "use_residual": true, "use_bottleneck": true, "acc": 0.9391111111111111, "precision": 0.7031160956143785, "recall": 0.578745924810161, "budget_ran": 1500}
{"dataset": "ECG5000", "depth": 9, "nb_filters": 16, "batch_size": 128, "kernel_size": 64, "use_residual": false, "use_bottleneck": true, "acc": 0.9386666666666666, "precision": 0.6842490379653963, "recall": 0.5931973445143417, "budget_ran": 1500}
{"dataset": "ECG5000", "depth": 3, "nb_filters": 64, "batch_size": 16, "kernel_size": 64, "use_residual": true, "use_bottleneck": false, "acc": 0.9382222222222222, "precision": 0.6991739709210989, "recall": 0.588148529290221, "budget_ran": 1500}
{"dataset": "ECG5000", "depth": 3, "nb_filters": 64, "batch_size": 64, "kernel_size": 41, "use_residual": false, "use_bottleneck": true, "acc": 0.9415555555555556, "precision": 0.7312331243338309, "recall": 0.5757963280323593, "budget_ran": 1500}
{"dataset": "ECG5000", "depth": 6, "nb_filters": 16, "batch_size": 64, "kernel_size": 41, "use_residual": true, "use_bottleneck": false, "acc": 0.9413333333333334, "precision": 0.6950440390664445, "recall": 0.5791027150461792, "budget_ran": 1500}
{"dataset": "ECG5000", "depth": 9, "nb_filters": 32, "batch_size": 64, "kernel_size": 32, "use_residual": false, "use_bottleneck": false, "acc": 0.9386666666666666, "precision": 0.7090123421360047, "recall": 0.5777589343570717, "budget_ran": 1500}
{"dataset": "ECG5000", "depth": 3, "nb_filters": 64, "batch_size": 128, "kernel_size": 32, "use_residual": false, "use_bottleneck": false, "acc": 0.94, "precision": 0.7174563385206623, "recall": 0.5727823755429884, "budget_ran": 1500}
{"dataset": "ECG5000", "depth": 3, "nb_filters": 32, "batch_size": 128, "kernel_size": 41, "use_residual": false, "use_bottleneck": true, "acc": 0.9388888888888889, "precision": 0.6894156817763234, "recall": 0.5802900125600592, "budget_ran": 1500}
{"dataset": "ECG5000", "depth": 6, "nb_filters": 32, "batch_size": 64, "kernel_size": 64, "use_residual": true, "use_bottleneck": true, "acc": 0.9382222222222222, "precision": 0.6850540914608316, "recall": 0.5929954258803211, "budget_ran": 1500}
{"dataset": "ECG5000", "depth": 3, "nb_filters": 32, "batch_size": 128, "kernel_size": 32, "use_residual": true, "use_bottleneck": false, "acc": 0.9417777777777778, "precision": 0.7587366152396412, "recall": 0.5642044121047884, "budget_ran": 1500}
{"dataset": "ECG5000", "depth": 6, "nb_filters": 32, "batch_size": 64, "kernel_size": 32, "use_residual": false, "use_bottleneck": false, "acc": 0.9375555555555556, "precision": 0.7024384506192509, "recall": 0.5615429210300447, "budget_ran": 1500}
{"dataset": "ECG5000", "depth": 9, "nb_filters": 16, "batch_size": 32, "kernel_size": 64, "use_residual": false, "use_bottleneck": false, "acc": 0.9395555555555556, "precision": 0.6811022065180177, "recall": 0.5948168675338116, "budget_ran": 1500}
{"dataset": "ECG5000", "depth": 6, "nb_filters": 32, "batch_size": 32, "kernel_size": 41, "use_residual": true, "use_bottleneck": false, "acc": 0.9346666666666666, "precision": 0.6950985202274639, "recall": 0.5808352888110131, "budget_ran": 1500}
{"dataset": "ECG5000", "depth": 9, "nb_filters": 16, "batch_size": 64, "kernel_size": 41, "use_residual": false, "use_bottleneck": false, "acc": 0.9448888888888889, "precision": 0.692243978337334, "recall": 0.59126314084241, "budget_ran": 1500}
{"dataset": "ECG5000", "depth": 9, "nb_filters": 64, "batch_size": 32, "kernel_size": 32, "use_residual": false, "use_bottleneck": true, "acc": 0.936, "precision": 0.6544952286833596, "recall": 0.5757522518484146, "budget_ran": 1500}
{"dataset": "ECG5000", "depth": 6, "nb_filters": 16, "batch_size": 64, "kernel_size": 64, "use_residual": false, "use_bottleneck": true, "acc": 0.9404444444444444, "precision": 0.704588479497666, "recall": 0.5856694135544137, "budget_ran": 1500}
{"dataset": "ECG5000", "depth": 9, "nb_filters": 32, "batch_size": 32, "kernel_size": 32, "use_residual": false, "use_bottleneck": true, "acc": 0.9348888888888889, "precision": 0.6629113668353475, "recall": 0.5706244231811042, "budget_ran": 1500}
{"dataset": "ECG5000", "depth": 3, "nb_filters": 64, "batch_size": 64, "kernel_size": 64, "use_residual": true, "use_bottleneck": false, "acc": 0.9415555555555556, "precision": 0.7336696825686556, "recall": 0.5885151205248603, "budget_ran": 1500}
{"dataset": "ECG5000", "depth": 9, "nb_filters": 32, "batch_size": 32, "kernel_size": 41, "use_residual": true, "use_bottleneck": false, "acc": 0.936, "precision": 0.7255877123892758, "recall": 0.5820206197245051, "budget_ran": 1500}
{"dataset": "ECG5000", "depth": 6, "nb_filters": 32, "batch_size": 32, "kernel_size": 41, "use_residual": false, "use_bottleneck": true, "acc": 0.9382222222222222, "precision": 0.7051707611141546, "recall": 0.5788292372030484, "budget_ran": 1500}
{"dataset": "ECG5000", "depth": 9, "nb_filters": 16, "batch_size": 128, "kernel_size": 32, "use_residual": true, "use_bottleneck": true, "acc": 0.9393333333333334, "precision": 0.710514902007499, "recall": 0.577821678495411, "budget_ran": 1500}
{"dataset": "ECG5000", "depth": 9, "nb_filters": 16, "batch_size": 128, "kernel_size": 64, "use_residual": false, "use_bottleneck": false, "acc": 0.9444444444444444, "precision": 0.723525636381922, "recall": 0.5847333904807346, "budget_ran": 1500}
{"dataset": "ECG5000", "depth": 6, "nb_filters": 64, "batch_size": 128, "kernel_size": 32, "use_residual": true, "use_bottleneck": true, "acc": 0.9402222222222222, "precision": 0.7151163302887208, "recall": 0.5684756097439199, "budget_ran": 1500}
{"dataset": "ECG5000", "depth": 3, "nb_filters": 64, "batch_size": 16, "kernel_size": 64, "use_residual": false, "use_bottleneck": true, "acc": 0.9364444444444444, "precision": 0.7017965465465466, "recall": 0.5856550002627909, "budget_ran": 1500}
{"dataset": "ECG5000", "depth": 3, "nb_filters": 32, "batch_size": 32, "kernel_size": 64, "use_residual": true, "use_bottleneck": true, "acc": 0.9373333333333334, "precision": 0.7127209250234448, "recall": 0.5761926432042432, "budget_ran": 1500}
{"dataset": "ECG5000", "depth": 3, "nb_filters": 16, "batch_size": 32, "kernel_size": 41, "use_residual": true, "use_bottleneck": false, "acc": 0.9395555555555556, "precision": 0.6810597491205221, "recall": 0.577079354758668, "budget_ran": 1500}
{"dataset": "ECG5000", "depth": 6, "nb_filters": 64, "batch_size": 128, "kernel_size": 64, "use_residual": true, "use_bottleneck": true, "acc": 0.9371111111111111, "precision": 0.6762674735647456, "recall": 0.5784323055457047, "budget_ran": 1500}
{"dataset": "ECG5000", "depth": 9, "nb_filters": 64, "batch_size": 16, "kernel_size": 64, "use_residual": false, "use_bottleneck": true, "acc": 0.9335555555555556, "precision": 0.656502616745874, "recall": 0.5954392713430343, "budget_ran": 1500}
{"dataset": "ECG5000", "depth": 3, "nb_filters": 16, "batch_size": 16, "kernel_size": 32, "use_residual": false,