{"dataset": "ArrowHead", "depth": 9, "nb_filters": 32, "batch_size": 64, "kernel_size": 41, "use_residual": false, "use_bottleneck": false, "acc": 0.7828571428571428, "precision": 0.7992618492618493, "recall": 0.8018412177559019, "budget_ran": 1500}
{"dataset": "ArrowHead", "depth": 6, "nb_filters": 64, "batch_size": 64, "kernel_size": 64, "use_residual": true, "use_bottleneck": true, "acc": 0.8342857142857143, "precision": 0.8426075268817205, "recall": 0.8526114301339897, "budget_ran": 1500}
{"dataset": "ArrowHead", "depth": 9, "nb_filters": 32, "batch_size": 64, "kernel_size": 41, "use_residual": false, "use_bottleneck": false, "acc": 0.8114285714285714, "precision": 0.826530612244898, "recall": 0.8230790265244736, "budget_ran": 1500}
{"dataset": "ArrowHead", "depth": 9, "nb_filters": 64, "batch_size": 128, "kernel_size": 41, "use_residual": false, "use_bottleneck": true, "acc": 0.7942857142857143, "precision": 0.8184358941326347, "recall": 0.8115030535046941, "budget_ran": 1500}
{"dataset": "ArrowHead", "depth": 3, "nb_filters": 16, "batch_size": 16, "kernel_size": 32, "use_residual": false, "use_bottleneck": true, "acc": 0.8171428571428572, "precision": 0.8198975355891704, "recall": 0.8293683347005741, "budget_ran": 1500}
{"dataset": "ArrowHead", "depth": 3, "nb_filters": 16, "batch_size": 64, "kernel_size": 64, "use_residual": false, "use_bottleneck": true, "acc": 0.7885714285714286, "precision": 0.798850485969924, "recall": 0.8022969647251846, "budget_ran": 1500}
{"dataset": "ArrowHead", "depth": 9, "nb_filters": 32, "batch_size": 64, "kernel_size": 32, "use_residual": true, "use_bottleneck": true, "acc": 0.8171428571428572, "precision": 0.8248714323765034, "recall": 0.8293683347005741, "budget_ran": 1500}
{"dataset": "ArrowHead", "depth": 6, "nb_filters": 32, "batch_size": 32, "kernel_size": 64, "use_residual": true, "use_bottleneck": false, "acc": 0.8514285714285714, "precision": 0.8561438121194863, "recall": 0.8656457934554735, "budget_ran": 1500}
{"dataset": "ArrowHead", "depth": 3, "nb_filters": 32, "batch_size": 32, "kernel_size": 64, "use_residual": true, "use_bottleneck": true, "acc": 0.8, "precision": 0.8234628897672375, "recall": 0.8236259228876128, "budget_ran": 1500}
{"dataset": "ArrowHead", "depth": 6, "nb_filters": 32, "batch_size": 64, "kernel_size": 41, "use_residual": true, "use_bottleneck": true, "acc": 0.8514285714285714, "precision": 0.8554383116883116, "recall": 0.8598122322486557, "budget_ran": 1500}
{"dataset": "ArrowHead", "depth": 3, "nb_filters": 64, "batch_size": 32, "kernel_size": 41, "use_residual": true, "use_bottleneck": true, "acc": 0.8228571428571428, "precision": 0.8441009125067097, "recall": 0.8327408622732658, "budget_ran": 1500}
{"dataset": "ArrowHead", "depth": 3, "nb_filters": 64, "batch_size": 16, "kernel_size": 64, "use_residual": false, "use_bottleneck": false, "acc": 0.84, "precision": 0.8558221799846889, "recall": 0.8603591286117948, "budget_ran": 1500}
{"dataset": "ArrowHead", "depth": 6, "nb_filters": 16, "batch_size": 32, "kernel_size": 32, "use_residual": false, "use_bottleneck": false, "acc": 0.8571428571428571, "precision": 0.8621525664434976, "recall": 0.8690183210281651, "budget_ran": 1500}
{"dataset": "ArrowHead", "depth": 3, "nb_filters": 16, "batch_size": 64, "kernel_size": 64, "use_residual": false, "use_bottleneck": false, "acc": 0.8285714285714286, "precision": 0.839048968176134, "recall": 0.8463221219578889, "budget_ran": 1500}
{"dataset": "ArrowHead", "depth": 3, "nb_filters": 64, "batch_size": 32, "kernel_size": 41, "use_residual": false, "use_bottleneck": true, "acc": 0.8571428571428571, "precision": 0.8576358930112166, "recall": 0.8661015404247562, "budget_ran": 1500}
{"dataset": "ArrowHead", "depth": 3, "nb_filters": 16, "batch_size": 128, "kernel_size": 32, "use_residual": false, "use_bottleneck": false, "acc": 0.84, "precision": 0.8449970180004337, "recall": 0.8516087868015679, "budget_ran": 1500}
{"dataset": "ArrowHead", "depth": 9, "nb_filters": 32, "batch_size": 16, "kernel_size": 41, "use_residual": false, "use_bottleneck": true, "acc": 0.8457142857142858, "precision": 0.8548284690220175, "recall": 0.8593564852793728, "budget_ran": 1500}
{"dataset": "ArrowHead", "depth": 9, "nb_filters": 64, "batch_size": 64, "kernel_size": 41, "use_residual": false, "use_bottleneck": false, "acc": 0.7657142857142857, "precision": 0.7904901360841565, "recall": 0.7858900738310091, "budget_ran": 1500}
{"dataset": "ArrowHead", "depth": 3, "nb_filters": 64, "batch_size": 64, "kernel_size": 41, "use_residual": true, "use_bottleneck": true, "acc": 0.8514285714285714, "precision": 0.8518753781004235, "recall": 0.8627290128520645, "budget_ran": 1500}
{"dataset": "ArrowHead", "depth": 6, "nb_filters": 16, "batch_size": 128, "kernel_size": 32, "use_residual": false, "use_bottleneck": false, "acc": 0.8114285714285714, "precision": 0.8253519356460534, "recall": 0.8245374168261782, "budget_ran": 1500}
{"dataset": "ArrowHead", "depth": 9, "nb_filters": 16, "batch_size": 16, "kernel_size": 64, "use_residual": false, "use_bottleneck": true, "acc": 0.7771428571428571, "precision": 0.811376363100501, "recall": 0.7999270804849147, "budget_ran": 1500}
{"dataset": "ArrowHead", "depth": 9, "nb_filters": 64, "batch_size": 128, "kernel_size": 64, "use_residual": true, "use_bottleneck": false, "acc": 0.8, "precision": 0.8151272362376331, "recall": 0.8163339713790903, "budget_ran": 1500}
{"dataset": "ArrowHead", "depth": 3, "nb_filters": 64, "batch_size": 16, "kernel_size": 41, "use_residual": true, "use_bottleneck": true, "acc": 0.8285714285714286, "precision": 0.8362949346405228, "recall": 0.8419469510527756, "budget_ran": 1500}
{"dataset": "ArrowHead", "depth": 6, "nb_filters": 64, "batch_size": 128, "kernel_size": 41, "use_residual": true, "use_bottleneck": false, "acc": 0.8228571428571428, "precision": 0.8274645745910115, "recall": 0.8341992525749703, "budget_ran": 1500}
{"dataset": "ArrowHead", "depth": 6, "nb_filters": 64, "batch_size": 16, "kernel_size": 32, "use_residual": false, "use_bottleneck": false, "acc": 0.84, "precision": 0.8472555166267135, "recall": 0.8530671771032723, "budget_ran": 1500}
{"dataset": "ArrowHead", "depth": 6, "nb_filters": 64, "batch_size": 64, "kernel_size": 41, "use_residual": false, "use_bottleneck": false, "acc": 0.8, "precision": 0.8152261641576306, "recall": 0.8177923616807948, "budget_ran": 1500}
{"dataset": "ArrowHead", "depth": 3, "nb_filters": 64, "batch_size": 64, "kernel_size": 41, "use_residual": false, "use_bottleneck": false, "acc": 0.8342857142857143, "precision": 0.8382148692810457, "recall": 0.8424026980220581, "budget_ran": 1500}
{"dataset": "ArrowHead", "depth": 3, "nb_filters": 64, "batch_size": 32, "kernel_size": 32, "use_residual": true, "use_bottleneck": true, "acc": 0.8057142857142857, "precision": 0.8167897183483731, "recall": 0.8153313280466685, "budget_ran": 1500}
{"dataset": "ArrowHead", "depth": 3, "nb_filters": 64, "batch_size": 128, "kernel_size": 32, "use_residual": true, "use_bottleneck": false, "acc": 0.8457142857142858, "precision": 0.845959595959596, "recall": 0.8535229240725549, "budget_ran": 1500}
{"dataset": "ArrowHead", "depth": 9, "nb_filters": 32, "batch_size": 16, "kernel_size": 32, "use_residual": true, "use_bottleneck": false, "acc": 0.8285714285714286, "precision": 0.8384147598433312, "recall": 0.84340534135448, "budget_ran": 1500}
{"dataset": "ArrowHead", "depth": 3, "nb_filters": 32, "batch_size": 64, "kernel_size": 32, "use_residual": true, "use_bottleneck": true, "acc": 0.8228571428571428, "precision": 0.82570501115845, "recall": 0.8371160331783795, "budget_ran": 1500}
{"dataset": "ArrowHead", "depth": 6, "nb_filters": 64, "batch_size": 128, "kernel_size": 41, "use_residual": true, "use_bottleneck": false, "acc": 0.8171428571428572, "precision": 0.8277262532581681, "recall": 0.8352018959073922, "budget_ran": 1500}
{"dataset": "ArrowHead", "depth": 3, "nb_filters": 64, "batch_size": 16, "kernel_size": 64, "use_residual": false,