{"dataset": "Adiac", "depth": 9, "nb_filters": 16, "batch_size": 16, "kernel_size": 32, "use_residual": true, "use_bottleneck": true, "acc": 0.8158567774936062, "precision": 0.8259773767126708, "recall": 0.8213444213444214, "budget_ran": 1500}
{"dataset": "Adiac", "depth": 3, "nb_filters": 64, "batch_size": 128, "kernel_size": 32, "use_residual": true, "use_bottleneck": true, "acc": 0.6086956521739131, "precision": 0.6719465912116498, "recall": 0.6137943137943138, "budget_ran": 1500}
{"dataset": "Adiac", "depth": 3, "nb_filters": 64, "batch_size": 64, "kernel_size": 41, "use_residual": false, "use_bottleneck": false, "acc": 0.7263427109974424, "precision": 0.7960167394950003, "recall": 0.720435982935983, "budget_ran": 1500}
{"dataset": "Adiac", "depth": 6, "nb_filters": 16, "batch_size": 16, "kernel_size": 64, "use_residual": true, "use_bottleneck": false, "acc": 0.8363171355498721, "precision": 0.8380587748234807, "recall": 0.8422511797511798, "budget_ran": 1500}
{"dataset": "Adiac", "depth": 6, "nb_filters": 32, "batch_size": 128, "kernel_size": 41, "use_residual": false, "use_bottleneck": true, "acc": 0.8465473145780051, "precision": 0.8467660717660719, "recall": 0.8504168129168129, "budget_ran": 1500}
{"dataset": "Adiac", "depth": 3, "nb_filters": 64, "batch_size": 16, "kernel_size": 64, "use_residual": true, "use_bottleneck": true, "acc": 0.7877237851662404, "precision": 0.8124908874908874, "recall": 0.7922416922416923, "budget_ran": 1500}
{"dataset": "Adiac", "depth": 9, "nb_filters": 64, "batch_size": 64, "kernel_size": 41, "use_residual": false, "use_bottleneck": true, "acc": 0.8132992327365729, "precision": 0.8180536077594901, "recall": 0.8161096411096411, "budget_ran": 1500}
{"dataset": "Adiac", "depth": 6, "nb_filters": 32, "batch_size": 32, "kernel_size": 41, "use_residual": false, "use_bottleneck": true, "acc": 0.8312020460358056, "precision": 0.8410303255117497, "recall": 0.8359102609102609, "budget_ran": 1500}
{"dataset": "Adiac", "depth": 3, "nb_filters": 32, "batch_size": 128, "kernel_size": 32, "use_residual": true, "use_bottleneck": false, "acc": 0.7621483375959079, "precision": 0.7620033495033495, "recall": 0.7667182292182292, "budget_ran": 1500}
{"dataset": "Adiac", "depth": 3, "nb_filters": 64, "batch_size": 16, "kernel_size": 64, "use_residual": true, "use_bottleneck": true, "acc": 0.8132992327365729, "precision": 0.8426225246877422, "recall": 0.8221655596655596, "budget_ran": 1500}
{"dataset": "Adiac", "depth": 9, "nb_filters": 32, "batch_size": 16, "kernel_size": 32, "use_residual": false, "use_bottleneck": false, "acc": 0.8286445012787724, "precision": 0.8315570450245373, "recall": 0.8290898290898291, "budget_ran": 1500}
{"dataset": "Adiac", "depth": 3, "nb_filters": 16, "batch_size": 64, "kernel_size": 32, "use_residual": true, "use_bottleneck": false, "acc": 0.7058823529411765, "precision": 0.7614533236824258, "recall": 0.7127908127908127, "budget_ran": 1500}
{"dataset": "Adiac", "depth": 3, "nb_filters": 16, "batch_size": 16, "kernel_size": 41, "use_residual": false, "use_bottleneck": true, "acc": 0.8312020460358056, "precision": 0.8577549188482694, "recall": 0.8355267855267856, "budget_ran": 1500}
{"dataset": "Adiac", "depth": 9, "nb_filters": 32, "batch_size": 32, "kernel_size": 41, "use_residual": false, "use_bottleneck": true, "acc": 0.8312020460358056, "precision": 0.8346312096312096, "recall": 0.8378638628638628, "budget_ran": 1500}
{"dataset": "Adiac", "depth": 6, "nb_filters": 16, "batch_size": 16, "kernel_size": 41, "use_residual": true, "use_bottleneck": false, "acc": 0.8337595907928389, "precision": 0.8482773607773608, "recall": 0.8383287508287507, "budget_ran": 1500}
{"dataset": "Adiac", "depth": 9, "nb_filters": 64, "batch_size": 128, "kernel_size": 41, "use_residual": false, "use_bottleneck": true, "acc": 0.7953964194373402, "precision": 0.8272205427778182, "recall": 0.8066156441156441, "budget_ran": 1500}
{"dataset": "Adiac", "depth": 6, "nb_filters": 32, "batch_size": 64, "kernel_size": 64, "use_residual": true, "use_bottleneck": false, "acc": 0.7365728900255755, "precision": 0.7853307650056875, "recall": 0.7508259758259758, "budget_ran": 1500}
{"dataset": "Adiac", "depth": 9, "nb_filters": 64, "batch_size": 128, "kernel_size": 41, "use_residual": false, "use_bottleneck": true, "acc": 0.6751918158567775, "precision": 0.7332197441162309, "recall": 0.6863921738921739, "budget_ran": 1500}
{"dataset": "Adiac", "depth": 3, "nb_filters": 64, "batch_size": 16, "kernel_size": 64, "use_residual": true, "use_bottleneck": false, "acc": 0.8081841432225064, "precision": 0.8387477387477389, "recall": 0.8162830787830787, "budget_ran": 1500}
{"dataset": "Adiac", "depth": 3, "nb_filters": 16, "batch_size": 32, "kernel_size": 64, "use_residual": true, "use_bottleneck": false, "acc": 0.8235294117647058, "precision": 0.8366524241524241, "recall": 0.8249751374751374, "budget_ran": 1500}
{"dataset": "Adiac", "depth": 9, "nb_filters": 16, "batch_size": 16, "kernel_size": 41, "use_residual": false, "use_bottleneck": false, "acc": 0.8337595907928389, "precision": 0.8529717237921572, "recall": 0.8401536526536527, "budget_ran": 1500}
{"dataset": "Adiac", "depth": 3, "nb_filters": 16, "batch_size": 64, "kernel_size": 64, "use_residual": false, "use_bottleneck": false, "acc": 0.7672634271099744, "precision": 0.8146785055224953, "recall": 0.7714681339681339, "budget_ran": 1500}
{"dataset": "Adiac", "depth": 3, "nb_filters": 64, "batch_size": 64, "kernel_size": 64, "use_residual": true, "use_bottleneck": false, "acc": 0.7698209718670077, "precision": 0.7915889745998105, "recall": 0.7776352026352027, "budget_ran": 1500}
{"dataset": "Adiac", "depth": 9, "nb_filters": 32, "batch_size": 32, "kernel_size": 41, "use_residual": false, "use_bottleneck": false, "acc": 0.8260869565217391, "precision": 0.8474307753719519, "recall": 0.828908478908479, "budget_ran": 1500}
{"dataset": "Adiac", "depth": 9, "nb_filters": 64, "batch_size": 64, "kernel_size": 64, "use_residual": false, "use_bottleneck": true, "acc": 0.6879795396419437, "precision": 0.7276806497314664, "recall": 0.6886070011070011, "budget_ran": 1500}
{"dataset": "Adiac", "depth": 6, "nb_filters": 16, "batch_size": 16, "kernel_size": 64, "use_residual": false, "use_bottleneck": true, "acc": 0.8209718670076727, "precision": 0.8362877892289656, "recall": 0.823104298104298, "budget_ran": 1500}
{"dataset": "Adiac", "depth": 9, "nb_filters": 32, "batch_size": 16, "kernel_size": 32, "use_residual": false, "use_bottleneck": false, "acc": 0.8081841432225064, "precision": 0.821698611404494, "recall": 0.81006951006951, "budget_ran": 1500}
{"dataset": "Adiac", "depth": 6, "nb_filters": 64, "batch_size": 32, "kernel_size": 64, "use_residual": false, "use_bottleneck": true, "acc": 0.7928388746803069, "precision": 0.7979781854781856, "recall": 0.7968811593811593, "budget_ran": 1500}
{"dataset": "Adiac", "depth": 6, "nb_filters": 16, "batch_size": 64, "kernel_size": 64, "use_residual": false, "use_bottleneck": true, "acc": 0.7953964194373402, "precision": 0.8026659526659528, "recall": 0.8026270276270276, "budget_ran": 1500}
{"dataset": "Adiac", "depth": 9, "nb_filters": 32, "batch_size": 128, "kernel_size": 41, "use_residual": false, "use_bottleneck": false, "acc": 0.7289002557544757, "precision": 0.7919354598815863, "recall": 0.7403513528513528, "budget_ran": 1500}
{"dataset": "Adiac", "depth": 9, "nb_filters": 16, "batch_size": 128, "kernel_size": 64, "use_residual": false, "use_bottleneck": true, "acc": 0.8056265984654731, "precision": 0.8186608555029607, "recall": 0.8182987057987058, "budget_ran": 1500}
{"dataset": "Adiac", "depth": 9, "nb_filters": 16, "batch_size": 32, "kernel_size": 64, "use_residual": true, "use_bottleneck": true, "acc": 0.8286445012787724, "precision": 0.8441623691623693, "recall": 0.8310273435273434, "budget_ran": 1500}
{"dataset": "Adiac", "depth": 6, "nb_filters": 16, "batch_size": 16, "kernel_size": 32, "use_residual": false, "use_bottleneck": true,