{"dataset": "CinC_ECG_torso", "depth": 9, "nb_filters": 64, "batch_size": 64, "kernel_size": 32, "use_residual": true, "use_bottleneck": true, "acc": 0.8253623188405798, "precision": 0.831391821969706, "recall": 0.8257431622534598, "budget_ran": 1500}
{"dataset": "CinC_ECG_torso", "depth": 9, "nb_filters": 64, "batch_size": 16, "kernel_size": 32, "use_residual": true, "use_bottleneck": false, "acc": 0.8333333333333334, "precision": 0.8344684071607958, "recall": 0.8330950601881811, "budget_ran": 1500}
{"dataset": "CinC_ECG_torso", "depth": 9, "nb_filters": 64, "batch_size": 32, "kernel_size": 41, "use_residual": false, "use_bottleneck": false, "acc": 0.7927536231884058, "precision": 0.8006357455209436, "recall": 0.7922977993638339, "budget_ran": 1500}
{"dataset": "CinC_ECG_torso", "depth": 6, "nb_filters": 16, "batch_size": 16, "kernel_size": 64, "use_residual": true, "use_bottleneck": false, "acc": 0.7760869565217391, "precision": 0.7805852710629217, "recall": 0.7756830222554316, "budget_ran": 1500}
{"dataset": "CinC_ECG_torso", "depth": 6, "nb_filters": 16, "batch_size": 128, "kernel_size": 64, "use_residual": false, "use_bottleneck": true, "acc": 0.836231884057971, "precision": 0.8594704071238582, "recall": 0.8368779980118886, "budget_ran": 1500}
{"dataset": "CinC_ECG_torso", "depth": 3, "nb_filters": 16, "batch_size": 32, "kernel_size": 41, "use_residual": true, "use_bottleneck": true, "acc": 0.8246376811594203, "precision": 0.8548619419933937, "recall": 0.8251897823529543, "budget_ran": 1500}
{"dataset": "CinC_ECG_torso", "depth": 3, "nb_filters": 64, "batch_size": 32, "kernel_size": 64, "use_residual": false, "use_bottleneck": true, "acc": 0.8260869565217391, "precision": 0.8372076359586879, "recall": 0.8258243990633194, "budget_ran": 1500}
{"dataset": "CinC_ECG_torso", "depth": 3, "nb_filters": 16, "batch_size": 64, "kernel_size": 64, "use_residual": true, "use_bottleneck": false, "acc": 0.8971014492753623, "precision": 0.8998854259588903, "recall": 0.8971490023491144, "budget_ran": 1500}
{"dataset": "CinC_ECG_torso", "depth": 3, "nb_filters": 32, "batch_size": 64, "kernel_size": 64, "use_residual": true, "use_bottleneck": false, "acc": 0.8681159420289855, "precision": 0.880090618476914, "recall": 0.868665800852323, "budget_ran": 1500}
{"dataset": "CinC_ECG_torso", "depth": 3, "nb_filters": 32, "batch_size": 16, "kernel_size": 64, "use_residual": false, "use_bottleneck": true, "acc": 0.8485507246376811, "precision": 0.849859582702061, "recall": 0.8483127739490697, "budget_ran": 1500}
{"dataset": "CinC_ECG_torso", "depth": 9, "nb_filters": 32, "batch_size": 128, "kernel_size": 41, "use_residual": true, "use_bottleneck": false, "acc": 0.8557971014492753, "precision": 0.8634812259975564, "recall": 0.8561052364718362, "budget_ran": 1500}
{"dataset": "CinC_ECG_torso", "depth": 9, "nb_filters": 16, "batch_size": 32, "kernel_size": 32, "use_residual": false, "use_bottleneck": false, "acc": 0.8333333333333334, "precision": 0.8417102237458383, "recall": 0.8333836031961003, "budget_ran": 1500}
{"dataset": "CinC_ECG_torso", "depth": 9, "nb_filters": 16, "batch_size": 128, "kernel_size": 41, "use_residual": false, "use_bottleneck": false, "acc": 0.8057971014492754, "precision": 0.8210009163312308, "recall": 0.8063750547620159, "budget_ran": 1500}
{"dataset": "CinC_ECG_torso", "depth": 9, "nb_filters": 32, "batch_size": 64, "kernel_size": 41, "use_residual": false, "use_bottleneck": true, "acc": 0.8173913043478261, "precision": 0.8342136269089196, "recall": 0.8180309580517399, "budget_ran": 1500}
{"dataset": "CinC_ECG_torso", "depth": 3, "nb_filters": 32, "batch_size": 128, "kernel_size": 41, "use_residual": false, "use_bottleneck": false, "acc": 0.8673913043478261, "precision": 0.8839730931954355, "recall": 0.8682185832816292, "budget_ran": 1500}
{"dataset": "CinC_ECG_torso", "depth": 3, "nb_filters": 32, "batch_size": 16, "kernel_size": 64, "use_residual": false, "use_bottleneck": true, "acc": 0.855072463768116, "precision": 0.8659373685289264, "recall": 0.8549062429810107, "budget_ran": 1500}
{"dataset": "CinC_ECG_torso", "depth": 3, "nb_filters": 32, "batch_size": 32, "kernel_size": 32, "use_residual": true, "use_bottleneck": true, "acc": 0.8601449275362318, "precision": 0.8659808857320828, "recall": 0.8605111084425052, "budget_ran": 1500}
{"dataset": "CinC_ECG_torso", "depth": 9, "nb_filters": 16, "batch_size": 16, "kernel_size": 32, "use_residual": false, "use_bottleneck": true, "acc": 0.7985507246376812, "precision": 0.8100956174083588, "recall": 0.7984205893319516, "budget_ran": 1500}
{"dataset": "CinC_ECG_torso", "depth": 3, "nb_filters": 64, "batch_size": 16, "kernel_size": 41, "use_residual": false, "use_bottleneck": true, "acc": 0.8311594202898551, "precision": 0.8363849215172123, "recall": 0.831083576287658, "budget_ran": 1500}
{"dataset": "CinC_ECG_torso", "depth": 6, "nb_filters": 64, "batch_size": 64, "kernel_size": 41, "use_residual": false, "use_bottleneck": true, "acc": 0.841304347826087, "precision": 0.8466897921214339, "recall": 0.8415242817187898, "budget_ran": 1500}
{"dataset": "CinC_ECG_torso", "depth": 3, "nb_filters": 16, "batch_size": 128, "kernel_size": 32, "use_residual": true, "use_bottleneck": false, "acc": 0.8768115942028986, "precision": 0.8866310796969652, "recall": 0.8774168340104921, "budget_ran": 1500}
{"dataset": "CinC_ECG_torso", "depth": 9, "nb_filters": 32, "batch_size": 64, "kernel_size": 64, "use_residual": true, "use_bottleneck": false, "acc": 0.7978260869565217, "precision": 0.8022736571775713, "recall": 0.7978698965692848, "budget_ran": 1500}
{"dataset": "CinC_ECG_torso", "depth": 6, "nb_filters": 16, "batch_size": 64, "kernel_size": 41, "use_residual": false, "use_bottleneck": false, "acc": 0.8507246376811595, "precision": 0.8641601938589644, "recall": 0.851116615110684, "budget_ran": 1500}
{"dataset": "CinC_ECG_torso", "depth": 6, "nb_filters": 64, "batch_size": 32, "kernel_size": 64, "use_residual": true, "use_bottleneck": false, "acc": 0.7818840579710145, "precision": 0.7812099705579036, "recall": 0.7810281471202407, "budget_ran": 1500}
{"dataset": "CinC_ECG_torso", "depth": 9, "nb_filters": 16, "batch_size": 16, "kernel_size": 41, "use_residual": false, "use_bottleneck": true, "acc": 0.8210144927536231, "precision": 0.8217352234065805, "recall": 0.8204960234066384, "budget_ran": 1500}
{"dataset": "CinC_ECG_torso", "depth": 9, "nb_filters": 64, "batch_size": 128, "kernel_size": 32, "use_residual": false, "use_bottleneck": true, "acc": 0.7920289855072464, "precision": 0.809336557227778, "recall": 0.7928992660592624, "budget_ran": 1500}
{"dataset": "CinC_ECG_torso", "depth": 3, "nb_filters": 16, "batch_size": 128, "kernel_size": 64, "use_residual": true, "use_bottleneck": true, "acc": 0.8731884057971014, "precision": 0.8846326298426023, "recall": 0.8739319868734243, "budget_ran": 1500}
{"dataset": "CinC_ECG_torso", "depth": 6, "nb_filters": 32, "batch_size": 16, "kernel_size": 41, "use_residual": false, "use_bottleneck": true, "acc": 0.8326086956521739, "precision": 0.8342085236964134, "recall": 0.8323313644952368, "budget_ran": 1500}
{"dataset": "CinC_ECG_torso", "depth": 3, "nb_filters": 16, "batch_size": 32, "kernel_size": 32, "use_residual": false, "use_bottleneck": true, "acc": 0.8311594202898551, "precision": 0.8562140173806772, "recall": 0.8317921689761227, "budget_ran": 1500}
{"dataset": "CinC_ECG_torso", "depth": 9, "nb_filters": 64, "batch_size": 128, "kernel_size": 32, "use_residual": true, "use_bottleneck": false, "acc": 0.8123188405797102, "precision": 0.8197838986695517, "recall": 0.8127865322875363, "budget_ran": 1500}
{"dataset": "CinC_ECG_torso", "depth": 6, "nb_filters": 64, "batch_size": 128, "kernel_size": 32, "use_residual": true, "use_bottleneck": false, "acc": 0.8427536231884057, "precision": 0.8535225622673075, "recall": 0.843265902852369, "budget_ran": 1500}
{"dataset": "CinC_ECG_torso", "depth": 6, "nb_filters": 16, "batch_size": 64, "kernel_size": 64, "use_residual": false,