precision,accuracy,recall,duration
0.4481161674668426,0.73,0.47637553195069865,136.00372314453125
