precision,accuracy,recall,duration
0.7655320619358034,0.7684210526315789,0.736964354405964,203.3517882823944
