precision,accuracy,recall,duration
0.8998387867208024,0.9003436426116839,0.8657690627048285,130.26562809944153
