precision,accuracy,recall,duration
0.9777084777084777,0.9780701754385965,0.9787037037037036,221.1141426563263
