precision,accuracy,recall,duration
0.8610876651226625,0.8514285714285714,0.8671041837571781,61.00770974159241
