precision,accuracy,recall,duration
0.8449093763874326,0.8384615384615385,0.8448626424859981,399.7975928783417
