precision,accuracy,recall,duration
0.9586887508626639,0.9632738719832109,0.9645233435840089,77.79203844070435
