precision,accuracy,recall,duration
0.9321054532322137,0.9243986254295533,0.8921236617871968,988.3236970901489
