precision,accuracy,recall,duration
0.545385450597177,0.7981366459627329,0.5136494252873564,263.60333156585693
