precision,accuracy,recall,duration
0.8595143773412025,0.8571428571428571,0.8675599307264606,392.56895112991333
