precision,accuracy,recall,duration
0.7938896777764418,0.8025,0.7152030271378779,68.708181142807
