precision,accuracy,recall,duration
0.8417910699099919,0.84,0.8516087868015679,203.8343222141266
