precision,accuracy,recall,duration
0.9237564505416866,0.9238173817381738,0.9239610578320256,319.3752110004425
