precision,accuracy,recall,duration
0.4114150109573451,0.6115288220551378,0.40244534543723653,90.47276782989502
