precision,accuracy,recall,duration
0.9406112175754853,0.9464847848898216,0.9478007641412729,324.4543433189392
