precision,accuracy,recall,duration
0.8342328374218123,0.8358974358974359,0.8287022507242096,306.40562987327576
