precision,accuracy,recall,duration
0.532301446753595,0.78,0.49988949092941687,270.56006717681885
