precision,accuracy,recall,duration
0.7884615384615385,0.788,0.788,263.16685032844543
