precision,accuracy,recall,duration
0.4317631586469906,0.4072727272727273,0.4368671011676067,326.1449694633484
