precision,accuracy,recall,duration
0.6502439819847321,0.7147335423197492,0.5780180092377167,430.14977264404297
