precision,accuracy,recall,duration
0.8699044836019982,0.8626198083067093,0.8568662943706271,505.40941858291626
