precision,accuracy,recall,duration
0.8320824624738742,0.8368298368298368,0.8202620367401163,699.714848279953
