precision,accuracy,recall,duration
0.8018747009975081,0.8025,0.7005333455765603,141.65514516830444
