precision,accuracy,recall,duration
0.9448349760677774,0.9447375728964177,0.9445828819068256,2356.68496632576
