precision,accuracy,recall,duration
0.9041193778898696,0.8986666666666666,0.8986666666666666,1093.338058233261
