precision,accuracy,recall,duration
0.6496641289744738,0.755,0.620947875378255,158.0882167816162
