precision,accuracy,recall,duration
0.7981260616078559,0.8,0.7993796973949219,250.75364112854004
