precision,accuracy,recall,duration
0.855950971491327,0.8669270833333333,0.8397833484699376,627.0590190887451
