precision,accuracy,recall,duration
0.774317303391405,0.7916666666666666,0.7907751410231472,204.53082036972046
