precision,accuracy,recall,duration
0.9821263482280431,0.9824561403508771,0.9828703703703703,463.50022172927856
