precision,accuracy,recall,duration
0.8357575757575757,0.7666666666666667,0.7666666666666666,62.28955554962158
