precision,accuracy,recall,duration
0.895359542418366,0.882,0.8495644191967301,2305.0769760608673
