precision,accuracy,recall,duration
0.6285369528836267,0.6252525252525253,0.6252525252525252,266.4062979221344
