precision,accuracy,recall,duration
0.8945131367612826,0.8933333333333333,0.8933333333333332,264.0920979976654
