precision,accuracy,recall,duration
0.9698749526335734,0.9657142857142857,0.9647708613225855,154.81731057167053
