precision,accuracy,recall,duration
0.8506138395844279,0.8487179487179487,0.849690073538774,293.37003445625305
