precision,accuracy,recall,duration
0.9642704583573245,0.9634146341463414,0.9443360580311406,274.41619181632996
