precision,accuracy,recall,duration
0.7763803717087066,0.7916666666666666,0.7798155298155298,197.4979476928711
