precision,accuracy,recall,duration
0.7346754116858846,0.736,0.7360000000000001,1512.583645105362
