precision,accuracy,recall,duration
0.9029209959006381,0.9036666666666666,0.9037714575187252,219.7167992591858
