precision,accuracy,recall,duration
0.87125,0.8666666666666667,0.8666666666666667,501.9831700325012
