precision,accuracy,recall,duration
0.810525364781296,0.8151870463428252,0.8134561652284615,2342.8629438877106
