precision,accuracy,recall,duration
0.9225199012203975,0.9213421342134214,0.9207788433594886,217.4907672405243
