precision,accuracy,recall,duration
0.638888888888889,0.6298342541436464,0.6162493758114451,236.04518294334412
