precision,accuracy,recall,duration
0.8970463945333573,0.8963333333333333,0.8945364657762991,419.32984828948975
