precision,accuracy,recall,duration
0.8950693701908884,0.9049586776859504,0.8706694271911664,634.694173336029
