precision,accuracy,recall,duration
0.7750077776481076,0.7804347826086957,0.7794369834672454,761.2499120235443
