precision,accuracy,recall,duration
0.8132377538829152,0.8057142857142857,0.819706498951782,233.46664381027222
