precision,accuracy,recall,duration
0.7869603403317977,0.7868421052631579,0.7643277001395143,872.9938519001007
