precision,accuracy,recall,duration
0.695156679889932,0.9353333333333333,0.5885909343967424,364.1753385066986
