precision,accuracy,recall,duration
0.9826007326007326,0.9828571428571429,0.9840194698569082,309.8584065437317
