precision,accuracy,recall,duration
0.7911320323601027,0.77,0.6835692067536701,197.8828899860382
