precision,accuracy,recall,duration
0.7817857869582007,0.7391304347826086,0.7521206271206271,387.69671058654785
