precision,accuracy,recall,duration
0.8666531135183204,0.8615384615384616,0.8633927753558227,496.35459208488464
