precision,accuracy,recall,duration
0.9609264538859142,0.964110929853181,0.9609264538859142,813.9447553157806
