precision,accuracy,recall,duration
0.9003517246462529,0.8996666666666666,0.8979346461170641,854.804671049118
