precision,accuracy,recall,duration
0.860232897092616,0.8589743589743589,0.8600873452945607,968.8762118816376
