precision,accuracy,recall,duration
0.7197869718027965,0.7516483516483516,0.6536262167485077,263.3459906578064
