precision,accuracy,recall,duration
0.8052884615384616,0.7666666666666667,0.7083333333333333,67.06133532524109
