precision,accuracy,recall,duration
0.8588875674686671,0.869,0.8567043073139473,2376.5608763694763
