precision,accuracy,recall,duration
0.9587917553727732,0.9580487804878048,0.9428428864861462,178.6020631790161
