precision,accuracy,recall,duration
0.7504524886877828,0.7633333333333333,0.7638352638352638,382.81494092941284
