precision,accuracy,recall,duration
0.753783921949253,0.756578947368421,0.750658898956327,355.51855278015137
