precision,accuracy,recall,duration
0.944796592615192,0.9447375728964177,0.9446109706673087,2633.7349948883057
