precision,accuracy,recall,duration
0.97205709545863,0.9755301794453507,0.9748800500660594,264.51888847351074
