precision,accuracy,recall,duration
0.9348783908789917,0.9338842975206612,0.9195181629964239,149.3136510848999
