precision,accuracy,recall,duration
0.8160858180690338,0.8216783216783217,0.8034609922580054,451.52666997909546
