precision,accuracy,recall,duration
0.676525198938992,0.6850828729281768,0.6667919799498747,265.7047927379608
