precision,accuracy,recall,duration
0.9773487827738897,0.9768844221105528,0.9769137363217174,90.62279391288757
