precision,accuracy,recall,duration
0.8501619738237886,0.841025641025641,0.8479060311530758,302.1274538040161
