precision,accuracy,recall,duration
0.8393939393939395,0.8342857142857143,0.8438610883237626,628.1918416023254
