precision,accuracy,recall,duration
0.7625272331154684,0.7619047619047619,0.7625272331154684,561.474175453186
