precision,accuracy,recall,duration
0.9688124606283175,0.9664,0.9673420092674749,583.9559700489044
