precision,accuracy,recall,duration
0.9727582709530985,0.9777804759592035,0.9618006490408798,1166.2716290950775
