precision,accuracy,recall,duration
0.6228707398935844,0.6298342541436464,0.6292025367022871,174.58240842819214
