precision,accuracy,recall,duration
0.9641453608325334,0.9640427599611273,0.9640226211523641,264.16493129730225
