precision,accuracy,recall,duration
0.9733285917496444,0.9733333333333334,0.9733285917496444,132.65436458587646
