precision,accuracy,recall,duration
0.5967038111464137,0.7225,0.5951725411641023,157.87947988510132
