precision,accuracy,recall,duration
0.9830287008119368,0.9829145728643216,0.9832378521106461,194.4268033504486
