precision,accuracy,recall,duration
0.9639846045940311,0.9604878048780487,0.9432360297005908,103.17359805107117
