precision,accuracy,recall,duration
0.35667355045775023,0.5914786967418546,0.3696424928600572,93.81857419013977
