precision,accuracy,recall,duration
0.8556757376459965,0.8565104166666667,0.8131270998801492,265.3843915462494
