precision,accuracy,recall,duration
0.6511445696704317,0.7758241758241758,0.6395432841152655,454.9292507171631
