precision,accuracy,recall,duration
0.7365384615384616,0.7403314917127072,0.7234962406015037,262.8900194168091
