precision,accuracy,recall,duration
0.8475706993872928,0.8598958333333333,0.832995036971985,1421.1237888336182
