precision,accuracy,recall,duration
0.8687377131312944,0.8641025641025641,0.8663189861627258,399.71050238609314
