precision,accuracy,recall,duration
0.4136975061656983,0.6240601503759399,0.4057889879738105,150.3988971710205
