precision,accuracy,recall,duration
0.9333248502911103,0.932998324958124,0.9331320086100452,960.2519736289978
