precision,accuracy,recall,duration
0.705785519515671,0.7978021978021979,0.6800492624850211,537.1294350624084
