precision,accuracy,recall,duration
0.8986111111111111,0.906,0.8976515007187515,1706.6727528572083
