precision,accuracy,recall,duration
0.6260053924717933,0.6247474747474747,0.6247474747474748,448.61015129089355
