precision,accuracy,recall,duration
0.9513901076401077,0.9313725490196079,0.8949871050934881,195.91821336746216
