precision,accuracy,recall,duration
0.8823560052610332,0.8801916932907349,0.8769369022401952,204.12891149520874
