precision,accuracy,recall,duration
0.7063492063492064,0.6333333333333333,0.5972222222222222,115.64766788482666
