precision,accuracy,recall,duration
0.5699507389162561,0.578125,0.5718623481781376,109.27868914604187
