precision,accuracy,recall,duration
0.9531563489677747,0.952,0.9531799590184684,132.89002799987793
