precision,accuracy,recall,duration
0.9234863074827375,0.9232673267326733,0.9230292792792794,745.026392698288
