precision,accuracy,recall,duration
0.9766459627329193,0.9771428571428571,0.9784811165845648,253.67936158180237
