precision,accuracy,recall,duration
0.9682539682539683,0.9666666666666667,0.9666666666666667,354.8670952320099
