precision,accuracy,recall,duration
0.7763213122936778,0.7916666666666666,0.7961242948842637,144.53079915046692
