precision,accuracy,recall,duration
0.84249885725041,0.8082191780821918,0.8179197994987468,264.0115051269531
