precision,accuracy,recall,duration
0.8533774048648191,0.8342857142857143,0.8526114301339897,226.39194321632385
