precision,accuracy,recall,duration
0.6240721102863203,0.640625,0.618421052631579,149.1667788028717
