precision,accuracy,recall,duration
0.6373861785993999,0.6363636363636364,0.6363636363636364,312.5979542732239
