precision,accuracy,recall,duration
0.476894423158791,0.75,0.47501184567455196,91.83135032653809
