precision,accuracy,recall,duration
0.8287925696594427,0.8277777777777777,0.8277777777777777,344.36592745780945
