precision,accuracy,recall,duration
0.9720041862899006,0.9714285714285714,0.9731409805301431,266.3299934864044
