precision,accuracy,recall,duration
0.6050833538638417,0.7175,0.6001250195343023,361.2024164199829
