precision,accuracy,recall,duration
0.8411155854331809,0.8358974358974359,0.8363775631700981,675.6447420120239
