precision,accuracy,recall,duration
0.7630279661392545,0.765,0.6319047017817722,447.9872291088104
