precision,accuracy,recall,duration
0.9467825036421136,0.9297520661157025,0.895783926218709,143.19407320022583
