precision,accuracy,recall,duration
0.962247000584624,0.9573560767590619,0.9577094287481824,324.81455063819885
