precision,accuracy,recall,duration
0.9771062271062271,0.9771428571428571,0.979093361482524,267.2001624107361
