precision,accuracy,recall,duration
0.44055481375080807,0.42727272727272725,0.45281484520294313,799.3006601333618
