precision,accuracy,recall,duration
0.9490855888032501,0.9468292682926829,0.9211493612396741,146.21769618988037
