precision,accuracy,recall,duration
0.9572072072072072,0.9379084967320261,0.9199709864603483,627.9313971996307
