precision,accuracy,recall,duration
0.5186932888204074,0.79,0.522912363300271,79.34705352783203
