precision,accuracy,recall,duration
0.9868400159381797,0.985929648241206,0.9854873986680154,316.91233134269714
