precision,accuracy,recall,duration
0.9244857922324741,0.9238173817381738,0.9234016274338854,873.2839832305908
