precision,accuracy,recall,duration
0.4761941807862352,0.44727272727272727,0.45254972612921945,374.6019163131714
