precision,accuracy,recall,duration
0.6883942766295708,0.6761904761904762,0.6721132897603486,395.1836361885071
