precision,accuracy,recall,duration
0.4995259705404633,0.745,0.5055346266302924,321.5069844722748
