precision,accuracy,recall,duration
0.9462181962181963,0.9248366013071896,0.8749194068343005,323.9783067703247
