precision,accuracy,recall,duration
0.6910949410949411,0.5766666666666667,0.6609122738766777,168.35791540145874
