precision,accuracy,recall,duration
0.8158043695794275,0.8,0.8163339713790903,627.5008451938629
