precision,accuracy,recall,duration
0.9215662578162578,0.9133333333333333,0.9133333333333334,3921.8889865875244
