precision,accuracy,recall,duration
0.59375,0.59375,0.597165991902834,143.1606900691986
