precision,accuracy,recall,duration
0.9220779220779222,0.9166666666666666,0.9166666666666666,277.4997172355652
