precision,accuracy,recall,duration
0.8581468405980157,0.8487179487179487,0.8532128416148516,308.63151931762695
