precision,accuracy,recall,duration
0.763799591677225,0.7578947368421053,0.74837209063361,132.27906394004822
