precision,accuracy,recall,duration
0.8629032258064516,0.8111111111111111,0.8111111111111111,403.46629309654236
