precision,accuracy,recall,duration
0.8571428571428572,0.8,0.8,386.01303029060364
