precision,accuracy,recall,duration
0.9484225276462409,0.9421487603305785,0.9316707447142228,375.5997107028961
