precision,accuracy,recall,duration
0.8302198549276707,0.8356643356643356,0.8198669201520912,1014.0956795215607
