precision,accuracy,recall,duration
0.7114682439839303,0.938,0.5999662739586724,350.46057176589966
