precision,accuracy,recall,duration
0.8038649081599576,0.8101619207146845,0.8085012217065641,263.76131653785706
