precision,accuracy,recall,duration
0.9680641491873518,0.9633262260127932,0.9635276439250167,570.0212197303772
