precision,accuracy,recall,duration
0.9674335511696482,0.9664,0.9666425431642822,563.0318212509155
