precision,accuracy,recall,duration
0.9670385510879979,0.9619512195121951,0.9462050084248128,290.26040387153625
