precision,accuracy,recall,duration
0.8899164454625423,0.889776357827476,0.8880903780730471,155.0663673877716
