precision,accuracy,recall,duration
0.9565437370566817,0.9551219512195122,0.9349445171747514,76.37059259414673
