precision,accuracy,recall,duration
0.8574050251606115,0.8589743589743589,0.8528682118505434,282.2273681163788
