precision,accuracy,recall,duration
0.7790697674418605,0.8536585365853658,0.7788057040998217,444.068794965744
