precision,accuracy,recall,duration
0.8802622498274673,0.8900343642611683,0.8611535940572428,306.0403983592987
