precision,accuracy,recall,duration
0.8373409642187314,0.8358974358974359,0.8299725583050687,197.3658320903778
