precision,accuracy,recall,duration
0.6749179130019712,0.9342222222222222,0.5852917508804635,431.9254207611084
