precision,accuracy,recall,duration
0.6451159951159952,0.6464088397790055,0.6441050384500151,276.27805733680725
