precision,accuracy,recall,duration
0.9773489932885906,0.9762949956101844,0.9763157894736842,627.0367140769958
