precision,accuracy,recall,duration
0.8470253143223111,0.8457142857142858,0.8593564852793728,325.492812871933
