precision,accuracy,recall,duration
0.8980910724578713,0.896,0.8933649490228277,357.9805028438568
