precision,accuracy,recall,duration
0.9589770701039971,0.953170731707317,0.931560313867353,203.9188985824585
