precision,accuracy,recall,duration
0.7310300023623908,0.8341463414634146,0.7478342245989306,431.21383142471313
