precision,accuracy,recall,duration
0.6365385576179784,0.7288401253918495,0.5825507879159261,776.0375242233276
