precision,accuracy,recall,duration
0.7501011785579718,0.7386666666666667,0.7386666666666667,2485.9759287834167
