precision,accuracy,recall,duration
0.9109482800212283,0.9132231404958677,0.8769778530648096,368.962854385376
