precision,accuracy,recall,duration
0.9298306439077467,0.929042904290429,0.9285981546062192,1073.5845928192139
