precision,accuracy,recall,duration
0.8486083631945004,0.8536458333333333,0.8147704465991351,387.49236273765564
