precision,accuracy,recall,duration
0.7275584795321638,0.8146341463414634,0.7977807486631017,235.7018072605133
