precision,accuracy,recall,duration
0.9058324304803178,0.9037800687285223,0.8682816255188988,797.7996327877045
