precision,accuracy,recall,duration
0.7888540031397174,0.8066666666666666,0.7863256175841276,373.51638865470886
