precision,accuracy,recall,duration
0.890133613784718,0.895,0.8806655813228494,1166.4757974147797
