precision,accuracy,recall,duration
0.7384953550099537,0.755,0.6250637986907399,327.3258945941925
