precision,accuracy,recall,duration
0.8603119617901563,0.8512820512820513,0.8584735616960965,541.6263709068298
