precision,accuracy,recall,duration
0.7596153846153846,0.7592592592592593,0.7592592592592593,89.13462901115417
