precision,accuracy,recall,duration
0.9231860269360268,0.9133333333333333,0.9133333333333334,563.2400434017181
