precision,accuracy,recall,duration
0.536162630820452,0.77,0.49774066371952835,165.225403547287
