precision,accuracy,recall,duration
0.8958717824186497,0.884,0.8529243665460088,883.9787967205048
