precision,accuracy,recall,duration
0.9496048241535853,0.9559286463798531,0.9596100083869163,245.07336282730103
