precision,accuracy,recall,duration
0.9245283018867925,0.9111111111111111,0.9111111111111111,446.01772904396057
