precision,accuracy,recall,duration
0.8308389793373108,0.8285714285714286,0.8390301704493665,199.32413578033447
