precision,accuracy,recall,duration
0.6325776516426033,0.6333333333333333,0.6333333333333333,527.7713897228241
