precision,accuracy,recall,duration
0.8846153846153846,0.85,0.85,502.1562099456787
