precision,accuracy,recall,duration
0.9527765866209262,0.9379084967320261,0.9052224371373307,204.26059460639954
