precision,accuracy,recall,duration
0.8776950360766937,0.8777219430485762,0.878062692538258,947.1961860656738
