precision,accuracy,recall,duration
0.4208449097599099,0.37272727272727274,0.3794285191271793,189.04255890846252
