precision,accuracy,recall,duration
0.9264952457042853,0.9132231404958677,0.889033189033189,264.6046543121338
