precision,accuracy,recall,duration
0.8380723548858099,0.8358974358974359,0.8296756745329529,270.19649505615234
