precision,accuracy,recall,duration
0.7778903342158782,0.7706666666666667,0.7706666666666667,1399.4821877479553
