precision,accuracy,recall,duration
0.9336877795521111,0.9337183718371838,0.9336766201685556,2651.6789450645447
