precision,accuracy,recall,duration
0.6979166666666666,0.5,0.4194444444444444,143.96826577186584
