precision,accuracy,recall,duration
0.7999924022162572,0.782608695652174,0.7832358810365161,615.1948986053467
