precision,accuracy,recall,duration
0.9446587216604281,0.9447375728964177,0.9447795032302075,1586.9229650497437
