precision,accuracy,recall,duration
0.8799249725102152,0.8005917159763314,0.9057994134284078,1334.8503370285034
