precision,accuracy,recall,duration
0.8412889990493273,0.8358974358974359,0.837642234902058,915.64280128479
