precision,accuracy,recall,duration
0.9300674788174789,0.9183333333333333,0.9183333333333334,2965.8324241638184
