precision,accuracy,recall,duration
0.960762657119082,0.9504132231404959,0.9383242361503231,129.22320437431335
