precision,accuracy,recall,duration
0.8425082800082802,0.8337595907928389,0.8383752508752509,865.7414748668671
