precision,accuracy,recall,duration
0.9222691662164968,0.921067106710671,0.920497311827957,989.6986048221588
