precision,accuracy,recall,duration
0.6598865250294672,0.6685082872928176,0.6458182612603615,97.16746735572815
