precision,accuracy,recall,duration
0.8916012290884261,0.9461538461538461,0.9508647798742138,66.28600978851318
