precision,accuracy,recall,duration
0.9418178731961422,0.94140516523188,0.9410798122065728,1278.7610068321228
