precision,accuracy,recall,duration
0.9745714279257619,0.9738693467336683,0.9736144727594117,146.45774340629578
