precision,accuracy,recall,duration
0.973585181311683,0.9728643216080402,0.9728408540666496,565.6442220211029
