precision,accuracy,recall,duration
0.9691035013466718,0.9692982456140351,0.9703703703703703,495.1477704048157
