precision,accuracy,recall,duration
0.6812620588091175,0.7366771159874608,0.5929035781425553,537.2910251617432
