precision,accuracy,recall,duration
0.7456598697252903,0.76,0.641915835466333,70.78112554550171
