precision,accuracy,recall,duration
0.9398066992109606,0.9388609715242882,0.9391104260526255,2605.5833508968353
