precision,accuracy,recall,duration
0.7793103448275862,0.7777777777777778,0.7777777777777777,95.83394289016724
