precision,accuracy,recall,duration
0.6248832428076125,0.7163009404388715,0.573187690229299,715.9266130924225
