precision,accuracy,recall,duration
0.9205683134582624,0.9205170517051705,0.92037925021796,203.72565007209778
