precision,accuracy,recall,duration
0.9977850627872152,0.9977777777777778,0.9977777777777778,107.0151047706604
