precision,accuracy,recall,duration
0.8137703639472571,0.8196538246789503,0.8179622657653716,1191.0505697727203
