precision,accuracy,recall,duration
0.8835844155844157,0.88,0.88,315.3480341434479
