precision,accuracy,recall,duration
0.7794285714285714,0.7933333333333333,0.7913627913627914,608.3686861991882
