precision,accuracy,recall,duration
0.5042635046113306,0.5,0.49913308421364827,323.17919182777405
