precision,accuracy,recall,duration
0.8375733743380802,0.8184143222506394,0.8223540348540348,284.7443358898163
