precision,accuracy,recall,duration
0.9634729020228384,0.9629268292682926,0.9438383847924969,168.52078676223755
