precision,accuracy,recall,duration
0.7755384735445606,0.7775,0.6316755238762056,177.4401695728302
