precision,accuracy,recall,duration
0.9973776223776224,0.9973661106233538,0.9973684210526316,498.1220443248749
