precision,accuracy,recall,duration
0.7957093784431915,0.792,0.792,745.2772245407104
