precision,accuracy,recall,duration
0.7945454545454546,0.75,0.75,507.7237215042114
