precision,accuracy,recall,duration
0.86960918388967,0.815,0.7492552694019641,443.68831181526184
