precision,accuracy,recall,duration
0.884723266140656,0.7840236686390533,0.8973448714072625,347.0281262397766
