precision,accuracy,recall,duration
0.924775707384403,0.9166666666666666,0.9166666666666666,206.1066813468933
