precision,accuracy,recall,duration
0.8782467532467533,0.8,0.7138888888888889,146.11817574501038
