precision,accuracy,recall,duration
0.7597402597402597,0.756,0.756,1825.6539001464844
