precision,accuracy,recall,duration
0.8218001099580047,0.8209718670076727,0.8268411768411769,381.5676987171173
