precision,accuracy,recall,duration
0.45065441381230853,0.631578947368421,0.4266133235219833,97.46542406082153
