precision,accuracy,recall,duration
0.8520893086579361,0.8512820512820513,0.8469222152141578,171.25034546852112
