precision,accuracy,recall,duration
0.9446783492173225,0.9447375728964177,0.9447373700894828,874.6521391868591
