precision,accuracy,recall,duration
0.8089035614245699,0.7945205479452054,0.8207602339181286,137.26435017585754
