precision,accuracy,recall,duration
0.8371433634591529,0.8342857142857143,0.8453194786254672,219.47172951698303
