precision,accuracy,recall,duration
0.8099838969404187,0.808,0.808,384.4182105064392
