precision,accuracy,recall,duration
0.8492810997881993,0.8538461538461538,0.8493667438927394,447.0147292613983
