precision,accuracy,recall,duration
0.8771929824561404,0.8602329450915142,0.8775510204081632,143.19295144081116
