precision,accuracy,recall,duration
0.874528663033443,0.7905325443786982,0.8970600269617791,385.79278206825256
