precision,accuracy,recall,duration
0.6916390779886717,0.7934065934065934,0.6555597791613272,1285.950367450714
