precision,accuracy,recall,duration
0.9504598769983165,0.9489112227805695,0.9491240951579533,2527.3192570209503
