precision,accuracy,recall,duration
0.7057138531068526,0.9408888888888889,0.6038012893162854,352.810421705246
