precision,accuracy,recall,duration
0.20382735207517122,0.31751054852320676,0.19994027670807984,386.01752734184265
