precision,accuracy,recall,duration
0.7568981893498667,0.7526315789473684,0.7234386255033274,174.33900713920593
