precision,accuracy,recall,duration
0.9072011322011321,0.9013333333333333,0.9013333333333332,870.0605340003967
