precision,accuracy,recall,duration
0.8705187312327498,0.762130177514793,0.8816206077876758,212.33635687828064
