precision,accuracy,recall,duration
0.548466735966736,0.782608695652174,0.5243599791013583,126.28943157196045
