precision,accuracy,recall,duration
0.9309908336970756,0.9306930693069307,0.9304272013949433,976.8464987277985
