precision,accuracy,recall,duration
0.9112083142437991,0.8502958579881656,0.9230296428838232,141.9167833328247
