precision,accuracy,recall,duration
0.8283251231527093,0.842,0.8462997280867351,459.0848505496979
