precision,accuracy,recall,duration
0.9597745940603083,0.9584,0.959898780768346,651.8827514648438
