precision,accuracy,recall,duration
0.6566026726896291,0.6408839779005525,0.6232346699290923,93.20443677902222
