precision,accuracy,recall,duration
0.631832892991569,0.7210031347962382,0.5824569413600054,277.6878659725189
