precision,accuracy,recall,duration
0.9276229185691802,0.9268426842684269,0.9263967596628887,969.6981120109558
