precision,accuracy,recall,duration
0.974919183064884,0.9788732394366197,0.9631454618387886,3288.0881860256195
