precision,accuracy,recall,duration
0.7713365539452496,0.78,0.7891462891462891,142.08820271492004
