precision,accuracy,recall,duration
0.5008129057973294,0.755,0.504313397125738,153.4611792564392
