precision,accuracy,recall,duration
0.7236937590711175,0.7238095238095238,0.7238562091503268,145.45695805549622
