precision,accuracy,recall,duration
0.8514546727782021,0.8487179487179487,0.8486551553311803,165.5000195503235
