precision,accuracy,recall,duration
0.9451442480712728,0.9338842975206612,0.9171779910910344,289.2036111354828
