precision,accuracy,recall,duration
0.6929879613596559,0.8087912087912088,0.689125927185989,924.4238848686218
