precision,accuracy,recall,duration
0.7532715532566434,0.7683333333333333,0.7631560131560131,205.1391863822937
