precision,accuracy,recall,duration
0.48557521616793914,0.7425,0.49006066583596525,199.64268159866333
