precision,accuracy,recall,duration
0.5456385330129679,0.34363636363636363,0.3320950543838022,263.9776222705841
