precision,accuracy,recall,duration
0.7692012244834583,0.7394736842105263,0.6821915338131512,104.36185908317566
