precision,accuracy,recall,duration
0.32098530097671363,0.3,0.31184786062796604,343.57681608200073
