precision,accuracy,recall,duration
0.7979170144149703,0.7855263157894737,0.7425876784391345,245.6098668575287
