precision,accuracy,recall,duration
0.8286090067340067,0.8114285714285714,0.8289125877312916,499.6891372203827
