precision,accuracy,recall,duration
0.6246723426855205,0.6277777777777778,0.6277777777777778,281.92878222465515
