precision,accuracy,recall,duration
0.7787325456498388,0.7534246575342466,0.7560568086883875,445.7349042892456
