precision,accuracy,recall,duration
0.6958914159941306,0.6952380952380952,0.6938997821350763,204.80745792388916
