precision,accuracy,recall,duration
0.7793103448275862,0.7777777777777778,0.7777777777777777,383.27778339385986
