precision,accuracy,recall,duration
0.8339751683501683,0.8171428571428572,0.8352018959073922,207.71770405769348
