precision,accuracy,recall,duration
0.9494773519163764,0.9517470881863561,0.9577259475218659,70.1497392654419
