precision,accuracy,recall,duration
0.9780138339920948,0.9777777777777777,0.9777777777777779,394.54698610305786
