precision,accuracy,recall,duration
0.7734173957797221,0.772,0.772,684.6397752761841
