precision,accuracy,recall,duration
0.8886300897170463,0.8969072164948454,0.8691009394800087,388.5624029636383
