precision,accuracy,recall,duration
0.8323953823953824,0.8082191780821918,0.8199248120300753,229.8553855419159
