precision,accuracy,recall,duration
0.4616716582520679,0.44181818181818183,0.44363072219331406,506.3944911956787
