precision,accuracy,recall,duration
0.9696969696969697,0.9666666666666667,0.9666666666666667,118.82598304748535
