precision,accuracy,recall,duration
0.9444183951162107,0.9281045751633987,0.872662798194713,203.81685256958008
