precision,accuracy,recall,duration
0.9573159672629169,0.9572400388726919,0.9572226755519289,446.57369327545166
