precision,accuracy,recall,duration
0.4924815603776336,0.7725,0.4938376999363843,284.1612436771393
