precision,accuracy,recall,duration
0.5444314957425352,0.785,0.535506187296661,181.23041319847107
