precision,accuracy,recall,duration
0.7828651211004153,0.7647058823529411,0.7721990846990847,170.2306842803955
