precision,accuracy,recall,duration
0.656563771463093,0.7507836990595611,0.6141778578111449,321.5541172027588
