precision,accuracy,recall,duration
0.8744668577952318,0.8565217391304348,0.8574500581533692,203.47897696495056
