precision,accuracy,recall,duration
0.9331951113051069,0.9328932893289329,0.9326285963382738,995.7795658111572
