precision,accuracy,recall,duration
0.9988998899889988,0.9988888888888889,0.9988888888888888,360.3010342121124
