precision,accuracy,recall,duration
0.7030541363291638,0.7846153846153846,0.6396115823117371,1346.1664204597473
