precision,accuracy,recall,duration
0.9585708015958163,0.9614634146341463,0.9509136459188021,168.54663944244385
