precision,accuracy,recall,duration
0.9293341737871784,0.9328436516264428,0.9284339763302581,385.3742928504944
