precision,accuracy,recall,duration
0.7074465323161812,0.7428571428571429,0.6017685747173362,386.0672731399536
