precision,accuracy,recall,duration
0.9640466332205029,0.9640427599611273,0.9640396210163652,322.85484290122986
