precision,accuracy,recall,duration
0.9580586080586081,0.9444444444444444,0.9252901353965184,507.109087228775
