precision,accuracy,recall,duration
0.9722249764623624,0.976930548810102,0.9598927045726869,2005.997151374817
