precision,accuracy,recall,duration
0.742990965763243,0.7416666666666667,0.7605820105820106,155.07082533836365
