precision,accuracy,recall,duration
0.5935108436746546,0.725,0.584296552018071,88.799076795578
