precision,accuracy,recall,duration
0.8806493724714671,0.8801916932907349,0.8780691957121767,204.19160723686218
