precision,accuracy,recall,duration
0.9765886287625418,0.9771428571428571,0.9774548440065682,317.6196699142456
