precision,accuracy,recall,duration
0.7644444444444444,0.7,0.7000000000000001,208.9833459854126
