precision,accuracy,recall,duration
0.8577953501188343,0.8666666666666667,0.8370102728563903,1403.1410591602325
