precision,accuracy,recall,duration
0.5102564102564102,0.8012422360248447,0.5020898641588297,263.26920461654663
