precision,accuracy,recall,duration
0.6639549436795995,0.671875,0.6325910931174089,83.28542590141296
