precision,accuracy,recall,duration
0.8234947573182868,0.8081841432225064,0.8132319257319257,535.8911736011505
