precision,accuracy,recall,duration
0.9168660949721908,0.9151414309484193,0.9251757181277827,324.40222430229187
