precision,accuracy,recall,duration
0.7869819913781115,0.7675,0.6478714002043088,340.4763193130493
