precision,accuracy,recall,duration
0.9458976833976834,0.9248366013071896,0.8798355899419729,200.08489990234375
