precision,accuracy,recall,duration
0.7643097643097643,0.8439024390243902,0.772139037433155,443.80665826797485
