precision,accuracy,recall,duration
0.748015873015873,0.748,0.748,422.3391344547272
