precision,accuracy,recall,duration
0.8273917290009052,0.8321678321678322,0.8147933941087544,480.73916268348694
