precision,accuracy,recall,duration
0.7850892801071779,0.7714285714285715,0.7878042111019962,422.9191780090332
