precision,accuracy,recall,duration
0.5571312031228649,0.5487012987012987,0.5481032192922006,565.695529460907
