precision,accuracy,recall,duration
0.8921657592256503,0.886,0.8592718959455481,925.371518611908
