precision,accuracy,recall,duration
0.8697916666666666,0.7333333333333333,0.5916666666666667,78.7123920917511
