precision,accuracy,recall,duration
0.9276733002093334,0.9274148520379676,0.9276361451954369,1065.5501437187195
