precision,accuracy,recall,duration
0.4430813252124706,0.7625,0.46488887234742043,630.304270029068
