precision,accuracy,recall,duration
0.8843811434340095,0.7757396449704143,0.8917825161931344,403.0685646533966
