precision,accuracy,recall,duration
0.5262399403745812,0.5162337662337663,0.5153218946907776,1765.6055946350098
