precision,accuracy,recall,duration
0.4062356429884344,0.6090225563909775,0.399343185968798,96.8154947757721
