precision,accuracy,recall,duration
0.8963241421234596,0.8906666666666667,0.8864747776575115,534.8891260623932
