precision,accuracy,recall,duration
0.7774842147687071,0.7866666666666666,0.7953667953667953,458.11498379707336
