precision,accuracy,recall,duration
0.9454975236832713,0.9390191897654584,0.9394975862603357,597.0173194408417
