precision,accuracy,recall,duration
0.6533269045323047,0.8167701863354038,0.5519200626959248,324.42478680610657
