precision,accuracy,recall,duration
0.9439883232986681,0.9371428571428572,0.9391023180432049,149.00135946273804
