precision,accuracy,recall,duration
0.9572072072072072,0.9379084967320261,0.9150548033526757,420.82799434661865
