precision,accuracy,recall,duration
0.5174569632746107,0.43636363636363634,0.4661548941198637,204.13187408447266
