precision,accuracy,recall,duration
0.9662754603775606,0.9682926829268292,0.9580078428047483,649.4723384380341
