precision,accuracy,recall,duration
0.8666893153545069,0.87109375,0.8415194025009048,357.1026587486267
