precision,accuracy,recall,duration
0.9289387926887928,0.9133333333333333,0.9133333333333336,1884.7401657104492
