precision,accuracy,recall,duration
0.7166666666666666,0.7142857142857143,0.7124183006535948,181.65694880485535
