precision,accuracy,recall,duration
0.9718681318681319,0.9714285714285714,0.9722906403940887,265.4379937648773
