precision,accuracy,recall,duration
0.7839078265959206,0.7825,0.6721818578331784,321.93537735939026
