precision,accuracy,recall,duration
0.8737454100367197,0.8762886597938144,0.8335700240332096,131.7742087841034
