precision,accuracy,recall,duration
0.9590625759288508,0.9595121951219512,0.9433321574410028,266.98426699638367
