precision,accuracy,recall,duration
0.9704600617828774,0.9607843137254902,0.9533365570599613,524.4054501056671
