precision,accuracy,recall,duration
0.8297776784845751,0.8282051282051283,0.8302696289318475,369.51819372177124
