precision,accuracy,recall,duration
0.8004998222389528,0.7885714285714286,0.806672135630298,507.69613337516785
