precision,accuracy,recall,duration
0.9622011955954927,0.9620991253644315,0.9620789700349064,117.12656164169312
