precision,accuracy,recall,duration
0.7339308578745198,0.7403314917127072,0.7289473684210527,141.67675590515137
