precision,accuracy,recall,duration
0.764227895392279,0.74,0.6651110116348916,122.48258018493652
