precision,accuracy,recall,duration
0.45782089699320805,0.725,0.45889318247584754,205.62689352035522
