precision,accuracy,recall,duration
0.6746320224041042,0.7075606276747504,0.6189113601918815,9325.768193006516
