precision,accuracy,recall,duration
0.9365079365079364,0.9333333333333333,0.9333333333333332,445.97574281692505
