precision,accuracy,recall,duration
0.4005340257806034,0.606516290726817,0.3960016198441841,373.6348569393158
