precision,accuracy,recall,duration
0.9226190476190477,0.9166666666666666,0.9112926547137074,189.3758087158203
