precision,accuracy,recall,duration
0.7733953056533702,0.7883333333333333,0.7935469752966349,66.47607779502869
