precision,accuracy,recall,duration
0.9525058224087501,0.9519821328866555,0.9520969403286055,3897.2101097106934
