precision,accuracy,recall,duration
0.9453752110590423,0.9527806925498427,0.9596566023669741,252.92390656471252
