precision,accuracy,recall,duration
0.9370600613007114,0.9214876033057852,0.892408557625949,383.20627665519714
