precision,accuracy,recall,duration
0.3722397994884876,0.5839598997493735,0.37199265120164754,209.11833596229553
