precision,accuracy,recall,duration
0.8659041617619773,0.8487179487179487,0.8590789148907918,402.2373375892639
