precision,accuracy,recall,duration
0.9131944444444444,0.92,0.9131944444444444,560.5473265647888
