precision,accuracy,recall,duration
0.7675749063670412,0.848780487804878,0.7596524064171123,206.18562006950378
