precision,accuracy,recall,duration
0.39308024758642585,0.5939849624060151,0.381953223659925,205.93025398254395
