precision,accuracy,recall,duration
0.94772272344175,0.9248366013071896,0.8798355899419729,203.7234969139099
