precision,accuracy,recall,duration
0.9098507769063207,0.9086666666666666,0.9067177830659208,323.4552502632141
