precision,accuracy,recall,duration
0.7803314878812746,0.7983333333333333,0.7948599494261817,509.9412636756897
