precision,accuracy,recall,duration
0.48109055838745046,0.46,0.4797153512118712,806.2148020267487
