precision,accuracy,recall,duration
0.6176253458959341,0.6802507836990596,0.5478249628620078,414.90194487571716
