precision,accuracy,recall,duration
0.7819247819247819,0.7966666666666666,0.7819247819247819,201.62694787979126
