precision,accuracy,recall,duration
0.7885714285714285,0.75,0.7044534412955465,203.31873512268066
