precision,accuracy,recall,duration
0.8191721132897603,0.819672131147541,0.8170995670995671,143.92652010917664
