precision,accuracy,recall,duration
0.8985840224122563,0.8986599664991625,0.8988198253655966,514.806943655014
