precision,accuracy,recall,duration
0.9650856059235355,0.9595121951219512,0.9396469127793079,203.82079243659973
