precision,accuracy,recall,duration
0.7776763064434297,0.79,0.6578917163091261,124.3693220615387
