precision,accuracy,recall,duration
0.7017299140424683,0.9393333333333334,0.5722393637792658,194.68235874176025
