precision,accuracy,recall,duration
0.8367604617604618,0.821917808219178,0.8425647451963242,245.07865476608276
