precision,accuracy,recall,duration
0.9672145043788266,0.9575163398692811,0.9211798839458414,209.65235209465027
