{"config": [9, 64, 16, 32, 1, 0], "accuracy": 0.7292142610000001}
{"config": [9, 64, 128, 64, 1, 0], "accuracy": 0.7160609207}
{"config": [3, 64, 16, 41, 1, 0], "accuracy": 0.7551574939}
{"config": [6, 64, 128, 64, 0, 0], "accuracy": 0.7179473866}
{"config": [6, 32, 16, 41, 1, 1], "accuracy": 0.7607303565}
{"config": [6, 64, 128, 64, 1, 1], "accuracy": 0.6903080651}
{"config": [6, 32, 64, 64, 0, 0], "accuracy": 0.7531671859}
{"config": [9, 16, 128, 32, 1, 0], "accuracy": 0.7550190377}
{"config": [9, 16, 128, 64, 0, 0], "accuracy": 0.7365524403}
{"config": [6, 16, 16, 64, 0, 0], "accuracy": 0.7440463828}
{"config": [3, 16, 32, 32, 0, 0], "accuracy": 0.7755970924000001}
{"config": [6, 64, 32, 64, 0, 0], "accuracy": 0.7496019384}
{"config": [9, 64, 128, 32, 0, 0], "accuracy": 0.5306507442}
{"config": [9, 16, 64, 41, 0, 0], "accuracy": 0.7458463136}
{"config": [3, 16, 16, 32, 1, 0], "accuracy": 0.7718068536}
{"config": [6, 64, 64, 64, 0, 0], "accuracy": 0.7440636899}
{"config": [3, 32, 64, 32, 1, 0], "accuracy": 0.7718241606}
{"config": [3, 64, 16, 64, 0, 1], "accuracy": 0.7420214607000001}
{"config": [3, 32, 32, 32, 0, 0], "accuracy": 0.7457424714}
{"config": [3, 32, 128, 64, 0, 0], "accuracy": 0.6418310834000001}
{"config": [3, 64, 64, 32, 0, 0], "accuracy": 0.7476981655}
{"config": [3, 32, 32, 64, 1, 0], "accuracy": 0.7588611976}
{"config": [3, 16, 64, 64, 1, 0], "accuracy": 0.7419868467}
{"config": [9, 16, 16, 41, 0, 0], "accuracy": 0.7624264451}
{"config": [3, 16, 128, 41, 0, 0], "accuracy": 0.7438733126}
{"config": [3, 16, 16, 41, 0, 1], "accuracy": 0.7661993769000001}
{"config": [9, 16, 32, 64, 1, 1], "accuracy": 0.7550190377}
{"config": [9, 64, 64, 41, 1, 0], "accuracy": 0.7459328487}
{"config": [3, 64, 32, 41, 0, 1], "accuracy": 0.7605919003}
{"config": [6, 16, 64, 32, 1, 0], "accuracy": 0.7754759432}
{"config": [9, 16, 32, 32, 1, 1], "accuracy": 0.7366216684}
{"config": [6, 32, 16, 64, 0, 0], "accuracy": 0.7588092766000001}
{"config": [3, 16, 32, 41, 1, 0], "accuracy": 0.7439944618000001}
{"config": [3, 16, 128, 32, 0, 0], "accuracy": 0.7366043614000001}
{"config": [9, 32, 32, 64, 0, 1], "accuracy": 0.7347005884000001}
{"config": [3, 16, 32, 64, 0, 0], "accuracy": 0.7643475251}
{"config": [3, 64, 64, 41, 0, 0], "accuracy": 0.7626168224000001}
{"config": [3, 64, 16, 32, 0, 1], "accuracy": 0.7606438214}
{"config": [3, 64, 32, 32, 1, 0], "accuracy": 0.7255105573}
{"config": [9, 32, 128, 32, 0, 0], "accuracy": 0.6920906888}
{"config": [6, 32, 16, 32, 0, 0], "accuracy": 0.7792661821}
{"config": [9, 16, 64, 64, 0, 0], "accuracy": 0.7254932503}
{"config": [9, 32, 64, 32, 1, 0], "accuracy": 0.7587919695}
{"config": [6, 32, 64, 41, 0, 1], "accuracy": 0.7661647629}
{"config": [3, 32, 16, 41, 0, 0], "accuracy": 0.7755797854}
{"config": [3, 16, 128, 64, 0, 0], "accuracy": 0.6976981655000001}
{"config": [3, 64, 32, 64, 1, 1], "accuracy": 0.7643475251}
{"config": [9, 64, 64, 32, 0, 1], "accuracy": 0.738317757}
{"config": [9, 16, 16, 32, 1, 1], "accuracy": 0.7625822084}
{"config": [3, 32, 16, 32, 1, 0], "accuracy": 0.7772585670000001}
