{"config": [6, 16, 128, 41, 1, 1], "accuracy": 0.5510752688}
{"config": [9, 32, 64, 64, 0, 1], "accuracy": 0.511430575}
{"config": [6, 16, 16, 41, 1, 1], "accuracy": 0.5442496494}
{"config": [3, 16, 128, 41, 0, 1], "accuracy": 0.54628331}
{"config": [6, 32, 32, 41, 1, 0], "accuracy": 0.5637914914000001}
{"config": [3, 16, 128, 32, 0, 0], "accuracy": 0.6025946704}
{"config": [9, 64, 128, 32, 1, 0], "accuracy": 0.3107059374}
{"config": [9, 16, 64, 32, 1, 1], "accuracy": 0.42342215990000004}
{"config": [6, 64, 16, 64, 1, 0], "accuracy": 0.5141421225}
{"config": [3, 32, 16, 64, 1, 0], "accuracy": 0.5052828424}
{"config": [9, 64, 16, 32, 0, 1], "accuracy": 0.4381252922}
{"config": [3, 64, 64, 64, 0, 1], "accuracy": 0.5184198223}
{"config": [9, 64, 64, 32, 1, 0], "accuracy": 0.4080411407}
{"config": [9, 16, 32, 64, 1, 0], "accuracy": 0.4796400187}
{"config": [9, 64, 32, 64, 0, 1], "accuracy": 0.4579943899}
{"config": [3, 32, 16, 32, 1, 0], "accuracy": 0.5853669939}
{"config": [9, 32, 128, 32, 0, 0], "accuracy": 0.5271856007}
{"config": [3, 64, 128, 64, 1, 0], "accuracy": 0.5440860215000001}
{"config": [9, 32, 128, 64, 1, 1], "accuracy": 0.5315801777}
{"config": [3, 16, 32, 32, 0, 0], "accuracy": 0.5899018233000001}
{"config": [3, 16, 64, 64, 1, 0], "accuracy": 0.563487611}
{"config": [3, 64, 32, 41, 0, 0], "accuracy": 0.5271154745000001}
{"config": [3, 16, 128, 64, 0, 0], "accuracy": 0.5355773726}
{"config": [3, 32, 32, 32, 0, 0], "accuracy": 0.5529219261}
{"config": [3, 16, 32, 41, 1, 0], "accuracy": 0.5657082749}
{"config": [3, 16, 16, 32, 1, 0], "accuracy": 0.5830995792}
{"config": [9, 16, 32, 32, 1, 0], "accuracy": 0.5118045816}
{"config": [3, 32, 16, 41, 0, 0], "accuracy": 0.6090229079}
{"config": [3, 32, 32, 64, 0, 1], "accuracy": 0.5487377279}
{"config": [9, 64, 128, 64, 1, 0], "accuracy": 0.4096072931}
{"config": [3, 32, 64, 32, 1, 0], "accuracy": 0.5465404395}
{"config": [3, 32, 64, 64, 1, 1], "accuracy": 0.5766012155}
{"config": [3, 32, 128, 64, 0, 0], "accuracy": 0.6025712950000001}
{"config": [3, 32, 128, 41, 1, 0], "accuracy": 0.5377279102}
{"config": [3, 64, 16, 41, 1, 1], "accuracy": 0.5681626928}
{"config": [3, 64, 64, 41, 0, 1], "accuracy": 0.5248948107}
{"config": [9, 16, 128, 32, 1, 1], "accuracy": 0.3872604021}
{"config": [6, 32, 64, 41, 0, 1], "accuracy": 0.5659186536}
{"config": [3, 32, 128, 32, 0, 1], "accuracy": 0.5657784011}
{"config": [9, 32, 16, 41, 0, 1], "accuracy": 0.5377279102}
{"config": [3, 16, 16, 64, 1, 1], "accuracy": 0.5659654044}
{"config": [6, 16, 64, 41, 0, 0], "accuracy": 0.5398784479000001}
{"config": [3, 16, 32, 64, 0, 0], "accuracy": 0.5053529687}
{"config": [3, 64, 32, 64, 1, 1], "accuracy": 0.524801309}
{"config": [9, 16, 128, 64, 1, 0], "accuracy": 0.5205937354}
{"config": [9, 16, 16, 64, 0, 1], "accuracy": 0.4472650771}
{"config": [3, 64, 32, 32, 1, 1], "accuracy": 0.5851566152000001}
{"config": [3, 64, 128, 41, 0, 1], "accuracy": 0.5658719028}
{"config": [9, 64, 32, 32, 1, 0], "accuracy": 0.4279803647}
{"config": [3, 64, 16, 32, 1, 0], "accuracy": 0.5396914446000001}
