{"config": [9, 64, 16, 32, 1, 0], "accuracy": 0.5949221949}
{"config": [9, 64, 128, 64, 1, 0], "accuracy": 0.565978706}
{"config": [3, 64, 16, 41, 1, 0], "accuracy": 0.6022440622}
{"config": [6, 64, 128, 64, 0, 0], "accuracy": 0.5894185094000001}
{"config": [6, 32, 16, 41, 1, 1], "accuracy": 0.6058149058}
{"config": [6, 64, 128, 64, 1, 1], "accuracy": 0.5480917281000001}
{"config": [6, 64, 64, 41, 0, 0], "accuracy": 0.47374283370000003}
{"config": [3, 16, 128, 64, 0, 0], "accuracy": 0.4592301392}
{"config": [9, 16, 64, 64, 0, 0], "accuracy": 0.5661588862}
{"config": [6, 64, 128, 32, 0, 0], "accuracy": 0.4755282555}
{"config": [9, 32, 32, 64, 1, 0], "accuracy": 0.5407043407000001}
{"config": [3, 16, 16, 32, 1, 0], "accuracy": 0.593038493}
{"config": [6, 16, 16, 64, 0, 0], "accuracy": 0.5931531532000001}
{"config": [3, 64, 16, 64, 0, 1], "accuracy": 0.6093857494}
{"config": [9, 16, 16, 41, 0, 0], "accuracy": 0.6093529894}
{"config": [6, 16, 64, 32, 1, 0], "accuracy": 0.5550204750000001}
{"config": [6, 32, 16, 32, 0, 0], "accuracy": 0.6238165438000001}
{"config": [3, 16, 128, 32, 0, 0], "accuracy": 0.46651924650000004}
{"config": [3, 16, 32, 41, 0, 1], "accuracy": 0.5913677314}
{"config": [3, 64, 16, 32, 0, 1], "accuracy": 0.6311875512}
{"config": [3, 64, 64, 64, 0, 1], "accuracy": 0.5102211302}
{"config": [9, 32, 128, 32, 0, 0], "accuracy": 0.46466830470000003}
{"config": [3, 32, 16, 41, 0, 0], "accuracy": 0.6348075348000001}
{"config": [9, 64, 32, 64, 0, 1], "accuracy": 0.5947420147}
{"config": [3, 64, 32, 32, 0, 0], "accuracy": 0.5969041769}
{"config": [6, 32, 64, 41, 0, 1], "accuracy": 0.5587059787}
{"config": [3, 32, 32, 32, 0, 0], "accuracy": 0.5784275184000001}
{"config": [6, 32, 16, 64, 0, 0], "accuracy": 0.6201474201}
{"config": [3, 16, 64, 64, 1, 0], "accuracy": 0.5930548731}
{"config": [3, 32, 128, 64, 0, 0], "accuracy": 0.49380835380000004}
{"config": [6, 32, 64, 64, 0, 0], "accuracy": 0.5750696151}
{"config": [3, 32, 32, 64, 0, 1], "accuracy": 0.5659459459}
{"config": [6, 16, 64, 41, 0, 0], "accuracy": 0.5604095004}
{"config": [3, 64, 32, 64, 1, 1], "accuracy": 0.6058149058}
{"config": [9, 16, 32, 32, 0, 0], "accuracy": 0.5354463554000001}
{"config": [3, 32, 64, 32, 1, 0], "accuracy": 0.5930876331}
{"config": [3, 16, 32, 64, 0, 0], "accuracy": 0.5895004095}
{"config": [3, 32, 128, 41, 1, 0], "accuracy": 0.4935626536}
{"config": [3, 16, 16, 41, 0, 1], "accuracy": 0.5930221130000001}
{"config": [9, 16, 128, 41, 1, 0], "accuracy": 0.463046683}
{"config": [3, 64, 32, 41, 0, 1], "accuracy": 0.5840950041}
{"config": [3, 32, 16, 64, 1, 0], "accuracy": 0.6113022113000001}
{"config": [3, 64, 64, 32, 0, 1], "accuracy": 0.5840950041}
{"config": [9, 64, 64, 32, 0, 1], "accuracy": 0.44}
{"config": [3, 64, 128, 41, 0, 1], "accuracy": 0.44668304670000003}
{"config": [6, 64, 16, 64, 1, 0], "accuracy": 0.5803767404}
{"config": [9, 16, 32, 64, 1, 1], "accuracy": 0.5514987715}
{"config": [9, 32, 32, 41, 0, 0], "accuracy": 0.5442424242}
{"config": [3, 32, 16, 32, 1, 0], "accuracy": 0.6022276822}
{"config": [9, 16, 128, 64, 0, 0], "accuracy": 0.5208681409}
