{"config": [9, 64, 16, 32, 1, 0], "accuracy": 0.7437346437}
{"config": [9, 64, 128, 64, 1, 0], "accuracy": 0.6046846847}
{"config": [3, 64, 16, 41, 1, 0], "accuracy": 0.7328746929000001}
{"config": [6, 64, 128, 64, 0, 0], "accuracy": 0.6572481572000001}
{"config": [6, 32, 16, 41, 1, 1], "accuracy": 0.7238656839000001}
{"config": [6, 64, 128, 64, 1, 1], "accuracy": 0.6535298935}
{"config": [3, 64, 64, 32, 0, 1], "accuracy": 0.6696642097000001}
{"config": [3, 16, 128, 32, 0, 0], "accuracy": 0.6191973792000001}
{"config": [3, 16, 64, 64, 1, 1], "accuracy": 0.7346273546000001}
{"config": [3, 16, 128, 64, 0, 0], "accuracy": 0.6951515152000001}
{"config": [3, 16, 32, 32, 0, 0], "accuracy": 0.74001638}
{"config": [3, 16, 16, 64, 1, 1], "accuracy": 0.7383783784}
{"config": [3, 16, 16, 32, 0, 1], "accuracy": 0.7383128583}
{"config": [3, 64, 64, 64, 0, 1], "accuracy": 0.667993448}
{"config": [3, 64, 128, 32, 1, 0], "accuracy": 0.627993448}
{"config": [3, 64, 16, 32, 0, 1], "accuracy": 0.7401146601}
{"config": [3, 64, 16, 64, 0, 1], "accuracy": 0.7455200655}
{"config": [6, 16, 64, 32, 1, 1], "accuracy": 0.5992956593000001}
{"config": [3, 16, 32, 64, 0, 0], "accuracy": 0.7165929566}
{"config": [3, 32, 128, 64, 0, 0], "accuracy": 0.5813431613}
{"config": [3, 64, 32, 32, 0, 1], "accuracy": 0.6858968059}
{"config": [9, 16, 16, 41, 0, 0], "accuracy": 0.7075511876}
{"config": [3, 32, 16, 64, 1, 0], "accuracy": 0.7328419328}
{"config": [3, 32, 16, 32, 1, 0], "accuracy": 0.7490745291}
{"config": [9, 64, 32, 64, 1, 0], "accuracy": 0.6932841933}
{"config": [3, 32, 64, 64, 1, 1], "accuracy": 0.6495495495}
{"config": [9, 16, 16, 64, 0, 1], "accuracy": 0.7328091728}
{"config": [9, 16, 64, 64, 0, 0], "accuracy": 0.6822768223}
{"config": [9, 32, 16, 32, 0, 1], "accuracy": 0.7311056511}
{"config": [3, 32, 32, 32, 0, 0], "accuracy": 0.7220638821}
{"config": [6, 64, 16, 64, 1, 0], "accuracy": 0.7526945127}
{"config": [9, 16, 32, 32, 1, 1], "accuracy": 0.6963308763}
{"config": [9, 64, 16, 41, 1, 1], "accuracy": 0.7183947584}
{"config": [3, 16, 32, 41, 0, 1], "accuracy": 0.732956593}
{"config": [9, 64, 64, 41, 1, 0], "accuracy": 0.5739066339000001}
{"config": [9, 16, 128, 64, 0, 0], "accuracy": 0.6446683047}
{"config": [9, 32, 32, 64, 1, 1], "accuracy": 0.6805569206000001}
{"config": [3, 64, 128, 41, 0, 1], "accuracy": 0.5233579034}
{"config": [3, 32, 64, 32, 1, 0], "accuracy": 0.7147583948}
{"config": [3, 32, 128, 32, 0, 1], "accuracy": 0.6008026208}
{"config": [3, 64, 32, 64, 1, 1], "accuracy": 0.7346601147}
{"config": [9, 16, 32, 64, 1, 1], "accuracy": 0.7527436527}
{"config": [3, 16, 16, 41, 1, 1], "accuracy": 0.7418673219}
{"config": [9, 16, 128, 41, 1, 0], "accuracy": 0.5792956593}
{"config": [6, 32, 64, 41, 0, 1], "accuracy": 0.6315806716}
{"config": [9, 16, 16, 32, 1, 1], "accuracy": 0.7165929566}
{"config": [3, 64, 64, 41, 1, 0], "accuracy": 0.7094185094000001}
{"config": [3, 32, 32, 41, 1, 0], "accuracy": 0.6985913186}
{"config": [3, 64, 32, 41, 0, 0], "accuracy": 0.7310565111}
{"config": [9, 64, 128, 32, 0, 0], "accuracy": 0.4891564292}
