{"config": [3, 64, 128, 64, 0, 0], "accuracy": 0.8933714142}
{"config": [3, 32, 16, 41, 0, 1], "accuracy": 0.8855250769}
{"config": [3, 64, 32, 41, 0, 1], "accuracy": 0.8865984558000001}
{"config": [3, 16, 128, 41, 0, 1], "accuracy": 0.88329044}
{"config": [3, 64, 128, 64, 1, 0], "accuracy": 0.8945138409000001}
{"config": [6, 64, 16, 41, 1, 0], "accuracy": 0.8799008223}
{"config": [3, 16, 64, 64, 1, 1], "accuracy": 0.8821542904}
{"config": [9, 64, 128, 32, 1, 0], "accuracy": 0.8956060511}
{"config": [9, 16, 64, 32, 1, 1], "accuracy": 0.8967484778}
{"config": [9, 64, 32, 64, 0, 1], "accuracy": 0.8765614211}
{"config": [9, 32, 128, 64, 1, 1], "accuracy": 0.8731655263}
{"config": [3, 32, 64, 32, 1, 0], "accuracy": 0.8843826502000001}
{"config": [9, 16, 16, 64, 1, 1], "accuracy": 0.8933776913}
{"config": [9, 16, 16, 32, 1, 1], "accuracy": 0.9169669198}
{"config": [9, 64, 64, 32, 1, 1], "accuracy": 0.8608499153}
{"config": [3, 16, 32, 32, 0, 0], "accuracy": 0.8922478187}
{"config": [3, 64, 64, 64, 0, 1], "accuracy": 0.8922603729}
{"config": [9, 32, 128, 32, 0, 0], "accuracy": 0.8349758333}
{"config": [3, 16, 128, 64, 0, 0], "accuracy": 0.8866737807}
{"config": [3, 64, 128, 41, 1, 1], "accuracy": 0.8956186052}
{"config": [9, 32, 32, 41, 1, 0], "accuracy": 0.8889711882}
{"config": [3, 64, 16, 64, 0, 1], "accuracy": 0.8799008223}
{"config": [9, 32, 64, 64, 0, 1], "accuracy": 0.8944196849}
{"config": [9, 16, 16, 41, 0, 0], "accuracy": 0.8843952043000001}
{"config": [3, 32, 32, 64, 1, 0], "accuracy": 0.8855501852000001}
{"config": [9, 64, 128, 64, 1, 1], "accuracy": 0.8821542904}
{"config": [9, 64, 16, 32, 0, 1], "accuracy": 0.8832402235}
{"config": [9, 32, 16, 32, 1, 0], "accuracy": 0.8854748603}
{"config": [9, 16, 32, 64, 1, 1], "accuracy": 0.8709120583000001}
{"config": [9, 16, 128, 32, 1, 1], "accuracy": 0.8754441027000001}
{"config": [3, 16, 16, 32, 1, 1], "accuracy": 0.8945138409000001}
{"config": [3, 64, 128, 32, 1, 0], "accuracy": 0.8911493315000001}
{"config": [3, 32, 16, 64, 1, 1], "accuracy": 0.8754127173}
{"config": [3, 32, 64, 64, 1, 1], "accuracy": 0.8652940807}
{"config": [9, 16, 128, 64, 1, 0], "accuracy": 0.8911367774000001}
{"config": [3, 64, 16, 32, 1, 1], "accuracy": 0.8844140355000001}
{"config": [9, 32, 64, 41, 1, 1], "accuracy": 0.8664741699}
{"config": [9, 64, 64, 64, 1, 0], "accuracy": 0.8810118637000001}
{"config": [3, 64, 64, 41, 0, 0], "accuracy": 0.8833218254}
{"config": [9, 32, 32, 64, 0, 1], "accuracy": 0.8877471596000001}
{"config": [9, 16, 64, 64, 0, 0], "accuracy": 0.8776787396}
{"config": [6, 32, 32, 32, 0, 1], "accuracy": 0.8720984245000001}
{"config": [6, 16, 64, 41, 0, 0], "accuracy": 0.9034837738}
{"config": [3, 16, 128, 32, 0, 0], "accuracy": 0.8933714142}
{"config": [9, 64, 32, 32, 1, 0], "accuracy": 0.9113363882000001}
{"config": [3, 16, 16, 64, 1, 1], "accuracy": 0.8709308895000001}
{"config": [9, 16, 32, 32, 1, 1], "accuracy": 0.8911430544000001}
{"config": [3, 64, 32, 32, 0, 0], "accuracy": 0.8832590547}
{"config": [3, 64, 32, 64, 1, 1], "accuracy": 0.8641830394000001}
{"config": [3, 16, 32, 41, 0, 1], "accuracy": 0.8900320131}
