{"config": [6, 64, 64, 64, 0, 0], "accuracy": 0.9714907283}
{"config": [3, 16, 16, 32, 0, 1], "accuracy": 0.9735263649}
{"config": [9, 32, 32, 64, 1, 0], "accuracy": 0.9715321662}
{"config": [3, 32, 128, 32, 0, 1], "accuracy": 0.9745415933}
{"config": [9, 64, 64, 64, 1, 0], "accuracy": 0.9786284057}
{"config": [6, 16, 64, 32, 1, 0], "accuracy": 0.9725163162}
{"config": [9, 64, 16, 32, 1, 0], "accuracy": 0.9796539936}
{"config": [9, 64, 128, 32, 0, 0], "accuracy": 0.9776183570000001}
{"config": [9, 16, 128, 64, 1, 0], "accuracy": 0.9715114472}
{"config": [3, 64, 128, 64, 1, 0], "accuracy": 0.9684605822000001}
{"config": [6, 64, 16, 64, 1, 1], "accuracy": 0.9725214959}
{"config": [3, 64, 64, 32, 1, 1], "accuracy": 0.9664353051000001}
{"config": [9, 16, 128, 32, 1, 0], "accuracy": 0.983720087}
{"config": [9, 16, 16, 64, 0, 1], "accuracy": 0.9704962188}
{"config": [9, 32, 16, 32, 0, 1], "accuracy": 0.9705117580000001}
{"config": [3, 16, 64, 64, 1, 1], "accuracy": 0.9715373459000001}
{"config": [9, 64, 128, 64, 1, 1], "accuracy": 0.9786335854}
{"config": [9, 32, 128, 41, 1, 0], "accuracy": 0.9735470838}
{"config": [9, 16, 32, 32, 1, 1], "accuracy": 0.9806640423}
{"config": [9, 64, 32, 41, 0, 0], "accuracy": 0.9694965296}
{"config": [9, 16, 64, 64, 0, 0], "accuracy": 0.9796695328}
{"config": [3, 64, 16, 32, 1, 1], "accuracy": 0.9705117580000001}
{"config": [3, 16, 128, 41, 0, 1], "accuracy": 0.9715166270000001}
{"config": [9, 16, 16, 41, 1, 0], "accuracy": 0.9745415933}
{"config": [9, 32, 64, 41, 1, 1], "accuracy": 0.9654356159}
{"config": [3, 64, 128, 41, 1, 1], "accuracy": 0.9715166270000001}
{"config": [3, 32, 32, 32, 0, 0], "accuracy": 0.9715218067}
{"config": [3, 16, 32, 64, 0, 0], "accuracy": 0.9735522635}
{"config": [3, 32, 16, 64, 1, 0], "accuracy": 0.9705013985000001}
{"config": [6, 32, 128, 64, 1, 1], "accuracy": 0.9643841293000001}
{"config": [3, 64, 32, 64, 1, 1], "accuracy": 0.9725473946000001}
{"config": [3, 16, 32, 41, 0, 1], "accuracy": 0.9745726717000001}
{"config": [6, 32, 64, 64, 0, 0], "accuracy": 0.9786284057}
{"config": [9, 64, 64, 32, 0, 1], "accuracy": 0.9816999896}
{"config": [9, 64, 32, 32, 0, 1], "accuracy": 0.9694499119000001}
{"config": [9, 64, 32, 64, 0, 1], "accuracy": 0.9735678028}
{"config": [3, 16, 128, 64, 0, 0], "accuracy": 0.9786543044}
{"config": [3, 16, 128, 32, 0, 0], "accuracy": 0.9725266756000001}
{"config": [9, 64, 64, 41, 1, 0], "accuracy": 0.9806847612}
{"config": [9, 64, 16, 41, 1, 1], "accuracy": 0.9755620015}
{"config": [3, 16, 16, 64, 1, 1], "accuracy": 0.9786232259000001}
{"config": [9, 16, 64, 41, 0, 1], "accuracy": 0.9715218067}
{"config": [3, 64, 128, 32, 1, 0], "accuracy": 0.9725422149}
{"config": [3, 32, 16, 41, 1, 0], "accuracy": 0.9684605822000001}
{"config": [9, 32, 32, 41, 0, 0], "accuracy": 0.9694706309000001}
{"config": [3, 32, 32, 64, 0, 1], "accuracy": 0.9745830312}
{"config": [9, 32, 64, 32, 1, 0], "accuracy": 0.9765875894}
{"config": [3, 16, 128, 64, 1, 1], "accuracy": 0.9755827204}
{"config": [9, 32, 128, 32, 0, 1], "accuracy": 0.9796695328}
{"config": [9, 16, 32, 64, 1, 1], "accuracy": 0.9796643531}
