{"config": [6, 64, 64, 64, 0, 0], "accuracy": 0.7713263168000001}
{"config": [3, 16, 16, 32, 0, 1], "accuracy": 0.8019216381000001}
{"config": [9, 32, 32, 64, 1, 0], "accuracy": 0.7717719972}
{"config": [3, 32, 128, 32, 0, 1], "accuracy": 0.7936547287}
{"config": [9, 64, 64, 64, 1, 0], "accuracy": 0.7594972067}
{"config": [6, 16, 64, 32, 1, 0], "accuracy": 0.7798084597}
{"config": [3, 16, 128, 64, 1, 1], "accuracy": 0.7885195531}
{"config": [3, 64, 16, 32, 1, 0], "accuracy": 0.7992365822}
{"config": [3, 64, 128, 32, 1, 0], "accuracy": 0.7780284816}
{"config": [3, 64, 16, 64, 0, 1], "accuracy": 0.7827149840000001}
{"config": [3, 64, 128, 64, 0, 0], "accuracy": 0.7945570630000001}
{"config": [3, 16, 16, 64, 1, 1], "accuracy": 0.8003591381}
{"config": [3, 64, 64, 32, 0, 1], "accuracy": 0.7925508779}
{"config": [3, 32, 64, 64, 1, 1], "accuracy": 0.7923201816000001}
{"config": [3, 32, 16, 41, 1, 0], "accuracy": 0.7990215982000001}
{"config": [9, 32, 128, 64, 1, 1], "accuracy": 0.7737901536}
{"config": [9, 16, 128, 32, 1, 1], "accuracy": 0.7753451716}
{"config": [9, 64, 16, 32, 0, 1], "accuracy": 0.7711018555}
{"config": [3, 16, 32, 41, 0, 1], "accuracy": 0.7871750299}
{"config": [9, 16, 64, 64, 0, 0], "accuracy": 0.7679708699000001}
{"config": [9, 16, 16, 41, 1, 0], "accuracy": 0.773334996}
{"config": [3, 16, 128, 41, 0, 0], "accuracy": 0.7880738727000001}
{"config": [3, 64, 32, 32, 1, 1], "accuracy": 0.7878491620000001}
{"config": [3, 32, 32, 32, 0, 0], "accuracy": 0.7885235435}
{"config": [3, 16, 32, 64, 1, 0], "accuracy": 0.8003496608}
{"config": [9, 64, 128, 41, 1, 1], "accuracy": 0.7858502095000001}
{"config": [3, 32, 64, 32, 1, 0], "accuracy": 0.7880831006}
{"config": [3, 32, 16, 64, 1, 0], "accuracy": 0.8005801077}
{"config": [9, 32, 128, 41, 1, 0], "accuracy": 0.7699932662000001}
{"config": [9, 64, 128, 32, 0, 0], "accuracy": 0.7809225359}
{"config": [9, 64, 128, 64, 1, 1], "accuracy": 0.7577142358000001}
{"config": [3, 64, 32, 64, 1, 1], "accuracy": 0.7802538907000001}
{"config": [3, 32, 128, 64, 0, 0], "accuracy": 0.7967807263000001}
{"config": [3, 64, 32, 41, 0, 0], "accuracy": 0.7914205906}
{"config": [9, 32, 64, 41, 1, 1], "accuracy": 0.7619583001}
{"config": [3, 16, 64, 64, 1, 1], "accuracy": 0.7990163607}
{"config": [3, 64, 64, 41, 1, 0], "accuracy": 0.7853967977}
{"config": [3, 64, 16, 41, 1, 1], "accuracy": 0.797009178}
{"config": [3, 32, 32, 64, 0, 1], "accuracy": 0.794555816}
{"config": [9, 64, 64, 32, 1, 0], "accuracy": 0.7664188448}
{"config": [9, 32, 16, 32, 0, 1], "accuracy": 0.7802513966}
{"config": [9, 16, 128, 64, 0, 0], "accuracy": 0.7646161712}
{"config": [9, 16, 16, 64, 0, 1], "accuracy": 0.7845024441}
{"config": [3, 64, 128, 41, 0, 1], "accuracy": 0.7791423085}
{"config": [9, 16, 32, 32, 1, 1], "accuracy": 0.7690906824}
{"config": [3, 16, 128, 32, 0, 0], "accuracy": 0.7941091381000001}
{"config": [6, 16, 64, 41, 0, 0], "accuracy": 0.7793592877000001}
{"config": [9, 64, 32, 64, 0, 1], "accuracy": 0.7766904429}
{"config": [3, 32, 16, 32, 1, 0], "accuracy": 0.8041550279}
{"config": [3, 16, 32, 32, 0, 0], "accuracy": 0.797007931}
