{"config": [9, 32, 32, 41, 1, 0], "accuracy": 0.8365260874}
{"config": [6, 16, 64, 64, 0, 1], "accuracy": 0.8313993915000001}
{"config": [9, 64, 16, 32, 1, 0], "accuracy": 0.8351930367}
{"config": [3, 16, 32, 41, 0, 1], "accuracy": 0.8476967777000001}
{"config": [6, 64, 16, 41, 1, 1], "accuracy": 0.8387667099}
{"config": [9, 16, 128, 64, 1, 0], "accuracy": 0.8385427474}
{"config": [6, 64, 16, 41, 1, 0], "accuracy": 0.8380968176}
{"config": [3, 64, 128, 32, 1, 0], "accuracy": 0.8490368117}
{"config": [3, 16, 128, 32, 0, 0], "accuracy": 0.8546263966000001}
{"config": [9, 16, 16, 64, 0, 1], "accuracy": 0.8401025040000001}
{"config": [3, 64, 128, 64, 0, 1], "accuracy": 0.8405531724}
{"config": [9, 64, 128, 32, 0, 0], "accuracy": 0.8405446927}
{"config": [3, 64, 64, 32, 0, 1], "accuracy": 0.8499279230000001}
{"config": [9, 16, 64, 32, 1, 1], "accuracy": 0.8418961991}
{"config": [9, 64, 64, 64, 1, 0], "accuracy": 0.8211292897}
{"config": [3, 16, 16, 32, 1, 1], "accuracy": 0.8579698723}
{"config": [3, 32, 16, 64, 1, 1], "accuracy": 0.8483711592000001}
{"config": [3, 32, 128, 41, 1, 0], "accuracy": 0.8517196229}
{"config": [3, 64, 16, 64, 0, 1], "accuracy": 0.8490385575}
{"config": [3, 16, 128, 64, 0, 0], "accuracy": 0.8452481544}
{"config": [6, 32, 16, 32, 0, 1], "accuracy": 0.8345268855}
{"config": [3, 64, 32, 32, 1, 1], "accuracy": 0.8430140164000001}
{"config": [3, 32, 64, 32, 1, 0], "accuracy": 0.8517211193}
{"config": [3, 16, 32, 64, 1, 0], "accuracy": 0.8483696628}
{"config": [9, 32, 128, 32, 0, 1], "accuracy": 0.8450177075}
{"config": [9, 64, 32, 64, 1, 0], "accuracy": 0.8334143057000001}
{"config": [6, 16, 128, 41, 1, 1], "accuracy": 0.8376556265}
{"config": [6, 32, 128, 64, 1, 1], "accuracy": 0.8220218974}
{"config": [9, 64, 64, 32, 1, 0], "accuracy": 0.8329653831}
{"config": [9, 16, 32, 32, 1, 0], "accuracy": 0.8307280028}
{"config": [9, 32, 32, 64, 0, 1], "accuracy": 0.8300581105}
{"config": [3, 32, 64, 64, 1, 1], "accuracy": 0.8430077813}
{"config": [9, 16, 16, 41, 1, 0], "accuracy": 0.8438973962}
{"config": [3, 64, 128, 41, 0, 1], "accuracy": 0.8501551277}
{"config": [3, 64, 64, 41, 1, 0], "accuracy": 0.8304973065}
{"config": [9, 64, 128, 64, 1, 0], "accuracy": 0.8374339086}
{"config": [9, 32, 64, 41, 1, 1], "accuracy": 0.8356412111}
{"config": [3, 64, 16, 32, 1, 1], "accuracy": 0.8526134777000001}
{"config": [3, 64, 32, 64, 1, 1], "accuracy": 0.8476980247}
{"config": [6, 16, 64, 41, 0, 0], "accuracy": 0.8358584397000001}
{"config": [3, 32, 128, 32, 0, 1], "accuracy": 0.8463604848}
{"config": [3, 16, 16, 64, 1, 1], "accuracy": 0.8461390164}
{"config": [3, 32, 32, 32, 0, 0], "accuracy": 0.8409911213}
{"config": [3, 32, 16, 41, 1, 0], "accuracy": 0.8454663807}
{"config": [9, 16, 128, 32, 1, 0], "accuracy": 0.828502095}
{"config": [3, 64, 64, 64, 0, 1], "accuracy": 0.8468019254}
{"config": [9, 32, 64, 64, 0, 1], "accuracy": 0.8300543695}
{"config": [3, 64, 32, 41, 0, 0], "accuracy": 0.8430100259000001}
{"config": [3, 16, 16, 41, 0, 1], "accuracy": 0.8541744812000001}
{"config": [9, 16, 32, 64, 1, 1], "accuracy": 0.8354132582}
