{"config": [9, 64, 16, 32, 1, 0], "accuracy": 0.8735177866}
{"config": [9, 64, 128, 64, 1, 0], "accuracy": 0.5403162055}
{"config": [3, 64, 16, 41, 1, 0], "accuracy": 0.74743083}
{"config": [6, 64, 128, 64, 0, 0], "accuracy": 0.7826086957}
{"config": [6, 32, 16, 41, 1, 1], "accuracy": 0.8106719368}
{"config": [6, 64, 128, 64, 1, 1], "accuracy": 0.8735177866}
{"config": [3, 64, 128, 64, 0, 1], "accuracy": 0.6683794466}
{"config": [3, 64, 16, 32, 1, 0], "accuracy": 0.8023715415}
{"config": [9, 64, 16, 41, 1, 1], "accuracy": 0.8924901186}
{"config": [6, 32, 16, 32, 1, 0], "accuracy": 0.8830039526000001}
{"config": [9, 32, 16, 32, 0, 1], "accuracy": 0.8375494071}
{"config": [9, 64, 32, 32, 1, 0], "accuracy": 0.7932806324}
{"config": [9, 64, 32, 41, 0, 0], "accuracy": 0.8197628458}
{"config": [3, 64, 32, 41, 0, 1], "accuracy": 0.7308300395}
{"config": [3, 64, 32, 32, 0, 0], "accuracy": 0.7482213439000001}
{"config": [6, 32, 32, 32, 1, 1], "accuracy": 0.7482213439000001}
{"config": [6, 32, 32, 41, 1, 0], "accuracy": 0.7577075099}
{"config": [6, 16, 16, 32, 1, 0], "accuracy": 0.8553359684}
{"config": [6, 16, 16, 41, 1, 1], "accuracy": 0.7664031621}
{"config": [6, 16, 32, 32, 1, 0], "accuracy": 0.7565217391}
{"config": [6, 16, 32, 41, 1, 1], "accuracy": 0.7565217391}
{"config": [3, 16, 16, 32, 0, 1], "accuracy": 0.6853754941}
{"config": [9, 16, 16, 32, 1, 1], "accuracy": 0.8924901186}
{"config": [9, 16, 16, 41, 0, 0], "accuracy": 0.8928853755}
{"config": [9, 32, 16, 41, 0, 1], "accuracy": 0.8830039526000001}
{"config": [6, 32, 16, 64, 0, 0], "accuracy": 0.8201581028}
{"config": [6, 32, 32, 64, 1, 0], "accuracy": 0.7470355731}
{"config": [9, 16, 16, 64, 0, 1], "accuracy": 0.8458498024000001}
{"config": [9, 16, 32, 64, 1, 0], "accuracy": 0.7830039526}
{"config": [3, 16, 16, 64, 1, 1], "accuracy": 0.74743083}
{"config": [3, 16, 32, 64, 0, 0], "accuracy": 0.6122529644}
{"config": [6, 64, 16, 64, 1, 1], "accuracy": 0.8735177866}
{"config": [9, 64, 32, 64, 1, 0], "accuracy": 0.7936758893}
{"config": [3, 64, 32, 64, 1, 1], "accuracy": 0.7833992095000001}
{"config": [3, 64, 16, 64, 0, 1], "accuracy": 0.7383399209}
{"config": [3, 32, 16, 64, 1, 1], "accuracy": 0.8201581028}
{"config": [9, 32, 64, 41, 1, 0], "accuracy": 0.6584980237}
{"config": [3, 32, 64, 32, 1, 0], "accuracy": 0.5584980237}
{"config": [6, 16, 64, 41, 0, 0], "accuracy": 0.6841897233}
{"config": [9, 16, 64, 32, 1, 1], "accuracy": 0.6920948617}
{"config": [9, 32, 64, 64, 0, 1], "accuracy": 0.7209486166}
{"config": [9, 16, 64, 64, 0, 1], "accuracy": 0.7837944664000001}
{"config": [3, 16, 64, 64, 1, 0], "accuracy": 0.4517786561}
{"config": [9, 64, 64, 41, 1, 0], "accuracy": 0.7110671937}
{"config": [3, 64, 64, 32, 0, 1], "accuracy": 0.5782608696}
{"config": [6, 64, 64, 64, 0, 1], "accuracy": 0.6948616601000001}
{"config": [3, 64, 64, 41, 0, 1], "accuracy": 0.5407114625}
{"config": [3, 64, 128, 41, 1, 1], "accuracy": 0.7648221344}
{"config": [9, 64, 128, 32, 1, 0], "accuracy": 0.6857707510000001}
{"config": [9, 64, 128, 41, 1, 1], "accuracy": 0.6940711462}
