{"config": [9, 64, 128, 32, 1, 0], "accuracy": 0.619306184}
{"config": [9, 32, 16, 32, 0, 1], "accuracy": 0.7095022624}
{"config": [6, 64, 128, 41, 0, 0], "accuracy": 0.6401960784}
{"config": [6, 64, 16, 64, 1, 1], "accuracy": 0.6079939668000001}
{"config": [6, 64, 128, 64, 0, 0], "accuracy": 0.7094268477}
{"config": [6, 64, 16, 41, 1, 0], "accuracy": 0.6816742081}
{"config": [9, 32, 16, 32, 1, 1], "accuracy": 0.6780542986}
{"config": [9, 64, 64, 41, 0, 1], "accuracy": 0.6424585219}
{"config": [9, 16, 128, 64, 0, 0], "accuracy": 0.7325037707000001}
{"config": [9, 16, 64, 64, 0, 0], "accuracy": 0.7515837104}
{"config": [9, 16, 16, 64, 0, 1], "accuracy": 0.7093514329}
{"config": [3, 16, 32, 32, 0, 0], "accuracy": 0.7365007541}
{"config": [6, 16, 128, 32, 0, 1], "accuracy": 0.7445701357000001}
{"config": [9, 16, 64, 41, 0, 0], "accuracy": 0.7051282051000001}
{"config": [3, 16, 32, 64, 0, 0], "accuracy": 0.7400452489}
{"config": [3, 64, 16, 32, 0, 1], "accuracy": 0.7328054299}
{"config": [3, 16, 16, 32, 0, 1], "accuracy": 0.7327300151}
{"config": [3, 16, 128, 64, 0, 0], "accuracy": 0.7407993967000001}
{"config": [3, 32, 128, 64, 0, 0], "accuracy": 0.7401960784}
{"config": [6, 32, 64, 64, 0, 0], "accuracy": 0.7208144796}
{"config": [9, 64, 16, 32, 0, 1], "accuracy": 0.6894419306}
{"config": [3, 64, 32, 32, 0, 0], "accuracy": 0.7711915535}
{"config": [3, 64, 64, 64, 0, 1], "accuracy": 0.7052036199}
{"config": [3, 64, 32, 41, 0, 1], "accuracy": 0.7442684766000001}
{"config": [3, 32, 128, 32, 0, 1], "accuracy": 0.7130467572}
{"config": [3, 32, 16, 41, 0, 0], "accuracy": 0.7128959276}
{"config": [9, 16, 16, 41, 0, 0], "accuracy": 0.6007541478}
{"config": [3, 32, 64, 32, 1, 0], "accuracy": 0.7558823529}
{"config": [3, 16, 64, 64, 1, 1], "accuracy": 0.7672699849}
{"config": [3, 32, 32, 32, 0, 0], "accuracy": 0.736199095}
{"config": [3, 64, 64, 32, 0, 0], "accuracy": 0.7674962293}
{"config": [6, 16, 64, 32, 1, 1], "accuracy": 0.7947963801}
{"config": [3, 32, 32, 64, 0, 1], "accuracy": 0.6938159879}
{"config": [3, 16, 128, 41, 1, 0], "accuracy": 0.6978883861}
{"config": [3, 16, 16, 64, 1, 1], "accuracy": 0.7366515837000001}
{"config": [9, 32, 128, 32, 0, 0], "accuracy": 0.7288084465}
{"config": [6, 64, 32, 64, 0, 0], "accuracy": 0.7016591252000001}
{"config": [6, 32, 16, 64, 0, 0], "accuracy": 0.6390648567}
{"config": [9, 32, 64, 32, 1, 1], "accuracy": 0.6466817496}
{"config": [9, 32, 128, 64, 1, 1], "accuracy": 0.705505279}
{"config": [6, 16, 64, 32, 1, 0], "accuracy": 0.6826546003}
{"config": [3, 16, 32, 41, 0, 1], "accuracy": 0.7444193062000001}
{"config": [6, 32, 64, 41, 0, 1], "accuracy": 0.7481900452}
{"config": [3, 64, 64, 41, 0, 1], "accuracy": 0.7362745098}
{"config": [9, 16, 64, 64, 0, 1], "accuracy": 0.7054298643}
{"config": [9, 32, 128, 41, 1, 0], "accuracy": 0.7016591252000001}
{"config": [3, 32, 32, 41, 1, 1], "accuracy": 0.7562594268}
{"config": [9, 64, 32, 32, 0, 1], "accuracy": 0.6083710407}
{"config": [9, 64, 64, 64, 1, 0], "accuracy": 0.6364253394}
{"config": [9, 16, 128, 41, 1, 0], "accuracy": 0.6899698341}
