precision,accuracy,recall,duration
0.8390964459600233,0.8358974358974359,0.8357335798826139,389.47195053100586
