precision,accuracy,recall,duration
0.8820010367645367,0.8806666666666667,0.8782399864912616,808.2331328392029
