precision,accuracy,recall,duration
0.3966593548636892,0.5914786967418546,0.38990721717083404,67.58279490470886
