precision,accuracy,recall,duration
0.7370967741935484,0.7377049180327869,0.7386363636363636,386.2661063671112
