precision,accuracy,recall,duration
0.9257420370726799,0.9254675467546755,0.9252052455681488,1694.2231018543243
