precision,accuracy,recall,duration
0.45016735923814216,0.39090909090909093,0.4128414894052423,102.68197274208069
