precision,accuracy,recall,duration
0.9358396233696071,0.9358511524576506,0.9357750491553308,3588.716901779175
