precision,accuracy,recall,duration
0.9406745634647078,0.9405720633157456,0.9404076882950123,3025.594430208206
