precision,accuracy,recall,duration
0.8976450216450217,0.8933333333333333,0.8933333333333334,577.665759563446
