precision,accuracy,recall,duration
0.9115691384694428,0.9103852596314908,0.9107913712851117,745.3927655220032
