precision,accuracy,recall,duration
0.6282051282051282,0.6166666666666667,0.6166666666666667,264.20001912117004
