precision,accuracy,recall,duration
0.8229113233729839,0.8,0.8192507519824993,124.70015859603882
