precision,accuracy,recall,duration
0.9938657021990356,0.9938542581211589,0.9938565658434311,551.7921686172485
