precision,accuracy,recall,duration
0.918800090411235,0.9188668866886689,0.9189952048823017,978.871306180954
