precision,accuracy,recall,duration
0.9541296744686575,0.9380165289256198,0.9093387289039464,274.7659902572632
