precision,accuracy,recall,duration
0.8354447354447354,0.8184143222506394,0.8207923832923832,178.46134281158447
