precision,accuracy,recall,duration
0.8009506833036246,0.7714285714285715,0.7892626014037006,170.03816151618958
