precision,accuracy,recall,duration
0.45298352127201674,0.7275,0.4619371886554038,200.61298537254333
