precision,accuracy,recall,duration
0.8261562752487095,0.8263403263403264,0.802819643593385,442.0357654094696
