precision,accuracy,recall,duration
0.8826820134301583,0.8805136795086543,0.8808038246111254,923.8479924201965
