precision,accuracy,recall,duration
0.9273951676090683,0.9271177117711771,0.9268562917756467,1908.4779586791992
