precision,accuracy,recall,duration
0.9778761061946903,0.9780701754385965,0.9791666666666667,264.0456573963165
