precision,accuracy,recall,duration
0.6421857970148405,0.7525,0.6301439145321002,144.66841626167297
