precision,accuracy,recall,duration
0.9003787878787879,0.9,0.8967611336032388,491.5306067466736
