precision,accuracy,recall,duration
0.8361936475409837,0.836,0.836,203.4649624824524
