precision,accuracy,recall,duration
0.9161878965800535,0.9066666666666666,0.9066666666666666,442.1024754047394
