precision,accuracy,recall,duration
0.7527777777777778,0.7,0.7000000000000001,506.83575916290283
