precision,accuracy,recall,duration
0.8355630412826747,0.823076923076923,0.8301911521794998,477.1886775493622
