precision,accuracy,recall,duration
0.47001466097931593,0.735,0.4816792149338733,196.27502584457397
