precision,accuracy,recall,duration
0.9587323617857969,0.9624796084828712,0.9596574183529194,203.50941944122314
