precision,accuracy,recall,duration
0.8101060481332623,0.8266666666666667,0.8114180120599106,278.0246407985687
