precision,accuracy,recall,duration
0.6194784506099524,0.6191919191919192,0.6191919191919193,380.60687041282654
