precision,accuracy,recall,duration
0.38005844003241324,0.5989974937343359,0.3821545020496979,181.16230297088623
