precision,accuracy,recall,duration
0.6384376959088527,0.6368686868686869,0.6368686868686869,284.2741758823395
