precision,accuracy,recall,duration
0.6939171539590281,0.9386666666666666,0.5711098949685678,1105.1090831756592
