precision,accuracy,recall,duration
0.6845188769765731,0.9368888888888889,0.5677548493494949,183.6475179195404
