precision,accuracy,recall,duration
0.8375721655133419,0.8184143222506394,0.8257291882291882,382.3653118610382
