precision,accuracy,recall,duration
0.6741109562411206,0.9366666666666666,0.5845314275597882,1551.9081590175629
