precision,accuracy,recall,duration
0.9799105110046183,0.9774162214667315,0.9534288029930894,519.2050578594208
