precision,accuracy,recall,duration
0.822085094451145,0.8256410256410256,0.818758507259528,128.19506812095642
