precision,accuracy,recall,duration
0.8874395039322445,0.882,0.8549420668871992,750.6664800643921
