precision,accuracy,recall,duration
0.7891111547748544,0.8026315789473685,0.7725697511760028,637.0561382770538
