precision,accuracy,recall,duration
0.8800700612464277,0.8695652173913043,0.8698880853420151,203.1707582473755
