precision,accuracy,recall,duration
0.9302907686938313,0.9301430143014301,0.9299531386224935,425.9585726261139
