precision,accuracy,recall,duration
0.44011559751627327,0.4254545454545455,0.4495373209852745,566.0142831802368
