precision,accuracy,recall,duration
0.6706349206349207,0.6666666666666666,0.6639433551198257,203.32592487335205
