precision,accuracy,recall,duration
0.8452541052220187,0.841025641025641,0.842912074585441,667.9308896064758
