precision,accuracy,recall,duration
0.7656436487638534,0.7816666666666666,0.784113013032484,281.67210054397583
