precision,accuracy,recall,duration
0.9200319521748094,0.9256198347107438,0.9131124913733609,374.05321168899536
