precision,accuracy,recall,duration
0.6763425253991291,0.6761904761904762,0.6764705882352942,201.419287443161
