precision,accuracy,recall,duration
0.941626419035152,0.9408,0.9433890367741299,339.89213275909424
