precision,accuracy,recall,duration
0.8229634779634779,0.7851662404092071,0.7909757659757659,143.12071561813354
