precision,accuracy,recall,duration
0.8072478991596639,0.7888888888888889,0.7888888888888889,558.2065877914429
