precision,accuracy,recall,duration
0.6823529411764706,0.6875,0.688259109311741,565.1622629165649
