precision,accuracy,recall,duration
0.8909131218722401,0.8876811594202898,0.8878053941419655,143.5319323539734
