precision,accuracy,recall,duration
0.8296891698155221,0.823076923076923,0.830517184728018,383.4179286956787
