precision,accuracy,recall,duration
0.8810458567965378,0.8805136795086543,0.8810648959419326,387.09404706954956
