precision,accuracy,recall,duration
0.7961489983969456,0.8083333333333333,0.7883955383955383,87.83200192451477
