precision,accuracy,recall,duration
0.8215450519792656,0.8179487179487179,0.8214814694380427,625.1771609783173
