precision,accuracy,recall,duration
0.9032004178110209,0.8983333333333333,0.89453914608155,148.88867020606995
