precision,accuracy,recall,duration
0.8192414192414192,0.8235294117647058,0.8302257052257053,477.0794575214386
