precision,accuracy,recall,duration
0.43520479910851007,0.41454545454545455,0.4352329306567132,144.23257613182068
