precision,accuracy,recall,duration
0.7954282407407407,0.8133333333333334,0.7978992413927251,91.66990160942078
