precision,accuracy,recall,duration
0.4750373989195901,0.45454545454545453,0.4785756134245478,687.6963114738464
