precision,accuracy,recall,duration
0.6897441969072098,0.529,0.6249025788461872,1043.6348385810852
