precision,accuracy,recall,duration
0.9224602143020982,0.9218921892189219,0.9215071926765475,1046.4321773052216
