precision,accuracy,recall,duration
0.9585349716446125,0.9582118561710399,0.9581746679359898,119.16220307350159
