precision,accuracy,recall,duration
0.9031626244126245,0.895,0.895,990.7948596477509
