precision,accuracy,recall,duration
0.7839719029374201,0.7657142857142857,0.7815149029258955,146.8752851486206
