precision,accuracy,recall,duration
0.7943617787346577,0.7934782608695652,0.7926904810087924,775.2009601593018
