precision,accuracy,recall,duration
0.8498732852610702,0.8340579710144927,0.8349187298325672,481.6263427734375
