precision,accuracy,recall,duration
0.9698569054785136,0.9696,0.9709870518255611,334.1362359523773
