precision,accuracy,recall,duration
0.9215076892553362,0.9019189765458422,0.9029067879703524,1105.6438825130463
