precision,accuracy,recall,duration
0.7819781200586156,0.7544757033248082,0.7637818262818261,118.4540159702301
