precision,accuracy,recall,duration
0.8389990419402185,0.80306905370844,0.8037344412344413,663.869754076004
