precision,accuracy,recall,duration
0.9469135802469135,0.9215686274509803,0.8870083816892328,203.89605116844177
