precision,accuracy,recall,duration
0.756714972387139,0.7342105263157894,0.7070448256802828,128.16682505607605
