precision,accuracy,recall,duration
0.8399788156743705,0.8342857142857143,0.8453194786254672,386.27474331855774
