precision,accuracy,recall,duration
0.9737201050962678,0.9728643216080402,0.9727475703961476,639.3858633041382
