precision,accuracy,recall,duration
0.8217894775944312,0.7698209718670077,0.7769410019410018,373.8504343032837
