precision,accuracy,recall,duration
0.9227994227994228,0.9166666666666666,0.9166666666666666,216.09111833572388
