precision,accuracy,recall,duration
0.9665303566165635,0.9706190975865687,0.9720342931693224,83.21585583686829
