precision,accuracy,recall,duration
0.6745926430540933,0.9362222222222222,0.5985787356842366,868.0152597427368
