precision,accuracy,recall,duration
0.7913505181142291,0.7842105263157895,0.7539551202116275,490.36988520622253
