precision,accuracy,recall,duration
0.8267370171103977,0.8275,0.7644326603384487,207.4103925228119
