precision,accuracy,recall,duration
0.8437745149075108,0.8512820512820513,0.8443433230411452,505.85802936553955
