precision,accuracy,recall,duration
0.7665903540903541,0.8536585365853658,0.7937165775401068,383.809045791626
