precision,accuracy,recall,duration
0.9851237268185121,0.9849246231155779,0.9851291160575091,192.04634761810303
