precision,accuracy,recall,duration
0.6473461221607626,0.8105590062111802,0.581765935214211,413.78587436676025
