precision,accuracy,recall,duration
0.8936796506730399,0.8898550724637682,0.8900885124672075,383.3627984523773
