precision,accuracy,recall,duration
0.9658325858361607,0.9653658536585366,0.9471702669316132,286.8777313232422
