precision,accuracy,recall,duration
0.8378805504324838,0.8358974358974359,0.8354668108510205,306.8019778728485
