precision,accuracy,recall,duration
0.9781047684774392,0.9771428571428571,0.9780670889045273,170.01579117774963
