precision,accuracy,recall,duration
0.8544293936767055,0.8512820512820513,0.8517949215313116,653.2888073921204
