precision,accuracy,recall,duration
0.9324822773593265,0.9334442595673876,0.9412107035505233,50.83253479003906
