precision,accuracy,recall,duration
0.886342623167349,0.8611111111111112,0.8611111111111112,446.49028515815735
