precision,accuracy,recall,duration
0.7265777997421887,0.789010989010989,0.6683467342942575,442.42035937309265
