precision,accuracy,recall,duration
0.836255446396941,0.8307692307692308,0.832680607920151,802.856523513794
