precision,accuracy,recall,duration
0.6322513807924625,0.725705329153605,0.586875914742174,483.08888387680054
