precision,accuracy,recall,duration
0.9967213114754099,0.9966666666666667,0.9966666666666667,264.1153049468994
