precision,accuracy,recall,duration
0.9493887173860143,0.9536585365853658,0.9372031114882227,148.47845077514648
