precision,accuracy,recall,duration
0.97730530339226,0.9771428571428571,0.9785522359413985,687.4054915904999
