precision,accuracy,recall,duration
0.45690451344521116,0.74,0.4834684868391735,447.6277959346771
