precision,accuracy,recall,duration
0.9437519852614192,0.9297520661157025,0.9078392621870882,262.31303215026855
