precision,accuracy,recall,duration
0.9370594814223558,0.9344,0.9377679187617076,1548.0838587284088
