precision,accuracy,recall,duration
0.8973605735424937,0.8201183431952662,0.9148422436703164,614.1214725971222
