precision,accuracy,recall,duration
0.9660909529453358,0.9634146341463414,0.9419169515725485,623.0001034736633
