precision,accuracy,recall,duration
0.948342201730756,0.9281045751633987,0.8972437137330754,194.20405316352844
