precision,accuracy,recall,duration
0.9587357989076639,0.9556503198294243,0.9559441974599233,926.1070618629456
