precision,accuracy,recall,duration
0.9568011661034916,0.9559286463798531,0.9497390737116764,386.06396079063416
