precision,accuracy,recall,duration
0.8907882392494306,0.8106508875739645,0.9101475766574847,985.0470027923584
