precision,accuracy,recall,duration
0.7706590046039588,0.7816666666666666,0.7937414899824937,698.101304769516
