precision,accuracy,recall,duration
0.8964646464646464,0.8493150684931506,0.8488304093567252,79.29653024673462
