precision,accuracy,recall,duration
0.611904761904762,0.6298342541436464,0.6203619794267452,191.806866645813
