precision,accuracy,recall,duration
0.893599082692567,0.8921725239616614,0.889557737980615,628.509726524353
