precision,accuracy,recall,duration
0.8487593119685152,0.8538461538461538,0.84626445134095,865.4471905231476
