precision,accuracy,recall,duration
0.8802718854576583,0.8608695652173913,0.8616122011624744,169.36013960838318
