precision,accuracy,recall,duration
0.8246608656030533,0.8050724637681159,0.8056957944995586,985.5611889362335
