precision,accuracy,recall,duration
0.9302593771888403,0.9295929592959296,0.929186646323743,986.7794563770294
