precision,accuracy,recall,duration
0.8114370977600402,0.8283333333333334,0.8159161641703949,96.66491866111755
