precision,accuracy,recall,duration
0.8121961216644052,0.7942857142857143,0.8129614438063987,147.50914812088013
