precision,accuracy,recall,duration
0.9027543414384532,0.8088757396449704,0.9098132616090605,626.0386924743652
