precision,accuracy,recall,duration
0.9204524642024641,0.905,0.905,412.9674656391144
