precision,accuracy,recall,duration
0.942555258308508,0.9425159677867259,0.9424019902893142,4703.137574672699
