precision,accuracy,recall,duration
0.7785672760157613,0.776,0.776,1177.6139385700226
