precision,accuracy,recall,duration
0.8815317112086158,0.838,0.7816207416131211,903.4077978134155
