precision,accuracy,recall,duration
0.8792691066859495,0.8934707903780069,0.872432816255189,959.7995800971985
