precision,accuracy,recall,duration
0.8377935167408851,0.8260869565217391,0.8291764166764165,280.31673765182495
