precision,accuracy,recall,duration
0.9282536151279199,0.9277777777777778,0.9277777777777778,264.14507269859314
