precision,accuracy,recall,duration
0.8428571428571429,0.8333333333333334,0.8333333333333334,150.28411197662354
