precision,accuracy,recall,duration
0.6291291291291292,0.640625,0.6305668016194332,249.79657220840454
