precision,accuracy,recall,duration
0.6298597624555524,0.6292929292929293,0.6292929292929292,559.4949135780334
