precision,accuracy,recall,duration
0.8188649439001247,0.8235622557230597,0.821773241162045,1038.5668070316315
