precision,accuracy,recall,duration
0.7723196594164337,0.785,0.7866080366080366,143.0890452861786
