precision,accuracy,recall,duration
0.6135173673334307,0.7053291536050157,0.5590250756147522,408.41852021217346
