precision,accuracy,recall,duration
0.844103119103119,0.8260869565217391,0.8323541323541324,181.8545582294464
