precision,accuracy,recall,duration
0.7829064094034154,0.7525,0.6036239951945334,83.9558744430542
