precision,accuracy,recall,duration
0.9583792596674934,0.9632738719832109,0.9650428664616532,75.58931541442871
