precision,accuracy,recall,duration
0.9026066350710901,0.9037800687285223,0.8712038453135242,786.2378642559052
