precision,accuracy,recall,duration
0.7083333333333333,0.7666666666666667,0.6638888888888889,385.55491948127747
