precision,accuracy,recall,duration
0.780448717948718,0.78,0.78,1172.9953451156616
