precision,accuracy,recall,duration
0.9391102822997357,0.9391835601221883,0.939362385137033,7765.670023679733
