precision,accuracy,recall,duration
0.75,0.7428571428571429,0.7401960784313726,113.75122237205505
