precision,accuracy,recall,duration
0.9803724429550437,0.9798994974874372,0.9800264325430192,505.14706206321716
