precision,accuracy,recall,duration
0.9219641932141933,0.91,0.91,504.4723627567291
