precision,accuracy,recall,duration
0.8204787731135769,0.8179487179487179,0.8197997016447256,377.0847911834717
