precision,accuracy,recall,duration
0.5322351960107714,0.5292207792207793,0.5284041565259617,625.5164666175842
