precision,accuracy,recall,duration
0.840741053305695,0.8510416666666667,0.8166928968428016,204.5774748325348
