precision,accuracy,recall,duration
0.8031746031746032,0.8082191780821918,0.8047320682659028,207.75739526748657
