precision,accuracy,recall,duration
0.8387775739617139,0.8019966722129783,0.8255700951476936,466.0636262893677
