precision,accuracy,recall,duration
0.7525819488100584,0.752,0.752,457.0748472213745
