precision,accuracy,recall,duration
0.9428879310344828,0.9431818181818182,0.9484265734265734,565.5862085819244
