precision,accuracy,recall,duration
0.8709801912568306,0.8628571428571429,0.8782244098076748,385.380001783371
