precision,accuracy,recall,duration
0.9632698107930364,0.9630709426627794,0.9630422956616347,179.87180042266846
