precision,accuracy,recall,duration
0.8124948272007095,0.7979539641943734,0.8044559419559418,182.6608338356018
