precision,accuracy,recall,duration
0.9129624828354411,0.912,0.9119999999999999,612.7845985889435
