precision,accuracy,recall,duration
0.7923822132904431,0.7802631578947369,0.7329092695580506,144.55205702781677
