precision,accuracy,recall,duration
0.5348268876530327,0.5292207792207793,0.5237484225569988,472.81124448776245
