precision,accuracy,recall,duration
0.6707707463993468,0.7538461538461538,0.6092372594381882,685.0510723590851
