precision,accuracy,recall,duration
0.6167989440881707,0.6156565656565657,0.6156565656565657,328.0701003074646
