precision,accuracy,recall,duration
0.7781981224604175,0.7933333333333333,0.7839267839267839,144.32549667358398
