precision,accuracy,recall,duration
0.9882943143812709,0.9885714285714285,0.9899718508092893,143.75657391548157
