precision,accuracy,recall,duration
0.93859437381584,0.9386281588447654,0.9385819188636091,1524.7123141288757
