precision,accuracy,recall,duration
0.9674603174603175,0.9666666666666667,0.9666666666666667,200.867534160614
