precision,accuracy,recall,duration
0.8218466968466968,0.8184143222506394,0.827532265032265,503.45638036727905
