precision,accuracy,recall,duration
0.900323405207056,0.8905797101449275,0.8910004047385545,191.93984174728394
