precision,accuracy,recall,duration
0.7124018879779322,0.7758241758241758,0.646805277522615,426.4321479797363
