precision,accuracy,recall,duration
0.6026979212737728,0.7175,0.6034849195186748,159.9197540283203
