precision,accuracy,recall,duration
0.6397811094452773,0.74,0.6343739788887469,62.754199743270874
