precision,accuracy,recall,duration
0.8414721573827756,0.8358974358974359,0.8421657270217217,509.07047510147095
