precision,accuracy,recall,duration
0.9664150010793027,0.9603411513859275,0.9604163046871714,318.11582469940186
