precision,accuracy,recall,duration
0.752821565693473,0.805,0.6609211497920564,189.1143581867218
