precision,accuracy,recall,duration
0.6029917210899771,0.6060606060606061,0.6060606060606062,324.1022698879242
