precision,accuracy,recall,duration
0.851136032989103,0.8487179487179487,0.8500880888588022,436.7887318134308
