precision,accuracy,recall,duration
0.48067165415445245,0.74,0.47684656047050766,75.38776922225952
