precision,accuracy,recall,duration
0.6613140250067238,0.6929062378420439,0.60510144456687,2282.2500128746033
