precision,accuracy,recall,duration
0.8457386278110606,0.8473193473193473,0.8288171698199642,1016.3038930892944
