precision,accuracy,recall,duration
0.9090909090909092,0.9,0.9,143.26387333869934
