precision,accuracy,recall,duration
0.549627486437613,0.538961038961039,0.5334927677509589,221.44125509262085
