precision,accuracy,recall,duration
0.7949599697465254,0.782608695652174,0.7818525017067959,805.7033176422119
