precision,accuracy,recall,duration
0.7511943925143352,0.7466666666666667,0.7466666666666667,1431.2170627117157
