precision,accuracy,recall,duration
0.8460648148148149,0.8342857142857143,0.8496946495305805,446.6742103099823
