precision,accuracy,recall,duration
0.41731681201495446,0.6140350877192983,0.40722278078918234,97.24460864067078
