precision,accuracy,recall,duration
0.840565256724389,0.8246376811594203,0.8245215041448638,167.3727512359619
