precision,accuracy,recall,duration
0.9168439319301388,0.9243986254295533,0.9067347607603233,942.5794808864594
