precision,accuracy,recall,duration
0.6186193039741051,0.6141414141414141,0.6141414141414142,119.10097241401672
