precision,accuracy,recall,duration
0.7672979797979798,0.8536585365853658,0.8262655971479501,1016.4195671081543
