precision,accuracy,recall,duration
0.428448350148193,0.34545454545454546,0.3342366754807789,201.33589601516724
