precision,accuracy,recall,duration
0.8887902010873125,0.8849840255591054,0.8810039155273124,692.6323165893555
