precision,accuracy,recall,duration
0.8328892162925776,0.8356164383561644,0.8500835421888054,133.77565836906433
