precision,accuracy,recall,duration
0.8031250917848856,0.8,0.6761995492962057,138.4037322998047
