precision,accuracy,recall,duration
0.9988479262672811,0.9988385598141696,0.9988317757009346,227.16430830955505
