precision,accuracy,recall,duration
0.9570979642027599,0.9632738719832109,0.9676404808498742,69.74798154830933
