precision,accuracy,recall,duration
0.8466155810983397,0.8285714285714286,0.849238902561298,72.75873255729675
