precision,accuracy,recall,duration
0.8193039353308486,0.8228438228438228,0.8021897475834898,1678.337649822235
