precision,accuracy,recall,duration
0.8450886068533127,0.8363171355498721,0.8447423072423073,848.4695055484772
