precision,accuracy,recall,duration
0.928099382886617,0.9173553719008265,0.8912227868749608,198.90045642852783
