precision,accuracy,recall,duration
0.8400398775398775,0.8235294117647058,0.8317470817470818,197.11930632591248
