precision,accuracy,recall,duration
0.7587301587301588,0.7,0.7,577.325409412384
