precision,accuracy,recall,duration
0.8701496891085315,0.8671875,0.8239298747420518,748.2290034294128
