precision,accuracy,recall,duration
0.9461400411455458,0.9456,0.9468061798186022,566.9851408004761
