precision,accuracy,recall,duration
0.7066326530612246,0.7047619047619048,0.7058823529411764,132.55554175376892
