precision,accuracy,recall,duration
0.8341526894158473,0.8333333333333334,0.8300318102949682,266.9172728061676
