precision,accuracy,recall,duration
0.6096056829295455,0.6050505050505051,0.605050505050505,194.74595189094543
