precision,accuracy,recall,duration
0.7194462139249339,0.9384444444444444,0.5895501766728953,810.3252995014191
