precision,accuracy,recall,duration
0.6782949624620132,0.7824175824175824,0.6550496949387042,805.8580198287964
