precision,accuracy,recall,duration
0.8718459902670429,0.8628571428571429,0.8753076292042659,325.18285036087036
