precision,accuracy,recall,duration
0.9778737005123812,0.9771428571428571,0.977216748768473,128.58336806297302
