precision,accuracy,recall,duration
0.9021212121212121,0.9016666666666666,0.9001360701632439,433.8308696746826
