precision,accuracy,recall,duration
0.4724919651056015,0.7775,0.4846439345536802,286.9368004798889
