precision,accuracy,recall,duration
0.7674966083819832,0.781578947368421,0.7626549472651487,628.5605883598328
