precision,accuracy,recall,duration
0.8459528084528085,0.8337595907928389,0.8402867402867402,1178.1003305912018
