precision,accuracy,recall,duration
0.7364683268694291,0.79,0.6775199048089101,182.88598251342773
