precision,accuracy,recall,duration
0.8685658265403191,0.8752604166666667,0.8451516325797025,760.0566301345825
