precision,accuracy,recall,duration
0.7092468376976805,0.9391111111111111,0.5888173272174655,803.0254921913147
