precision,accuracy,recall,duration
0.536486385200659,0.7625,0.524958564483124,650.9116244316101
