precision,accuracy,recall,duration
0.9173312335812335,0.9083333333333333,0.9083333333333334,383.6150333881378
