precision,accuracy,recall,duration
0.4535769546545409,0.7225,0.46864209742145996,447.38778591156006
