precision,accuracy,recall,duration
0.6078630507978334,0.725,0.5937419199022574,73.1074287891388
