precision,accuracy,recall,duration
0.8936746987951807,0.893,0.8911860842125108,889.5015993118286
