precision,accuracy,recall,duration
0.7530635531919229,0.7675,0.6412600576196871,189.46945142745972
