precision,accuracy,recall,duration
0.8335341747106454,0.8158567774936062,0.82245250995251,480.19276309013367
