precision,accuracy,recall,duration
0.781640304921333,0.7776315789473685,0.7395740400457008,197.6100525856018
