precision,accuracy,recall,duration
0.6219614982974856,0.6161616161616161,0.616161616161616,208.06624150276184
