precision,accuracy,recall,duration
0.8587599678002569,0.8507246376811595,0.8504608089285621,143.5819480419159
