precision,accuracy,recall,duration
0.9627381091504033,0.964110929853181,0.958898314906242,321.80635595321655
