precision,accuracy,recall,duration
0.8475238827136012,0.827536231884058,0.8282852391256164,324.6488125324249
