precision,accuracy,recall,duration
0.971428599648026,0.9697228144989339,0.9698926945432733,326.26713514328003
