precision,accuracy,recall,duration
0.9712691543740949,0.9628099173553719,0.9564401781793087,203.2676968574524
