precision,accuracy,recall,duration
0.8144349845201238,0.812,0.812,563.3333084583282
