precision,accuracy,recall,duration
0.831843337590464,0.8285714285714286,0.840488560751071,208.90625882148743
