precision,accuracy,recall,duration
0.8350601844022897,0.8286445012787724,0.8334978084978084,482.78258061408997
