precision,accuracy,recall,duration
0.9275920375920375,0.9183333333333333,0.9183333333333333,1100.3331298828125
