precision,accuracy,recall,duration
0.9247421341351646,0.9240924092409241,0.9236831589654171,263.61928844451904
