precision,accuracy,recall,duration
0.7015097463741532,0.7912087912087912,0.6552382889728091,472.1329936981201
