precision,accuracy,recall,duration
0.6930456679683792,0.9375555555555556,0.5635502719091642,340.58579564094543
