precision,accuracy,recall,duration
0.7499214054553861,0.8390243902439024,0.7986274509803922,382.20582342147827
