precision,accuracy,recall,duration
0.8298570666217726,0.8209718670076727,0.8270476895476895,662.1795234680176
