precision,accuracy,recall,duration
0.8346320346320345,0.8356164383561644,0.8415801408282612,145.44753408432007
