precision,accuracy,recall,duration
0.9456590420436205,0.9455706748125521,0.9454235383812848,609.938392162323
