precision,accuracy,recall,duration
0.7385854443270711,0.7413333333333333,0.7413333333333334,443.35308146476746
