precision,accuracy,recall,duration
0.8051200100415479,0.8021739130434783,0.8017354277441607,455.13689947128296
