precision,accuracy,recall,duration
0.9313658529372458,0.9307649357900614,0.9311062003886437,1417.6798372268677
