precision,accuracy,recall,duration
0.9254531501375424,0.9251925192519251,0.9249364283638477,1037.0282850265503
