precision,accuracy,recall,duration
0.9896312666177733,0.9889447236180905,0.9887119833306522,448.14011812210083
