precision,accuracy,recall,duration
0.9405982905982905,0.9214876033057852,0.8885375494071147,376.96439695358276
