precision,accuracy,recall,duration
0.8345480192819249,0.8246376811594203,0.8243886483437223,204.70581126213074
