precision,accuracy,recall,duration
0.8481140057631574,0.8456521739130435,0.8455245404253016,90.00159096717834
