precision,accuracy,recall,duration
0.6532847326964974,0.795,0.49812766515794693,148.67839550971985
