precision,accuracy,recall,duration
0.8350434212198676,0.846875,0.8177858651379771,423.85064458847046
