precision,accuracy,recall,duration
0.8178169992079766,0.821917808219178,0.8275211839121616,280.3464078903198
