precision,accuracy,recall,duration
0.9945054945054945,0.9944444444444445,0.9944444444444445,133.0940432548523
