precision,accuracy,recall,duration
0.8006927962024504,0.8,0.8,383.1693332195282
