precision,accuracy,recall,duration
0.4703539442347111,0.44363636363636366,0.46074980239222196,991.2000861167908
