precision,accuracy,recall,duration
0.8885233084231607,0.8873333333333333,0.8902464138632535,304.79847407341003
