precision,accuracy,recall,duration
0.8065470210207053,0.782608695652174,0.782434644934645,514.0577123165131
