precision,accuracy,recall,duration
0.49495685944020223,0.21454545454545454,0.21037629228484236,675.371052980423
