precision,accuracy,recall,duration
0.7876774267399268,0.7975,0.6653971970662167,144.11612939834595
