precision,accuracy,recall,duration
0.9933333333333333,0.9933333333333333,0.9933333333333333,267.93561720848083
