precision,accuracy,recall,duration
0.8458479505402263,0.8355072463768116,0.8358390059739707,384.29864478111267
