precision,accuracy,recall,duration
0.8345238095238094,0.8,0.8,91.32140302658081
