precision,accuracy,recall,duration
0.918325154377786,0.9016666666666666,0.9016666666666667,443.3086895942688
