precision,accuracy,recall,duration
0.9930675909878683,0.9929762949956101,0.9929824561403509,197.95983171463013
