precision,accuracy,recall,duration
0.7144412191582002,0.7142857142857143,0.7145969498910676,144.40196132659912
