precision,accuracy,recall,duration
0.9805099186253449,0.9798994974874372,0.9795256543949228,532.8659920692444
