precision,accuracy,recall,duration
0.9055233114273573,0.770414201183432,0.887519524303464,294.9208312034607
