precision,accuracy,recall,duration
0.955217698967699,0.9411764705882353,0.8980496453900708,230.96853399276733
