precision,accuracy,recall,duration
0.9320578800081906,0.9315181518151815,0.9311573670444638,746.746673822403
