precision,accuracy,recall,duration
0.8416833250041647,0.8285714285714286,0.8448637316561846,434.51295351982117
