precision,accuracy,recall,duration
0.910941844300278,0.9140893470790378,0.8875081931396112,909.1939492225647
