precision,accuracy,recall,duration
0.7621093706573578,0.765,0.780959530959531,330.3992168903351
