precision,accuracy,recall,duration
0.9751459497523965,0.9738693467336683,0.9737609808126697,376.1392276287079
