precision,accuracy,recall,duration
0.9793916554769616,0.978894472361809,0.9789435949017463,746.9091217517853
