precision,accuracy,recall,duration
0.8869263773711501,0.8846666666666667,0.8817824565980403,442.75796031951904
