precision,accuracy,recall,duration
0.9128241665741665,0.9033333333333333,0.9033333333333334,1622.3009843826294
