precision,accuracy,recall,duration
0.6052420700546262,0.6050505050505051,0.605050505050505,116.42808818817139
