precision,accuracy,recall,duration
0.4062083682586612,0.5839598997493735,0.391687200073828,146.0472047328949
