precision,accuracy,recall,duration
0.8141128630232591,0.8025,0.6777024054115063,84.42697930335999
