precision,accuracy,recall,duration
0.7026896641877571,0.9397777777777778,0.5922230360325645,360.00937366485596
