precision,accuracy,recall,duration
0.8845799232372494,0.7875739644970414,0.8989159236410117,443.64857482910156
