precision,accuracy,recall,duration
0.655873163596795,0.6925171832447153,0.5958119869164624,8875.827738523483
