precision,accuracy,recall,duration
0.5425682932947913,0.5194805194805194,0.5204791537636191,384.63216161727905
