precision,accuracy,recall,duration
0.8876126059817182,0.814792899408284,0.9102549096718209,583.1125574111938
