precision,accuracy,recall,duration
0.8522946802358566,0.8465473145780051,0.851508814008814,289.1092050075531
