precision,accuracy,recall,duration
0.5115897089479308,0.4690909090909091,0.48918971861071625,387.6474108695984
