precision,accuracy,recall,duration
0.8570707070707071,0.8457142857142858,0.8593564852793728,139.97026324272156
