precision,accuracy,recall,duration
0.8864044168391995,0.863013698630137,0.8567669172932331,636.94708943367
