precision,accuracy,recall,duration
0.4919158692185008,0.78,0.5043616750718004,273.36919236183167
