precision,accuracy,recall,duration
0.7186666666666667,0.6683333333333333,0.7242997471309084,159.45790672302246
