precision,accuracy,recall,duration
0.7365852572288927,0.8087912087912088,0.6867737524429475,383.2875430583954
