precision,accuracy,recall,duration
0.4898054318491408,0.4772727272727273,0.47272341172570814,1907.7005684375763
