precision,accuracy,recall,duration
0.6373870847331095,0.6187845303867403,0.6216124038749624,148.307630777359
