precision,accuracy,recall,duration
0.6434257830390976,0.713166144200627,0.5773525892544522,201.30299520492554
