precision,accuracy,recall,duration
0.8424383877525644,0.8333333333333334,0.8347983329048891,383.3117461204529
