precision,accuracy,recall,duration
0.9652144169205301,0.9650145772594753,0.9649859467790924,207.95625948905945
