precision,accuracy,recall,duration
0.9496996505024029,0.9313725490196079,0.8949871050934881,244.55376362800598
