precision,accuracy,recall,duration
0.7712388013592832,0.7883333333333333,0.7881978214355183,504.1324200630188
