precision,accuracy,recall,duration
0.897133320495539,0.8977635782747604,0.897133320495539,383.0404212474823
