precision,accuracy,recall,duration
0.8912846044045182,0.8112426035502959,0.9095638342133473,633.5517942905426
