precision,accuracy,recall,duration
0.7476966690290574,0.8390243902439024,0.7674420677361854,490.9915699958801
