precision,accuracy,recall,duration
0.8103237978237978,0.7672634271099744,0.7738272613272613,170.5926434993744
