precision,accuracy,recall,duration
0.7804330563965453,0.7186700767263428,0.7312121812121812,122.41359186172485
