precision,accuracy,recall,duration
0.8513480478124914,0.8645833333333334,0.8437649739464389,619.8532330989838
