precision,accuracy,recall,duration
0.8306878306878307,0.7777777777777778,0.7777777777777777,488.9344730377197
