precision,accuracy,recall,duration
0.5537771411746274,0.551948051948052,0.5510053309577188,503.2888853549957
