precision,accuracy,recall,duration
0.8542940899926817,0.8487179487179487,0.8563940797211037,858.0053398609161
