precision,accuracy,recall,duration
0.9766197779508672,0.9752066115702479,0.9785243741765481,283.69422221183777
