precision,accuracy,recall,duration
0.8308641975308642,0.8416666666666667,0.8176667963431239,162.28797388076782
