precision,accuracy,recall,duration
0.925452602952603,0.9166666666666666,0.9166666666666666,864.7474458217621
