precision,accuracy,recall,duration
0.9467335743095402,0.9466814773673979,0.946563139520886,803.7996230125427
