precision,accuracy,recall,duration
0.7199181085721833,0.7055555555555556,0.7055555555555555,513.7050564289093
