precision,accuracy,recall,duration
0.9664346629231456,0.9650319829424308,0.9650828326251017,167.37911796569824
