precision,accuracy,recall,duration
0.542005308880309,0.5324675324675324,0.5299620468667765,811.080249786377
