precision,accuracy,recall,duration
0.8231776471801217,0.8228571428571428,0.8269073010664479,198.38392233848572
