precision,accuracy,recall,duration
0.6812265741543461,0.9368888888888889,0.5599724506745994,333.77428555488586
