precision,accuracy,recall,duration
0.8930000003213937,0.8011834319526627,0.9065951479680632,948.9097788333893
