precision,accuracy,recall,duration
0.8932583409856137,0.888,0.888,970.2079751491547
