precision,accuracy,recall,duration
0.7029408980379391,0.7802197802197802,0.6404266720723377,445.9833860397339
