precision,accuracy,recall,duration
0.6285393674398274,0.6328282828282829,0.6328282828282827,743.579776763916
