precision,accuracy,recall,duration
0.9494152046783625,0.9338842975206612,0.903030303030303,86.6537938117981
