precision,accuracy,recall,duration
0.7266945383383739,0.73,0.742957242957243,84.09557580947876
