precision,accuracy,recall,duration
0.8335062388764717,0.8205128205128205,0.8203514499069611,419.183513879776
