precision,accuracy,recall,duration
0.5263537675606641,0.7775,0.5339655037661412,96.91552758216858
