precision,accuracy,recall,duration
0.7805555555555556,0.7,0.7,415.9196243286133
