precision,accuracy,recall,duration
0.9242763223263977,0.9235064209938582,0.9236653063377481,1287.1862032413483
