precision,accuracy,recall,duration
0.7016535102624611,0.7824175824175824,0.6430893651927708,203.29125475883484
