precision,accuracy,recall,duration
0.9093053053796587,0.904,0.8817437087583782,3322.125049352646
