precision,accuracy,recall,duration
0.638854907357851,0.6464088397790055,0.6475218465994208,664.9139957427979
