precision,accuracy,recall,duration
0.815604336819305,0.7905797101449276,0.7911723148450837,517.8371090888977
