precision,accuracy,recall,duration
0.8799011843792681,0.8791666666666667,0.8471701732770667,807.2677793502808
