precision,accuracy,recall,duration
0.8839285714285714,0.8,0.6916666666666667,209.09647870063782
