precision,accuracy,recall,duration
0.6137954759327037,0.6060606060606061,0.606060606060606,701.0238416194916
