precision,accuracy,recall,duration
0.8163556260645447,0.8153846153846154,0.8158824358079658,1465.718810558319
