precision,accuracy,recall,duration
0.6800789090268944,0.9371111111111111,0.5805161011973982,583.9616756439209
