precision,accuracy,recall,duration
0.6377845792055049,0.7472527472527473,0.5887843057870922,351.82246446609497
