precision,accuracy,recall,duration
0.9704206605593667,0.9668292682926829,0.9483398752387707,166.62526392936707
