precision,accuracy,recall,duration
0.9978070175438596,0.9977777777777778,0.9977777777777778,203.88746070861816
