precision,accuracy,recall,duration
0.6479639972162183,0.713166144200627,0.5682447246980983,318.0124740600586
