precision,accuracy,recall,duration
0.6483445286430619,0.6821423939826222,0.5921365604274701,3263.3420004844666
