precision,accuracy,recall,duration
0.7587247966666275,0.775,0.7619405119405119,383.89482045173645
