precision,accuracy,recall,duration
0.9617497444019188,0.9624390243902439,0.9409905640338578,263.0873227119446
