precision,accuracy,recall,duration
0.8466706663484134,0.8487179487179487,0.8420826296063165,849.9406969547272
