precision,accuracy,recall,duration
0.9576271186440678,0.956140350877193,0.9583333333333333,237.09516072273254
