precision,accuracy,recall,duration
0.7033122886781424,0.9411111111111111,0.6147603983657849,568.4532036781311
