precision,accuracy,recall,duration
0.8823529411764706,0.7333333333333333,0.5916666666666667,73.54354405403137
