precision,accuracy,recall,duration
0.4767593351772825,0.44545454545454544,0.46142451419678304,684.3784255981445
