precision,accuracy,recall,duration
0.9535398230088495,0.9313725490196079,0.9097356544165055,319.31675910949707
