precision,accuracy,recall,duration
0.9662653094427418,0.9648,0.9650653855001681,796.0306661128998
