precision,accuracy,recall,duration
0.7118359894618476,0.7802197802197802,0.6494995150016822,324.73926043510437
