precision,accuracy,recall,duration
0.8539111283613643,0.8512820512820513,0.8423944878369319,626.1065151691437
