precision,accuracy,recall,duration
0.8333333333333333,0.75,0.75,445.6495249271393
