precision,accuracy,recall,duration
0.8333333333333333,0.75,0.75,446.4316782951355
