precision,accuracy,recall,duration
0.8026671188764443,0.7736842105263158,0.7386273326301068,177.74546074867249
