precision,accuracy,recall,duration
0.6206819453125436,0.6196969696969697,0.6196969696969696,431.5301492214203
