precision,accuracy,recall,duration
0.46227257619917533,0.725,0.4863993480241007,205.659973859787
