precision,accuracy,recall,duration
0.7991678349329595,0.8125,0.7024157417291264,181.0831696987152
