precision,accuracy,recall,duration
0.7666666666666666,0.6666666666666666,0.6666666666666666,489.1318986415863
