precision,accuracy,recall,duration
0.8978985507246378,0.896964856230032,0.8947570447397137,263.8993339538574
