precision,accuracy,recall,duration
0.8976986695433298,0.9461538461538461,0.934748427672956,382.74726486206055
