precision,accuracy,recall,duration
0.8405646502183352,0.8512820512820513,0.841536402309095,223.92075538635254
