precision,accuracy,recall,duration
0.8405201092339034,0.8307692307692308,0.8228235927751181,510.0706853866577
