precision,accuracy,recall,duration
0.7644927536231885,0.7428571428571429,0.738562091503268,203.18661308288574
