precision,accuracy,recall,duration
0.814073118862886,0.7881578947368421,0.7419360813814241,206.0234489440918
