precision,accuracy,recall,duration
0.9447230929989551,0.9248366013071896,0.8847517730496454,182.80622005462646
