precision,accuracy,recall,duration
0.8670377241805812,0.8493150684931506,0.8468671679197994,385.75729417800903
