precision,accuracy,recall,duration
0.500977087732597,0.4837662337662338,0.4806371215954128,563.2513134479523
