precision,accuracy,recall,duration
0.7656310092206198,0.7947368421052632,0.7805983616766865,844.2803680896759
