precision,accuracy,recall,duration
0.9369431762776472,0.9384359400998337,0.9455838813930888,114.29779863357544
