precision,accuracy,recall,duration
0.7885551948051948,0.8,0.8050193050193051,446.1624584197998
