precision,accuracy,recall,duration
0.8807898186585099,0.8969072164948454,0.8807898186585099,542.156430721283
