precision,accuracy,recall,duration
0.9530303030303031,0.95,0.9499999999999998,206.0761706829071
