precision,accuracy,recall,duration
0.9401724651911549,0.9309168443496801,0.9313888820277895,865.6557624340057
