precision,accuracy,recall,duration
0.5635757393894797,0.7675,0.5051591504646429,273.7968080043793
