precision,accuracy,recall,duration
0.9834175651392633,0.9850249584026622,0.9864002079237011,91.69275617599487
