precision,accuracy,recall,duration
0.960193290775514,0.9614634146341463,0.9482825297552494,207.35690832138062
