precision,accuracy,recall,duration
0.8480694685745761,0.8461538461538461,0.8409457112236818,534.840752363205
