precision,accuracy,recall,duration
0.9593013076414993,0.958961474036851,0.9590401336888813,1404.9791359901428
