precision,accuracy,recall,duration
0.9367655854612376,0.9422875131164743,0.9423213120864784,328.3698377609253
