precision,accuracy,recall,duration
0.9132916954412574,0.9049586776859504,0.8785086893782545,264.6144275665283
