precision,accuracy,recall,duration
0.7655411357426205,0.7975,0.6912250496424596,85.33424758911133
