precision,accuracy,recall,duration
0.49165064936979075,0.75,0.4874412487446876,117.1456196308136
