precision,accuracy,recall,duration
0.7969311761684643,0.796,0.796,865.6964783668518
