precision,accuracy,recall,duration
0.9710312126255369,0.9707317073170731,0.9562258260867715,273.6096565723419
