precision,accuracy,recall,duration
0.9603765092412264,0.9595121951219512,0.9422544872706125,272.06337904930115
