precision,accuracy,recall,duration
0.5059418839805581,0.78,0.47576295800052243,161.03026056289673
