precision,accuracy,recall,duration
0.7252286500148943,0.810989010989011,0.691730718765239,473.74500608444214
