precision,accuracy,recall,duration
0.6788974271463029,0.9335555555555556,0.5839531455229716,1147.315049648285
